/home/jrxing/rayLearning/python/throught_aware_router_demo/router.py:293: DeprecationWarning: 
        on_event is deprecated, use lifespan event handlers instead.

        Read more about it in the
        [FastAPI docs for Lifespan Events](https://fastapi.tiangolo.com/advanced/events/).
        
  @app.on_event("shutdown")
/home/jrxing/rayLearning/python/throught_aware_router_demo/router.py:312: DeprecationWarning: 
        on_event is deprecated, use lifespan event handlers instead.

        Read more about it in the
        [FastAPI docs for Lifespan Events](https://fastapi.tiangolo.com/advanced/events/).
        
  @app.on_event("startup")
INFO:     Started server process [4418]
INFO:     Waiting for application startup.
INFO:     Application startup complete.
INFO:     Uvicorn running on http://0.0.0.0:8000 (Press CTRL+C to quit)
Initialized with strategy: pow_2
Worker: http://localhost:8001, Running: 0.0, Waiting: 0.0
Worker: http://localhost:8001, qlen: 0.0
Worker: http://localhost:8001, Tokens: 0.0
Worker: http://localhost:8002, Running: 0.0, Waiting: 0.0
Worker: http://localhost:8002, qlen: 0.0
Worker: http://localhost:8002, Tokens: 0.0
Selected worker: http://localhost:8002
INFO:     127.0.0.1:51344 - "GET /v1/models HTTP/1.1" 200 OK
Worker: http://localhost:8001, Running: 0.0, Waiting: 0.0
Worker: http://localhost:8001, qlen: 0.0
Worker: http://localhost:8001, Tokens: 0.0
Worker: http://localhost:8002, Running: 0.0, Waiting: 0.0
Worker: http://localhost:8002, qlen: 0.0
Worker: http://localhost:8002, Tokens: 0.0
Selected worker: http://localhost:8002
INFO:     127.0.0.1:50194 - "POST /v1/completions HTTP/1.1" 200 OK
Worker: http://localhost:8001, Running: 0.0, Waiting: 0.0
Worker: http://localhost:8001, qlen: 0.0
Worker: http://localhost:8001, Tokens: 0.0
Worker: http://localhost:8002, Running: 0.0, Waiting: 0.0
Worker: http://localhost:8002, qlen: 0.0
Worker: http://localhost:8002, Tokens: 1833.0
Selected worker: http://localhost:8002
Worker: http://localhost:8001, Running: 0.0, Waiting: 0.0
Worker: http://localhost:8001, qlen: 0.0
Worker: http://localhost:8001, Tokens: 0.0
Worker: http://localhost:8002, Running: 0.0, Waiting: 0.0
Worker: http://localhost:8002, qlen: 0.0
Worker: http://localhost:8002, Tokens: 3097.0
Selected worker: http://localhost:8001
Worker: http://localhost:8001, Running: 0.0, Waiting: 0.0
Worker: http://localhost:8001, qlen: 0.0
Worker: http://localhost:8001, Tokens: 6.0
Worker: http://localhost:8002, Running: 0.0, Waiting: 0.0
Worker: http://localhost:8002, qlen: 0.0
Worker: http://localhost:8002, Tokens: 3097.0
Selected worker: http://localhost:8002
Worker: http://localhost:8001, Running: 0.0, Waiting: 0.0
Worker: http://localhost:8001, qlen: 0.0
Worker: http://localhost:8001, Tokens: 6.0
Worker: http://localhost:8002, Running: 0.0, Waiting: 0.0
Worker: http://localhost:8002, qlen: 0.0
Worker: http://localhost:8002, Tokens: 3108.0
Selected worker: http://localhost:8001
Worker: http://localhost:8001, Running: 0.0, Waiting: 0.0
Worker: http://localhost:8001, qlen: 0.0
Worker: http://localhost:8001, Tokens: 18.0
Worker: http://localhost:8002, Running: 0.0, Waiting: 0.0
Worker: http://localhost:8002, qlen: 0.0
Worker: http://localhost:8002, Tokens: 3108.0
Selected worker: http://localhost:8001
Worker: http://localhost:8001, Running: 0.0, Waiting: 0.0
Worker: http://localhost:8001, qlen: 0.0
Worker: http://localhost:8001, Tokens: 23.0
Worker: http://localhost:8002, Running: 0.0, Waiting: 0.0
Worker: http://localhost:8002, qlen: 0.0
Worker: http://localhost:8002, Tokens: 3108.0
Selected worker: http://localhost:8001
Worker: http://localhost:8001, Running: 0.0, Waiting: 0.0
Worker: http://localhost:8001, qlen: 0.0
Worker: http://localhost:8001, Tokens: 25.0
Worker: http://localhost:8002, Running: 0.0, Waiting: 0.0
Worker: http://localhost:8002, qlen: 0.0
Worker: http://localhost:8002, Tokens: 3108.0
Selected worker: http://localhost:8002
Worker: http://localhost:8001, Running: 0.0, Waiting: 0.0
Worker: http://localhost:8001, qlen: 0.0
Worker: http://localhost:8001, Tokens: 25.0
Worker: http://localhost:8002, Running: 0.0, Waiting: 0.0
Worker: http://localhost:8002, qlen: 0.0
Worker: http://localhost:8002, Tokens: 3126.0
Selected worker: http://localhost:8001
Worker: http://localhost:8001, Running: 0.0, Waiting: 0.0
Worker: http://localhost:8001, qlen: 0.0
Worker: http://localhost:8001, Tokens: 45.0
Worker: http://localhost:8002, Running: 0.0, Waiting: 0.0
Worker: http://localhost:8002, qlen: 0.0
Worker: http://localhost:8002, Tokens: 3126.0
Selected worker: http://localhost:8002
Worker: http://localhost:8001, Running: 0.0, Waiting: 0.0
Worker: http://localhost:8001, qlen: 0.0
Worker: http://localhost:8001, Tokens: 45.0
Worker: http://localhost:8002, Running: 0.0, Waiting: 0.0
Worker: http://localhost:8002, qlen: 0.0
Worker: http://localhost:8002, Tokens: 3135.0
Selected worker: http://localhost:8001
Worker: http://localhost:8001, Running: 0.0, Waiting: 0.0
Worker: http://localhost:8001, qlen: 0.0
Worker: http://localhost:8001, Tokens: 61.0
Worker: http://localhost:8002, Running: 0.0, Waiting: 0.0
Worker: http://localhost:8002, qlen: 0.0
Worker: http://localhost:8002, Tokens: 3135.0
Selected worker: http://localhost:8002
Worker: http://localhost:8001, Running: 0.0, Waiting: 0.0
Worker: http://localhost:8001, qlen: 0.0
Worker: http://localhost:8001, Tokens: 61.0
Worker: http://localhost:8002, Running: 0.0, Waiting: 0.0
Worker: http://localhost:8002, qlen: 0.0
Worker: http://localhost:8002, Tokens: 3147.0
Selected worker: http://localhost:8002
Worker: http://localhost:8001, Running: 0.0, Waiting: 0.0
Worker: http://localhost:8001, qlen: 0.0
Worker: http://localhost:8001, Tokens: 61.0
Worker: http://localhost:8002, Running: 0.0, Waiting: 0.0
Worker: http://localhost:8002, qlen: 0.0
Worker: http://localhost:8002, Tokens: 3159.0
Selected worker: http://localhost:8001
Worker: http://localhost:8001, Running: 0.0, Waiting: 0.0
Worker: http://localhost:8001, qlen: 0.0
Worker: http://localhost:8001, Tokens: 1553.0
Worker: http://localhost:8002, Running: 0.0, Waiting: 0.0
Worker: http://localhost:8002, qlen: 0.0
Worker: http://localhost:8002, Tokens: 3159.0
Selected worker: http://localhost:8001
Worker: http://localhost:8001, Running: 0.0, Waiting: 0.0
Worker: http://localhost:8001, qlen: 0.0
Worker: http://localhost:8001, Tokens: 1558.0
Worker: http://localhost:8002, Running: 0.0, Waiting: 0.0
Worker: http://localhost:8002, qlen: 0.0
Worker: http://localhost:8002, Tokens: 3159.0
Selected worker: http://localhost:8002
Worker: http://localhost:8001, Running: 0.0, Waiting: 0.0
Worker: http://localhost:8001, qlen: 0.0
Worker: http://localhost:8001, Tokens: 1558.0
Worker: http://localhost:8002, Running: 0.0, Waiting: 0.0
Worker: http://localhost:8002, qlen: 0.0
Worker: http://localhost:8002, Tokens: 3192.0
Selected worker: http://localhost:8001
Worker: http://localhost:8001, Running: 0.0, Waiting: 0.0
Worker: http://localhost:8001, qlen: 0.0
Worker: http://localhost:8001, Tokens: 1575.0
Worker: http://localhost:8002, Running: 0.0, Waiting: 0.0
Worker: http://localhost:8002, qlen: 0.0
Worker: http://localhost:8002, Tokens: 3192.0
Selected worker: http://localhost:8002
Worker: http://localhost:8001, Running: 0.0, Waiting: 0.0
Worker: http://localhost:8001, qlen: 0.0
Worker: http://localhost:8001, Tokens: 1575.0
Worker: http://localhost:8002, Running: 0.0, Waiting: 0.0
Worker: http://localhost:8002, qlen: 0.0
Worker: http://localhost:8002, Tokens: 3194.0
Selected worker: http://localhost:8001
Worker: http://localhost:8001, Running: 0.0, Waiting: 0.0
Worker: http://localhost:8001, qlen: 0.0
Worker: http://localhost:8001, Tokens: 1582.0
Worker: http://localhost:8002, Running: 0.0, Waiting: 0.0
Worker: http://localhost:8002, qlen: 0.0
Worker: http://localhost:8002, Tokens: 3194.0
Selected worker: http://localhost:8001
Worker: http://localhost:8001, Running: 0.0, Waiting: 0.0
Worker: http://localhost:8001, qlen: 0.0
Worker: http://localhost:8001, Tokens: 1589.0
Worker: http://localhost:8002, Running: 0.0, Waiting: 0.0
Worker: http://localhost:8002, qlen: 0.0
Worker: http://localhost:8002, Tokens: 3194.0
Selected worker: http://localhost:8002
Worker: http://localhost:8001, Running: 0.0, Waiting: 0.0
Worker: http://localhost:8001, qlen: 0.0
Worker: http://localhost:8001, Tokens: 1589.0
Worker: http://localhost:8002, Running: 0.0, Waiting: 0.0
Worker: http://localhost:8002, qlen: 0.0
Worker: http://localhost:8002, Tokens: 3243.0
Selected worker: http://localhost:8001
Worker: http://localhost:8001, Running: 0.0, Waiting: 0.0
Worker: http://localhost:8001, qlen: 0.0
Worker: http://localhost:8001, Tokens: 1599.0
Worker: http://localhost:8002, Running: 0.0, Waiting: 0.0
Worker: http://localhost:8002, qlen: 0.0
Worker: http://localhost:8002, Tokens: 3243.0
Selected worker: http://localhost:8001
Worker: http://localhost:8001, Running: 0.0, Waiting: 0.0
Worker: http://localhost:8001, qlen: 0.0
Worker: http://localhost:8001, Tokens: 1627.0
Worker: http://localhost:8002, Running: 0.0, Waiting: 0.0
Worker: http://localhost:8002, qlen: 0.0
Worker: http://localhost:8002, Tokens: 3243.0
Selected worker: http://localhost:8002
Worker: http://localhost:8001, Running: 0.0, Waiting: 0.0
Worker: http://localhost:8001, qlen: 0.0
Worker: http://localhost:8001, Tokens: 1627.0
Worker: http://localhost:8002, Running: 0.0, Waiting: 0.0
Worker: http://localhost:8002, qlen: 0.0
Worker: http://localhost:8002, Tokens: 3287.0
Selected worker: http://localhost:8002
Worker: http://localhost:8001, Running: 0.0, Waiting: 0.0
Worker: http://localhost:8001, qlen: 0.0
Worker: http://localhost:8001, Tokens: 1627.0
Worker: http://localhost:8002, Running: 0.0, Waiting: 0.0
Worker: http://localhost:8002, qlen: 0.0
Worker: http://localhost:8002, Tokens: 4733.0
Selected worker: http://localhost:8002
Worker: http://localhost:8001, Running: 0.0, Waiting: 0.0
Worker: http://localhost:8001, qlen: 0.0
Worker: http://localhost:8001, Tokens: 1627.0
Worker: http://localhost:8002, Running: 0.0, Waiting: 0.0
Worker: http://localhost:8002, qlen: 0.0
Worker: http://localhost:8002, Tokens: 4756.0
Selected worker: http://localhost:8002
Worker: http://localhost:8001, Running: 0.0, Waiting: 0.0
Worker: http://localhost:8001, qlen: 0.0
Worker: http://localhost:8001, Tokens: 1627.0
Worker: http://localhost:8002, Running: 0.0, Waiting: 0.0
Worker: http://localhost:8002, qlen: 0.0
Worker: http://localhost:8002, Tokens: 4774.0
Selected worker: http://localhost:8002
Worker: http://localhost:8001, Running: 0.0, Waiting: 0.0
Worker: http://localhost:8001, qlen: 0.0
Worker: http://localhost:8001, Tokens: 1627.0
Worker: http://localhost:8002, Running: 0.0, Waiting: 0.0
Worker: http://localhost:8002, qlen: 0.0
Worker: http://localhost:8002, Tokens: 5969.0
Selected worker: http://localhost:8001
Worker: http://localhost:8001, Running: 0.0, Waiting: 0.0
Worker: http://localhost:8001, qlen: 0.0
Worker: http://localhost:8001, Tokens: 1634.0
Worker: http://localhost:8002, Running: 0.0, Waiting: 0.0
Worker: http://localhost:8002, qlen: 0.0
Worker: http://localhost:8002, Tokens: 5969.0
Selected worker: http://localhost:8001
Worker: http://localhost:8001, Running: 0.0, Waiting: 0.0
Worker: http://localhost:8001, qlen: 0.0
Worker: http://localhost:8001, Tokens: 1651.0
Worker: http://localhost:8002, Running: 0.0, Waiting: 0.0
Worker: http://localhost:8002, qlen: 0.0
Worker: http://localhost:8002, Tokens: 5969.0
Selected worker: http://localhost:8002
Worker: http://localhost:8001, Running: 0.0, Waiting: 0.0
Worker: http://localhost:8001, qlen: 0.0
Worker: http://localhost:8001, Tokens: 1651.0
Worker: http://localhost:8002, Running: 0.0, Waiting: 0.0
Worker: http://localhost:8002, qlen: 0.0
Worker: http://localhost:8002, Tokens: 5978.0
Selected worker: http://localhost:8001
Worker: http://localhost:8001, Running: 0.0, Waiting: 0.0
Worker: http://localhost:8001, qlen: 0.0
Worker: http://localhost:8001, Tokens: 1673.0
Worker: http://localhost:8002, Running: 0.0, Waiting: 0.0
Worker: http://localhost:8002, qlen: 0.0
Worker: http://localhost:8002, Tokens: 5978.0
Selected worker: http://localhost:8002
Worker: http://localhost:8001, Running: 0.0, Waiting: 0.0
Worker: http://localhost:8001, qlen: 0.0
Worker: http://localhost:8001, Tokens: 1673.0
Worker: http://localhost:8002, Running: 0.0, Waiting: 0.0
Worker: http://localhost:8002, qlen: 0.0
Worker: http://localhost:8002, Tokens: 5994.0
Selected worker: http://localhost:8001
Worker: http://localhost:8001, Running: 0.0, Waiting: 0.0
Worker: http://localhost:8001, qlen: 0.0
Worker: http://localhost:8001, Tokens: 1674.0
Worker: http://localhost:8002, Running: 0.0, Waiting: 0.0
Worker: http://localhost:8002, qlen: 0.0
Worker: http://localhost:8002, Tokens: 5994.0
Selected worker: http://localhost:8002
Worker: http://localhost:8001, Running: 0.0, Waiting: 0.0
Worker: http://localhost:8001, qlen: 0.0
Worker: http://localhost:8001, Tokens: 1674.0
Worker: http://localhost:8002, Running: 0.0, Waiting: 0.0
Worker: http://localhost:8002, qlen: 0.0
Worker: http://localhost:8002, Tokens: 7292.0
Selected worker: http://localhost:8002
Worker: http://localhost:8001, Running: 0.0, Waiting: 0.0
Worker: http://localhost:8001, qlen: 0.0
Worker: http://localhost:8001, Tokens: 1674.0
Worker: http://localhost:8002, Running: 0.0, Waiting: 0.0
Worker: http://localhost:8002, qlen: 0.0
Worker: http://localhost:8002, Tokens: 7330.0
Selected worker: http://localhost:8002
Worker: http://localhost:8001, Running: 0.0, Waiting: 0.0
Worker: http://localhost:8001, qlen: 0.0
Worker: http://localhost:8001, Tokens: 1674.0
Worker: http://localhost:8002, Running: 0.0, Waiting: 0.0
Worker: http://localhost:8002, qlen: 0.0
Worker: http://localhost:8002, Tokens: 9022.0
Selected worker: http://localhost:8002
Worker: http://localhost:8001, Running: 0.0, Waiting: 0.0
Worker: http://localhost:8001, qlen: 0.0
Worker: http://localhost:8001, Tokens: 1674.0
Worker: http://localhost:8002, Running: 0.0, Waiting: 0.0
Worker: http://localhost:8002, qlen: 0.0
Worker: http://localhost:8002, Tokens: 9030.0
Selected worker: http://localhost:8001
Worker: http://localhost:8001, Running: 0.0, Waiting: 0.0
Worker: http://localhost:8001, qlen: 0.0
Worker: http://localhost:8001, Tokens: 1683.0
Worker: http://localhost:8002, Running: 0.0, Waiting: 0.0
Worker: http://localhost:8002, qlen: 0.0
Worker: http://localhost:8002, Tokens: 9030.0
Selected worker: http://localhost:8001
Worker: http://localhost:8001, Running: 0.0, Waiting: 0.0
Worker: http://localhost:8001, qlen: 0.0
Worker: http://localhost:8001, Tokens: 1732.0
Worker: http://localhost:8002, Running: 0.0, Waiting: 0.0
Worker: http://localhost:8002, qlen: 0.0
Worker: http://localhost:8002, Tokens: 9030.0
Selected worker: http://localhost:8002
Worker: http://localhost:8001, Running: 0.0, Waiting: 0.0
Worker: http://localhost:8001, qlen: 0.0
Worker: http://localhost:8001, Tokens: 1732.0
Worker: http://localhost:8002, Running: 0.0, Waiting: 0.0
Worker: http://localhost:8002, qlen: 0.0
Worker: http://localhost:8002, Tokens: 9044.0
Selected worker: http://localhost:8001
Worker: http://localhost:8001, Running: 0.0, Waiting: 0.0
Worker: http://localhost:8001, qlen: 0.0
Worker: http://localhost:8001, Tokens: 1749.0
Worker: http://localhost:8002, Running: 0.0, Waiting: 0.0
Worker: http://localhost:8002, qlen: 0.0
Worker: http://localhost:8002, Tokens: 9044.0
Selected worker: http://localhost:8001
Worker: http://localhost:8001, Running: 0.0, Waiting: 0.0
Worker: http://localhost:8001, qlen: 0.0
Worker: http://localhost:8001, Tokens: 1750.0
Worker: http://localhost:8002, Running: 0.0, Waiting: 0.0
Worker: http://localhost:8002, qlen: 0.0
Worker: http://localhost:8002, Tokens: 9044.0
Selected worker: http://localhost:8002
Worker: http://localhost:8001, Running: 0.0, Waiting: 0.0
Worker: http://localhost:8001, qlen: 0.0
Worker: http://localhost:8001, Tokens: 1750.0
Worker: http://localhost:8002, Running: 0.0, Waiting: 0.0
Worker: http://localhost:8002, qlen: 0.0
Worker: http://localhost:8002, Tokens: 9058.0
Selected worker: http://localhost:8001
Worker: http://localhost:8001, Running: 0.0, Waiting: 0.0
Worker: http://localhost:8001, qlen: 0.0
Worker: http://localhost:8001, Tokens: 1754.0
Worker: http://localhost:8002, Running: 0.0, Waiting: 0.0
Worker: http://localhost:8002, qlen: 0.0
Worker: http://localhost:8002, Tokens: 9058.0
Selected worker: http://localhost:8001
Worker: http://localhost:8001, Running: 0.0, Waiting: 0.0
Worker: http://localhost:8001, qlen: 0.0
Worker: http://localhost:8001, Tokens: 1759.0
Worker: http://localhost:8002, Running: 0.0, Waiting: 0.0
Worker: http://localhost:8002, qlen: 0.0
Worker: http://localhost:8002, Tokens: 9058.0
Selected worker: http://localhost:8002
Worker: http://localhost:8001, Running: 0.0, Waiting: 0.0
Worker: http://localhost:8001, qlen: 0.0
Worker: http://localhost:8001, Tokens: 1759.0
Worker: http://localhost:8002, Running: 0.0, Waiting: 0.0
Worker: http://localhost:8002, qlen: 0.0
Worker: http://localhost:8002, Tokens: 11111.0
Selected worker: http://localhost:8001
Worker: http://localhost:8001, Running: 0.0, Waiting: 0.0
Worker: http://localhost:8001, qlen: 0.0
Worker: http://localhost:8001, Tokens: 1767.0
Worker: http://localhost:8002, Running: 0.0, Waiting: 0.0
Worker: http://localhost:8002, qlen: 0.0
Worker: http://localhost:8002, Tokens: 11111.0
Selected worker: http://localhost:8001
Worker: http://localhost:8001, Running: 0.0, Waiting: 0.0
Worker: http://localhost:8001, qlen: 0.0
Worker: http://localhost:8001, Tokens: 3076.0
Worker: http://localhost:8002, Running: 0.0, Waiting: 0.0
Worker: http://localhost:8002, qlen: 0.0
Worker: http://localhost:8002, Tokens: 11111.0
Selected worker: http://localhost:8001
Worker: http://localhost:8001, Running: 0.0, Waiting: 0.0
Worker: http://localhost:8001, qlen: 0.0
Worker: http://localhost:8001, Tokens: 4282.0
Worker: http://localhost:8002, Running: 0.0, Waiting: 0.0
Worker: http://localhost:8002, qlen: 0.0
Worker: http://localhost:8002, Tokens: 11111.0
Selected worker: http://localhost:8002
Worker: http://localhost:8001, Running: 0.0, Waiting: 0.0
Worker: http://localhost:8001, qlen: 0.0
Worker: http://localhost:8001, Tokens: 4282.0
Worker: http://localhost:8002, Running: 0.0, Waiting: 0.0
Worker: http://localhost:8002, qlen: 0.0
Worker: http://localhost:8002, Tokens: 11150.0
Selected worker: http://localhost:8002
Worker: http://localhost:8001, Running: 0.0, Waiting: 0.0
Worker: http://localhost:8001, qlen: 0.0
Worker: http://localhost:8001, Tokens: 4282.0
Worker: http://localhost:8002, Running: 0.0, Waiting: 0.0
Worker: http://localhost:8002, qlen: 0.0
Worker: http://localhost:8002, Tokens: 11163.0
Selected worker: http://localhost:8002
Worker: http://localhost:8001, Running: 0.0, Waiting: 0.0
Worker: http://localhost:8001, qlen: 0.0
Worker: http://localhost:8001, Tokens: 4282.0
Worker: http://localhost:8002, Running: 0.0, Waiting: 0.0
Worker: http://localhost:8002, qlen: 0.0
Worker: http://localhost:8002, Tokens: 11170.0
Selected worker: http://localhost:8001
Worker: http://localhost:8001, Running: 0.0, Waiting: 0.0
Worker: http://localhost:8001, qlen: 0.0
Worker: http://localhost:8001, Tokens: 4295.0
Worker: http://localhost:8002, Running: 0.0, Waiting: 0.0
Worker: http://localhost:8002, qlen: 0.0
Worker: http://localhost:8002, Tokens: 11170.0
Selected worker: http://localhost:8002
Worker: http://localhost:8001, Running: 0.0, Waiting: 0.0
Worker: http://localhost:8001, qlen: 0.0
Worker: http://localhost:8001, Tokens: 4295.0
Worker: http://localhost:8002, Running: 0.0, Waiting: 0.0
Worker: http://localhost:8002, qlen: 0.0
Worker: http://localhost:8002, Tokens: 11188.0
Selected worker: http://localhost:8002
Worker: http://localhost:8001, Running: 0.0, Waiting: 0.0
Worker: http://localhost:8001, qlen: 0.0
Worker: http://localhost:8001, Tokens: 4295.0
Worker: http://localhost:8002, Running: 0.0, Waiting: 0.0
Worker: http://localhost:8002, qlen: 0.0
Worker: http://localhost:8002, Tokens: 11230.0
Selected worker: http://localhost:8002
Worker: http://localhost:8001, Running: 0.0, Waiting: 0.0
Worker: http://localhost:8001, qlen: 0.0
Worker: http://localhost:8001, Tokens: 4295.0
Worker: http://localhost:8002, Running: 0.0, Waiting: 0.0
Worker: http://localhost:8002, qlen: 0.0
Worker: http://localhost:8002, Tokens: 12406.0
Selected worker: http://localhost:8002
Worker: http://localhost:8001, Running: 0.0, Waiting: 0.0
Worker: http://localhost:8001, qlen: 0.0
Worker: http://localhost:8001, Tokens: 4295.0
Worker: http://localhost:8002, Running: 0.0, Waiting: 0.0
Worker: http://localhost:8002, qlen: 0.0
Worker: http://localhost:8002, Tokens: 15463.0
Selected worker: http://localhost:8002
Worker: http://localhost:8001, Running: 0.0, Waiting: 0.0
Worker: http://localhost:8001, qlen: 0.0
Worker: http://localhost:8001, Tokens: 4295.0
Worker: http://localhost:8002, Running: 0.0, Waiting: 0.0
Worker: http://localhost:8002, qlen: 0.0
Worker: http://localhost:8002, Tokens: 16682.0
Selected worker: http://localhost:8002
Worker: http://localhost:8001, Running: 0.0, Waiting: 0.0
Worker: http://localhost:8001, qlen: 0.0
Worker: http://localhost:8001, Tokens: 4295.0
Worker: http://localhost:8002, Running: 0.0, Waiting: 0.0
Worker: http://localhost:8002, qlen: 0.0
Worker: http://localhost:8002, Tokens: 16712.0
Selected worker: http://localhost:8001
Worker: http://localhost:8001, Running: 0.0, Waiting: 0.0
Worker: http://localhost:8001, qlen: 0.0
Worker: http://localhost:8001, Tokens: 4317.0
Worker: http://localhost:8002, Running: 0.0, Waiting: 0.0
Worker: http://localhost:8002, qlen: 0.0
Worker: http://localhost:8002, Tokens: 16712.0
Selected worker: http://localhost:8002
Worker: http://localhost:8001, Running: 0.0, Waiting: 0.0
Worker: http://localhost:8001, qlen: 0.0
Worker: http://localhost:8001, Tokens: 4317.0
Worker: http://localhost:8002, Running: 0.0, Waiting: 0.0
Worker: http://localhost:8002, qlen: 0.0
Worker: http://localhost:8002, Tokens: 16721.0
Selected worker: http://localhost:8001
Worker: http://localhost:8001, Running: 0.0, Waiting: 0.0
Worker: http://localhost:8001, qlen: 0.0
Worker: http://localhost:8001, Tokens: 4341.0
Worker: http://localhost:8002, Running: 0.0, Waiting: 0.0
Worker: http://localhost:8002, qlen: 0.0
Worker: http://localhost:8002, Tokens: 16721.0
Selected worker: http://localhost:8001
Worker: http://localhost:8001, Running: 0.0, Waiting: 0.0
Worker: http://localhost:8001, qlen: 0.0
Worker: http://localhost:8001, Tokens: 4348.0
Worker: http://localhost:8002, Running: 0.0, Waiting: 0.0
Worker: http://localhost:8002, qlen: 0.0
Worker: http://localhost:8002, Tokens: 16721.0
Selected worker: http://localhost:8002
Worker: http://localhost:8001, Running: 0.0, Waiting: 0.0
Worker: http://localhost:8001, qlen: 0.0
Worker: http://localhost:8001, Tokens: 4348.0
Worker: http://localhost:8002, Running: 0.0, Waiting: 0.0
Worker: http://localhost:8002, qlen: 0.0
Worker: http://localhost:8002, Tokens: 18721.0
Selected worker: http://localhost:8002
Worker: http://localhost:8001, Running: 0.0, Waiting: 0.0
Worker: http://localhost:8001, qlen: 0.0
Worker: http://localhost:8001, Tokens: 4348.0
Worker: http://localhost:8002, Running: 0.0, Waiting: 0.0
Worker: http://localhost:8002, qlen: 0.0
Worker: http://localhost:8002, Tokens: 20644.0
Selected worker: http://localhost:8002
Worker: http://localhost:8001, Running: 0.0, Waiting: 0.0
Worker: http://localhost:8001, qlen: 0.0
Worker: http://localhost:8001, Tokens: 4348.0
Worker: http://localhost:8002, Running: 0.0, Waiting: 0.0
Worker: http://localhost:8002, qlen: 0.0
Worker: http://localhost:8002, Tokens: 20653.0
Selected worker: http://localhost:8001
Worker: http://localhost:8001, Running: 0.0, Waiting: 0.0
Worker: http://localhost:8001, qlen: 0.0
Worker: http://localhost:8001, Tokens: 4354.0
Worker: http://localhost:8002, Running: 0.0, Waiting: 0.0
Worker: http://localhost:8002, qlen: 0.0
Worker: http://localhost:8002, Tokens: 20653.0
Selected worker: http://localhost:8002
Worker: http://localhost:8001, Running: 0.0, Waiting: 0.0
Worker: http://localhost:8001, qlen: 0.0
Worker: http://localhost:8001, Tokens: 4354.0
Worker: http://localhost:8002, Running: 0.0, Waiting: 0.0
Worker: http://localhost:8002, qlen: 0.0
Worker: http://localhost:8002, Tokens: 20697.0
Selected worker: http://localhost:8001
Worker: http://localhost:8001, Running: 0.0, Waiting: 0.0
Worker: http://localhost:8001, qlen: 0.0
Worker: http://localhost:8001, Tokens: 4361.0
Worker: http://localhost:8002, Running: 0.0, Waiting: 0.0
Worker: http://localhost:8002, qlen: 0.0
Worker: http://localhost:8002, Tokens: 20697.0
Selected worker: http://localhost:8001
Worker: http://localhost:8001, Running: 0.0, Waiting: 0.0
Worker: http://localhost:8001, qlen: 0.0
Worker: http://localhost:8001, Tokens: 4397.0
Worker: http://localhost:8002, Running: 0.0, Waiting: 0.0
Worker: http://localhost:8002, qlen: 0.0
Worker: http://localhost:8002, Tokens: 20697.0
Selected worker: http://localhost:8002
Worker: http://localhost:8001, Running: 0.0, Waiting: 0.0
Worker: http://localhost:8001, qlen: 0.0
Worker: http://localhost:8001, Tokens: 4397.0
Worker: http://localhost:8002, Running: 0.0, Waiting: 0.0
Worker: http://localhost:8002, qlen: 0.0
Worker: http://localhost:8002, Tokens: 20718.0
Selected worker: http://localhost:8002
Worker: http://localhost:8001, Running: 0.0, Waiting: 0.0
Worker: http://localhost:8001, qlen: 0.0
Worker: http://localhost:8001, Tokens: 4397.0
Worker: http://localhost:8002, Running: 0.0, Waiting: 0.0
Worker: http://localhost:8002, qlen: 0.0
Worker: http://localhost:8002, Tokens: 22007.0
Selected worker: http://localhost:8001
Worker: http://localhost:8001, Running: 0.0, Waiting: 0.0
Worker: http://localhost:8001, qlen: 0.0
Worker: http://localhost:8001, Tokens: 4399.0
Worker: http://localhost:8002, Running: 0.0, Waiting: 0.0
Worker: http://localhost:8002, qlen: 0.0
Worker: http://localhost:8002, Tokens: 22007.0
Selected worker: http://localhost:8002
Worker: http://localhost:8001, Running: 0.0, Waiting: 0.0
Worker: http://localhost:8001, qlen: 0.0
Worker: http://localhost:8001, Tokens: 4399.0
Worker: http://localhost:8002, Running: 0.0, Waiting: 0.0
Worker: http://localhost:8002, qlen: 0.0
Worker: http://localhost:8002, Tokens: 22019.0
Selected worker: http://localhost:8001
Worker: http://localhost:8001, Running: 0.0, Waiting: 0.0
Worker: http://localhost:8001, qlen: 0.0
Worker: http://localhost:8001, Tokens: 4405.0
Worker: http://localhost:8002, Running: 0.0, Waiting: 0.0
Worker: http://localhost:8002, qlen: 0.0
Worker: http://localhost:8002, Tokens: 22019.0
Selected worker: http://localhost:8001
Worker: http://localhost:8001, Running: 0.0, Waiting: 0.0
Worker: http://localhost:8001, qlen: 0.0
Worker: http://localhost:8001, Tokens: 4415.0
Worker: http://localhost:8002, Running: 0.0, Waiting: 0.0
Worker: http://localhost:8002, qlen: 0.0
Worker: http://localhost:8002, Tokens: 22019.0
Selected worker: http://localhost:8001
Worker: http://localhost:8001, Running: 0.0, Waiting: 0.0
Worker: http://localhost:8001, qlen: 0.0
Worker: http://localhost:8001, Tokens: 5648.0
Worker: http://localhost:8002, Running: 0.0, Waiting: 0.0
Worker: http://localhost:8002, qlen: 0.0
Worker: http://localhost:8002, Tokens: 22019.0
Selected worker: http://localhost:8002
Worker: http://localhost:8001, Running: 0.0, Waiting: 0.0
Worker: http://localhost:8001, qlen: 0.0
Worker: http://localhost:8001, Tokens: 5648.0
Worker: http://localhost:8002, Running: 0.0, Waiting: 0.0
Worker: http://localhost:8002, qlen: 0.0
Worker: http://localhost:8002, Tokens: 22031.0
Selected worker: http://localhost:8001
Worker: http://localhost:8001, Running: 0.0, Waiting: 0.0
Worker: http://localhost:8001, qlen: 0.0
Worker: http://localhost:8001, Tokens: 5651.0
Worker: http://localhost:8002, Running: 0.0, Waiting: 0.0
Worker: http://localhost:8002, qlen: 0.0
Worker: http://localhost:8002, Tokens: 22031.0
Selected worker: http://localhost:8002
Worker: http://localhost:8001, Running: 0.0, Waiting: 0.0
Worker: http://localhost:8001, qlen: 0.0
Worker: http://localhost:8001, Tokens: 5651.0
Worker: http://localhost:8002, Running: 0.0, Waiting: 0.0
Worker: http://localhost:8002, qlen: 0.0
Worker: http://localhost:8002, Tokens: 22051.0
Selected worker: http://localhost:8002
Worker: http://localhost:8001, Running: 0.0, Waiting: 0.0
Worker: http://localhost:8001, qlen: 0.0
Worker: http://localhost:8001, Tokens: 5651.0
Worker: http://localhost:8002, Running: 0.0, Waiting: 0.0
Worker: http://localhost:8002, qlen: 0.0
Worker: http://localhost:8002, Tokens: 22078.0
Selected worker: http://localhost:8002
Worker: http://localhost:8001, Running: 0.0, Waiting: 0.0
Worker: http://localhost:8001, qlen: 0.0
Worker: http://localhost:8001, Tokens: 5651.0
Worker: http://localhost:8002, Running: 0.0, Waiting: 0.0
Worker: http://localhost:8002, qlen: 0.0
Worker: http://localhost:8002, Tokens: 22085.0
Selected worker: http://localhost:8002
Worker: http://localhost:8001, Running: 0.0, Waiting: 0.0
Worker: http://localhost:8001, qlen: 0.0
Worker: http://localhost:8001, Tokens: 5651.0
Worker: http://localhost:8002, Running: 0.0, Waiting: 0.0
Worker: http://localhost:8002, qlen: 0.0
Worker: http://localhost:8002, Tokens: 23875.0
Selected worker: http://localhost:8002
Worker: http://localhost:8001, Running: 0.0, Waiting: 0.0
Worker: http://localhost:8001, qlen: 0.0
Worker: http://localhost:8001, Tokens: 5651.0
Worker: http://localhost:8002, Running: 0.0, Waiting: 0.0
Worker: http://localhost:8002, qlen: 0.0
Worker: http://localhost:8002, Tokens: 23884.0
Selected worker: http://localhost:8002
Worker: http://localhost:8001, Running: 0.0, Waiting: 0.0
Worker: http://localhost:8001, qlen: 0.0
Worker: http://localhost:8001, Tokens: 5651.0
Worker: http://localhost:8002, Running: 0.0, Waiting: 0.0
Worker: http://localhost:8002, qlen: 0.0
Worker: http://localhost:8002, Tokens: 23902.0
Selected worker: http://localhost:8002
Worker: http://localhost:8001, Running: 0.0, Waiting: 0.0
Worker: http://localhost:8001, qlen: 0.0
Worker: http://localhost:8001, Tokens: 5651.0
Worker: http://localhost:8002, Running: 0.0, Waiting: 0.0
Worker: http://localhost:8002, qlen: 0.0
Worker: http://localhost:8002, Tokens: 23933.0
Selected worker: http://localhost:8001
Worker: http://localhost:8001, Running: 0.0, Waiting: 0.0
Worker: http://localhost:8001, qlen: 0.0
Worker: http://localhost:8001, Tokens: 5665.0
Worker: http://localhost:8002, Running: 0.0, Waiting: 0.0
Worker: http://localhost:8002, qlen: 0.0
Worker: http://localhost:8002, Tokens: 23933.0
Selected worker: http://localhost:8001
Worker: http://localhost:8001, Running: 0.0, Waiting: 0.0
Worker: http://localhost:8001, qlen: 0.0
Worker: http://localhost:8001, Tokens: 5685.0
Worker: http://localhost:8002, Running: 0.0, Waiting: 0.0
Worker: http://localhost:8002, qlen: 0.0
Worker: http://localhost:8002, Tokens: 23933.0
Selected worker: http://localhost:8002
Worker: http://localhost:8001, Running: 0.0, Waiting: 0.0
Worker: http://localhost:8001, qlen: 0.0
Worker: http://localhost:8001, Tokens: 5685.0
Worker: http://localhost:8002, Running: 0.0, Waiting: 0.0
Worker: http://localhost:8002, qlen: 0.0
Worker: http://localhost:8002, Tokens: 25403.0
Selected worker: http://localhost:8001
Worker: http://localhost:8001, Running: 0.0, Waiting: 0.0
Worker: http://localhost:8001, qlen: 0.0
Worker: http://localhost:8001, Tokens: 5695.0
Worker: http://localhost:8002, Running: 0.0, Waiting: 0.0
Worker: http://localhost:8002, qlen: 0.0
Worker: http://localhost:8002, Tokens: 25403.0
Selected worker: http://localhost:8001
Worker: http://localhost:8001, Running: 0.0, Waiting: 0.0
Worker: http://localhost:8001, qlen: 0.0
Worker: http://localhost:8001, Tokens: 5698.0
Worker: http://localhost:8002, Running: 0.0, Waiting: 0.0
Worker: http://localhost:8002, qlen: 0.0
Worker: http://localhost:8002, Tokens: 25403.0
Selected worker: http://localhost:8001
Worker: http://localhost:8001, Running: 0.0, Waiting: 0.0
Worker: http://localhost:8001, qlen: 0.0
Worker: http://localhost:8001, Tokens: 5706.0
Worker: http://localhost:8002, Running: 0.0, Waiting: 0.0
Worker: http://localhost:8002, qlen: 0.0
Worker: http://localhost:8002, Tokens: 25403.0
Selected worker: http://localhost:8002
Worker: http://localhost:8001, Running: 0.0, Waiting: 0.0
Worker: http://localhost:8001, qlen: 0.0
Worker: http://localhost:8001, Tokens: 5706.0
Worker: http://localhost:8002, Running: 0.0, Waiting: 0.0
Worker: http://localhost:8002, qlen: 0.0
Worker: http://localhost:8002, Tokens: 26942.0
Selected worker: http://localhost:8001
Worker: http://localhost:8001, Running: 0.0, Waiting: 0.0
Worker: http://localhost:8001, qlen: 0.0
Worker: http://localhost:8001, Tokens: 7864.0
Worker: http://localhost:8002, Running: 0.0, Waiting: 0.0
Worker: http://localhost:8002, qlen: 0.0
Worker: http://localhost:8002, Tokens: 26942.0
Selected worker: http://localhost:8002
Worker: http://localhost:8001, Running: 0.0, Waiting: 0.0
Worker: http://localhost:8001, qlen: 0.0
Worker: http://localhost:8001, Tokens: 7864.0
Worker: http://localhost:8002, Running: 0.0, Waiting: 0.0
Worker: http://localhost:8002, qlen: 0.0
Worker: http://localhost:8002, Tokens: 26947.0
Selected worker: http://localhost:8002
Worker: http://localhost:8001, Running: 0.0, Waiting: 0.0
Worker: http://localhost:8001, qlen: 0.0
Worker: http://localhost:8001, Tokens: 7864.0
Worker: http://localhost:8002, Running: 0.0, Waiting: 0.0
Worker: http://localhost:8002, qlen: 0.0
Worker: http://localhost:8002, Tokens: 26968.0
Selected worker: http://localhost:8001
Worker: http://localhost:8001, Running: 0.0, Waiting: 0.0
Worker: http://localhost:8001, qlen: 0.0
Worker: http://localhost:8001, Tokens: 7883.0
Worker: http://localhost:8002, Running: 0.0, Waiting: 0.0
Worker: http://localhost:8002, qlen: 0.0
Worker: http://localhost:8002, Tokens: 26968.0
Selected worker: http://localhost:8001
Worker: http://localhost:8001, Running: 0.0, Waiting: 0.0
Worker: http://localhost:8001, qlen: 0.0
Worker: http://localhost:8001, Tokens: 7902.0
Worker: http://localhost:8002, Running: 0.0, Waiting: 0.0
Worker: http://localhost:8002, qlen: 0.0
Worker: http://localhost:8002, Tokens: 26968.0
Selected worker: http://localhost:8002
Worker: http://localhost:8001, Running: 0.0, Waiting: 0.0
Worker: http://localhost:8001, qlen: 0.0
Worker: http://localhost:8001, Tokens: 7902.0
Worker: http://localhost:8002, Running: 0.0, Waiting: 0.0
Worker: http://localhost:8002, qlen: 0.0
Worker: http://localhost:8002, Tokens: 26986.0
Selected worker: http://localhost:8002
Worker: http://localhost:8001, Running: 0.0, Waiting: 0.0
Worker: http://localhost:8001, qlen: 0.0
Worker: http://localhost:8001, Tokens: 7902.0
Worker: http://localhost:8002, Running: 0.0, Waiting: 0.0
Worker: http://localhost:8002, qlen: 0.0
Worker: http://localhost:8002, Tokens: 27011.0
Selected worker: http://localhost:8002
Worker: http://localhost:8001, Running: 0.0, Waiting: 0.0
Worker: http://localhost:8001, qlen: 0.0
Worker: http://localhost:8001, Tokens: 7902.0
Worker: http://localhost:8002, Running: 0.0, Waiting: 0.0
Worker: http://localhost:8002, qlen: 0.0
Worker: http://localhost:8002, Tokens: 27022.0
Selected worker: http://localhost:8002
Worker: http://localhost:8001, Running: 0.0, Waiting: 0.0
Worker: http://localhost:8001, qlen: 0.0
Worker: http://localhost:8001, Tokens: 7902.0
Worker: http://localhost:8002, Running: 0.0, Waiting: 0.0
Worker: http://localhost:8002, qlen: 0.0
Worker: http://localhost:8002, Tokens: 27035.0
Selected worker: http://localhost:8001
Worker: http://localhost:8001, Running: 0.0, Waiting: 0.0
Worker: http://localhost:8001, qlen: 0.0
Worker: http://localhost:8001, Tokens: 7933.0
Worker: http://localhost:8002, Running: 0.0, Waiting: 0.0
Worker: http://localhost:8002, qlen: 0.0
Worker: http://localhost:8002, Tokens: 27035.0
Selected worker: http://localhost:8002
Worker: http://localhost:8001, Running: 0.0, Waiting: 0.0
Worker: http://localhost:8001, qlen: 0.0
Worker: http://localhost:8001, Tokens: 7933.0
Worker: http://localhost:8002, Running: 0.0, Waiting: 0.0
Worker: http://localhost:8002, qlen: 0.0
Worker: http://localhost:8002, Tokens: 27050.0
Selected worker: http://localhost:8002
Worker: http://localhost:8001, Running: 0.0, Waiting: 0.0
Worker: http://localhost:8001, qlen: 0.0
Worker: http://localhost:8001, Tokens: 7933.0
Worker: http://localhost:8002, Running: 0.0, Waiting: 0.0
Worker: http://localhost:8002, qlen: 0.0
Worker: http://localhost:8002, Tokens: 27058.0
Selected worker: http://localhost:8002
Worker: http://localhost:8001, Running: 0.0, Waiting: 0.0
Worker: http://localhost:8001, qlen: 0.0
Worker: http://localhost:8001, Tokens: 7933.0
Worker: http://localhost:8002, Running: 0.0, Waiting: 0.0
Worker: http://localhost:8002, qlen: 0.0
Worker: http://localhost:8002, Tokens: 27076.0
Selected worker: http://localhost:8001
Worker: http://localhost:8001, Running: 0.0, Waiting: 0.0
Worker: http://localhost:8001, qlen: 0.0
Worker: http://localhost:8001, Tokens: 7944.0
Worker: http://localhost:8002, Running: 0.0, Waiting: 0.0
Worker: http://localhost:8002, qlen: 0.0
Worker: http://localhost:8002, Tokens: 27076.0
Selected worker: http://localhost:8002
Worker: http://localhost:8001, Running: 0.0, Waiting: 0.0
Worker: http://localhost:8001, qlen: 0.0
Worker: http://localhost:8001, Tokens: 7944.0
Worker: http://localhost:8002, Running: 0.0, Waiting: 0.0
Worker: http://localhost:8002, qlen: 0.0
Worker: http://localhost:8002, Tokens: 27079.0
Selected worker: http://localhost:8001
Worker: http://localhost:8001, Running: 0.0, Waiting: 0.0
Worker: http://localhost:8001, qlen: 0.0
Worker: http://localhost:8001, Tokens: 7962.0
Worker: http://localhost:8002, Running: 0.0, Waiting: 0.0
Worker: http://localhost:8002, qlen: 0.0
Worker: http://localhost:8002, Tokens: 27079.0
Selected worker: http://localhost:8002
Worker: http://localhost:8001, Running: 0.0, Waiting: 0.0
Worker: http://localhost:8001, qlen: 0.0
Worker: http://localhost:8001, Tokens: 7962.0
Worker: http://localhost:8002, Running: 0.0, Waiting: 0.0
Worker: http://localhost:8002, qlen: 0.0
Worker: http://localhost:8002, Tokens: 27103.0
Selected worker: http://localhost:8002
Worker: http://localhost:8001, Running: 0.0, Waiting: 0.0
Worker: http://localhost:8001, qlen: 0.0
Worker: http://localhost:8001, Tokens: 7962.0
Worker: http://localhost:8002, Running: 0.0, Waiting: 0.0
Worker: http://localhost:8002, qlen: 0.0
Worker: http://localhost:8002, Tokens: 27112.0
Selected worker: http://localhost:8001
Worker: http://localhost:8001, Running: 0.0, Waiting: 0.0
Worker: http://localhost:8001, qlen: 0.0
Worker: http://localhost:8001, Tokens: 7968.0
Worker: http://localhost:8002, Running: 0.0, Waiting: 0.0
Worker: http://localhost:8002, qlen: 0.0
Worker: http://localhost:8002, Tokens: 27112.0
Selected worker: http://localhost:8002
Worker: http://localhost:8001, Running: 0.0, Waiting: 0.0
Worker: http://localhost:8001, qlen: 0.0
Worker: http://localhost:8001, Tokens: 7968.0
Worker: http://localhost:8002, Running: 0.0, Waiting: 0.0
Worker: http://localhost:8002, qlen: 0.0
Worker: http://localhost:8002, Tokens: 27139.0
Selected worker: http://localhost:8002
Worker: http://localhost:8001, Running: 0.0, Waiting: 0.0
Worker: http://localhost:8001, qlen: 0.0
Worker: http://localhost:8001, Tokens: 7968.0
Worker: http://localhost:8002, Running: 0.0, Waiting: 0.0
Worker: http://localhost:8002, qlen: 0.0
Worker: http://localhost:8002, Tokens: 27139.0
Selected worker: http://localhost:8001
Worker: http://localhost:8001, Running: 0.0, Waiting: 0.0
Worker: http://localhost:8001, qlen: 0.0
Worker: http://localhost:8001, Tokens: 7970.0
Worker: http://localhost:8002, Running: 0.0, Waiting: 0.0
Worker: http://localhost:8002, qlen: 0.0
Worker: http://localhost:8002, Tokens: 27139.0
Selected worker: http://localhost:8001
Worker: http://localhost:8001, Running: 0.0, Waiting: 0.0
Worker: http://localhost:8001, qlen: 0.0
Worker: http://localhost:8001, Tokens: 7977.0
Worker: http://localhost:8002, Running: 0.0, Waiting: 0.0
Worker: http://localhost:8002, qlen: 0.0
Worker: http://localhost:8002, Tokens: 27139.0
Selected worker: http://localhost:8001
Worker: http://localhost:8001, Running: 0.0, Waiting: 0.0
Worker: http://localhost:8001, qlen: 0.0
Worker: http://localhost:8001, Tokens: 8002.0
Worker: http://localhost:8002, Running: 0.0, Waiting: 0.0
Worker: http://localhost:8002, qlen: 0.0
Worker: http://localhost:8002, Tokens: 27139.0
Selected worker: http://localhost:8002
Worker: http://localhost:8001, Running: 0.0, Waiting: 0.0
Worker: http://localhost:8001, qlen: 0.0
Worker: http://localhost:8001, Tokens: 8002.0
Worker: http://localhost:8002, Running: 0.0, Waiting: 0.0
Worker: http://localhost:8002, qlen: 0.0
Worker: http://localhost:8002, Tokens: 27145.0
Selected worker: http://localhost:8002
Worker: http://localhost:8001, Running: 0.0, Waiting: 0.0
Worker: http://localhost:8001, qlen: 0.0
Worker: http://localhost:8001, Tokens: 8002.0
Worker: http://localhost:8002, Running: 0.0, Waiting: 0.0
Worker: http://localhost:8002, qlen: 0.0
Worker: http://localhost:8002, Tokens: 27161.0
Selected worker: http://localhost:8002
Worker: http://localhost:8001, Running: 0.0, Waiting: 0.0
Worker: http://localhost:8001, qlen: 0.0
Worker: http://localhost:8001, Tokens: 8002.0
Worker: http://localhost:8002, Running: 0.0, Waiting: 0.0
Worker: http://localhost:8002, qlen: 0.0
Worker: http://localhost:8002, Tokens: 27208.0
Selected worker: http://localhost:8002
Worker: http://localhost:8001, Running: 0.0, Waiting: 0.0
Worker: http://localhost:8001, qlen: 0.0
Worker: http://localhost:8001, Tokens: 8002.0
Worker: http://localhost:8002, Running: 0.0, Waiting: 0.0
Worker: http://localhost:8002, qlen: 0.0
Worker: http://localhost:8002, Tokens: 27244.0
Selected worker: http://localhost:8002
Worker: http://localhost:8001, Running: 0.0, Waiting: 0.0
Worker: http://localhost:8001, qlen: 0.0
Worker: http://localhost:8001, Tokens: 8002.0
Worker: http://localhost:8002, Running: 0.0, Waiting: 0.0
Worker: http://localhost:8002, qlen: 0.0
Worker: http://localhost:8002, Tokens: 27251.0
Selected worker: http://localhost:8002
Worker: http://localhost:8001, Running: 0.0, Waiting: 0.0
Worker: http://localhost:8001, qlen: 0.0
Worker: http://localhost:8001, Tokens: 8002.0
Worker: http://localhost:8002, Running: 0.0, Waiting: 0.0
Worker: http://localhost:8002, qlen: 0.0
Worker: http://localhost:8002, Tokens: 28593.0
Selected worker: http://localhost:8002
Worker: http://localhost:8001, Running: 0.0, Waiting: 0.0
Worker: http://localhost:8001, qlen: 0.0
Worker: http://localhost:8001, Tokens: 8002.0
Worker: http://localhost:8002, Running: 0.0, Waiting: 0.0
Worker: http://localhost:8002, qlen: 0.0
Worker: http://localhost:8002, Tokens: 28614.0
Selected worker: http://localhost:8001
Worker: http://localhost:8001, Running: 0.0, Waiting: 0.0
Worker: http://localhost:8001, qlen: 0.0
Worker: http://localhost:8001, Tokens: 9105.0
Worker: http://localhost:8002, Running: 0.0, Waiting: 0.0
Worker: http://localhost:8002, qlen: 0.0
Worker: http://localhost:8002, Tokens: 28614.0
Selected worker: http://localhost:8001
Worker: http://localhost:8001, Running: 0.0, Waiting: 0.0
Worker: http://localhost:8001, qlen: 0.0
Worker: http://localhost:8001, Tokens: 9112.0
Worker: http://localhost:8002, Running: 0.0, Waiting: 0.0
Worker: http://localhost:8002, qlen: 0.0
Worker: http://localhost:8002, Tokens: 28614.0
Selected worker: http://localhost:8001
Worker: http://localhost:8001, Running: 0.0, Waiting: 0.0
Worker: http://localhost:8001, qlen: 0.0
Worker: http://localhost:8001, Tokens: 9137.0
Worker: http://localhost:8002, Running: 0.0, Waiting: 0.0
Worker: http://localhost:8002, qlen: 0.0
Worker: http://localhost:8002, Tokens: 28614.0
Selected worker: http://localhost:8002
Worker: http://localhost:8001, Running: 0.0, Waiting: 0.0
Worker: http://localhost:8001, qlen: 0.0
Worker: http://localhost:8001, Tokens: 9137.0
Worker: http://localhost:8002, Running: 0.0, Waiting: 0.0
Worker: http://localhost:8002, qlen: 0.0
Worker: http://localhost:8002, Tokens: 28621.0
Selected worker: http://localhost:8002
Worker: http://localhost:8001, Running: 0.0, Waiting: 0.0
Worker: http://localhost:8001, qlen: 0.0
Worker: http://localhost:8001, Tokens: 9137.0
Worker: http://localhost:8002, Running: 0.0, Waiting: 0.0
Worker: http://localhost:8002, qlen: 0.0
Worker: http://localhost:8002, Tokens: 30481.0
Selected worker: http://localhost:8002
Worker: http://localhost:8001, Running: 0.0, Waiting: 0.0
Worker: http://localhost:8001, qlen: 0.0
Worker: http://localhost:8001, Tokens: 9137.0
Worker: http://localhost:8002, Running: 0.0, Waiting: 0.0
Worker: http://localhost:8002, qlen: 0.0
Worker: http://localhost:8002, Tokens: 32766.0
Selected worker: http://localhost:8001
Worker: http://localhost:8001, Running: 0.0, Waiting: 0.0
Worker: http://localhost:8001, qlen: 0.0
Worker: http://localhost:8001, Tokens: 9145.0
Worker: http://localhost:8002, Running: 0.0, Waiting: 0.0
Worker: http://localhost:8002, qlen: 0.0
Worker: http://localhost:8002, Tokens: 32766.0
Selected worker: http://localhost:8002
Worker: http://localhost:8001, Running: 0.0, Waiting: 0.0
Worker: http://localhost:8001, qlen: 0.0
Worker: http://localhost:8001, Tokens: 9145.0
Worker: http://localhost:8002, Running: 0.0, Waiting: 0.0
Worker: http://localhost:8002, qlen: 0.0
Worker: http://localhost:8002, Tokens: 34342.0
Selected worker: http://localhost:8001
Worker: http://localhost:8001, Running: 0.0, Waiting: 0.0
Worker: http://localhost:8001, qlen: 0.0
Worker: http://localhost:8001, Tokens: 9188.0
Worker: http://localhost:8002, Running: 0.0, Waiting: 0.0
Worker: http://localhost:8002, qlen: 0.0
Worker: http://localhost:8002, Tokens: 34342.0
Selected worker: http://localhost:8002
Worker: http://localhost:8001, Running: 0.0, Waiting: 0.0
Worker: http://localhost:8001, qlen: 0.0
Worker: http://localhost:8001, Tokens: 9188.0
Worker: http://localhost:8002, Running: 0.0, Waiting: 0.0
Worker: http://localhost:8002, qlen: 0.0
Worker: http://localhost:8002, Tokens: 34343.0
Selected worker: http://localhost:8002
Worker: http://localhost:8001, Running: 0.0, Waiting: 0.0
Worker: http://localhost:8001, qlen: 0.0
Worker: http://localhost:8001, Tokens: 9188.0
Worker: http://localhost:8002, Running: 0.0, Waiting: 0.0
Worker: http://localhost:8002, qlen: 0.0
Worker: http://localhost:8002, Tokens: 34350.0
Selected worker: http://localhost:8001
Worker: http://localhost:8001, Running: 0.0, Waiting: 0.0
Worker: http://localhost:8001, qlen: 0.0
Worker: http://localhost:8001, Tokens: 9217.0
Worker: http://localhost:8002, Running: 0.0, Waiting: 0.0
Worker: http://localhost:8002, qlen: 0.0
Worker: http://localhost:8002, Tokens: 34350.0
Selected worker: http://localhost:8002
Worker: http://localhost:8001, Running: 0.0, Waiting: 0.0
Worker: http://localhost:8001, qlen: 0.0
Worker: http://localhost:8001, Tokens: 9217.0
Worker: http://localhost:8002, Running: 0.0, Waiting: 0.0
Worker: http://localhost:8002, qlen: 0.0
Worker: http://localhost:8002, Tokens: 34397.0
Selected worker: http://localhost:8001
Worker: http://localhost:8001, Running: 0.0, Waiting: 0.0
Worker: http://localhost:8001, qlen: 0.0
Worker: http://localhost:8001, Tokens: 10270.0
Worker: http://localhost:8002, Running: 0.0, Waiting: 0.0
Worker: http://localhost:8002, qlen: 0.0
Worker: http://localhost:8002, Tokens: 34397.0
Selected worker: http://localhost:8001
Worker: http://localhost:8001, Running: 0.0, Waiting: 0.0
Worker: http://localhost:8001, qlen: 0.0
Worker: http://localhost:8001, Tokens: 10290.0
Worker: http://localhost:8002, Running: 0.0, Waiting: 0.0
Worker: http://localhost:8002, qlen: 0.0
Worker: http://localhost:8002, Tokens: 34397.0
Selected worker: http://localhost:8002
Worker: http://localhost:8001, Running: 0.0, Waiting: 0.0
Worker: http://localhost:8001, qlen: 0.0
Worker: http://localhost:8001, Tokens: 10290.0
Worker: http://localhost:8002, Running: 0.0, Waiting: 0.0
Worker: http://localhost:8002, qlen: 0.0
Worker: http://localhost:8002, Tokens: 34420.0
Selected worker: http://localhost:8002
Worker: http://localhost:8001, Running: 0.0, Waiting: 0.0
Worker: http://localhost:8001, qlen: 0.0
Worker: http://localhost:8001, Tokens: 10290.0
Worker: http://localhost:8002, Running: 0.0, Waiting: 0.0
Worker: http://localhost:8002, qlen: 0.0
Worker: http://localhost:8002, Tokens: 34468.0
Selected worker: http://localhost:8002
Worker: http://localhost:8001, Running: 0.0, Waiting: 0.0
Worker: http://localhost:8001, qlen: 0.0
Worker: http://localhost:8001, Tokens: 10290.0
Worker: http://localhost:8002, Running: 0.0, Waiting: 0.0
Worker: http://localhost:8002, qlen: 0.0
Worker: http://localhost:8002, Tokens: 34476.0
Selected worker: http://localhost:8001
Worker: http://localhost:8001, Running: 0.0, Waiting: 0.0
Worker: http://localhost:8001, qlen: 0.0
Worker: http://localhost:8001, Tokens: 10309.0
Worker: http://localhost:8002, Running: 0.0, Waiting: 0.0
Worker: http://localhost:8002, qlen: 0.0
Worker: http://localhost:8002, Tokens: 34476.0
Selected worker: http://localhost:8001
Worker: http://localhost:8001, Running: 0.0, Waiting: 0.0
Worker: http://localhost:8001, qlen: 0.0
Worker: http://localhost:8001, Tokens: 10318.0
Worker: http://localhost:8002, Running: 0.0, Waiting: 0.0
Worker: http://localhost:8002, qlen: 0.0
Worker: http://localhost:8002, Tokens: 34476.0
Selected worker: http://localhost:8002
Worker: http://localhost:8001, Running: 0.0, Waiting: 0.0
Worker: http://localhost:8001, qlen: 0.0
Worker: http://localhost:8001, Tokens: 10318.0
Worker: http://localhost:8002, Running: 0.0, Waiting: 0.0
Worker: http://localhost:8002, qlen: 0.0
Worker: http://localhost:8002, Tokens: 34488.0
Selected worker: http://localhost:8001
Worker: http://localhost:8001, Running: 0.0, Waiting: 0.0
Worker: http://localhost:8001, qlen: 0.0
Worker: http://localhost:8001, Tokens: 12765.0
Worker: http://localhost:8002, Running: 0.0, Waiting: 0.0
Worker: http://localhost:8002, qlen: 0.0
Worker: http://localhost:8002, Tokens: 34488.0
Selected worker: http://localhost:8001
Worker: http://localhost:8001, Running: 0.0, Waiting: 0.0
Worker: http://localhost:8001, qlen: 0.0
Worker: http://localhost:8001, Tokens: 13904.0
Worker: http://localhost:8002, Running: 0.0, Waiting: 0.0
Worker: http://localhost:8002, qlen: 0.0
Worker: http://localhost:8002, Tokens: 34488.0
Selected worker: http://localhost:8001
Worker: http://localhost:8001, Running: 0.0, Waiting: 0.0
Worker: http://localhost:8001, qlen: 0.0
Worker: http://localhost:8001, Tokens: 13912.0
Worker: http://localhost:8002, Running: 0.0, Waiting: 0.0
Worker: http://localhost:8002, qlen: 0.0
Worker: http://localhost:8002, Tokens: 34488.0
Selected worker: http://localhost:8001
Worker: http://localhost:8001, Running: 0.0, Waiting: 0.0
Worker: http://localhost:8001, qlen: 0.0
Worker: http://localhost:8001, Tokens: 13917.0
Worker: http://localhost:8002, Running: 0.0, Waiting: 0.0
Worker: http://localhost:8002, qlen: 0.0
Worker: http://localhost:8002, Tokens: 34488.0
Selected worker: http://localhost:8002
Worker: http://localhost:8001, Running: 0.0, Waiting: 0.0
Worker: http://localhost:8001, qlen: 0.0
Worker: http://localhost:8001, Tokens: 13917.0
Worker: http://localhost:8002, Running: 0.0, Waiting: 0.0
Worker: http://localhost:8002, qlen: 0.0
Worker: http://localhost:8002, Tokens: 34498.0
Selected worker: http://localhost:8001
Worker: http://localhost:8001, Running: 0.0, Waiting: 0.0
Worker: http://localhost:8001, qlen: 0.0
Worker: http://localhost:8001, Tokens: 13936.0
Worker: http://localhost:8002, Running: 0.0, Waiting: 0.0
Worker: http://localhost:8002, qlen: 0.0
Worker: http://localhost:8002, Tokens: 34498.0
Selected worker: http://localhost:8001
Worker: http://localhost:8001, Running: 0.0, Waiting: 0.0
Worker: http://localhost:8001, qlen: 0.0
Worker: http://localhost:8001, Tokens: 13937.0
Worker: http://localhost:8002, Running: 0.0, Waiting: 0.0
Worker: http://localhost:8002, qlen: 0.0
Worker: http://localhost:8002, Tokens: 34498.0
Selected worker: http://localhost:8001
Worker: http://localhost:8001, Running: 0.0, Waiting: 0.0
Worker: http://localhost:8001, qlen: 0.0
Worker: http://localhost:8001, Tokens: 13939.0
Worker: http://localhost:8002, Running: 0.0, Waiting: 0.0
Worker: http://localhost:8002, qlen: 0.0
Worker: http://localhost:8002, Tokens: 34498.0
Selected worker: http://localhost:8002
Worker: http://localhost:8001, Running: 0.0, Waiting: 0.0
Worker: http://localhost:8001, qlen: 0.0
Worker: http://localhost:8001, Tokens: 13939.0
Worker: http://localhost:8002, Running: 0.0, Waiting: 0.0
Worker: http://localhost:8002, qlen: 0.0
Worker: http://localhost:8002, Tokens: 34522.0
Selected worker: http://localhost:8001
Worker: http://localhost:8001, Running: 0.0, Waiting: 0.0
Worker: http://localhost:8001, qlen: 0.0
Worker: http://localhost:8001, Tokens: 15251.0
Worker: http://localhost:8002, Running: 0.0, Waiting: 0.0
Worker: http://localhost:8002, qlen: 0.0
Worker: http://localhost:8002, Tokens: 34522.0
Selected worker: http://localhost:8002
Worker: http://localhost:8001, Running: 0.0, Waiting: 0.0
Worker: http://localhost:8001, qlen: 0.0
Worker: http://localhost:8001, Tokens: 15251.0
Worker: http://localhost:8002, Running: 0.0, Waiting: 0.0
Worker: http://localhost:8002, qlen: 0.0
Worker: http://localhost:8002, Tokens: 34523.0
Selected worker: http://localhost:8001
Worker: http://localhost:8001, Running: 0.0, Waiting: 0.0
Worker: http://localhost:8001, qlen: 0.0
Worker: http://localhost:8001, Tokens: 15256.0
Worker: http://localhost:8002, Running: 0.0, Waiting: 0.0
Worker: http://localhost:8002, qlen: 0.0
Worker: http://localhost:8002, Tokens: 34523.0
Selected worker: http://localhost:8002
Worker: http://localhost:8001, Running: 0.0, Waiting: 0.0
Worker: http://localhost:8001, qlen: 0.0
Worker: http://localhost:8001, Tokens: 15256.0
Worker: http://localhost:8002, Running: 0.0, Waiting: 0.0
Worker: http://localhost:8002, qlen: 0.0
Worker: http://localhost:8002, Tokens: 34548.0
Selected worker: http://localhost:8002
Worker: http://localhost:8001, Running: 0.0, Waiting: 0.0
Worker: http://localhost:8001, qlen: 0.0
Worker: http://localhost:8001, Tokens: 15256.0
Worker: http://localhost:8002, Running: 0.0, Waiting: 0.0
Worker: http://localhost:8002, qlen: 0.0
Worker: http://localhost:8002, Tokens: 34556.0
Selected worker: http://localhost:8001
Worker: http://localhost:8001, Running: 0.0, Waiting: 0.0
Worker: http://localhost:8001, qlen: 0.0
Worker: http://localhost:8001, Tokens: 16504.0
Worker: http://localhost:8002, Running: 0.0, Waiting: 0.0
Worker: http://localhost:8002, qlen: 0.0
Worker: http://localhost:8002, Tokens: 34556.0
Selected worker: http://localhost:8002
Worker: http://localhost:8001, Running: 0.0, Waiting: 0.0
Worker: http://localhost:8001, qlen: 0.0
Worker: http://localhost:8001, Tokens: 16504.0
Worker: http://localhost:8002, Running: 0.0, Waiting: 0.0
Worker: http://localhost:8002, qlen: 0.0
Worker: http://localhost:8002, Tokens: 34562.0
Selected worker: http://localhost:8002
Worker: http://localhost:8001, Running: 0.0, Waiting: 0.0
Worker: http://localhost:8001, qlen: 0.0
Worker: http://localhost:8001, Tokens: 16504.0
Worker: http://localhost:8002, Running: 0.0, Waiting: 0.0
Worker: http://localhost:8002, qlen: 0.0
Worker: http://localhost:8002, Tokens: 34563.0
Selected worker: http://localhost:8002
Worker: http://localhost:8001, Running: 0.0, Waiting: 0.0
Worker: http://localhost:8001, qlen: 0.0
Worker: http://localhost:8001, Tokens: 16504.0
Worker: http://localhost:8002, Running: 0.0, Waiting: 0.0
Worker: http://localhost:8002, qlen: 0.0
Worker: http://localhost:8002, Tokens: 34569.0
Selected worker: http://localhost:8002
Worker: http://localhost:8001, Running: 0.0, Waiting: 0.0
Worker: http://localhost:8001, qlen: 0.0
Worker: http://localhost:8001, Tokens: 16504.0
Worker: http://localhost:8002, Running: 0.0, Waiting: 0.0
Worker: http://localhost:8002, qlen: 0.0
Worker: http://localhost:8002, Tokens: 34581.0
Selected worker: http://localhost:8002
Worker: http://localhost:8001, Running: 0.0, Waiting: 0.0
Worker: http://localhost:8001, qlen: 0.0
Worker: http://localhost:8001, Tokens: 16504.0
Worker: http://localhost:8002, Running: 0.0, Waiting: 0.0
Worker: http://localhost:8002, qlen: 0.0
Worker: http://localhost:8002, Tokens: 34603.0
Selected worker: http://localhost:8001
Worker: http://localhost:8001, Running: 0.0, Waiting: 0.0
Worker: http://localhost:8001, qlen: 0.0
Worker: http://localhost:8001, Tokens: 19008.0
Worker: http://localhost:8002, Running: 0.0, Waiting: 0.0
Worker: http://localhost:8002, qlen: 0.0
Worker: http://localhost:8002, Tokens: 34603.0
Selected worker: http://localhost:8002
Worker: http://localhost:8001, Running: 0.0, Waiting: 0.0
Worker: http://localhost:8001, qlen: 0.0
Worker: http://localhost:8001, Tokens: 19008.0
Worker: http://localhost:8002, Running: 0.0, Waiting: 0.0
Worker: http://localhost:8002, qlen: 0.0
Worker: http://localhost:8002, Tokens: 34614.0
Selected worker: http://localhost:8001
Worker: http://localhost:8001, Running: 0.0, Waiting: 0.0
Worker: http://localhost:8001, qlen: 0.0
Worker: http://localhost:8001, Tokens: 19050.0
Worker: http://localhost:8002, Running: 0.0, Waiting: 0.0
Worker: http://localhost:8002, qlen: 0.0
Worker: http://localhost:8002, Tokens: 34614.0
Selected worker: http://localhost:8001
Worker: http://localhost:8001, Running: 0.0, Waiting: 0.0
Worker: http://localhost:8001, qlen: 0.0
Worker: http://localhost:8001, Tokens: 19059.0
Worker: http://localhost:8002, Running: 0.0, Waiting: 0.0
Worker: http://localhost:8002, qlen: 0.0
Worker: http://localhost:8002, Tokens: 34614.0
Selected worker: http://localhost:8002
Worker: http://localhost:8001, Running: 0.0, Waiting: 0.0
Worker: http://localhost:8001, qlen: 0.0
Worker: http://localhost:8001, Tokens: 19059.0
Worker: http://localhost:8002, Running: 0.0, Waiting: 0.0
Worker: http://localhost:8002, qlen: 0.0
Worker: http://localhost:8002, Tokens: 34645.0
Selected worker: http://localhost:8002
Worker: http://localhost:8001, Running: 0.0, Waiting: 0.0
Worker: http://localhost:8001, qlen: 0.0
Worker: http://localhost:8001, Tokens: 19059.0
Worker: http://localhost:8002, Running: 0.0, Waiting: 0.0
Worker: http://localhost:8002, qlen: 0.0
Worker: http://localhost:8002, Tokens: 34661.0
Selected worker: http://localhost:8001
Worker: http://localhost:8001, Running: 0.0, Waiting: 0.0
Worker: http://localhost:8001, qlen: 0.0
Worker: http://localhost:8001, Tokens: 19066.0
Worker: http://localhost:8002, Running: 0.0, Waiting: 0.0
Worker: http://localhost:8002, qlen: 0.0
Worker: http://localhost:8002, Tokens: 34661.0
Selected worker: http://localhost:8001
Worker: http://localhost:8001, Running: 0.0, Waiting: 0.0
Worker: http://localhost:8001, qlen: 0.0
Worker: http://localhost:8001, Tokens: 20189.0
Worker: http://localhost:8002, Running: 0.0, Waiting: 0.0
Worker: http://localhost:8002, qlen: 0.0
Worker: http://localhost:8002, Tokens: 34661.0
Selected worker: http://localhost:8002
Worker: http://localhost:8001, Running: 0.0, Waiting: 0.0
Worker: http://localhost:8001, qlen: 0.0
Worker: http://localhost:8001, Tokens: 20189.0
Worker: http://localhost:8002, Running: 0.0, Waiting: 0.0
Worker: http://localhost:8002, qlen: 0.0
Worker: http://localhost:8002, Tokens: 34662.0
Selected worker: http://localhost:8001
Worker: http://localhost:8001, Running: 0.0, Waiting: 0.0
Worker: http://localhost:8001, qlen: 0.0
Worker: http://localhost:8001, Tokens: 22257.0
Worker: http://localhost:8002, Running: 0.0, Waiting: 0.0
Worker: http://localhost:8002, qlen: 0.0
Worker: http://localhost:8002, Tokens: 34662.0
Selected worker: http://localhost:8002
Worker: http://localhost:8001, Running: 0.0, Waiting: 0.0
Worker: http://localhost:8001, qlen: 0.0
Worker: http://localhost:8001, Tokens: 22257.0
Worker: http://localhost:8002, Running: 0.0, Waiting: 0.0
Worker: http://localhost:8002, qlen: 0.0
Worker: http://localhost:8002, Tokens: 34674.0
Selected worker: http://localhost:8001
Worker: http://localhost:8001, Running: 0.0, Waiting: 0.0
Worker: http://localhost:8001, qlen: 0.0
Worker: http://localhost:8001, Tokens: 22266.0
Worker: http://localhost:8002, Running: 0.0, Waiting: 0.0
Worker: http://localhost:8002, qlen: 0.0
Worker: http://localhost:8002, Tokens: 34674.0
Selected worker: http://localhost:8001
Worker: http://localhost:8001, Running: 0.0, Waiting: 0.0
Worker: http://localhost:8001, qlen: 0.0
Worker: http://localhost:8001, Tokens: 22276.0
Worker: http://localhost:8002, Running: 0.0, Waiting: 0.0
Worker: http://localhost:8002, qlen: 0.0
Worker: http://localhost:8002, Tokens: 34674.0
Selected worker: http://localhost:8001
Worker: http://localhost:8001, Running: 0.0, Waiting: 0.0
Worker: http://localhost:8001, qlen: 0.0
Worker: http://localhost:8001, Tokens: 22291.0
Worker: http://localhost:8002, Running: 0.0, Waiting: 0.0
Worker: http://localhost:8002, qlen: 0.0
Worker: http://localhost:8002, Tokens: 34674.0
Selected worker: http://localhost:8002
Worker: http://localhost:8001, Running: 0.0, Waiting: 0.0
Worker: http://localhost:8001, qlen: 0.0
Worker: http://localhost:8001, Tokens: 22291.0
Worker: http://localhost:8002, Running: 0.0, Waiting: 0.0
Worker: http://localhost:8002, qlen: 0.0
Worker: http://localhost:8002, Tokens: 34679.0
Selected worker: http://localhost:8002
Worker: http://localhost:8001, Running: 0.0, Waiting: 0.0
Worker: http://localhost:8001, qlen: 0.0
Worker: http://localhost:8001, Tokens: 22291.0
Worker: http://localhost:8002, Running: 0.0, Waiting: 0.0
Worker: http://localhost:8002, qlen: 0.0
Worker: http://localhost:8002, Tokens: 34705.0
Selected worker: http://localhost:8002
Worker: http://localhost:8001, Running: 0.0, Waiting: 0.0
Worker: http://localhost:8001, qlen: 0.0
Worker: http://localhost:8001, Tokens: 22291.0
Worker: http://localhost:8002, Running: 0.0, Waiting: 0.0
Worker: http://localhost:8002, qlen: 0.0
Worker: http://localhost:8002, Tokens: 36885.0
Selected worker: http://localhost:8001
Worker: http://localhost:8001, Running: 0.0, Waiting: 0.0
Worker: http://localhost:8001, qlen: 0.0
Worker: http://localhost:8001, Tokens: 25068.0
Worker: http://localhost:8002, Running: 0.0, Waiting: 0.0
Worker: http://localhost:8002, qlen: 0.0
Worker: http://localhost:8002, Tokens: 36885.0
Selected worker: http://localhost:8002
Worker: http://localhost:8001, Running: 0.0, Waiting: 0.0
Worker: http://localhost:8001, qlen: 0.0
Worker: http://localhost:8001, Tokens: 25068.0
Worker: http://localhost:8002, Running: 0.0, Waiting: 0.0
Worker: http://localhost:8002, qlen: 0.0
Worker: http://localhost:8002, Tokens: 36916.0
Selected worker: http://localhost:8002
Worker: http://localhost:8001, Running: 0.0, Waiting: 0.0
Worker: http://localhost:8001, qlen: 0.0
Worker: http://localhost:8001, Tokens: 25068.0
Worker: http://localhost:8002, Running: 0.0, Waiting: 0.0
Worker: http://localhost:8002, qlen: 0.0
Worker: http://localhost:8002, Tokens: 36925.0
Selected worker: http://localhost:8001
Worker: http://localhost:8001, Running: 0.0, Waiting: 0.0
Worker: http://localhost:8001, qlen: 0.0
Worker: http://localhost:8001, Tokens: 25077.0
Worker: http://localhost:8002, Running: 0.0, Waiting: 0.0
Worker: http://localhost:8002, qlen: 0.0
Worker: http://localhost:8002, Tokens: 36925.0
Selected worker: http://localhost:8002
Worker: http://localhost:8001, Running: 0.0, Waiting: 0.0
Worker: http://localhost:8001, qlen: 0.0
Worker: http://localhost:8001, Tokens: 25077.0
Worker: http://localhost:8002, Running: 0.0, Waiting: 0.0
Worker: http://localhost:8002, qlen: 0.0
Worker: http://localhost:8002, Tokens: 36946.0
Selected worker: http://localhost:8001
Worker: http://localhost:8001, Running: 0.0, Waiting: 0.0
Worker: http://localhost:8001, qlen: 0.0
Worker: http://localhost:8001, Tokens: 25101.0
Worker: http://localhost:8002, Running: 0.0, Waiting: 0.0
Worker: http://localhost:8002, qlen: 0.0
Worker: http://localhost:8002, Tokens: 36946.0
Selected worker: http://localhost:8001
Worker: http://localhost:8001, Running: 0.0, Waiting: 0.0
Worker: http://localhost:8001, qlen: 0.0
Worker: http://localhost:8001, Tokens: 25107.0
Worker: http://localhost:8002, Running: 0.0, Waiting: 0.0
Worker: http://localhost:8002, qlen: 0.0
Worker: http://localhost:8002, Tokens: 36946.0
Selected worker: http://localhost:8002
Worker: http://localhost:8001, Running: 0.0, Waiting: 0.0
Worker: http://localhost:8001, qlen: 0.0
Worker: http://localhost:8001, Tokens: 25107.0
Worker: http://localhost:8002, Running: 0.0, Waiting: 0.0
Worker: http://localhost:8002, qlen: 0.0
Worker: http://localhost:8002, Tokens: 36958.0
Selected worker: http://localhost:8001
Worker: http://localhost:8001, Running: 0.0, Waiting: 0.0
Worker: http://localhost:8001, qlen: 0.0
Worker: http://localhost:8001, Tokens: 25115.0
Worker: http://localhost:8002, Running: 0.0, Waiting: 0.0
Worker: http://localhost:8002, qlen: 0.0
Worker: http://localhost:8002, Tokens: 36958.0
Selected worker: http://localhost:8001
Worker: http://localhost:8001, Running: 0.0, Waiting: 0.0
Worker: http://localhost:8001, qlen: 0.0
Worker: http://localhost:8001, Tokens: 25127.0
Worker: http://localhost:8002, Running: 0.0, Waiting: 0.0
Worker: http://localhost:8002, qlen: 0.0
Worker: http://localhost:8002, Tokens: 36958.0
Selected worker: http://localhost:8002
Worker: http://localhost:8001, Running: 0.0, Waiting: 0.0
Worker: http://localhost:8001, qlen: 0.0
Worker: http://localhost:8001, Tokens: 25127.0
Worker: http://localhost:8002, Running: 0.0, Waiting: 0.0
Worker: http://localhost:8002, qlen: 0.0
Worker: http://localhost:8002, Tokens: 37005.0
Selected worker: http://localhost:8001
Worker: http://localhost:8001, Running: 0.0, Waiting: 0.0
Worker: http://localhost:8001, qlen: 0.0
Worker: http://localhost:8001, Tokens: 25145.0
Worker: http://localhost:8002, Running: 0.0, Waiting: 0.0
Worker: http://localhost:8002, qlen: 0.0
Worker: http://localhost:8002, Tokens: 37005.0
Selected worker: http://localhost:8002
Worker: http://localhost:8001, Running: 0.0, Waiting: 0.0
Worker: http://localhost:8001, qlen: 0.0
Worker: http://localhost:8001, Tokens: 25145.0
Worker: http://localhost:8002, Running: 0.0, Waiting: 0.0
Worker: http://localhost:8002, qlen: 0.0
Worker: http://localhost:8002, Tokens: 39083.0
Selected worker: http://localhost:8001
Worker: http://localhost:8001, Running: 0.0, Waiting: 0.0
Worker: http://localhost:8001, qlen: 0.0
Worker: http://localhost:8001, Tokens: 25152.0
Worker: http://localhost:8002, Running: 0.0, Waiting: 0.0
Worker: http://localhost:8002, qlen: 0.0
Worker: http://localhost:8002, Tokens: 39083.0
Selected worker: http://localhost:8001
Worker: http://localhost:8001, Running: 0.0, Waiting: 0.0
Worker: http://localhost:8001, qlen: 0.0
Worker: http://localhost:8001, Tokens: 25158.0
Worker: http://localhost:8002, Running: 0.0, Waiting: 0.0
Worker: http://localhost:8002, qlen: 0.0
Worker: http://localhost:8002, Tokens: 39083.0
Selected worker: http://localhost:8002
Worker: http://localhost:8001, Running: 0.0, Waiting: 0.0
Worker: http://localhost:8001, qlen: 0.0
Worker: http://localhost:8001, Tokens: 25158.0
Worker: http://localhost:8002, Running: 0.0, Waiting: 0.0
Worker: http://localhost:8002, qlen: 0.0
Worker: http://localhost:8002, Tokens: 39101.0
Selected worker: http://localhost:8001
Worker: http://localhost:8001, Running: 0.0, Waiting: 0.0
Worker: http://localhost:8001, qlen: 0.0
Worker: http://localhost:8001, Tokens: 25173.0
Worker: http://localhost:8002, Running: 0.0, Waiting: 0.0
Worker: http://localhost:8002, qlen: 0.0
Worker: http://localhost:8002, Tokens: 39101.0
Selected worker: http://localhost:8001
Worker: http://localhost:8001, Running: 0.0, Waiting: 0.0
Worker: http://localhost:8001, qlen: 0.0
Worker: http://localhost:8001, Tokens: 25176.0
Worker: http://localhost:8002, Running: 0.0, Waiting: 0.0
Worker: http://localhost:8002, qlen: 0.0
Worker: http://localhost:8002, Tokens: 39101.0
Selected worker: http://localhost:8001
Worker: http://localhost:8001, Running: 0.0, Waiting: 0.0
Worker: http://localhost:8001, qlen: 0.0
Worker: http://localhost:8001, Tokens: 25181.0
Worker: http://localhost:8002, Running: 0.0, Waiting: 0.0
Worker: http://localhost:8002, qlen: 0.0
Worker: http://localhost:8002, Tokens: 39101.0
Selected worker: http://localhost:8002
Worker: http://localhost:8001, Running: 0.0, Waiting: 0.0
Worker: http://localhost:8001, qlen: 0.0
Worker: http://localhost:8001, Tokens: 25181.0
Worker: http://localhost:8002, Running: 0.0, Waiting: 0.0
Worker: http://localhost:8002, qlen: 0.0
Worker: http://localhost:8002, Tokens: 39138.0
Selected worker: http://localhost:8002
Worker: http://localhost:8001, Running: 0.0, Waiting: 0.0
Worker: http://localhost:8001, qlen: 0.0
Worker: http://localhost:8001, Tokens: 25181.0
Worker: http://localhost:8002, Running: 0.0, Waiting: 0.0
Worker: http://localhost:8002, qlen: 0.0
Worker: http://localhost:8002, Tokens: 40794.0
Selected worker: http://localhost:8002
Worker: http://localhost:8001, Running: 0.0, Waiting: 0.0
Worker: http://localhost:8001, qlen: 0.0
Worker: http://localhost:8001, Tokens: 25181.0
Worker: http://localhost:8002, Running: 0.0, Waiting: 0.0
Worker: http://localhost:8002, qlen: 0.0
Worker: http://localhost:8002, Tokens: 40812.0
Selected worker: http://localhost:8001
Worker: http://localhost:8001, Running: 0.0, Waiting: 0.0
Worker: http://localhost:8001, qlen: 0.0
Worker: http://localhost:8001, Tokens: 25195.0
Worker: http://localhost:8002, Running: 0.0, Waiting: 0.0
Worker: http://localhost:8002, qlen: 0.0
Worker: http://localhost:8002, Tokens: 40812.0
Selected worker: http://localhost:8001
Worker: http://localhost:8001, Running: 0.0, Waiting: 0.0
Worker: http://localhost:8001, qlen: 0.0
Worker: http://localhost:8001, Tokens: 25199.0
Worker: http://localhost:8002, Running: 0.0, Waiting: 0.0
Worker: http://localhost:8002, qlen: 0.0
Worker: http://localhost:8002, Tokens: 40812.0
Selected worker: http://localhost:8001
Worker: http://localhost:8001, Running: 0.0, Waiting: 0.0
Worker: http://localhost:8001, qlen: 0.0
Worker: http://localhost:8001, Tokens: 25245.0
Worker: http://localhost:8002, Running: 0.0, Waiting: 0.0
Worker: http://localhost:8002, qlen: 0.0
Worker: http://localhost:8002, Tokens: 40812.0
Selected worker: http://localhost:8002
Worker: http://localhost:8001, Running: 0.0, Waiting: 0.0
Worker: http://localhost:8001, qlen: 0.0
Worker: http://localhost:8001, Tokens: 25245.0
Worker: http://localhost:8002, Running: 0.0, Waiting: 0.0
Worker: http://localhost:8002, qlen: 0.0
Worker: http://localhost:8002, Tokens: 42628.0
Selected worker: http://localhost:8001
Worker: http://localhost:8001, Running: 0.0, Waiting: 0.0
Worker: http://localhost:8001, qlen: 0.0
Worker: http://localhost:8001, Tokens: 25253.0
Worker: http://localhost:8002, Running: 0.0, Waiting: 0.0
Worker: http://localhost:8002, qlen: 0.0
Worker: http://localhost:8002, Tokens: 42628.0
Selected worker: http://localhost:8002
Worker: http://localhost:8001, Running: 0.0, Waiting: 0.0
Worker: http://localhost:8001, qlen: 0.0
Worker: http://localhost:8001, Tokens: 25253.0
Worker: http://localhost:8002, Running: 0.0, Waiting: 0.0
Worker: http://localhost:8002, qlen: 0.0
Worker: http://localhost:8002, Tokens: 42641.0
Selected worker: http://localhost:8002
Worker: http://localhost:8001, Running: 0.0, Waiting: 0.0
Worker: http://localhost:8001, qlen: 0.0
Worker: http://localhost:8001, Tokens: 25253.0
Worker: http://localhost:8002, Running: 0.0, Waiting: 0.0
Worker: http://localhost:8002, qlen: 0.0
Worker: http://localhost:8002, Tokens: 42650.0
Selected worker: http://localhost:8001
Worker: http://localhost:8001, Running: 0.0, Waiting: 0.0
Worker: http://localhost:8001, qlen: 0.0
Worker: http://localhost:8001, Tokens: 26529.0
Worker: http://localhost:8002, Running: 0.0, Waiting: 0.0
Worker: http://localhost:8002, qlen: 0.0
Worker: http://localhost:8002, Tokens: 42650.0
Selected worker: http://localhost:8001
Worker: http://localhost:8001, Running: 0.0, Waiting: 0.0
Worker: http://localhost:8001, qlen: 0.0
Worker: http://localhost:8001, Tokens: 26541.0
Worker: http://localhost:8002, Running: 0.0, Waiting: 0.0
Worker: http://localhost:8002, qlen: 0.0
Worker: http://localhost:8002, Tokens: 42650.0
Selected worker: http://localhost:8001
Worker: http://localhost:8001, Running: 0.0, Waiting: 0.0
Worker: http://localhost:8001, qlen: 0.0
Worker: http://localhost:8001, Tokens: 26547.0
Worker: http://localhost:8002, Running: 0.0, Waiting: 0.0
Worker: http://localhost:8002, qlen: 0.0
Worker: http://localhost:8002, Tokens: 42650.0
Selected worker: http://localhost:8002
Worker: http://localhost:8001, Running: 0.0, Waiting: 0.0
Worker: http://localhost:8001, qlen: 0.0
Worker: http://localhost:8001, Tokens: 26547.0
Worker: http://localhost:8002, Running: 0.0, Waiting: 0.0
Worker: http://localhost:8002, qlen: 0.0
Worker: http://localhost:8002, Tokens: 42665.0
Selected worker: http://localhost:8002
Worker: http://localhost:8001, Running: 0.0, Waiting: 0.0
Worker: http://localhost:8001, qlen: 0.0
Worker: http://localhost:8001, Tokens: 26547.0
Worker: http://localhost:8002, Running: 0.0, Waiting: 0.0
Worker: http://localhost:8002, qlen: 0.0
Worker: http://localhost:8002, Tokens: 45386.0
Selected worker: http://localhost:8002
Worker: http://localhost:8001, Running: 0.0, Waiting: 0.0
Worker: http://localhost:8001, qlen: 0.0
Worker: http://localhost:8001, Tokens: 26547.0
Worker: http://localhost:8002, Running: 0.0, Waiting: 0.0
Worker: http://localhost:8002, qlen: 0.0
Worker: http://localhost:8002, Tokens: 45396.0
Selected worker: http://localhost:8001
Worker: http://localhost:8001, Running: 0.0, Waiting: 0.0
Worker: http://localhost:8001, qlen: 0.0
Worker: http://localhost:8001, Tokens: 26567.0
Worker: http://localhost:8002, Running: 0.0, Waiting: 0.0
Worker: http://localhost:8002, qlen: 0.0
Worker: http://localhost:8002, Tokens: 45396.0
Selected worker: http://localhost:8001
Worker: http://localhost:8001, Running: 0.0, Waiting: 0.0
Worker: http://localhost:8001, qlen: 0.0
Worker: http://localhost:8001, Tokens: 26582.0
Worker: http://localhost:8002, Running: 0.0, Waiting: 0.0
Worker: http://localhost:8002, qlen: 0.0
Worker: http://localhost:8002, Tokens: 45396.0
Selected worker: http://localhost:8001
Worker: http://localhost:8001, Running: 0.0, Waiting: 0.0
Worker: http://localhost:8001, qlen: 0.0
Worker: http://localhost:8001, Tokens: 26589.0
Worker: http://localhost:8002, Running: 0.0, Waiting: 0.0
Worker: http://localhost:8002, qlen: 0.0
Worker: http://localhost:8002, Tokens: 45396.0
Selected worker: http://localhost:8001
Worker: http://localhost:8001, Running: 0.0, Waiting: 0.0
Worker: http://localhost:8001, qlen: 0.0
Worker: http://localhost:8001, Tokens: 26597.0
Worker: http://localhost:8002, Running: 0.0, Waiting: 0.0
Worker: http://localhost:8002, qlen: 0.0
Worker: http://localhost:8002, Tokens: 45396.0
Selected worker: http://localhost:8001
Worker: http://localhost:8001, Running: 0.0, Waiting: 0.0
Worker: http://localhost:8001, qlen: 0.0
Worker: http://localhost:8001, Tokens: 26627.0
Worker: http://localhost:8002, Running: 0.0, Waiting: 0.0
Worker: http://localhost:8002, qlen: 0.0
Worker: http://localhost:8002, Tokens: 45396.0
Selected worker: http://localhost:8001
Worker: http://localhost:8001, Running: 0.0, Waiting: 0.0
Worker: http://localhost:8001, qlen: 0.0
Worker: http://localhost:8001, Tokens: 26643.0
Worker: http://localhost:8002, Running: 0.0, Waiting: 0.0
Worker: http://localhost:8002, qlen: 0.0
Worker: http://localhost:8002, Tokens: 45396.0
Selected worker: http://localhost:8002
Worker: http://localhost:8001, Running: 0.0, Waiting: 0.0
Worker: http://localhost:8001, qlen: 0.0
Worker: http://localhost:8001, Tokens: 26643.0
Worker: http://localhost:8002, Running: 0.0, Waiting: 0.0
Worker: http://localhost:8002, qlen: 0.0
Worker: http://localhost:8002, Tokens: 45419.0
Selected worker: http://localhost:8001
Worker: http://localhost:8001, Running: 0.0, Waiting: 0.0
Worker: http://localhost:8001, qlen: 0.0
Worker: http://localhost:8001, Tokens: 26663.0
Worker: http://localhost:8002, Running: 0.0, Waiting: 0.0
Worker: http://localhost:8002, qlen: 0.0
Worker: http://localhost:8002, Tokens: 45419.0
Selected worker: http://localhost:8001
Worker: http://localhost:8001, Running: 0.0, Waiting: 0.0
Worker: http://localhost:8001, qlen: 0.0
Worker: http://localhost:8001, Tokens: 26676.0
Worker: http://localhost:8002, Running: 0.0, Waiting: 0.0
Worker: http://localhost:8002, qlen: 0.0
Worker: http://localhost:8002, Tokens: 45419.0
Selected worker: http://localhost:8001
Worker: http://localhost:8001, Running: 0.0, Waiting: 0.0
Worker: http://localhost:8001, qlen: 0.0
Worker: http://localhost:8001, Tokens: 27870.0
Worker: http://localhost:8002, Running: 0.0, Waiting: 0.0
Worker: http://localhost:8002, qlen: 0.0
Worker: http://localhost:8002, Tokens: 45419.0
Selected worker: http://localhost:8001
Worker: http://localhost:8001, Running: 0.0, Waiting: 0.0
Worker: http://localhost:8001, qlen: 0.0
Worker: http://localhost:8001, Tokens: 27890.0
Worker: http://localhost:8002, Running: 0.0, Waiting: 0.0
Worker: http://localhost:8002, qlen: 0.0
Worker: http://localhost:8002, Tokens: 45419.0
Selected worker: http://localhost:8001
Worker: http://localhost:8001, Running: 0.0, Waiting: 0.0
Worker: http://localhost:8001, qlen: 0.0
Worker: http://localhost:8001, Tokens: 27924.0
Worker: http://localhost:8002, Running: 0.0, Waiting: 0.0
Worker: http://localhost:8002, qlen: 0.0
Worker: http://localhost:8002, Tokens: 45419.0
Selected worker: http://localhost:8001
Worker: http://localhost:8001, Running: 0.0, Waiting: 0.0
Worker: http://localhost:8001, qlen: 0.0
Worker: http://localhost:8001, Tokens: 27936.0
Worker: http://localhost:8002, Running: 0.0, Waiting: 0.0
Worker: http://localhost:8002, qlen: 0.0
Worker: http://localhost:8002, Tokens: 45419.0
Selected worker: http://localhost:8002
Worker: http://localhost:8001, Running: 0.0, Waiting: 0.0
Worker: http://localhost:8001, qlen: 0.0
Worker: http://localhost:8001, Tokens: 27936.0
Worker: http://localhost:8002, Running: 0.0, Waiting: 0.0
Worker: http://localhost:8002, qlen: 0.0
Worker: http://localhost:8002, Tokens: 45423.0
Selected worker: http://localhost:8002
Worker: http://localhost:8001, Running: 0.0, Waiting: 0.0
Worker: http://localhost:8001, qlen: 0.0
Worker: http://localhost:8001, Tokens: 27936.0
Worker: http://localhost:8002, Running: 0.0, Waiting: 0.0
Worker: http://localhost:8002, qlen: 0.0
Worker: http://localhost:8002, Tokens: 45432.0
Selected worker: http://localhost:8001
Worker: http://localhost:8001, Running: 0.0, Waiting: 0.0
Worker: http://localhost:8001, qlen: 0.0
Worker: http://localhost:8001, Tokens: 27951.0
Worker: http://localhost:8002, Running: 0.0, Waiting: 0.0
Worker: http://localhost:8002, qlen: 0.0
Worker: http://localhost:8002, Tokens: 45432.0
Selected worker: http://localhost:8002
Worker: http://localhost:8001, Running: 0.0, Waiting: 0.0
Worker: http://localhost:8001, qlen: 0.0
Worker: http://localhost:8001, Tokens: 27951.0
Worker: http://localhost:8002, Running: 0.0, Waiting: 0.0
Worker: http://localhost:8002, qlen: 0.0
Worker: http://localhost:8002, Tokens: 45467.0
Selected worker: http://localhost:8001
Worker: http://localhost:8001, Running: 0.0, Waiting: 0.0
Worker: http://localhost:8001, qlen: 0.0
Worker: http://localhost:8001, Tokens: 27970.0
Worker: http://localhost:8002, Running: 0.0, Waiting: 0.0
Worker: http://localhost:8002, qlen: 0.0
Worker: http://localhost:8002, Tokens: 45467.0
Selected worker: http://localhost:8002
Worker: http://localhost:8001, Running: 0.0, Waiting: 0.0
Worker: http://localhost:8001, qlen: 0.0
Worker: http://localhost:8001, Tokens: 27970.0
Worker: http://localhost:8002, Running: 0.0, Waiting: 0.0
Worker: http://localhost:8002, qlen: 0.0
Worker: http://localhost:8002, Tokens: 45474.0
Selected worker: http://localhost:8001
Worker: http://localhost:8001, Running: 0.0, Waiting: 0.0
Worker: http://localhost:8001, qlen: 0.0
Worker: http://localhost:8001, Tokens: 29638.0
Worker: http://localhost:8002, Running: 0.0, Waiting: 0.0
Worker: http://localhost:8002, qlen: 0.0
Worker: http://localhost:8002, Tokens: 45474.0
Selected worker: http://localhost:8001
Worker: http://localhost:8001, Running: 0.0, Waiting: 0.0
Worker: http://localhost:8001, qlen: 0.0
Worker: http://localhost:8001, Tokens: 29656.0
Worker: http://localhost:8002, Running: 0.0, Waiting: 0.0
Worker: http://localhost:8002, qlen: 0.0
Worker: http://localhost:8002, Tokens: 45474.0
Selected worker: http://localhost:8002
Worker: http://localhost:8001, Running: 0.0, Waiting: 0.0
Worker: http://localhost:8001, qlen: 0.0
Worker: http://localhost:8001, Tokens: 29656.0
Worker: http://localhost:8002, Running: 0.0, Waiting: 0.0
Worker: http://localhost:8002, qlen: 0.0
Worker: http://localhost:8002, Tokens: 45491.0
Selected worker: http://localhost:8002
Worker: http://localhost:8001, Running: 0.0, Waiting: 0.0
Worker: http://localhost:8001, qlen: 0.0
Worker: http://localhost:8001, Tokens: 29656.0
Worker: http://localhost:8002, Running: 0.0, Waiting: 0.0
Worker: http://localhost:8002, qlen: 0.0
Worker: http://localhost:8002, Tokens: 45535.0
Selected worker: http://localhost:8001
Worker: http://localhost:8001, Running: 0.0, Waiting: 0.0
Worker: http://localhost:8001, qlen: 0.0
Worker: http://localhost:8001, Tokens: 30729.0
Worker: http://localhost:8002, Running: 0.0, Waiting: 0.0
Worker: http://localhost:8002, qlen: 0.0
Worker: http://localhost:8002, Tokens: 45535.0
Selected worker: http://localhost:8002
Worker: http://localhost:8001, Running: 0.0, Waiting: 0.0
Worker: http://localhost:8001, qlen: 0.0
Worker: http://localhost:8001, Tokens: 30729.0
Worker: http://localhost:8002, Running: 0.0, Waiting: 0.0
Worker: http://localhost:8002, qlen: 0.0
Worker: http://localhost:8002, Tokens: 46677.0
Selected worker: http://localhost:8002
Worker: http://localhost:8001, Running: 0.0, Waiting: 0.0
Worker: http://localhost:8001, qlen: 0.0
Worker: http://localhost:8001, Tokens: 30729.0
Worker: http://localhost:8002, Running: 0.0, Waiting: 0.0
Worker: http://localhost:8002, qlen: 0.0
Worker: http://localhost:8002, Tokens: 46686.0
Selected worker: http://localhost:8002
Worker: http://localhost:8001, Running: 0.0, Waiting: 0.0
Worker: http://localhost:8001, qlen: 0.0
Worker: http://localhost:8001, Tokens: 30729.0
Worker: http://localhost:8002, Running: 0.0, Waiting: 0.0
Worker: http://localhost:8002, qlen: 0.0
Worker: http://localhost:8002, Tokens: 46709.0
Selected worker: http://localhost:8001
Worker: http://localhost:8001, Running: 0.0, Waiting: 0.0
Worker: http://localhost:8001, qlen: 0.0
Worker: http://localhost:8001, Tokens: 33514.0
Worker: http://localhost:8002, Running: 0.0, Waiting: 0.0
Worker: http://localhost:8002, qlen: 0.0
Worker: http://localhost:8002, Tokens: 46709.0
Selected worker: http://localhost:8002
Worker: http://localhost:8001, Running: 0.0, Waiting: 0.0
Worker: http://localhost:8001, qlen: 0.0
Worker: http://localhost:8001, Tokens: 33514.0
Worker: http://localhost:8002, Running: 0.0, Waiting: 0.0
Worker: http://localhost:8002, qlen: 0.0
Worker: http://localhost:8002, Tokens: 46750.0
Selected worker: http://localhost:8001
Worker: http://localhost:8001, Running: 0.0, Waiting: 0.0
Worker: http://localhost:8001, qlen: 0.0
Worker: http://localhost:8001, Tokens: 33529.0
Worker: http://localhost:8002, Running: 0.0, Waiting: 0.0
Worker: http://localhost:8002, qlen: 0.0
Worker: http://localhost:8002, Tokens: 46750.0
Selected worker: http://localhost:8001
Worker: http://localhost:8001, Running: 0.0, Waiting: 0.0
Worker: http://localhost:8001, qlen: 0.0
Worker: http://localhost:8001, Tokens: 33549.0
Worker: http://localhost:8002, Running: 0.0, Waiting: 0.0
Worker: http://localhost:8002, qlen: 0.0
Worker: http://localhost:8002, Tokens: 46750.0
Selected worker: http://localhost:8001
Worker: http://localhost:8001, Running: 0.0, Waiting: 0.0
Worker: http://localhost:8001, qlen: 0.0
Worker: http://localhost:8001, Tokens: 33591.0
Worker: http://localhost:8002, Running: 0.0, Waiting: 0.0
Worker: http://localhost:8002, qlen: 0.0
Worker: http://localhost:8002, Tokens: 46750.0
Selected worker: http://localhost:8002
Worker: http://localhost:8001, Running: 0.0, Waiting: 0.0
Worker: http://localhost:8001, qlen: 0.0
Worker: http://localhost:8001, Tokens: 33591.0
Worker: http://localhost:8002, Running: 0.0, Waiting: 0.0
Worker: http://localhost:8002, qlen: 0.0
Worker: http://localhost:8002, Tokens: 46761.0
Selected worker: http://localhost:8002
Worker: http://localhost:8001, Running: 0.0, Waiting: 0.0
Worker: http://localhost:8001, qlen: 0.0
Worker: http://localhost:8001, Tokens: 33591.0
Worker: http://localhost:8002, Running: 0.0, Waiting: 0.0
Worker: http://localhost:8002, qlen: 0.0
Worker: http://localhost:8002, Tokens: 46774.0
Selected worker: http://localhost:8002
Worker: http://localhost:8001, Running: 0.0, Waiting: 0.0
Worker: http://localhost:8001, qlen: 0.0
Worker: http://localhost:8001, Tokens: 33591.0
Worker: http://localhost:8002, Running: 0.0, Waiting: 0.0
Worker: http://localhost:8002, qlen: 0.0
Worker: http://localhost:8002, Tokens: 46782.0
Selected worker: http://localhost:8002
Worker: http://localhost:8001, Running: 0.0, Waiting: 0.0
Worker: http://localhost:8001, qlen: 0.0
Worker: http://localhost:8001, Tokens: 33591.0
Worker: http://localhost:8002, Running: 0.0, Waiting: 0.0
Worker: http://localhost:8002, qlen: 0.0
Worker: http://localhost:8002, Tokens: 46795.0
Selected worker: http://localhost:8002
Worker: http://localhost:8001, Running: 0.0, Waiting: 0.0
Worker: http://localhost:8001, qlen: 0.0
Worker: http://localhost:8001, Tokens: 33591.0
Worker: http://localhost:8002, Running: 0.0, Waiting: 0.0
Worker: http://localhost:8002, qlen: 0.0
Worker: http://localhost:8002, Tokens: 46829.0
Selected worker: http://localhost:8002
Worker: http://localhost:8001, Running: 0.0, Waiting: 0.0
Worker: http://localhost:8001, qlen: 0.0
Worker: http://localhost:8001, Tokens: 33591.0
Worker: http://localhost:8002, Running: 0.0, Waiting: 0.0
Worker: http://localhost:8002, qlen: 0.0
Worker: http://localhost:8002, Tokens: 46836.0
Selected worker: http://localhost:8001
Worker: http://localhost:8001, Running: 0.0, Waiting: 0.0
Worker: http://localhost:8001, qlen: 0.0
Worker: http://localhost:8001, Tokens: 33600.0
Worker: http://localhost:8002, Running: 0.0, Waiting: 0.0
Worker: http://localhost:8002, qlen: 0.0
Worker: http://localhost:8002, Tokens: 46836.0
Selected worker: http://localhost:8001
Worker: http://localhost:8001, Running: 0.0, Waiting: 0.0
Worker: http://localhost:8001, qlen: 0.0
Worker: http://localhost:8001, Tokens: 35047.0
Worker: http://localhost:8002, Running: 0.0, Waiting: 0.0
Worker: http://localhost:8002, qlen: 0.0
Worker: http://localhost:8002, Tokens: 46836.0
Selected worker: http://localhost:8002
Worker: http://localhost:8001, Running: 0.0, Waiting: 0.0
Worker: http://localhost:8001, qlen: 0.0
Worker: http://localhost:8001, Tokens: 35047.0
Worker: http://localhost:8002, Running: 0.0, Waiting: 0.0
Worker: http://localhost:8002, qlen: 0.0
Worker: http://localhost:8002, Tokens: 46873.0
Selected worker: http://localhost:8001
Worker: http://localhost:8001, Running: 0.0, Waiting: 0.0
Worker: http://localhost:8001, qlen: 0.0
Worker: http://localhost:8001, Tokens: 35059.0
Worker: http://localhost:8002, Running: 0.0, Waiting: 0.0
Worker: http://localhost:8002, qlen: 0.0
Worker: http://localhost:8002, Tokens: 46873.0
Selected worker: http://localhost:8002
Worker: http://localhost:8001, Running: 0.0, Waiting: 0.0
Worker: http://localhost:8001, qlen: 0.0
Worker: http://localhost:8001, Tokens: 35059.0
Worker: http://localhost:8002, Running: 0.0, Waiting: 0.0
Worker: http://localhost:8002, qlen: 0.0
Worker: http://localhost:8002, Tokens: 46916.0
Selected worker: http://localhost:8002
Worker: http://localhost:8001, Running: 0.0, Waiting: 0.0
Worker: http://localhost:8001, qlen: 0.0
Worker: http://localhost:8001, Tokens: 35059.0
Worker: http://localhost:8002, Running: 0.0, Waiting: 0.0
Worker: http://localhost:8002, qlen: 0.0
Worker: http://localhost:8002, Tokens: 46923.0
Selected worker: http://localhost:8002
Worker: http://localhost:8001, Running: 0.0, Waiting: 0.0
Worker: http://localhost:8001, qlen: 0.0
Worker: http://localhost:8001, Tokens: 35059.0
Worker: http://localhost:8002, Running: 0.0, Waiting: 0.0
Worker: http://localhost:8002, qlen: 0.0
Worker: http://localhost:8002, Tokens: 46933.0
Selected worker: http://localhost:8002
Worker: http://localhost:8001, Running: 0.0, Waiting: 0.0
Worker: http://localhost:8001, qlen: 0.0
Worker: http://localhost:8001, Tokens: 35059.0
Worker: http://localhost:8002, Running: 0.0, Waiting: 0.0
Worker: http://localhost:8002, qlen: 0.0
Worker: http://localhost:8002, Tokens: 46973.0
Selected worker: http://localhost:8001
Worker: http://localhost:8001, Running: 0.0, Waiting: 0.0
Worker: http://localhost:8001, qlen: 0.0
Worker: http://localhost:8001, Tokens: 35071.0
Worker: http://localhost:8002, Running: 0.0, Waiting: 0.0
Worker: http://localhost:8002, qlen: 0.0
Worker: http://localhost:8002, Tokens: 46973.0
Selected worker: http://localhost:8001
Worker: http://localhost:8001, Running: 0.0, Waiting: 0.0
Worker: http://localhost:8001, qlen: 0.0
Worker: http://localhost:8001, Tokens: 35108.0
Worker: http://localhost:8002, Running: 0.0, Waiting: 0.0
Worker: http://localhost:8002, qlen: 0.0
Worker: http://localhost:8002, Tokens: 46973.0
Selected worker: http://localhost:8001
Worker: http://localhost:8001, Running: 0.0, Waiting: 0.0
Worker: http://localhost:8001, qlen: 0.0
Worker: http://localhost:8001, Tokens: 35115.0
Worker: http://localhost:8002, Running: 0.0, Waiting: 0.0
Worker: http://localhost:8002, qlen: 0.0
Worker: http://localhost:8002, Tokens: 46973.0
Selected worker: http://localhost:8001
Worker: http://localhost:8001, Running: 0.0, Waiting: 0.0
Worker: http://localhost:8001, qlen: 0.0
Worker: http://localhost:8001, Tokens: 35136.0
Worker: http://localhost:8002, Running: 0.0, Waiting: 0.0
Worker: http://localhost:8002, qlen: 0.0
Worker: http://localhost:8002, Tokens: 46973.0
Selected worker: http://localhost:8001
Worker: http://localhost:8001, Running: 0.0, Waiting: 0.0
Worker: http://localhost:8001, qlen: 0.0
Worker: http://localhost:8001, Tokens: 35181.0
Worker: http://localhost:8002, Running: 0.0, Waiting: 0.0
Worker: http://localhost:8002, qlen: 0.0
Worker: http://localhost:8002, Tokens: 46973.0
Selected worker: http://localhost:8001
Worker: http://localhost:8001, Running: 0.0, Waiting: 0.0
Worker: http://localhost:8001, qlen: 0.0
Worker: http://localhost:8001, Tokens: 36616.0
Worker: http://localhost:8002, Running: 0.0, Waiting: 0.0
Worker: http://localhost:8002, qlen: 0.0
Worker: http://localhost:8002, Tokens: 46973.0
Selected worker: http://localhost:8001
Worker: http://localhost:8001, Running: 0.0, Waiting: 0.0
Worker: http://localhost:8001, qlen: 0.0
Worker: http://localhost:8001, Tokens: 36628.0
Worker: http://localhost:8002, Running: 0.0, Waiting: 0.0
Worker: http://localhost:8002, qlen: 0.0
Worker: http://localhost:8002, Tokens: 46973.0
Selected worker: http://localhost:8001
Worker: http://localhost:8001, Running: 0.0, Waiting: 0.0
Worker: http://localhost:8001, qlen: 0.0
Worker: http://localhost:8001, Tokens: 36650.0
Worker: http://localhost:8002, Running: 0.0, Waiting: 0.0
Worker: http://localhost:8002, qlen: 0.0
Worker: http://localhost:8002, Tokens: 46973.0
Selected worker: http://localhost:8001
Worker: http://localhost:8001, Running: 0.0, Waiting: 0.0
Worker: http://localhost:8001, qlen: 0.0
Worker: http://localhost:8001, Tokens: 36651.0
Worker: http://localhost:8002, Running: 0.0, Waiting: 0.0
Worker: http://localhost:8002, qlen: 0.0
Worker: http://localhost:8002, Tokens: 46973.0
Selected worker: http://localhost:8002
Worker: http://localhost:8001, Running: 0.0, Waiting: 0.0
Worker: http://localhost:8001, qlen: 0.0
Worker: http://localhost:8001, Tokens: 36651.0
Worker: http://localhost:8002, Running: 0.0, Waiting: 0.0
Worker: http://localhost:8002, qlen: 0.0
Worker: http://localhost:8002, Tokens: 46975.0
Selected worker: http://localhost:8002
Worker: http://localhost:8001, Running: 0.0, Waiting: 0.0
Worker: http://localhost:8001, qlen: 0.0
Worker: http://localhost:8001, Tokens: 36651.0
Worker: http://localhost:8002, Running: 0.0, Waiting: 0.0
Worker: http://localhost:8002, qlen: 0.0
Worker: http://localhost:8002, Tokens: 47014.0
Selected worker: http://localhost:8001
Worker: http://localhost:8001, Running: 0.0, Waiting: 0.0
Worker: http://localhost:8001, qlen: 0.0
Worker: http://localhost:8001, Tokens: 36662.0
Worker: http://localhost:8002, Running: 0.0, Waiting: 0.0
Worker: http://localhost:8002, qlen: 0.0
Worker: http://localhost:8002, Tokens: 47014.0
Selected worker: http://localhost:8001
Worker: http://localhost:8001, Running: 0.0, Waiting: 0.0
Worker: http://localhost:8001, qlen: 0.0
Worker: http://localhost:8001, Tokens: 36695.0
Worker: http://localhost:8002, Running: 0.0, Waiting: 0.0
Worker: http://localhost:8002, qlen: 0.0
Worker: http://localhost:8002, Tokens: 47014.0
Selected worker: http://localhost:8002
Worker: http://localhost:8001, Running: 0.0, Waiting: 0.0
Worker: http://localhost:8001, qlen: 0.0
Worker: http://localhost:8001, Tokens: 36695.0
Worker: http://localhost:8002, Running: 0.0, Waiting: 0.0
Worker: http://localhost:8002, qlen: 0.0
Worker: http://localhost:8002, Tokens: 47023.0
Selected worker: http://localhost:8001
Worker: http://localhost:8001, Running: 0.0, Waiting: 0.0
Worker: http://localhost:8001, qlen: 0.0
Worker: http://localhost:8001, Tokens: 38168.0
Worker: http://localhost:8002, Running: 0.0, Waiting: 0.0
Worker: http://localhost:8002, qlen: 0.0
Worker: http://localhost:8002, Tokens: 47023.0
Selected worker: http://localhost:8001
Worker: http://localhost:8001, Running: 0.0, Waiting: 0.0
Worker: http://localhost:8001, qlen: 0.0
Worker: http://localhost:8001, Tokens: 39783.0
Worker: http://localhost:8002, Running: 0.0, Waiting: 0.0
Worker: http://localhost:8002, qlen: 0.0
Worker: http://localhost:8002, Tokens: 47023.0
Selected worker: http://localhost:8001
Worker: http://localhost:8001, Running: 0.0, Waiting: 0.0
Worker: http://localhost:8001, qlen: 0.0
Worker: http://localhost:8001, Tokens: 41957.0
Worker: http://localhost:8002, Running: 0.0, Waiting: 0.0
Worker: http://localhost:8002, qlen: 0.0
Worker: http://localhost:8002, Tokens: 47023.0
Selected worker: http://localhost:8002
Worker: http://localhost:8001, Running: 0.0, Waiting: 0.0
Worker: http://localhost:8001, qlen: 0.0
Worker: http://localhost:8001, Tokens: 41957.0
Worker: http://localhost:8002, Running: 0.0, Waiting: 0.0
Worker: http://localhost:8002, qlen: 0.0
Worker: http://localhost:8002, Tokens: 48322.0
Selected worker: http://localhost:8001
Worker: http://localhost:8001, Running: 0.0, Waiting: 0.0
Worker: http://localhost:8001, qlen: 0.0
Worker: http://localhost:8001, Tokens: 41992.0
Worker: http://localhost:8002, Running: 0.0, Waiting: 0.0
Worker: http://localhost:8002, qlen: 0.0
Worker: http://localhost:8002, Tokens: 48322.0
Selected worker: http://localhost:8001
Worker: http://localhost:8001, Running: 0.0, Waiting: 0.0
Worker: http://localhost:8001, qlen: 0.0
Worker: http://localhost:8001, Tokens: 42018.0
Worker: http://localhost:8002, Running: 0.0, Waiting: 0.0
Worker: http://localhost:8002, qlen: 0.0
Worker: http://localhost:8002, Tokens: 48322.0
Selected worker: http://localhost:8001
Worker: http://localhost:8001, Running: 0.0, Waiting: 0.0
Worker: http://localhost:8001, qlen: 0.0
Worker: http://localhost:8001, Tokens: 42041.0
Worker: http://localhost:8002, Running: 0.0, Waiting: 0.0
Worker: http://localhost:8002, qlen: 0.0
Worker: http://localhost:8002, Tokens: 48322.0
Selected worker: http://localhost:8001
Worker: http://localhost:8001, Running: 0.0, Waiting: 0.0
Worker: http://localhost:8001, qlen: 0.0
Worker: http://localhost:8001, Tokens: 43043.0
Worker: http://localhost:8002, Running: 0.0, Waiting: 0.0
Worker: http://localhost:8002, qlen: 0.0
Worker: http://localhost:8002, Tokens: 48322.0
Selected worker: http://localhost:8002
Worker: http://localhost:8001, Running: 0.0, Waiting: 0.0
Worker: http://localhost:8001, qlen: 0.0
Worker: http://localhost:8001, Tokens: 43043.0
Worker: http://localhost:8002, Running: 0.0, Waiting: 0.0
Worker: http://localhost:8002, qlen: 0.0
Worker: http://localhost:8002, Tokens: 49936.0
Selected worker: http://localhost:8002
Worker: http://localhost:8001, Running: 0.0, Waiting: 0.0
Worker: http://localhost:8001, qlen: 0.0
Worker: http://localhost:8001, Tokens: 43043.0
Worker: http://localhost:8002, Running: 0.0, Waiting: 0.0
Worker: http://localhost:8002, qlen: 0.0
Worker: http://localhost:8002, Tokens: 49945.0
Selected worker: http://localhost:8002
Worker: http://localhost:8001, Running: 0.0, Waiting: 0.0
Worker: http://localhost:8001, qlen: 0.0
Worker: http://localhost:8001, Tokens: 43043.0
Worker: http://localhost:8002, Running: 0.0, Waiting: 0.0
Worker: http://localhost:8002, qlen: 0.0
Worker: http://localhost:8002, Tokens: 49967.0
Selected worker: http://localhost:8001
Worker: http://localhost:8001, Running: 0.0, Waiting: 0.0
Worker: http://localhost:8001, qlen: 0.0
Worker: http://localhost:8001, Tokens: 44279.0
Worker: http://localhost:8002, Running: 0.0, Waiting: 0.0
Worker: http://localhost:8002, qlen: 0.0
Worker: http://localhost:8002, Tokens: 49967.0
Selected worker: http://localhost:8001
Worker: http://localhost:8001, Running: 0.0, Waiting: 0.0
Worker: http://localhost:8001, qlen: 0.0
Worker: http://localhost:8001, Tokens: 44284.0
Worker: http://localhost:8002, Running: 0.0, Waiting: 0.0
Worker: http://localhost:8002, qlen: 0.0
Worker: http://localhost:8002, Tokens: 49967.0
Selected worker: http://localhost:8001
Worker: http://localhost:8001, Running: 0.0, Waiting: 0.0
Worker: http://localhost:8001, qlen: 0.0
Worker: http://localhost:8001, Tokens: 44291.0
Worker: http://localhost:8002, Running: 0.0, Waiting: 0.0
Worker: http://localhost:8002, qlen: 0.0
Worker: http://localhost:8002, Tokens: 49967.0
Selected worker: http://localhost:8002
Worker: http://localhost:8001, Running: 0.0, Waiting: 0.0
Worker: http://localhost:8001, qlen: 0.0
Worker: http://localhost:8001, Tokens: 44291.0
Worker: http://localhost:8002, Running: 0.0, Waiting: 0.0
Worker: http://localhost:8002, qlen: 0.0
Worker: http://localhost:8002, Tokens: 49980.0
Selected worker: http://localhost:8001
Worker: http://localhost:8001, Running: 0.0, Waiting: 0.0
Worker: http://localhost:8001, qlen: 0.0
Worker: http://localhost:8001, Tokens: 44297.0
Worker: http://localhost:8002, Running: 0.0, Waiting: 0.0
Worker: http://localhost:8002, qlen: 0.0
Worker: http://localhost:8002, Tokens: 49980.0
Selected worker: http://localhost:8001
Worker: http://localhost:8001, Running: 0.0, Waiting: 0.0
Worker: http://localhost:8001, qlen: 0.0
Worker: http://localhost:8001, Tokens: 45395.0
Worker: http://localhost:8002, Running: 0.0, Waiting: 0.0
Worker: http://localhost:8002, qlen: 0.0
Worker: http://localhost:8002, Tokens: 49980.0
Selected worker: http://localhost:8001
Worker: http://localhost:8001, Running: 0.0, Waiting: 0.0
Worker: http://localhost:8001, qlen: 0.0
Worker: http://localhost:8001, Tokens: 47097.0
Worker: http://localhost:8002, Running: 0.0, Waiting: 0.0
Worker: http://localhost:8002, qlen: 0.0
Worker: http://localhost:8002, Tokens: 49980.0
Selected worker: http://localhost:8002
Worker: http://localhost:8001, Running: 0.0, Waiting: 0.0
Worker: http://localhost:8001, qlen: 0.0
Worker: http://localhost:8001, Tokens: 47097.0
Worker: http://localhost:8002, Running: 0.0, Waiting: 0.0
Worker: http://localhost:8002, qlen: 0.0
Worker: http://localhost:8002, Tokens: 49993.0
Selected worker: http://localhost:8002
Worker: http://localhost:8001, Running: 0.0, Waiting: 0.0
Worker: http://localhost:8001, qlen: 0.0
Worker: http://localhost:8001, Tokens: 47097.0
Worker: http://localhost:8002, Running: 0.0, Waiting: 0.0
Worker: http://localhost:8002, qlen: 0.0
Worker: http://localhost:8002, Tokens: 49999.0
Selected worker: http://localhost:8002
Worker: http://localhost:8001, Running: 0.0, Waiting: 0.0
Worker: http://localhost:8001, qlen: 0.0
Worker: http://localhost:8001, Tokens: 47097.0
Worker: http://localhost:8002, Running: 0.0, Waiting: 0.0
Worker: http://localhost:8002, qlen: 0.0
Worker: http://localhost:8002, Tokens: 50030.0
Selected worker: http://localhost:8002
Worker: http://localhost:8001, Running: 0.0, Waiting: 0.0
Worker: http://localhost:8001, qlen: 0.0
Worker: http://localhost:8001, Tokens: 47097.0
Worker: http://localhost:8002, Running: 0.0, Waiting: 0.0
Worker: http://localhost:8002, qlen: 0.0
Worker: http://localhost:8002, Tokens: 50058.0
Selected worker: http://localhost:8002
Worker: http://localhost:8001, Running: 0.0, Waiting: 0.0
Worker: http://localhost:8001, qlen: 0.0
Worker: http://localhost:8001, Tokens: 47097.0
Worker: http://localhost:8002, Running: 0.0, Waiting: 0.0
Worker: http://localhost:8002, qlen: 0.0
Worker: http://localhost:8002, Tokens: 50072.0
Selected worker: http://localhost:8001
Worker: http://localhost:8001, Running: 0.0, Waiting: 0.0
Worker: http://localhost:8001, qlen: 0.0
Worker: http://localhost:8001, Tokens: 47101.0
Worker: http://localhost:8002, Running: 0.0, Waiting: 0.0
Worker: http://localhost:8002, qlen: 0.0
Worker: http://localhost:8002, Tokens: 50072.0
Selected worker: http://localhost:8002
Worker: http://localhost:8001, Running: 0.0, Waiting: 0.0
Worker: http://localhost:8001, qlen: 0.0
Worker: http://localhost:8001, Tokens: 47101.0
Worker: http://localhost:8002, Running: 0.0, Waiting: 0.0
Worker: http://localhost:8002, qlen: 0.0
Worker: http://localhost:8002, Tokens: 50087.0
Selected worker: http://localhost:8001
Worker: http://localhost:8001, Running: 0.0, Waiting: 0.0
Worker: http://localhost:8001, qlen: 0.0
Worker: http://localhost:8001, Tokens: 47121.0
Worker: http://localhost:8002, Running: 0.0, Waiting: 0.0
Worker: http://localhost:8002, qlen: 0.0
Worker: http://localhost:8002, Tokens: 50087.0
Selected worker: http://localhost:8001
Worker: http://localhost:8001, Running: 0.0, Waiting: 0.0
Worker: http://localhost:8001, qlen: 0.0
Worker: http://localhost:8001, Tokens: 47143.0
Worker: http://localhost:8002, Running: 0.0, Waiting: 0.0
Worker: http://localhost:8002, qlen: 0.0
Worker: http://localhost:8002, Tokens: 50087.0
Selected worker: http://localhost:8001
Worker: http://localhost:8001, Running: 0.0, Waiting: 0.0
Worker: http://localhost:8001, qlen: 0.0
Worker: http://localhost:8001, Tokens: 47157.0
Worker: http://localhost:8002, Running: 0.0, Waiting: 0.0
Worker: http://localhost:8002, qlen: 0.0
Worker: http://localhost:8002, Tokens: 50087.0
Selected worker: http://localhost:8002
Worker: http://localhost:8001, Running: 0.0, Waiting: 0.0
Worker: http://localhost:8001, qlen: 0.0
Worker: http://localhost:8001, Tokens: 47157.0
Worker: http://localhost:8002, Running: 0.0, Waiting: 0.0
Worker: http://localhost:8002, qlen: 0.0
Worker: http://localhost:8002, Tokens: 50097.0
Selected worker: http://localhost:8002
Worker: http://localhost:8001, Running: 0.0, Waiting: 0.0
Worker: http://localhost:8001, qlen: 0.0
Worker: http://localhost:8001, Tokens: 47157.0
Worker: http://localhost:8002, Running: 0.0, Waiting: 0.0
Worker: http://localhost:8002, qlen: 0.0
Worker: http://localhost:8002, Tokens: 51173.0
Selected worker: http://localhost:8001
Worker: http://localhost:8001, Running: 0.0, Waiting: 0.0
Worker: http://localhost:8001, qlen: 0.0
Worker: http://localhost:8001, Tokens: 47166.0
Worker: http://localhost:8002, Running: 0.0, Waiting: 0.0
Worker: http://localhost:8002, qlen: 0.0
Worker: http://localhost:8002, Tokens: 51173.0
Selected worker: http://localhost:8001
Worker: http://localhost:8001, Running: 0.0, Waiting: 0.0
Worker: http://localhost:8001, qlen: 0.0
Worker: http://localhost:8001, Tokens: 47175.0
Worker: http://localhost:8002, Running: 0.0, Waiting: 0.0
Worker: http://localhost:8002, qlen: 0.0
Worker: http://localhost:8002, Tokens: 51173.0
Selected worker: http://localhost:8001
Worker: http://localhost:8001, Running: 0.0, Waiting: 0.0
Worker: http://localhost:8001, qlen: 0.0
Worker: http://localhost:8001, Tokens: 47178.0
Worker: http://localhost:8002, Running: 0.0, Waiting: 0.0
Worker: http://localhost:8002, qlen: 0.0
Worker: http://localhost:8002, Tokens: 51173.0
Selected worker: http://localhost:8001
Worker: http://localhost:8001, Running: 0.0, Waiting: 0.0
Worker: http://localhost:8001, qlen: 0.0
Worker: http://localhost:8001, Tokens: 47216.0
Worker: http://localhost:8002, Running: 0.0, Waiting: 0.0
Worker: http://localhost:8002, qlen: 0.0
Worker: http://localhost:8002, Tokens: 51173.0
Selected worker: http://localhost:8002
Worker: http://localhost:8001, Running: 0.0, Waiting: 0.0
Worker: http://localhost:8001, qlen: 0.0
Worker: http://localhost:8001, Tokens: 47216.0
Worker: http://localhost:8002, Running: 0.0, Waiting: 0.0
Worker: http://localhost:8002, qlen: 0.0
Worker: http://localhost:8002, Tokens: 51175.0
Selected worker: http://localhost:8001
Worker: http://localhost:8001, Running: 0.0, Waiting: 0.0
Worker: http://localhost:8001, qlen: 0.0
Worker: http://localhost:8001, Tokens: 47246.0
Worker: http://localhost:8002, Running: 0.0, Waiting: 0.0
Worker: http://localhost:8002, qlen: 0.0
Worker: http://localhost:8002, Tokens: 51175.0
Selected worker: http://localhost:8001
Worker: http://localhost:8001, Running: 0.0, Waiting: 0.0
Worker: http://localhost:8001, qlen: 0.0
Worker: http://localhost:8001, Tokens: 48988.0
Worker: http://localhost:8002, Running: 0.0, Waiting: 0.0
Worker: http://localhost:8002, qlen: 0.0
Worker: http://localhost:8002, Tokens: 51175.0
Selected worker: http://localhost:8001
Worker: http://localhost:8001, Running: 0.0, Waiting: 0.0
Worker: http://localhost:8001, qlen: 0.0
Worker: http://localhost:8001, Tokens: 49017.0
Worker: http://localhost:8002, Running: 0.0, Waiting: 0.0
Worker: http://localhost:8002, qlen: 0.0
Worker: http://localhost:8002, Tokens: 51175.0
Selected worker: http://localhost:8001
Worker: http://localhost:8001, Running: 0.0, Waiting: 0.0
Worker: http://localhost:8001, qlen: 0.0
Worker: http://localhost:8001, Tokens: 49033.0
Worker: http://localhost:8002, Running: 0.0, Waiting: 0.0
Worker: http://localhost:8002, qlen: 0.0
Worker: http://localhost:8002, Tokens: 51175.0
Selected worker: http://localhost:8001
Worker: http://localhost:8001, Running: 0.0, Waiting: 0.0
Worker: http://localhost:8001, qlen: 0.0
Worker: http://localhost:8001, Tokens: 49049.0
Worker: http://localhost:8002, Running: 0.0, Waiting: 0.0
Worker: http://localhost:8002, qlen: 0.0
Worker: http://localhost:8002, Tokens: 51175.0
Selected worker: http://localhost:8001
Worker: http://localhost:8001, Running: 0.0, Waiting: 0.0
Worker: http://localhost:8001, qlen: 0.0
Worker: http://localhost:8001, Tokens: 49056.0
Worker: http://localhost:8002, Running: 0.0, Waiting: 0.0
Worker: http://localhost:8002, qlen: 0.0
Worker: http://localhost:8002, Tokens: 51175.0
Selected worker: http://localhost:8002
Worker: http://localhost:8001, Running: 0.0, Waiting: 0.0
Worker: http://localhost:8001, qlen: 0.0
Worker: http://localhost:8001, Tokens: 49056.0
Worker: http://localhost:8002, Running: 0.0, Waiting: 0.0
Worker: http://localhost:8002, qlen: 0.0
Worker: http://localhost:8002, Tokens: 51183.0
Selected worker: http://localhost:8001
Worker: http://localhost:8001, Running: 0.0, Waiting: 0.0
Worker: http://localhost:8001, qlen: 0.0
Worker: http://localhost:8001, Tokens: 50611.0
Worker: http://localhost:8002, Running: 0.0, Waiting: 0.0
Worker: http://localhost:8002, qlen: 0.0
Worker: http://localhost:8002, Tokens: 51183.0
Selected worker: http://localhost:8002
Worker: http://localhost:8001, Running: 0.0, Waiting: 0.0
Worker: http://localhost:8001, qlen: 0.0
Worker: http://localhost:8001, Tokens: 50611.0
Worker: http://localhost:8002, Running: 0.0, Waiting: 0.0
Worker: http://localhost:8002, qlen: 0.0
Worker: http://localhost:8002, Tokens: 51194.0
Selected worker: http://localhost:8001
Worker: http://localhost:8001, Running: 0.0, Waiting: 0.0
Worker: http://localhost:8001, qlen: 0.0
Worker: http://localhost:8001, Tokens: 50621.0
Worker: http://localhost:8002, Running: 0.0, Waiting: 0.0
Worker: http://localhost:8002, qlen: 0.0
Worker: http://localhost:8002, Tokens: 51194.0
Selected worker: http://localhost:8002
Worker: http://localhost:8001, Running: 0.0, Waiting: 0.0
Worker: http://localhost:8001, qlen: 0.0
Worker: http://localhost:8001, Tokens: 50621.0
Worker: http://localhost:8002, Running: 0.0, Waiting: 0.0
Worker: http://localhost:8002, qlen: 0.0
Worker: http://localhost:8002, Tokens: 52328.0
Selected worker: http://localhost:8002
Worker: http://localhost:8001, Running: 0.0, Waiting: 0.0
Worker: http://localhost:8001, qlen: 0.0
Worker: http://localhost:8001, Tokens: 50621.0
Worker: http://localhost:8002, Running: 0.0, Waiting: 0.0
Worker: http://localhost:8002, qlen: 0.0
Worker: http://localhost:8002, Tokens: 52329.0
Selected worker: http://localhost:8001
Worker: http://localhost:8001, Running: 0.0, Waiting: 0.0
Worker: http://localhost:8001, qlen: 0.0
Worker: http://localhost:8001, Tokens: 50641.0
Worker: http://localhost:8002, Running: 0.0, Waiting: 0.0
Worker: http://localhost:8002, qlen: 0.0
Worker: http://localhost:8002, Tokens: 52329.0
Selected worker: http://localhost:8002
Worker: http://localhost:8001, Running: 0.0, Waiting: 0.0
Worker: http://localhost:8001, qlen: 0.0
Worker: http://localhost:8001, Tokens: 50641.0
Worker: http://localhost:8002, Running: 0.0, Waiting: 0.0
Worker: http://localhost:8002, qlen: 0.0
Worker: http://localhost:8002, Tokens: 52348.0
Selected worker: http://localhost:8002
Worker: http://localhost:8001, Running: 0.0, Waiting: 0.0
Worker: http://localhost:8001, qlen: 0.0
Worker: http://localhost:8001, Tokens: 50641.0
Worker: http://localhost:8002, Running: 0.0, Waiting: 0.0
Worker: http://localhost:8002, qlen: 0.0
Worker: http://localhost:8002, Tokens: 53356.0
Selected worker: http://localhost:8001
Worker: http://localhost:8001, Running: 0.0, Waiting: 0.0
Worker: http://localhost:8001, qlen: 0.0
Worker: http://localhost:8001, Tokens: 52658.0
Worker: http://localhost:8002, Running: 0.0, Waiting: 0.0
Worker: http://localhost:8002, qlen: 0.0
Worker: http://localhost:8002, Tokens: 53356.0
Selected worker: http://localhost:8001
Worker: http://localhost:8001, Running: 0.0, Waiting: 0.0
Worker: http://localhost:8001, qlen: 0.0
Worker: http://localhost:8001, Tokens: 52663.0
Worker: http://localhost:8002, Running: 0.0, Waiting: 0.0
Worker: http://localhost:8002, qlen: 0.0
Worker: http://localhost:8002, Tokens: 53356.0
Selected worker: http://localhost:8002
Worker: http://localhost:8001, Running: 0.0, Waiting: 0.0
Worker: http://localhost:8001, qlen: 0.0
Worker: http://localhost:8001, Tokens: 52663.0
Worker: http://localhost:8002, Running: 0.0, Waiting: 0.0
Worker: http://localhost:8002, qlen: 0.0
Worker: http://localhost:8002, Tokens: 53364.0
Selected worker: http://localhost:8002
Worker: http://localhost:8001, Running: 0.0, Waiting: 0.0
Worker: http://localhost:8001, qlen: 0.0
Worker: http://localhost:8001, Tokens: 52663.0
Worker: http://localhost:8002, Running: 0.0, Waiting: 0.0
Worker: http://localhost:8002, qlen: 0.0
Worker: http://localhost:8002, Tokens: 53381.0
Selected worker: http://localhost:8001
Worker: http://localhost:8001, Running: 0.0, Waiting: 0.0
Worker: http://localhost:8001, qlen: 0.0
Worker: http://localhost:8001, Tokens: 52668.0
Worker: http://localhost:8002, Running: 0.0, Waiting: 0.0
Worker: http://localhost:8002, qlen: 0.0
Worker: http://localhost:8002, Tokens: 53381.0
Selected worker: http://localhost:8002
Worker: http://localhost:8001, Running: 0.0, Waiting: 0.0
Worker: http://localhost:8001, qlen: 0.0
Worker: http://localhost:8001, Tokens: 52668.0
Worker: http://localhost:8002, Running: 0.0, Waiting: 0.0
Worker: http://localhost:8002, qlen: 0.0
Worker: http://localhost:8002, Tokens: 53423.0
Selected worker: http://localhost:8001
Worker: http://localhost:8001, Running: 0.0, Waiting: 0.0
Worker: http://localhost:8001, qlen: 0.0
Worker: http://localhost:8001, Tokens: 52679.0
Worker: http://localhost:8002, Running: 0.0, Waiting: 0.0
Worker: http://localhost:8002, qlen: 0.0
Worker: http://localhost:8002, Tokens: 53423.0
Selected worker: http://localhost:8001
Worker: http://localhost:8001, Running: 0.0, Waiting: 0.0
Worker: http://localhost:8001, qlen: 0.0
Worker: http://localhost:8001, Tokens: 52720.0
Worker: http://localhost:8002, Running: 0.0, Waiting: 0.0
Worker: http://localhost:8002, qlen: 0.0
Worker: http://localhost:8002, Tokens: 53423.0
Selected worker: http://localhost:8001
Worker: http://localhost:8001, Running: 0.0, Waiting: 0.0
Worker: http://localhost:8001, qlen: 0.0
Worker: http://localhost:8001, Tokens: 52731.0
Worker: http://localhost:8002, Running: 0.0, Waiting: 0.0
Worker: http://localhost:8002, qlen: 0.0
Worker: http://localhost:8002, Tokens: 53423.0
Selected worker: http://localhost:8002
Worker: http://localhost:8001, Running: 0.0, Waiting: 0.0
Worker: http://localhost:8001, qlen: 0.0
Worker: http://localhost:8001, Tokens: 52731.0
Worker: http://localhost:8002, Running: 0.0, Waiting: 0.0
Worker: http://localhost:8002, qlen: 0.0
Worker: http://localhost:8002, Tokens: 53429.0
Selected worker: http://localhost:8002
Worker: http://localhost:8001, Running: 0.0, Waiting: 0.0
Worker: http://localhost:8001, qlen: 0.0
Worker: http://localhost:8001, Tokens: 52731.0
Worker: http://localhost:8002, Running: 0.0, Waiting: 0.0
Worker: http://localhost:8002, qlen: 0.0
Worker: http://localhost:8002, Tokens: 53450.0
Selected worker: http://localhost:8002
Worker: http://localhost:8001, Running: 0.0, Waiting: 0.0
Worker: http://localhost:8001, qlen: 0.0
Worker: http://localhost:8001, Tokens: 52731.0
Worker: http://localhost:8002, Running: 0.0, Waiting: 0.0
Worker: http://localhost:8002, qlen: 0.0
Worker: http://localhost:8002, Tokens: 54478.0
Selected worker: http://localhost:8002
Worker: http://localhost:8001, Running: 0.0, Waiting: 0.0
Worker: http://localhost:8001, qlen: 0.0
Worker: http://localhost:8001, Tokens: 52731.0
Worker: http://localhost:8002, Running: 0.0, Waiting: 0.0
Worker: http://localhost:8002, qlen: 0.0
Worker: http://localhost:8002, Tokens: 54481.0
Selected worker: http://localhost:8001
Worker: http://localhost:8001, Running: 0.0, Waiting: 0.0
Worker: http://localhost:8001, qlen: 0.0
Worker: http://localhost:8001, Tokens: 52743.0
Worker: http://localhost:8002, Running: 0.0, Waiting: 0.0
Worker: http://localhost:8002, qlen: 0.0
Worker: http://localhost:8002, Tokens: 54481.0
Selected worker: http://localhost:8001
Worker: http://localhost:8001, Running: 0.0, Waiting: 0.0
Worker: http://localhost:8001, qlen: 0.0
Worker: http://localhost:8001, Tokens: 52752.0
Worker: http://localhost:8002, Running: 0.0, Waiting: 0.0
Worker: http://localhost:8002, qlen: 0.0
Worker: http://localhost:8002, Tokens: 54481.0
Selected worker: http://localhost:8002
Worker: http://localhost:8001, Running: 0.0, Waiting: 0.0
Worker: http://localhost:8001, qlen: 0.0
Worker: http://localhost:8001, Tokens: 52752.0
Worker: http://localhost:8002, Running: 0.0, Waiting: 0.0
Worker: http://localhost:8002, qlen: 0.0
Worker: http://localhost:8002, Tokens: 54489.0
Selected worker: http://localhost:8001
Worker: http://localhost:8001, Running: 0.0, Waiting: 0.0
Worker: http://localhost:8001, qlen: 0.0
Worker: http://localhost:8001, Tokens: 54362.0
Worker: http://localhost:8002, Running: 0.0, Waiting: 0.0
Worker: http://localhost:8002, qlen: 0.0
Worker: http://localhost:8002, Tokens: 54489.0
Selected worker: http://localhost:8001
Worker: http://localhost:8001, Running: 0.0, Waiting: 0.0
Worker: http://localhost:8001, qlen: 0.0
Worker: http://localhost:8001, Tokens: 55623.0
Worker: http://localhost:8002, Running: 0.0, Waiting: 0.0
Worker: http://localhost:8002, qlen: 0.0
Worker: http://localhost:8002, Tokens: 54489.0
Selected worker: http://localhost:8002
Worker: http://localhost:8001, Running: 0.0, Waiting: 0.0
Worker: http://localhost:8001, qlen: 0.0
Worker: http://localhost:8001, Tokens: 55623.0
Worker: http://localhost:8002, Running: 0.0, Waiting: 0.0
Worker: http://localhost:8002, qlen: 0.0
Worker: http://localhost:8002, Tokens: 55810.0
Selected worker: http://localhost:8001
Worker: http://localhost:8001, Running: 0.0, Waiting: 0.0
Worker: http://localhost:8001, qlen: 0.0
Worker: http://localhost:8001, Tokens: 55628.0
Worker: http://localhost:8002, Running: 0.0, Waiting: 0.0
Worker: http://localhost:8002, qlen: 0.0
Worker: http://localhost:8002, Tokens: 55810.0
Selected worker: http://localhost:8001
Worker: http://localhost:8001, Running: 0.0, Waiting: 0.0
Worker: http://localhost:8001, qlen: 0.0
Worker: http://localhost:8001, Tokens: 55662.0
Worker: http://localhost:8002, Running: 0.0, Waiting: 0.0
Worker: http://localhost:8002, qlen: 0.0
Worker: http://localhost:8002, Tokens: 55810.0
Selected worker: http://localhost:8002
Worker: http://localhost:8001, Running: 0.0, Waiting: 0.0
Worker: http://localhost:8001, qlen: 0.0
Worker: http://localhost:8001, Tokens: 55662.0
Worker: http://localhost:8002, Running: 0.0, Waiting: 0.0
Worker: http://localhost:8002, qlen: 0.0
Worker: http://localhost:8002, Tokens: 56978.0
Selected worker: http://localhost:8002
Worker: http://localhost:8001, Running: 0.0, Waiting: 0.0
Worker: http://localhost:8001, qlen: 0.0
Worker: http://localhost:8001, Tokens: 55662.0
Worker: http://localhost:8002, Running: 0.0, Waiting: 0.0
Worker: http://localhost:8002, qlen: 0.0
Worker: http://localhost:8002, Tokens: 58536.0
Selected worker: http://localhost:8001
Worker: http://localhost:8001, Running: 0.0, Waiting: 0.0
Worker: http://localhost:8001, qlen: 0.0
Worker: http://localhost:8001, Tokens: 55689.0
Worker: http://localhost:8002, Running: 0.0, Waiting: 0.0
Worker: http://localhost:8002, qlen: 0.0
Worker: http://localhost:8002, Tokens: 58536.0
Selected worker: http://localhost:8001
Worker: http://localhost:8001, Running: 0.0, Waiting: 0.0
Worker: http://localhost:8001, qlen: 0.0
Worker: http://localhost:8001, Tokens: 55693.0
Worker: http://localhost:8002, Running: 0.0, Waiting: 0.0
Worker: http://localhost:8002, qlen: 0.0
Worker: http://localhost:8002, Tokens: 58536.0
Selected worker: http://localhost:8001
Worker: http://localhost:8001, Running: 0.0, Waiting: 0.0
Worker: http://localhost:8001, qlen: 0.0
Worker: http://localhost:8001, Tokens: 55736.0
Worker: http://localhost:8002, Running: 0.0, Waiting: 0.0
Worker: http://localhost:8002, qlen: 0.0
Worker: http://localhost:8002, Tokens: 58536.0
Selected worker: http://localhost:8001
Worker: http://localhost:8001, Running: 0.0, Waiting: 0.0
Worker: http://localhost:8001, qlen: 0.0
Worker: http://localhost:8001, Tokens: 55745.0
Worker: http://localhost:8002, Running: 0.0, Waiting: 0.0
Worker: http://localhost:8002, qlen: 0.0
Worker: http://localhost:8002, Tokens: 58536.0
Selected worker: http://localhost:8001
Worker: http://localhost:8001, Running: 0.0, Waiting: 0.0
Worker: http://localhost:8001, qlen: 0.0
Worker: http://localhost:8001, Tokens: 55770.0
Worker: http://localhost:8002, Running: 0.0, Waiting: 0.0
Worker: http://localhost:8002, qlen: 0.0
Worker: http://localhost:8002, Tokens: 58536.0
Selected worker: http://localhost:8002
Worker: http://localhost:8001, Running: 0.0, Waiting: 0.0
Worker: http://localhost:8001, qlen: 0.0
Worker: http://localhost:8001, Tokens: 55770.0
Worker: http://localhost:8002, Running: 0.0, Waiting: 0.0
Worker: http://localhost:8002, qlen: 0.0
Worker: http://localhost:8002, Tokens: 58543.0
Selected worker: http://localhost:8001
Worker: http://localhost:8001, Running: 0.0, Waiting: 0.0
Worker: http://localhost:8001, qlen: 0.0
Worker: http://localhost:8001, Tokens: 55782.0
Worker: http://localhost:8002, Running: 0.0, Waiting: 0.0
Worker: http://localhost:8002, qlen: 0.0
Worker: http://localhost:8002, Tokens: 58543.0
Selected worker: http://localhost:8002
Worker: http://localhost:8001, Running: 0.0, Waiting: 0.0
Worker: http://localhost:8001, qlen: 0.0
Worker: http://localhost:8001, Tokens: 55782.0
Worker: http://localhost:8002, Running: 0.0, Waiting: 0.0
Worker: http://localhost:8002, qlen: 0.0
Worker: http://localhost:8002, Tokens: 59958.0
Selected worker: http://localhost:8001
Worker: http://localhost:8001, Running: 0.0, Waiting: 0.0
Worker: http://localhost:8001, qlen: 0.0
Worker: http://localhost:8001, Tokens: 57309.0
Worker: http://localhost:8002, Running: 0.0, Waiting: 0.0
Worker: http://localhost:8002, qlen: 0.0
Worker: http://localhost:8002, Tokens: 59958.0
Selected worker: http://localhost:8001
Worker: http://localhost:8001, Running: 0.0, Waiting: 0.0
Worker: http://localhost:8001, qlen: 0.0
Worker: http://localhost:8001, Tokens: 57339.0
Worker: http://localhost:8002, Running: 0.0, Waiting: 0.0
Worker: http://localhost:8002, qlen: 0.0
Worker: http://localhost:8002, Tokens: 59958.0
Selected worker: http://localhost:8001
Worker: http://localhost:8001, Running: 0.0, Waiting: 0.0
Worker: http://localhost:8001, qlen: 0.0
Worker: http://localhost:8001, Tokens: 57353.0
Worker: http://localhost:8002, Running: 0.0, Waiting: 0.0
Worker: http://localhost:8002, qlen: 0.0
Worker: http://localhost:8002, Tokens: 59958.0
Selected worker: http://localhost:8002
Worker: http://localhost:8001, Running: 0.0, Waiting: 0.0
Worker: http://localhost:8001, qlen: 0.0
Worker: http://localhost:8001, Tokens: 57353.0
Worker: http://localhost:8002, Running: 0.0, Waiting: 0.0
Worker: http://localhost:8002, qlen: 0.0
Worker: http://localhost:8002, Tokens: 59975.0
Selected worker: http://localhost:8002
Worker: http://localhost:8001, Running: 0.0, Waiting: 0.0
Worker: http://localhost:8001, qlen: 0.0
Worker: http://localhost:8001, Tokens: 57353.0
Worker: http://localhost:8002, Running: 0.0, Waiting: 0.0
Worker: http://localhost:8002, qlen: 0.0
Worker: http://localhost:8002, Tokens: 59995.0
Selected worker: http://localhost:8001
Worker: http://localhost:8001, Running: 0.0, Waiting: 0.0
Worker: http://localhost:8001, qlen: 0.0
Worker: http://localhost:8001, Tokens: 58451.0
Worker: http://localhost:8002, Running: 0.0, Waiting: 0.0
Worker: http://localhost:8002, qlen: 0.0
Worker: http://localhost:8002, Tokens: 59995.0
Selected worker: http://localhost:8001
Worker: http://localhost:8001, Running: 0.0, Waiting: 0.0
Worker: http://localhost:8001, qlen: 0.0
Worker: http://localhost:8001, Tokens: 59495.0
Worker: http://localhost:8002, Running: 0.0, Waiting: 0.0
Worker: http://localhost:8002, qlen: 0.0
Worker: http://localhost:8002, Tokens: 59995.0
Selected worker: http://localhost:8001
Worker: http://localhost:8001, Running: 0.0, Waiting: 0.0
Worker: http://localhost:8001, qlen: 0.0
Worker: http://localhost:8001, Tokens: 59524.0
Worker: http://localhost:8002, Running: 0.0, Waiting: 0.0
Worker: http://localhost:8002, qlen: 0.0
Worker: http://localhost:8002, Tokens: 59995.0
Selected worker: http://localhost:8002
Worker: http://localhost:8001, Running: 0.0, Waiting: 0.0
Worker: http://localhost:8001, qlen: 0.0
Worker: http://localhost:8001, Tokens: 59524.0
Worker: http://localhost:8002, Running: 0.0, Waiting: 0.0
Worker: http://localhost:8002, qlen: 0.0
Worker: http://localhost:8002, Tokens: 61057.0
Selected worker: http://localhost:8001
Worker: http://localhost:8001, Running: 0.0, Waiting: 0.0
Worker: http://localhost:8001, qlen: 0.0
Worker: http://localhost:8001, Tokens: 59557.0
Worker: http://localhost:8002, Running: 0.0, Waiting: 0.0
Worker: http://localhost:8002, qlen: 0.0
Worker: http://localhost:8002, Tokens: 61057.0
Selected worker: http://localhost:8002
Worker: http://localhost:8001, Running: 0.0, Waiting: 0.0
Worker: http://localhost:8001, qlen: 0.0
Worker: http://localhost:8001, Tokens: 59557.0
Worker: http://localhost:8002, Running: 0.0, Waiting: 0.0
Worker: http://localhost:8002, qlen: 0.0
Worker: http://localhost:8002, Tokens: 61058.0
Selected worker: http://localhost:8002
Worker: http://localhost:8001, Running: 0.0, Waiting: 0.0
Worker: http://localhost:8001, qlen: 0.0
Worker: http://localhost:8001, Tokens: 59557.0
Worker: http://localhost:8002, Running: 0.0, Waiting: 0.0
Worker: http://localhost:8002, qlen: 0.0
Worker: http://localhost:8002, Tokens: 61087.0
Selected worker: http://localhost:8001
Worker: http://localhost:8001, Running: 0.0, Waiting: 0.0
Worker: http://localhost:8001, qlen: 0.0
Worker: http://localhost:8001, Tokens: 59590.0
Worker: http://localhost:8002, Running: 0.0, Waiting: 0.0
Worker: http://localhost:8002, qlen: 0.0
Worker: http://localhost:8002, Tokens: 61087.0
Selected worker: http://localhost:8002
Worker: http://localhost:8001, Running: 0.0, Waiting: 0.0
Worker: http://localhost:8001, qlen: 0.0
Worker: http://localhost:8001, Tokens: 59590.0
Worker: http://localhost:8002, Running: 0.0, Waiting: 0.0
Worker: http://localhost:8002, qlen: 0.0
Worker: http://localhost:8002, Tokens: 61097.0
Selected worker: http://localhost:8002
Worker: http://localhost:8001, Running: 0.0, Waiting: 0.0
Worker: http://localhost:8001, qlen: 0.0
Worker: http://localhost:8001, Tokens: 59590.0
Worker: http://localhost:8002, Running: 0.0, Waiting: 0.0
Worker: http://localhost:8002, qlen: 0.0
Worker: http://localhost:8002, Tokens: 61117.0
Selected worker: http://localhost:8002
Worker: http://localhost:8001, Running: 0.0, Waiting: 0.0
Worker: http://localhost:8001, qlen: 0.0
Worker: http://localhost:8001, Tokens: 59590.0
Worker: http://localhost:8002, Running: 0.0, Waiting: 0.0
Worker: http://localhost:8002, qlen: 0.0
Worker: http://localhost:8002, Tokens: 62421.0
Selected worker: http://localhost:8002
Worker: http://localhost:8001, Running: 0.0, Waiting: 0.0
Worker: http://localhost:8001, qlen: 0.0
Worker: http://localhost:8001, Tokens: 59590.0
Worker: http://localhost:8002, Running: 0.0, Waiting: 0.0
Worker: http://localhost:8002, qlen: 0.0
Worker: http://localhost:8002, Tokens: 63733.0
Selected worker: http://localhost:8001
Worker: http://localhost:8001, Running: 0.0, Waiting: 0.0
Worker: http://localhost:8001, qlen: 0.0
Worker: http://localhost:8001, Tokens: 59595.0
Worker: http://localhost:8002, Running: 0.0, Waiting: 0.0
Worker: http://localhost:8002, qlen: 0.0
Worker: http://localhost:8002, Tokens: 63733.0
Selected worker: http://localhost:8001
Worker: http://localhost:8001, Running: 0.0, Waiting: 0.0
Worker: http://localhost:8001, qlen: 0.0
Worker: http://localhost:8001, Tokens: 59598.0
Worker: http://localhost:8002, Running: 0.0, Waiting: 0.0
Worker: http://localhost:8002, qlen: 0.0
Worker: http://localhost:8002, Tokens: 63733.0
Selected worker: http://localhost:8002
Worker: http://localhost:8001, Running: 0.0, Waiting: 0.0
Worker: http://localhost:8001, qlen: 0.0
Worker: http://localhost:8001, Tokens: 59598.0
Worker: http://localhost:8002, Running: 0.0, Waiting: 0.0
Worker: http://localhost:8002, qlen: 0.0
Worker: http://localhost:8002, Tokens: 63744.0
Selected worker: http://localhost:8002
Worker: http://localhost:8001, Running: 0.0, Waiting: 0.0
Worker: http://localhost:8001, qlen: 0.0
Worker: http://localhost:8001, Tokens: 59598.0
Worker: http://localhost:8002, Running: 0.0, Waiting: 0.0
Worker: http://localhost:8002, qlen: 0.0
Worker: http://localhost:8002, Tokens: 64881.0
Selected worker: http://localhost:8002
Worker: http://localhost:8001, Running: 0.0, Waiting: 0.0
Worker: http://localhost:8001, qlen: 0.0
Worker: http://localhost:8001, Tokens: 59598.0
Worker: http://localhost:8002, Running: 0.0, Waiting: 0.0
Worker: http://localhost:8002, qlen: 0.0
Worker: http://localhost:8002, Tokens: 66094.0
Selected worker: http://localhost:8002
Worker: http://localhost:8001, Running: 0.0, Waiting: 0.0
Worker: http://localhost:8001, qlen: 0.0
Worker: http://localhost:8001, Tokens: 59598.0
Worker: http://localhost:8002, Running: 0.0, Waiting: 0.0
Worker: http://localhost:8002, qlen: 0.0
Worker: http://localhost:8002, Tokens: 67544.0
Selected worker: http://localhost:8002
Worker: http://localhost:8001, Running: 0.0, Waiting: 0.0
Worker: http://localhost:8001, qlen: 0.0
Worker: http://localhost:8001, Tokens: 59598.0
Worker: http://localhost:8002, Running: 0.0, Waiting: 0.0
Worker: http://localhost:8002, qlen: 0.0
Worker: http://localhost:8002, Tokens: 69413.0
Selected worker: http://localhost:8002
Worker: http://localhost:8001, Running: 0.0, Waiting: 0.0
Worker: http://localhost:8001, qlen: 0.0
Worker: http://localhost:8001, Tokens: 59598.0
Worker: http://localhost:8002, Running: 0.0, Waiting: 0.0
Worker: http://localhost:8002, qlen: 0.0
Worker: http://localhost:8002, Tokens: 69418.0
Selected worker: http://localhost:8001
Worker: http://localhost:8001, Running: 0.0, Waiting: 0.0
Worker: http://localhost:8001, qlen: 0.0
Worker: http://localhost:8001, Tokens: 60875.0
Worker: http://localhost:8002, Running: 0.0, Waiting: 0.0
Worker: http://localhost:8002, qlen: 0.0
Worker: http://localhost:8002, Tokens: 69418.0
Selected worker: http://localhost:8002
Worker: http://localhost:8001, Running: 0.0, Waiting: 0.0
Worker: http://localhost:8001, qlen: 0.0
Worker: http://localhost:8001, Tokens: 60875.0
Worker: http://localhost:8002, Running: 0.0, Waiting: 0.0
Worker: http://localhost:8002, qlen: 0.0
Worker: http://localhost:8002, Tokens: 72040.0
Selected worker: http://localhost:8002
Worker: http://localhost:8001, Running: 0.0, Waiting: 0.0
Worker: http://localhost:8001, qlen: 0.0
Worker: http://localhost:8001, Tokens: 60875.0
Worker: http://localhost:8002, Running: 0.0, Waiting: 0.0
Worker: http://localhost:8002, qlen: 0.0
Worker: http://localhost:8002, Tokens: 72061.0
Selected worker: http://localhost:8002
Worker: http://localhost:8001, Running: 0.0, Waiting: 0.0
Worker: http://localhost:8001, qlen: 0.0
Worker: http://localhost:8001, Tokens: 60875.0
Worker: http://localhost:8002, Running: 0.0, Waiting: 0.0
Worker: http://localhost:8002, qlen: 0.0
Worker: http://localhost:8002, Tokens: 72065.0
Selected worker: http://localhost:8001
Worker: http://localhost:8001, Running: 0.0, Waiting: 0.0
Worker: http://localhost:8001, qlen: 0.0
Worker: http://localhost:8001, Tokens: 62865.0
Worker: http://localhost:8002, Running: 0.0, Waiting: 0.0
Worker: http://localhost:8002, qlen: 0.0
Worker: http://localhost:8002, Tokens: 72065.0
Selected worker: http://localhost:8002
Worker: http://localhost:8001, Running: 0.0, Waiting: 0.0
Worker: http://localhost:8001, qlen: 0.0
Worker: http://localhost:8001, Tokens: 62865.0
Worker: http://localhost:8002, Running: 0.0, Waiting: 0.0
Worker: http://localhost:8002, qlen: 0.0
Worker: http://localhost:8002, Tokens: 72108.0
Selected worker: http://localhost:8001
Worker: http://localhost:8001, Running: 0.0, Waiting: 0.0
Worker: http://localhost:8001, qlen: 0.0
Worker: http://localhost:8001, Tokens: 62883.0
Worker: http://localhost:8002, Running: 0.0, Waiting: 0.0
Worker: http://localhost:8002, qlen: 0.0
Worker: http://localhost:8002, Tokens: 72108.0
Selected worker: http://localhost:8002
Worker: http://localhost:8001, Running: 0.0, Waiting: 0.0
Worker: http://localhost:8001, qlen: 0.0
Worker: http://localhost:8001, Tokens: 62883.0
Worker: http://localhost:8002, Running: 0.0, Waiting: 0.0
Worker: http://localhost:8002, qlen: 0.0
Worker: http://localhost:8002, Tokens: 72142.0
Selected worker: http://localhost:8001
Worker: http://localhost:8001, Running: 0.0, Waiting: 0.0
Worker: http://localhost:8001, qlen: 0.0
Worker: http://localhost:8001, Tokens: 62886.0
Worker: http://localhost:8002, Running: 0.0, Waiting: 0.0
Worker: http://localhost:8002, qlen: 0.0
Worker: http://localhost:8002, Tokens: 72142.0
Selected worker: http://localhost:8001
Worker: http://localhost:8001, Running: 0.0, Waiting: 0.0
Worker: http://localhost:8001, qlen: 0.0
Worker: http://localhost:8001, Tokens: 64487.0
Worker: http://localhost:8002, Running: 0.0, Waiting: 0.0
Worker: http://localhost:8002, qlen: 0.0
Worker: http://localhost:8002, Tokens: 72142.0
Selected worker: http://localhost:8002
Worker: http://localhost:8001, Running: 0.0, Waiting: 0.0
Worker: http://localhost:8001, qlen: 0.0
Worker: http://localhost:8001, Tokens: 64487.0
Worker: http://localhost:8002, Running: 0.0, Waiting: 0.0
Worker: http://localhost:8002, qlen: 0.0
Worker: http://localhost:8002, Tokens: 72162.0
Selected worker: http://localhost:8002
Worker: http://localhost:8001, Running: 0.0, Waiting: 0.0
Worker: http://localhost:8001, qlen: 0.0
Worker: http://localhost:8001, Tokens: 64487.0
Worker: http://localhost:8002, Running: 0.0, Waiting: 0.0
Worker: http://localhost:8002, qlen: 0.0
Worker: http://localhost:8002, Tokens: 72175.0
Selected worker: http://localhost:8002
Worker: http://localhost:8001, Running: 0.0, Waiting: 0.0
Worker: http://localhost:8001, qlen: 0.0
Worker: http://localhost:8001, Tokens: 64487.0
Worker: http://localhost:8002, Running: 0.0, Waiting: 0.0
Worker: http://localhost:8002, qlen: 0.0
Worker: http://localhost:8002, Tokens: 73719.0
Selected worker: http://localhost:8001
Worker: http://localhost:8001, Running: 0.0, Waiting: 0.0
Worker: http://localhost:8001, qlen: 0.0
Worker: http://localhost:8001, Tokens: 64499.0
Worker: http://localhost:8002, Running: 0.0, Waiting: 0.0
Worker: http://localhost:8002, qlen: 0.0
Worker: http://localhost:8002, Tokens: 73719.0
Selected worker: http://localhost:8002
Worker: http://localhost:8001, Running: 0.0, Waiting: 0.0
Worker: http://localhost:8001, qlen: 0.0
Worker: http://localhost:8001, Tokens: 64499.0
Worker: http://localhost:8002, Running: 0.0, Waiting: 0.0
Worker: http://localhost:8002, qlen: 0.0
Worker: http://localhost:8002, Tokens: 73732.0
Selected worker: http://localhost:8001
Worker: http://localhost:8001, Running: 0.0, Waiting: 0.0
Worker: http://localhost:8001, qlen: 0.0
Worker: http://localhost:8001, Tokens: 64518.0
Worker: http://localhost:8002, Running: 0.0, Waiting: 0.0
Worker: http://localhost:8002, qlen: 0.0
Worker: http://localhost:8002, Tokens: 73732.0
Selected worker: http://localhost:8001
Worker: http://localhost:8001, Running: 0.0, Waiting: 0.0
Worker: http://localhost:8001, qlen: 0.0
Worker: http://localhost:8001, Tokens: 64539.0
Worker: http://localhost:8002, Running: 0.0, Waiting: 0.0
Worker: http://localhost:8002, qlen: 0.0
Worker: http://localhost:8002, Tokens: 73732.0
Selected worker: http://localhost:8001
Worker: http://localhost:8001, Running: 0.0, Waiting: 0.0
Worker: http://localhost:8001, qlen: 0.0
Worker: http://localhost:8001, Tokens: 64546.0
Worker: http://localhost:8002, Running: 0.0, Waiting: 0.0
Worker: http://localhost:8002, qlen: 0.0
Worker: http://localhost:8002, Tokens: 73732.0
Selected worker: http://localhost:8001
Worker: http://localhost:8001, Running: 0.0, Waiting: 0.0
Worker: http://localhost:8001, qlen: 0.0
Worker: http://localhost:8001, Tokens: 65732.0
Worker: http://localhost:8002, Running: 0.0, Waiting: 0.0
Worker: http://localhost:8002, qlen: 0.0
Worker: http://localhost:8002, Tokens: 73732.0
Selected worker: http://localhost:8001
Worker: http://localhost:8001, Running: 0.0, Waiting: 0.0
Worker: http://localhost:8001, qlen: 0.0
Worker: http://localhost:8001, Tokens: 65748.0
Worker: http://localhost:8002, Running: 0.0, Waiting: 0.0
Worker: http://localhost:8002, qlen: 0.0
Worker: http://localhost:8002, Tokens: 73732.0
Selected worker: http://localhost:8002
Worker: http://localhost:8001, Running: 0.0, Waiting: 0.0
Worker: http://localhost:8001, qlen: 0.0
Worker: http://localhost:8001, Tokens: 65748.0
Worker: http://localhost:8002, Running: 0.0, Waiting: 0.0
Worker: http://localhost:8002, qlen: 0.0
Worker: http://localhost:8002, Tokens: 75311.0
Selected worker: http://localhost:8002
Worker: http://localhost:8001, Running: 0.0, Waiting: 0.0
Worker: http://localhost:8001, qlen: 0.0
Worker: http://localhost:8001, Tokens: 65748.0
Worker: http://localhost:8002, Running: 0.0, Waiting: 0.0
Worker: http://localhost:8002, qlen: 0.0
Worker: http://localhost:8002, Tokens: 75312.0
Selected worker: http://localhost:8002
Worker: http://localhost:8001, Running: 0.0, Waiting: 0.0
Worker: http://localhost:8001, qlen: 0.0
Worker: http://localhost:8001, Tokens: 65748.0
Worker: http://localhost:8002, Running: 0.0, Waiting: 0.0
Worker: http://localhost:8002, qlen: 0.0
Worker: http://localhost:8002, Tokens: 75327.0
Selected worker: http://localhost:8001
Worker: http://localhost:8001, Running: 0.0, Waiting: 0.0
Worker: http://localhost:8001, qlen: 0.0
Worker: http://localhost:8001, Tokens: 65791.0
Worker: http://localhost:8002, Running: 0.0, Waiting: 0.0
Worker: http://localhost:8002, qlen: 0.0
Worker: http://localhost:8002, Tokens: 75327.0
Selected worker: http://localhost:8002
Worker: http://localhost:8001, Running: 0.0, Waiting: 0.0
Worker: http://localhost:8001, qlen: 0.0
Worker: http://localhost:8001, Tokens: 65791.0
Worker: http://localhost:8002, Running: 0.0, Waiting: 0.0
Worker: http://localhost:8002, qlen: 0.0
Worker: http://localhost:8002, Tokens: 75348.0
Selected worker: http://localhost:8002
Worker: http://localhost:8001, Running: 0.0, Waiting: 0.0
Worker: http://localhost:8001, qlen: 0.0
Worker: http://localhost:8001, Tokens: 65791.0
Worker: http://localhost:8002, Running: 0.0, Waiting: 0.0
Worker: http://localhost:8002, qlen: 0.0
Worker: http://localhost:8002, Tokens: 75354.0
Selected worker: http://localhost:8002
Worker: http://localhost:8001, Running: 0.0, Waiting: 0.0
Worker: http://localhost:8001, qlen: 0.0
Worker: http://localhost:8001, Tokens: 65791.0
Worker: http://localhost:8002, Running: 0.0, Waiting: 0.0
Worker: http://localhost:8002, qlen: 0.0
Worker: http://localhost:8002, Tokens: 75368.0
Selected worker: http://localhost:8001
Worker: http://localhost:8001, Running: 0.0, Waiting: 0.0
Worker: http://localhost:8001, qlen: 0.0
Worker: http://localhost:8001, Tokens: 65817.0
Worker: http://localhost:8002, Running: 0.0, Waiting: 0.0
Worker: http://localhost:8002, qlen: 0.0
Worker: http://localhost:8002, Tokens: 75368.0
Selected worker: http://localhost:8001
Worker: http://localhost:8001, Running: 0.0, Waiting: 0.0
Worker: http://localhost:8001, qlen: 0.0
Worker: http://localhost:8001, Tokens: 68549.0
Worker: http://localhost:8002, Running: 0.0, Waiting: 0.0
Worker: http://localhost:8002, qlen: 0.0
Worker: http://localhost:8002, Tokens: 75368.0
Selected worker: http://localhost:8001
Worker: http://localhost:8001, Running: 0.0, Waiting: 0.0
Worker: http://localhost:8001, qlen: 0.0
Worker: http://localhost:8001, Tokens: 68556.0
Worker: http://localhost:8002, Running: 0.0, Waiting: 0.0
Worker: http://localhost:8002, qlen: 0.0
Worker: http://localhost:8002, Tokens: 75368.0
Selected worker: http://localhost:8002
Worker: http://localhost:8001, Running: 0.0, Waiting: 0.0
Worker: http://localhost:8001, qlen: 0.0
Worker: http://localhost:8001, Tokens: 68556.0
Worker: http://localhost:8002, Running: 0.0, Waiting: 0.0
Worker: http://localhost:8002, qlen: 0.0
Worker: http://localhost:8002, Tokens: 76381.0
Selected worker: http://localhost:8002
Worker: http://localhost:8001, Running: 0.0, Waiting: 0.0
Worker: http://localhost:8001, qlen: 0.0
Worker: http://localhost:8001, Tokens: 68556.0
Worker: http://localhost:8002, Running: 0.0, Waiting: 0.0
Worker: http://localhost:8002, qlen: 0.0
Worker: http://localhost:8002, Tokens: 76398.0
Selected worker: http://localhost:8002
Worker: http://localhost:8001, Running: 0.0, Waiting: 0.0
Worker: http://localhost:8001, qlen: 0.0
Worker: http://localhost:8001, Tokens: 68556.0
Worker: http://localhost:8002, Running: 0.0, Waiting: 0.0
Worker: http://localhost:8002, qlen: 0.0
Worker: http://localhost:8002, Tokens: 78255.0
Selected worker: http://localhost:8001
Worker: http://localhost:8001, Running: 0.0, Waiting: 0.0
Worker: http://localhost:8001, qlen: 0.0
Worker: http://localhost:8001, Tokens: 68605.0
Worker: http://localhost:8002, Running: 0.0, Waiting: 0.0
Worker: http://localhost:8002, qlen: 0.0
Worker: http://localhost:8002, Tokens: 78255.0
Selected worker: http://localhost:8002
Worker: http://localhost:8001, Running: 0.0, Waiting: 0.0
Worker: http://localhost:8001, qlen: 0.0
Worker: http://localhost:8001, Tokens: 68605.0
Worker: http://localhost:8002, Running: 0.0, Waiting: 0.0
Worker: http://localhost:8002, qlen: 0.0
Worker: http://localhost:8002, Tokens: 78262.0
Selected worker: http://localhost:8002
Worker: http://localhost:8001, Running: 0.0, Waiting: 0.0
Worker: http://localhost:8001, qlen: 0.0
Worker: http://localhost:8001, Tokens: 68605.0
Worker: http://localhost:8002, Running: 0.0, Waiting: 0.0
Worker: http://localhost:8002, qlen: 0.0
Worker: http://localhost:8002, Tokens: 78270.0
Selected worker: http://localhost:8001
Worker: http://localhost:8001, Running: 0.0, Waiting: 0.0
Worker: http://localhost:8001, qlen: 0.0
Worker: http://localhost:8001, Tokens: 68625.0
Worker: http://localhost:8002, Running: 0.0, Waiting: 0.0
Worker: http://localhost:8002, qlen: 0.0
Worker: http://localhost:8002, Tokens: 78270.0
Selected worker: http://localhost:8002
Worker: http://localhost:8001, Running: 0.0, Waiting: 0.0
Worker: http://localhost:8001, qlen: 0.0
Worker: http://localhost:8001, Tokens: 68625.0
Worker: http://localhost:8002, Running: 0.0, Waiting: 0.0
Worker: http://localhost:8002, qlen: 0.0
Worker: http://localhost:8002, Tokens: 78280.0
Selected worker: http://localhost:8002
Worker: http://localhost:8001, Running: 0.0, Waiting: 0.0
Worker: http://localhost:8001, qlen: 0.0
Worker: http://localhost:8001, Tokens: 68625.0
Worker: http://localhost:8002, Running: 0.0, Waiting: 0.0
Worker: http://localhost:8002, qlen: 0.0
Worker: http://localhost:8002, Tokens: 78292.0
Selected worker: http://localhost:8001
Worker: http://localhost:8001, Running: 0.0, Waiting: 0.0
Worker: http://localhost:8001, qlen: 0.0
Worker: http://localhost:8001, Tokens: 69876.0
Worker: http://localhost:8002, Running: 0.0, Waiting: 0.0
Worker: http://localhost:8002, qlen: 0.0
Worker: http://localhost:8002, Tokens: 78292.0
Selected worker: http://localhost:8002
Worker: http://localhost:8001, Running: 0.0, Waiting: 0.0
Worker: http://localhost:8001, qlen: 0.0
Worker: http://localhost:8001, Tokens: 69876.0
Worker: http://localhost:8002, Running: 0.0, Waiting: 0.0
Worker: http://localhost:8002, qlen: 0.0
Worker: http://localhost:8002, Tokens: 78302.0
Selected worker: http://localhost:8002
Worker: http://localhost:8001, Running: 0.0, Waiting: 0.0
Worker: http://localhost:8001, qlen: 0.0
Worker: http://localhost:8001, Tokens: 69876.0
Worker: http://localhost:8002, Running: 0.0, Waiting: 0.0
Worker: http://localhost:8002, qlen: 0.0
Worker: http://localhost:8002, Tokens: 78326.0
Selected worker: http://localhost:8001
Worker: http://localhost:8001, Running: 0.0, Waiting: 0.0
Worker: http://localhost:8001, qlen: 0.0
Worker: http://localhost:8001, Tokens: 69879.0
Worker: http://localhost:8002, Running: 0.0, Waiting: 0.0
Worker: http://localhost:8002, qlen: 0.0
Worker: http://localhost:8002, Tokens: 78326.0
Selected worker: http://localhost:8001
Worker: http://localhost:8001, Running: 0.0, Waiting: 0.0
Worker: http://localhost:8001, qlen: 0.0
Worker: http://localhost:8001, Tokens: 69896.0
Worker: http://localhost:8002, Running: 0.0, Waiting: 0.0
Worker: http://localhost:8002, qlen: 0.0
Worker: http://localhost:8002, Tokens: 78326.0
Selected worker: http://localhost:8001
Worker: http://localhost:8001, Running: 0.0, Waiting: 0.0
Worker: http://localhost:8001, qlen: 0.0
Worker: http://localhost:8001, Tokens: 69900.0
Worker: http://localhost:8002, Running: 0.0, Waiting: 0.0
Worker: http://localhost:8002, qlen: 0.0
Worker: http://localhost:8002, Tokens: 78326.0
Selected worker: http://localhost:8001
Worker: http://localhost:8001, Running: 0.0, Waiting: 0.0
Worker: http://localhost:8001, qlen: 0.0
Worker: http://localhost:8001, Tokens: 69907.0
Worker: http://localhost:8002, Running: 0.0, Waiting: 0.0
Worker: http://localhost:8002, qlen: 0.0
Worker: http://localhost:8002, Tokens: 78326.0
Selected worker: http://localhost:8001
Worker: http://localhost:8001, Running: 0.0, Waiting: 0.0
Worker: http://localhost:8001, qlen: 0.0
Worker: http://localhost:8001, Tokens: 69921.0
Worker: http://localhost:8002, Running: 0.0, Waiting: 0.0
Worker: http://localhost:8002, qlen: 0.0
Worker: http://localhost:8002, Tokens: 78326.0
Selected worker: http://localhost:8001
Worker: http://localhost:8001, Running: 0.0, Waiting: 0.0
Worker: http://localhost:8001, qlen: 0.0
Worker: http://localhost:8001, Tokens: 71033.0
Worker: http://localhost:8002, Running: 0.0, Waiting: 0.0
Worker: http://localhost:8002, qlen: 0.0
Worker: http://localhost:8002, Tokens: 78326.0
Selected worker: http://localhost:8002
Worker: http://localhost:8001, Running: 0.0, Waiting: 0.0
Worker: http://localhost:8001, qlen: 0.0
Worker: http://localhost:8001, Tokens: 71033.0
Worker: http://localhost:8002, Running: 0.0, Waiting: 0.0
Worker: http://localhost:8002, qlen: 0.0
Worker: http://localhost:8002, Tokens: 78364.0
Selected worker: http://localhost:8002
Worker: http://localhost:8001, Running: 0.0, Waiting: 0.0
Worker: http://localhost:8001, qlen: 0.0
Worker: http://localhost:8001, Tokens: 71033.0
Worker: http://localhost:8002, Running: 0.0, Waiting: 0.0
Worker: http://localhost:8002, qlen: 0.0
Worker: http://localhost:8002, Tokens: 79404.0
Selected worker: http://localhost:8001
Worker: http://localhost:8001, Running: 0.0, Waiting: 0.0
Worker: http://localhost:8001, qlen: 0.0
Worker: http://localhost:8001, Tokens: 72360.0
Worker: http://localhost:8002, Running: 0.0, Waiting: 0.0
Worker: http://localhost:8002, qlen: 0.0
Worker: http://localhost:8002, Tokens: 79404.0
Selected worker: http://localhost:8001
Worker: http://localhost:8001, Running: 0.0, Waiting: 0.0
Worker: http://localhost:8001, qlen: 0.0
Worker: http://localhost:8001, Tokens: 72372.0
Worker: http://localhost:8002, Running: 0.0, Waiting: 0.0
Worker: http://localhost:8002, qlen: 0.0
Worker: http://localhost:8002, Tokens: 79404.0
Selected worker: http://localhost:8002
Worker: http://localhost:8001, Running: 0.0, Waiting: 0.0
Worker: http://localhost:8001, qlen: 0.0
Worker: http://localhost:8001, Tokens: 72372.0
Worker: http://localhost:8002, Running: 0.0, Waiting: 0.0
Worker: http://localhost:8002, qlen: 0.0
Worker: http://localhost:8002, Tokens: 79414.0
Selected worker: http://localhost:8002
Worker: http://localhost:8001, Running: 0.0, Waiting: 0.0
Worker: http://localhost:8001, qlen: 0.0
Worker: http://localhost:8001, Tokens: 72372.0
Worker: http://localhost:8002, Running: 0.0, Waiting: 0.0
Worker: http://localhost:8002, qlen: 0.0
Worker: http://localhost:8002, Tokens: 79435.0
Selected worker: http://localhost:8001
Worker: http://localhost:8001, Running: 0.0, Waiting: 0.0
Worker: http://localhost:8001, qlen: 0.0
Worker: http://localhost:8001, Tokens: 72398.0
Worker: http://localhost:8002, Running: 0.0, Waiting: 0.0
Worker: http://localhost:8002, qlen: 0.0
Worker: http://localhost:8002, Tokens: 79435.0
Selected worker: http://localhost:8002
Worker: http://localhost:8001, Running: 0.0, Waiting: 0.0
Worker: http://localhost:8001, qlen: 0.0
Worker: http://localhost:8001, Tokens: 72398.0
Worker: http://localhost:8002, Running: 0.0, Waiting: 0.0
Worker: http://localhost:8002, qlen: 0.0
Worker: http://localhost:8002, Tokens: 79437.0
Selected worker: http://localhost:8001
Worker: http://localhost:8001, Running: 0.0, Waiting: 0.0
Worker: http://localhost:8001, qlen: 0.0
Worker: http://localhost:8001, Tokens: 72442.0
Worker: http://localhost:8002, Running: 0.0, Waiting: 0.0
Worker: http://localhost:8002, qlen: 0.0
Worker: http://localhost:8002, Tokens: 79437.0
Selected worker: http://localhost:8002
Worker: http://localhost:8001, Running: 0.0, Waiting: 0.0
Worker: http://localhost:8001, qlen: 0.0
Worker: http://localhost:8001, Tokens: 72442.0
Worker: http://localhost:8002, Running: 0.0, Waiting: 0.0
Worker: http://localhost:8002, qlen: 0.0
Worker: http://localhost:8002, Tokens: 79452.0
Selected worker: http://localhost:8001
Worker: http://localhost:8001, Running: 0.0, Waiting: 0.0
Worker: http://localhost:8001, qlen: 0.0
Worker: http://localhost:8001, Tokens: 74312.0
Worker: http://localhost:8002, Running: 0.0, Waiting: 0.0
Worker: http://localhost:8002, qlen: 0.0
Worker: http://localhost:8002, Tokens: 79452.0
Selected worker: http://localhost:8001
Worker: http://localhost:8001, Running: 0.0, Waiting: 0.0
Worker: http://localhost:8001, qlen: 0.0
Worker: http://localhost:8001, Tokens: 74337.0
Worker: http://localhost:8002, Running: 0.0, Waiting: 0.0
Worker: http://localhost:8002, qlen: 0.0
Worker: http://localhost:8002, Tokens: 79452.0
Selected worker: http://localhost:8001
Worker: http://localhost:8001, Running: 0.0, Waiting: 0.0
Worker: http://localhost:8001, qlen: 0.0
Worker: http://localhost:8001, Tokens: 75392.0
Worker: http://localhost:8002, Running: 0.0, Waiting: 0.0
Worker: http://localhost:8002, qlen: 0.0
Worker: http://localhost:8002, Tokens: 79452.0
Selected worker: http://localhost:8002
Worker: http://localhost:8001, Running: 0.0, Waiting: 0.0
Worker: http://localhost:8001, qlen: 0.0
Worker: http://localhost:8001, Tokens: 75392.0
Worker: http://localhost:8002, Running: 0.0, Waiting: 0.0
Worker: http://localhost:8002, qlen: 0.0
Worker: http://localhost:8002, Tokens: 79457.0
Selected worker: http://localhost:8001
Worker: http://localhost:8001, Running: 0.0, Waiting: 0.0
Worker: http://localhost:8001, qlen: 0.0
Worker: http://localhost:8001, Tokens: 75404.0
Worker: http://localhost:8002, Running: 0.0, Waiting: 0.0
Worker: http://localhost:8002, qlen: 0.0
Worker: http://localhost:8002, Tokens: 79457.0
Selected worker: http://localhost:8001
Worker: http://localhost:8001, Running: 0.0, Waiting: 0.0
Worker: http://localhost:8001, qlen: 0.0
Worker: http://localhost:8001, Tokens: 75442.0
Worker: http://localhost:8002, Running: 0.0, Waiting: 0.0
Worker: http://localhost:8002, qlen: 0.0
Worker: http://localhost:8002, Tokens: 79457.0
Selected worker: http://localhost:8002
Worker: http://localhost:8001, Running: 0.0, Waiting: 0.0
Worker: http://localhost:8001, qlen: 0.0
Worker: http://localhost:8001, Tokens: 75442.0
Worker: http://localhost:8002, Running: 0.0, Waiting: 0.0
Worker: http://localhost:8002, qlen: 0.0
Worker: http://localhost:8002, Tokens: 79462.0
Selected worker: http://localhost:8001
Worker: http://localhost:8001, Running: 0.0, Waiting: 0.0
Worker: http://localhost:8001, qlen: 0.0
Worker: http://localhost:8001, Tokens: 75474.0
Worker: http://localhost:8002, Running: 0.0, Waiting: 0.0
Worker: http://localhost:8002, qlen: 0.0
Worker: http://localhost:8002, Tokens: 79462.0
Selected worker: http://localhost:8001
Worker: http://localhost:8001, Running: 0.0, Waiting: 0.0
Worker: http://localhost:8001, qlen: 0.0
Worker: http://localhost:8001, Tokens: 75479.0
Worker: http://localhost:8002, Running: 0.0, Waiting: 0.0
Worker: http://localhost:8002, qlen: 0.0
Worker: http://localhost:8002, Tokens: 79462.0
Selected worker: http://localhost:8002
Worker: http://localhost:8001, Running: 0.0, Waiting: 0.0
Worker: http://localhost:8001, qlen: 0.0
Worker: http://localhost:8001, Tokens: 75479.0
Worker: http://localhost:8002, Running: 0.0, Waiting: 0.0
Worker: http://localhost:8002, qlen: 0.0
Worker: http://localhost:8002, Tokens: 79471.0
Selected worker: http://localhost:8002
Worker: http://localhost:8001, Running: 0.0, Waiting: 0.0
Worker: http://localhost:8001, qlen: 0.0
Worker: http://localhost:8001, Tokens: 75479.0
Worker: http://localhost:8002, Running: 0.0, Waiting: 0.0
Worker: http://localhost:8002, qlen: 0.0
Worker: http://localhost:8002, Tokens: 79479.0
Selected worker: http://localhost:8002
Worker: http://localhost:8001, Running: 0.0, Waiting: 0.0
Worker: http://localhost:8001, qlen: 0.0
Worker: http://localhost:8001, Tokens: 75479.0
Worker: http://localhost:8002, Running: 0.0, Waiting: 0.0
Worker: http://localhost:8002, qlen: 0.0
Worker: http://localhost:8002, Tokens: 79489.0
Selected worker: http://localhost:8002
Worker: http://localhost:8001, Running: 0.0, Waiting: 0.0
Worker: http://localhost:8001, qlen: 0.0
Worker: http://localhost:8001, Tokens: 75479.0
Worker: http://localhost:8002, Running: 0.0, Waiting: 0.0
Worker: http://localhost:8002, qlen: 0.0
Worker: http://localhost:8002, Tokens: 79523.0
Selected worker: http://localhost:8002
Worker: http://localhost:8001, Running: 0.0, Waiting: 0.0
Worker: http://localhost:8001, qlen: 0.0
Worker: http://localhost:8001, Tokens: 75479.0
Worker: http://localhost:8002, Running: 0.0, Waiting: 0.0
Worker: http://localhost:8002, qlen: 0.0
Worker: http://localhost:8002, Tokens: 79570.0
Selected worker: http://localhost:8002
Worker: http://localhost:8001, Running: 0.0, Waiting: 0.0
Worker: http://localhost:8001, qlen: 0.0
Worker: http://localhost:8001, Tokens: 75479.0
Worker: http://localhost:8002, Running: 0.0, Waiting: 0.0
Worker: http://localhost:8002, qlen: 0.0
Worker: http://localhost:8002, Tokens: 79588.0
Selected worker: http://localhost:8002
Worker: http://localhost:8001, Running: 0.0, Waiting: 0.0
Worker: http://localhost:8001, qlen: 0.0
Worker: http://localhost:8001, Tokens: 75479.0
Worker: http://localhost:8002, Running: 0.0, Waiting: 0.0
Worker: http://localhost:8002, qlen: 0.0
Worker: http://localhost:8002, Tokens: 80844.0
Selected worker: http://localhost:8001
Worker: http://localhost:8001, Running: 0.0, Waiting: 0.0
Worker: http://localhost:8001, qlen: 0.0
Worker: http://localhost:8001, Tokens: 76738.0
Worker: http://localhost:8002, Running: 0.0, Waiting: 0.0
Worker: http://localhost:8002, qlen: 0.0
Worker: http://localhost:8002, Tokens: 80844.0
Selected worker: http://localhost:8002
Worker: http://localhost:8001, Running: 0.0, Waiting: 0.0
Worker: http://localhost:8001, qlen: 0.0
Worker: http://localhost:8001, Tokens: 76738.0
Worker: http://localhost:8002, Running: 0.0, Waiting: 0.0
Worker: http://localhost:8002, qlen: 0.0
Worker: http://localhost:8002, Tokens: 80849.0
Selected worker: http://localhost:8001
Worker: http://localhost:8001, Running: 0.0, Waiting: 0.0
Worker: http://localhost:8001, qlen: 0.0
Worker: http://localhost:8001, Tokens: 76745.0
Worker: http://localhost:8002, Running: 0.0, Waiting: 0.0
Worker: http://localhost:8002, qlen: 0.0
Worker: http://localhost:8002, Tokens: 80849.0
Selected worker: http://localhost:8002
Worker: http://localhost:8001, Running: 0.0, Waiting: 0.0
Worker: http://localhost:8001, qlen: 0.0
Worker: http://localhost:8001, Tokens: 76745.0
Worker: http://localhost:8002, Running: 0.0, Waiting: 0.0
Worker: http://localhost:8002, qlen: 0.0
Worker: http://localhost:8002, Tokens: 80867.0
Selected worker: http://localhost:8002
Worker: http://localhost:8001, Running: 0.0, Waiting: 0.0
Worker: http://localhost:8001, qlen: 0.0
Worker: http://localhost:8001, Tokens: 76745.0
Worker: http://localhost:8002, Running: 0.0, Waiting: 0.0
Worker: http://localhost:8002, qlen: 0.0
Worker: http://localhost:8002, Tokens: 80896.0
Selected worker: http://localhost:8001
Worker: http://localhost:8001, Running: 0.0, Waiting: 0.0
Worker: http://localhost:8001, qlen: 0.0
Worker: http://localhost:8001, Tokens: 76752.0
Worker: http://localhost:8002, Running: 0.0, Waiting: 0.0
Worker: http://localhost:8002, qlen: 0.0
Worker: http://localhost:8002, Tokens: 80896.0
Selected worker: http://localhost:8002
Worker: http://localhost:8001, Running: 0.0, Waiting: 0.0
Worker: http://localhost:8001, qlen: 0.0
Worker: http://localhost:8001, Tokens: 76752.0
Worker: http://localhost:8002, Running: 0.0, Waiting: 0.0
Worker: http://localhost:8002, qlen: 0.0
Worker: http://localhost:8002, Tokens: 80911.0
Selected worker: http://localhost:8001
Worker: http://localhost:8001, Running: 0.0, Waiting: 0.0
Worker: http://localhost:8001, qlen: 0.0
Worker: http://localhost:8001, Tokens: 76758.0
Worker: http://localhost:8002, Running: 0.0, Waiting: 0.0
Worker: http://localhost:8002, qlen: 0.0
Worker: http://localhost:8002, Tokens: 80911.0
Selected worker: http://localhost:8002
Worker: http://localhost:8001, Running: 0.0, Waiting: 0.0
Worker: http://localhost:8001, qlen: 0.0
Worker: http://localhost:8001, Tokens: 76758.0
Worker: http://localhost:8002, Running: 0.0, Waiting: 0.0
Worker: http://localhost:8002, qlen: 0.0
Worker: http://localhost:8002, Tokens: 80932.0
Selected worker: http://localhost:8001
Worker: http://localhost:8001, Running: 0.0, Waiting: 0.0
Worker: http://localhost:8001, qlen: 0.0
Worker: http://localhost:8001, Tokens: 76764.0
Worker: http://localhost:8002, Running: 0.0, Waiting: 0.0
Worker: http://localhost:8002, qlen: 0.0
Worker: http://localhost:8002, Tokens: 80932.0
Selected worker: http://localhost:8002
Worker: http://localhost:8001, Running: 0.0, Waiting: 0.0
Worker: http://localhost:8001, qlen: 0.0
Worker: http://localhost:8001, Tokens: 76764.0
Worker: http://localhost:8002, Running: 0.0, Waiting: 0.0
Worker: http://localhost:8002, qlen: 0.0
Worker: http://localhost:8002, Tokens: 82025.0
Selected worker: http://localhost:8001
Worker: http://localhost:8001, Running: 0.0, Waiting: 0.0
Worker: http://localhost:8001, qlen: 0.0
Worker: http://localhost:8001, Tokens: 76784.0
Worker: http://localhost:8002, Running: 0.0, Waiting: 0.0
Worker: http://localhost:8002, qlen: 0.0
Worker: http://localhost:8002, Tokens: 82025.0
Selected worker: http://localhost:8002
Worker: http://localhost:8001, Running: 0.0, Waiting: 0.0
Worker: http://localhost:8001, qlen: 0.0
Worker: http://localhost:8001, Tokens: 76784.0
Worker: http://localhost:8002, Running: 0.0, Waiting: 0.0
Worker: http://localhost:8002, qlen: 0.0
Worker: http://localhost:8002, Tokens: 82050.0
Selected worker: http://localhost:8001
Worker: http://localhost:8001, Running: 0.0, Waiting: 0.0
Worker: http://localhost:8001, qlen: 0.0
Worker: http://localhost:8001, Tokens: 76785.0
Worker: http://localhost:8002, Running: 0.0, Waiting: 0.0
Worker: http://localhost:8002, qlen: 0.0
Worker: http://localhost:8002, Tokens: 82050.0
Selected worker: http://localhost:8001
Worker: http://localhost:8001, Running: 0.0, Waiting: 0.0
Worker: http://localhost:8001, qlen: 0.0
Worker: http://localhost:8001, Tokens: 76799.0
Worker: http://localhost:8002, Running: 0.0, Waiting: 0.0
Worker: http://localhost:8002, qlen: 0.0
Worker: http://localhost:8002, Tokens: 82050.0
Selected worker: http://localhost:8001
Worker: http://localhost:8001, Running: 0.0, Waiting: 0.0
Worker: http://localhost:8001, qlen: 0.0
Worker: http://localhost:8001, Tokens: 76806.0
Worker: http://localhost:8002, Running: 0.0, Waiting: 0.0
Worker: http://localhost:8002, qlen: 0.0
Worker: http://localhost:8002, Tokens: 82050.0
Selected worker: http://localhost:8002
Worker: http://localhost:8001, Running: 0.0, Waiting: 0.0
Worker: http://localhost:8001, qlen: 0.0
Worker: http://localhost:8001, Tokens: 76806.0
Worker: http://localhost:8002, Running: 0.0, Waiting: 0.0
Worker: http://localhost:8002, qlen: 0.0
Worker: http://localhost:8002, Tokens: 82077.0
Selected worker: http://localhost:8001
Worker: http://localhost:8001, Running: 0.0, Waiting: 0.0
Worker: http://localhost:8001, qlen: 0.0
Worker: http://localhost:8001, Tokens: 78814.0
Worker: http://localhost:8002, Running: 0.0, Waiting: 0.0
Worker: http://localhost:8002, qlen: 0.0
Worker: http://localhost:8002, Tokens: 82077.0
Selected worker: http://localhost:8001
Worker: http://localhost:8001, Running: 0.0, Waiting: 0.0
Worker: http://localhost:8001, qlen: 0.0
Worker: http://localhost:8001, Tokens: 79929.0
Worker: http://localhost:8002, Running: 0.0, Waiting: 0.0
Worker: http://localhost:8002, qlen: 0.0
Worker: http://localhost:8002, Tokens: 82077.0
Selected worker: http://localhost:8001
Worker: http://localhost:8001, Running: 0.0, Waiting: 0.0
Worker: http://localhost:8001, qlen: 0.0
Worker: http://localhost:8001, Tokens: 79942.0
Worker: http://localhost:8002, Running: 0.0, Waiting: 0.0
Worker: http://localhost:8002, qlen: 0.0
Worker: http://localhost:8002, Tokens: 82077.0
Selected worker: http://localhost:8001
Worker: http://localhost:8001, Running: 0.0, Waiting: 0.0
Worker: http://localhost:8001, qlen: 0.0
Worker: http://localhost:8001, Tokens: 79948.0
Worker: http://localhost:8002, Running: 0.0, Waiting: 0.0
Worker: http://localhost:8002, qlen: 0.0
Worker: http://localhost:8002, Tokens: 82077.0
Selected worker: http://localhost:8001
Worker: http://localhost:8001, Running: 0.0, Waiting: 0.0
Worker: http://localhost:8001, qlen: 0.0
Worker: http://localhost:8001, Tokens: 79963.0
Worker: http://localhost:8002, Running: 0.0, Waiting: 0.0
Worker: http://localhost:8002, qlen: 0.0
Worker: http://localhost:8002, Tokens: 82077.0
Selected worker: http://localhost:8002
Worker: http://localhost:8001, Running: 0.0, Waiting: 0.0
Worker: http://localhost:8001, qlen: 0.0
Worker: http://localhost:8001, Tokens: 79963.0
Worker: http://localhost:8002, Running: 0.0, Waiting: 0.0
Worker: http://localhost:8002, qlen: 0.0
Worker: http://localhost:8002, Tokens: 82114.0
Selected worker: http://localhost:8001
Worker: http://localhost:8001, Running: 0.0, Waiting: 0.0
Worker: http://localhost:8001, qlen: 0.0
Worker: http://localhost:8001, Tokens: 81930.0
Worker: http://localhost:8002, Running: 0.0, Waiting: 0.0
Worker: http://localhost:8002, qlen: 0.0
Worker: http://localhost:8002, Tokens: 82114.0
Selected worker: http://localhost:8002
Worker: http://localhost:8001, Running: 0.0, Waiting: 0.0
Worker: http://localhost:8001, qlen: 0.0
Worker: http://localhost:8001, Tokens: 81930.0
Worker: http://localhost:8002, Running: 0.0, Waiting: 0.0
Worker: http://localhost:8002, qlen: 0.0
Worker: http://localhost:8002, Tokens: 82126.0
Selected worker: http://localhost:8001
Worker: http://localhost:8001, Running: 0.0, Waiting: 0.0
Worker: http://localhost:8001, qlen: 0.0
Worker: http://localhost:8001, Tokens: 84321.0
Worker: http://localhost:8002, Running: 0.0, Waiting: 0.0
Worker: http://localhost:8002, qlen: 0.0
Worker: http://localhost:8002, Tokens: 82126.0
Selected worker: http://localhost:8002
Worker: http://localhost:8001, Running: 0.0, Waiting: 0.0
Worker: http://localhost:8001, qlen: 0.0
Worker: http://localhost:8001, Tokens: 84321.0
Worker: http://localhost:8002, Running: 0.0, Waiting: 0.0
Worker: http://localhost:8002, qlen: 0.0
Worker: http://localhost:8002, Tokens: 84411.0
Selected worker: http://localhost:8001
Worker: http://localhost:8001, Running: 0.0, Waiting: 0.0
Worker: http://localhost:8001, qlen: 0.0
Worker: http://localhost:8001, Tokens: 84330.0
Worker: http://localhost:8002, Running: 0.0, Waiting: 0.0
Worker: http://localhost:8002, qlen: 0.0
Worker: http://localhost:8002, Tokens: 84411.0
Selected worker: http://localhost:8002
Worker: http://localhost:8001, Running: 0.0, Waiting: 0.0
Worker: http://localhost:8001, qlen: 0.0
Worker: http://localhost:8001, Tokens: 84330.0
Worker: http://localhost:8002, Running: 0.0, Waiting: 0.0
Worker: http://localhost:8002, qlen: 0.0
Worker: http://localhost:8002, Tokens: 84450.0
Selected worker: http://localhost:8001
Worker: http://localhost:8001, Running: 0.0, Waiting: 0.0
Worker: http://localhost:8001, qlen: 0.0
Worker: http://localhost:8001, Tokens: 84336.0
Worker: http://localhost:8002, Running: 0.0, Waiting: 0.0
Worker: http://localhost:8002, qlen: 0.0
Worker: http://localhost:8002, Tokens: 84450.0
Selected worker: http://localhost:8001
Worker: http://localhost:8001, Running: 0.0, Waiting: 0.0
Worker: http://localhost:8001, qlen: 0.0
Worker: http://localhost:8001, Tokens: 84346.0
Worker: http://localhost:8002, Running: 0.0, Waiting: 0.0
Worker: http://localhost:8002, qlen: 0.0
Worker: http://localhost:8002, Tokens: 84450.0
Selected worker: http://localhost:8001
Worker: http://localhost:8001, Running: 0.0, Waiting: 0.0
Worker: http://localhost:8001, qlen: 0.0
Worker: http://localhost:8001, Tokens: 84383.0
Worker: http://localhost:8002, Running: 0.0, Waiting: 0.0
Worker: http://localhost:8002, qlen: 0.0
Worker: http://localhost:8002, Tokens: 84450.0
Selected worker: http://localhost:8002
Worker: http://localhost:8001, Running: 0.0, Waiting: 0.0
Worker: http://localhost:8001, qlen: 0.0
Worker: http://localhost:8001, Tokens: 84383.0
Worker: http://localhost:8002, Running: 0.0, Waiting: 0.0
Worker: http://localhost:8002, qlen: 0.0
Worker: http://localhost:8002, Tokens: 84455.0
Selected worker: http://localhost:8001
Worker: http://localhost:8001, Running: 0.0, Waiting: 0.0
Worker: http://localhost:8001, qlen: 0.0
Worker: http://localhost:8001, Tokens: 84389.0
Worker: http://localhost:8002, Running: 0.0, Waiting: 0.0
Worker: http://localhost:8002, qlen: 0.0
Worker: http://localhost:8002, Tokens: 84455.0
Selected worker: http://localhost:8001
Worker: http://localhost:8001, Running: 0.0, Waiting: 0.0
Worker: http://localhost:8001, qlen: 0.0
Worker: http://localhost:8001, Tokens: 84432.0
Worker: http://localhost:8002, Running: 0.0, Waiting: 0.0
Worker: http://localhost:8002, qlen: 0.0
Worker: http://localhost:8002, Tokens: 84455.0
Selected worker: http://localhost:8001
Worker: http://localhost:8001, Running: 0.0, Waiting: 0.0
Worker: http://localhost:8001, qlen: 0.0
Worker: http://localhost:8001, Tokens: 84461.0
Worker: http://localhost:8002, Running: 0.0, Waiting: 0.0
Worker: http://localhost:8002, qlen: 0.0
Worker: http://localhost:8002, Tokens: 84455.0
Selected worker: http://localhost:8001
Worker: http://localhost:8001, Running: 0.0, Waiting: 0.0
Worker: http://localhost:8001, qlen: 0.0
Worker: http://localhost:8001, Tokens: 84471.0
Worker: http://localhost:8002, Running: 0.0, Waiting: 0.0
Worker: http://localhost:8002, qlen: 0.0
Worker: http://localhost:8002, Tokens: 84455.0
Selected worker: http://localhost:8002
Worker: http://localhost:8001, Running: 0.0, Waiting: 0.0
Worker: http://localhost:8001, qlen: 0.0
Worker: http://localhost:8001, Tokens: 84471.0
Worker: http://localhost:8002, Running: 0.0, Waiting: 0.0
Worker: http://localhost:8002, qlen: 0.0
Worker: http://localhost:8002, Tokens: 84485.0
Selected worker: http://localhost:8002
Worker: http://localhost:8001, Running: 0.0, Waiting: 0.0
Worker: http://localhost:8001, qlen: 0.0
Worker: http://localhost:8001, Tokens: 84471.0
Worker: http://localhost:8002, Running: 0.0, Waiting: 0.0
Worker: http://localhost:8002, qlen: 0.0
Worker: http://localhost:8002, Tokens: 84504.0
Selected worker: http://localhost:8001
Worker: http://localhost:8001, Running: 0.0, Waiting: 0.0
Worker: http://localhost:8001, qlen: 0.0
Worker: http://localhost:8001, Tokens: 84486.0
Worker: http://localhost:8002, Running: 0.0, Waiting: 0.0
Worker: http://localhost:8002, qlen: 0.0
Worker: http://localhost:8002, Tokens: 84504.0
Selected worker: http://localhost:8002
Worker: http://localhost:8001, Running: 0.0, Waiting: 0.0
Worker: http://localhost:8001, qlen: 0.0
Worker: http://localhost:8001, Tokens: 84486.0
Worker: http://localhost:8002, Running: 0.0, Waiting: 0.0
Worker: http://localhost:8002, qlen: 0.0
Worker: http://localhost:8002, Tokens: 84511.0
Selected worker: http://localhost:8002
Worker: http://localhost:8001, Running: 0.0, Waiting: 0.0
Worker: http://localhost:8001, qlen: 0.0
Worker: http://localhost:8001, Tokens: 84486.0
Worker: http://localhost:8002, Running: 0.0, Waiting: 0.0
Worker: http://localhost:8002, qlen: 0.0
Worker: http://localhost:8002, Tokens: 84518.0
Selected worker: http://localhost:8001
INFO:     127.0.0.1:50200 - "POST /v1/completions HTTP/1.1" 200 OK
INFO:     127.0.0.1:50202 - "POST /v1/completions HTTP/1.1" 200 OK
INFO:     127.0.0.1:50214 - "POST /v1/completions HTTP/1.1" 200 OK
INFO:     127.0.0.1:50226 - "POST /v1/completions HTTP/1.1" 200 OK
INFO:     127.0.0.1:50236 - "POST /v1/completions HTTP/1.1" 200 OK
INFO:     127.0.0.1:50240 - "POST /v1/completions HTTP/1.1" 200 OK
INFO:     127.0.0.1:50256 - "POST /v1/completions HTTP/1.1" 200 OK
INFO:     127.0.0.1:50272 - "POST /v1/completions HTTP/1.1" 200 OK
INFO:     127.0.0.1:50288 - "POST /v1/completions HTTP/1.1" 200 OK
INFO:     127.0.0.1:50296 - "POST /v1/completions HTTP/1.1" 200 OK
INFO:     127.0.0.1:50306 - "POST /v1/completions HTTP/1.1" 200 OK
INFO:     127.0.0.1:50322 - "POST /v1/completions HTTP/1.1" 200 OK
INFO:     127.0.0.1:50336 - "POST /v1/completions HTTP/1.1" 200 OK
INFO:     127.0.0.1:50352 - "POST /v1/completions HTTP/1.1" 200 OK
INFO:     127.0.0.1:50358 - "POST /v1/completions HTTP/1.1" 200 OK
INFO:     127.0.0.1:50370 - "POST /v1/completions HTTP/1.1" 200 OK
INFO:     127.0.0.1:50384 - "POST /v1/completions HTTP/1.1" 200 OK
INFO:     127.0.0.1:50392 - "POST /v1/completions HTTP/1.1" 200 OK
INFO:     127.0.0.1:50394 - "POST /v1/completions HTTP/1.1" 200 OK
INFO:     127.0.0.1:50400 - "POST /v1/completions HTTP/1.1" 200 OK
INFO:     127.0.0.1:50406 - "POST /v1/completions HTTP/1.1" 200 OK
INFO:     127.0.0.1:50414 - "POST /v1/completions HTTP/1.1" 200 OK
INFO:     127.0.0.1:50418 - "POST /v1/completions HTTP/1.1" 200 OK
INFO:     127.0.0.1:50428 - "POST /v1/completions HTTP/1.1" 200 OK
INFO:     127.0.0.1:50442 - "POST /v1/completions HTTP/1.1" 200 OK
INFO:     127.0.0.1:50444 - "POST /v1/completions HTTP/1.1" 200 OK
INFO:     127.0.0.1:50460 - "POST /v1/completions HTTP/1.1" 200 OK
INFO:     127.0.0.1:50470 - "POST /v1/completions HTTP/1.1" 200 OK
INFO:     127.0.0.1:50474 - "POST /v1/completions HTTP/1.1" 200 OK
INFO:     127.0.0.1:50478 - "POST /v1/completions HTTP/1.1" 200 OK
INFO:     127.0.0.1:50494 - "POST /v1/completions HTTP/1.1" 200 OK
INFO:     127.0.0.1:50508 - "POST /v1/completions HTTP/1.1" 200 OK
INFO:     127.0.0.1:50510 - "POST /v1/completions HTTP/1.1" 200 OK
INFO:     127.0.0.1:50514 - "POST /v1/completions HTTP/1.1" 200 OK
INFO:     127.0.0.1:50526 - "POST /v1/completions HTTP/1.1" 200 OK
INFO:     127.0.0.1:50534 - "POST /v1/completions HTTP/1.1" 200 OK
INFO:     127.0.0.1:50544 - "POST /v1/completions HTTP/1.1" 200 OK
INFO:     127.0.0.1:50546 - "POST /v1/completions HTTP/1.1" 200 OK
INFO:     127.0.0.1:50554 - "POST /v1/completions HTTP/1.1" 200 OK
INFO:     127.0.0.1:50562 - "POST /v1/completions HTTP/1.1" 200 OK
INFO:     127.0.0.1:50570 - "POST /v1/completions HTTP/1.1" 200 OK
INFO:     127.0.0.1:50576 - "POST /v1/completions HTTP/1.1" 200 OK
INFO:     127.0.0.1:50586 - "POST /v1/completions HTTP/1.1" 200 OK
INFO:     127.0.0.1:50592 - "POST /v1/completions HTTP/1.1" 200 OK
INFO:     127.0.0.1:50594 - "POST /v1/completions HTTP/1.1" 200 OK
INFO:     127.0.0.1:50600 - "POST /v1/completions HTTP/1.1" 200 OK
INFO:     127.0.0.1:50606 - "POST /v1/completions HTTP/1.1" 200 OK
INFO:     127.0.0.1:50612 - "POST /v1/completions HTTP/1.1" 200 OK
INFO:     127.0.0.1:50618 - "POST /v1/completions HTTP/1.1" 200 OK
INFO:     127.0.0.1:50632 - "POST /v1/completions HTTP/1.1" 200 OK
INFO:     127.0.0.1:50644 - "POST /v1/completions HTTP/1.1" 200 OK
INFO:     127.0.0.1:50650 - "POST /v1/completions HTTP/1.1" 200 OK
INFO:     127.0.0.1:50660 - "POST /v1/completions HTTP/1.1" 200 OK
INFO:     127.0.0.1:50664 - "POST /v1/completions HTTP/1.1" 200 OK
INFO:     127.0.0.1:50670 - "POST /v1/completions HTTP/1.1" 200 OK
INFO:     127.0.0.1:50686 - "POST /v1/completions HTTP/1.1" 200 OK
INFO:     127.0.0.1:50698 - "POST /v1/completions HTTP/1.1" 200 OK
INFO:     127.0.0.1:50710 - "POST /v1/completions HTTP/1.1" 200 OK
INFO:     127.0.0.1:50712 - "POST /v1/completions HTTP/1.1" 200 OK
INFO:     127.0.0.1:50722 - "POST /v1/completions HTTP/1.1" 200 OK
INFO:     127.0.0.1:50738 - "POST /v1/completions HTTP/1.1" 200 OK
INFO:     127.0.0.1:50740 - "POST /v1/completions HTTP/1.1" 200 OK
INFO:     127.0.0.1:50748 - "POST /v1/completions HTTP/1.1" 200 OK
INFO:     127.0.0.1:50764 - "POST /v1/completions HTTP/1.1" 200 OK
INFO:     127.0.0.1:50780 - "POST /v1/completions HTTP/1.1" 200 OK
INFO:     127.0.0.1:50784 - "POST /v1/completions HTTP/1.1" 200 OK
INFO:     127.0.0.1:50800 - "POST /v1/completions HTTP/1.1" 200 OK
INFO:     127.0.0.1:50804 - "POST /v1/completions HTTP/1.1" 200 OK
INFO:     127.0.0.1:50814 - "POST /v1/completions HTTP/1.1" 200 OK
INFO:     127.0.0.1:50822 - "POST /v1/completions HTTP/1.1" 200 OK
INFO:     127.0.0.1:50834 - "POST /v1/completions HTTP/1.1" 200 OK
INFO:     127.0.0.1:50840 - "POST /v1/completions HTTP/1.1" 200 OK
INFO:     127.0.0.1:50850 - "POST /v1/completions HTTP/1.1" 200 OK
INFO:     127.0.0.1:50858 - "POST /v1/completions HTTP/1.1" 200 OK
INFO:     127.0.0.1:50868 - "POST /v1/completions HTTP/1.1" 200 OK
INFO:     127.0.0.1:50880 - "POST /v1/completions HTTP/1.1" 200 OK
INFO:     127.0.0.1:50896 - "POST /v1/completions HTTP/1.1" 200 OK
INFO:     127.0.0.1:50910 - "POST /v1/completions HTTP/1.1" 200 OK
INFO:     127.0.0.1:50916 - "POST /v1/completions HTTP/1.1" 200 OK
INFO:     127.0.0.1:50926 - "POST /v1/completions HTTP/1.1" 200 OK
INFO:     127.0.0.1:50934 - "POST /v1/completions HTTP/1.1" 200 OK
INFO:     127.0.0.1:50946 - "POST /v1/completions HTTP/1.1" 200 OK
INFO:     127.0.0.1:50954 - "POST /v1/completions HTTP/1.1" 200 OK
INFO:     127.0.0.1:50958 - "POST /v1/completions HTTP/1.1" 200 OK
INFO:     127.0.0.1:50970 - "POST /v1/completions HTTP/1.1" 200 OK
INFO:     127.0.0.1:50986 - "POST /v1/completions HTTP/1.1" 200 OK
INFO:     127.0.0.1:50988 - "POST /v1/completions HTTP/1.1" 200 OK
INFO:     127.0.0.1:50994 - "POST /v1/completions HTTP/1.1" 200 OK
INFO:     127.0.0.1:50998 - "POST /v1/completions HTTP/1.1" 200 OK
INFO:     127.0.0.1:51014 - "POST /v1/completions HTTP/1.1" 200 OK
INFO:     127.0.0.1:51018 - "POST /v1/completions HTTP/1.1" 200 OK
INFO:     127.0.0.1:51028 - "POST /v1/completions HTTP/1.1" 200 OK
INFO:     127.0.0.1:51034 - "POST /v1/completions HTTP/1.1" 200 OK
INFO:     127.0.0.1:51044 - "POST /v1/completions HTTP/1.1" 200 OK
INFO:     127.0.0.1:51046 - "POST /v1/completions HTTP/1.1" 200 OK
INFO:     127.0.0.1:51058 - "POST /v1/completions HTTP/1.1" 200 OK
INFO:     127.0.0.1:51074 - "POST /v1/completions HTTP/1.1" 200 OK
INFO:     127.0.0.1:51076 - "POST /v1/completions HTTP/1.1" 200 OK
INFO:     127.0.0.1:51088 - "POST /v1/completions HTTP/1.1" 200 OK
INFO:     127.0.0.1:51096 - "POST /v1/completions HTTP/1.1" 200 OK
INFO:     127.0.0.1:51100 - "POST /v1/completions HTTP/1.1" 200 OK
INFO:     127.0.0.1:51106 - "POST /v1/completions HTTP/1.1" 200 OK
INFO:     127.0.0.1:51110 - "POST /v1/completions HTTP/1.1" 200 OK
INFO:     127.0.0.1:51122 - "POST /v1/completions HTTP/1.1" 200 OK
INFO:     127.0.0.1:51126 - "POST /v1/completions HTTP/1.1" 200 OK
INFO:     127.0.0.1:51138 - "POST /v1/completions HTTP/1.1" 200 OK
INFO:     127.0.0.1:51152 - "POST /v1/completions HTTP/1.1" 200 OK
INFO:     127.0.0.1:51156 - "POST /v1/completions HTTP/1.1" 200 OK
INFO:     127.0.0.1:51172 - "POST /v1/completions HTTP/1.1" 200 OK
INFO:     127.0.0.1:51176 - "POST /v1/completions HTTP/1.1" 200 OK
INFO:     127.0.0.1:51178 - "POST /v1/completions HTTP/1.1" 200 OK
INFO:     127.0.0.1:51184 - "POST /v1/completions HTTP/1.1" 200 OK
INFO:     127.0.0.1:51190 - "POST /v1/completions HTTP/1.1" 200 OK
INFO:     127.0.0.1:51202 - "POST /v1/completions HTTP/1.1" 200 OK
INFO:     127.0.0.1:51210 - "POST /v1/completions HTTP/1.1" 200 OK
INFO:     127.0.0.1:51220 - "POST /v1/completions HTTP/1.1" 200 OK
INFO:     127.0.0.1:51226 - "POST /v1/completions HTTP/1.1" 200 OK
INFO:     127.0.0.1:51238 - "POST /v1/completions HTTP/1.1" 200 OK
INFO:     127.0.0.1:51252 - "POST /v1/completions HTTP/1.1" 200 OK
INFO:     127.0.0.1:51264 - "POST /v1/completions HTTP/1.1" 200 OK
INFO:     127.0.0.1:51272 - "POST /v1/completions HTTP/1.1" 200 OK
INFO:     127.0.0.1:51282 - "POST /v1/completions HTTP/1.1" 200 OK
INFO:     127.0.0.1:51286 - "POST /v1/completions HTTP/1.1" 200 OK
INFO:     127.0.0.1:51300 - "POST /v1/completions HTTP/1.1" 200 OK
INFO:     127.0.0.1:51312 - "POST /v1/completions HTTP/1.1" 200 OK
INFO:     127.0.0.1:51328 - "POST /v1/completions HTTP/1.1" 200 OK
INFO:     127.0.0.1:51336 - "POST /v1/completions HTTP/1.1" 200 OK
INFO:     127.0.0.1:51350 - "POST /v1/completions HTTP/1.1" 200 OK
INFO:     127.0.0.1:51364 - "POST /v1/completions HTTP/1.1" 200 OK
INFO:     127.0.0.1:51380 - "POST /v1/completions HTTP/1.1" 200 OK
INFO:     127.0.0.1:51396 - "POST /v1/completions HTTP/1.1" 200 OK
INFO:     127.0.0.1:51410 - "POST /v1/completions HTTP/1.1" 200 OK
INFO:     127.0.0.1:51422 - "POST /v1/completions HTTP/1.1" 200 OK
INFO:     127.0.0.1:51426 - "POST /v1/completions HTTP/1.1" 200 OK
INFO:     127.0.0.1:51434 - "POST /v1/completions HTTP/1.1" 200 OK
INFO:     127.0.0.1:51448 - "POST /v1/completions HTTP/1.1" 200 OK
INFO:     127.0.0.1:51460 - "POST /v1/completions HTTP/1.1" 200 OK
INFO:     127.0.0.1:51462 - "POST /v1/completions HTTP/1.1" 200 OK
INFO:     127.0.0.1:51476 - "POST /v1/completions HTTP/1.1" 200 OK
INFO:     127.0.0.1:51478 - "POST /v1/completions HTTP/1.1" 200 OK
INFO:     127.0.0.1:51492 - "POST /v1/completions HTTP/1.1" 200 OK
INFO:     127.0.0.1:51506 - "POST /v1/completions HTTP/1.1" 200 OK
INFO:     127.0.0.1:51522 - "POST /v1/completions HTTP/1.1" 200 OK
INFO:     127.0.0.1:51524 - "POST /v1/completions HTTP/1.1" 200 OK
INFO:     127.0.0.1:51536 - "POST /v1/completions HTTP/1.1" 200 OK
INFO:     127.0.0.1:51542 - "POST /v1/completions HTTP/1.1" 200 OK
INFO:     127.0.0.1:51546 - "POST /v1/completions HTTP/1.1" 200 OK
INFO:     127.0.0.1:51548 - "POST /v1/completions HTTP/1.1" 200 OK
INFO:     127.0.0.1:51562 - "POST /v1/completions HTTP/1.1" 200 OK
INFO:     127.0.0.1:51564 - "POST /v1/completions HTTP/1.1" 200 OK
INFO:     127.0.0.1:51576 - "POST /v1/completions HTTP/1.1" 200 OK
INFO:     127.0.0.1:51582 - "POST /v1/completions HTTP/1.1" 200 OK
INFO:     127.0.0.1:51588 - "POST /v1/completions HTTP/1.1" 200 OK
INFO:     127.0.0.1:51598 - "POST /v1/completions HTTP/1.1" 200 OK
INFO:     127.0.0.1:51610 - "POST /v1/completions HTTP/1.1" 200 OK
INFO:     127.0.0.1:51622 - "POST /v1/completions HTTP/1.1" 200 OK
INFO:     127.0.0.1:51628 - "POST /v1/completions HTTP/1.1" 200 OK
INFO:     127.0.0.1:51634 - "POST /v1/completions HTTP/1.1" 200 OK
INFO:     127.0.0.1:51638 - "POST /v1/completions HTTP/1.1" 200 OK
INFO:     127.0.0.1:51652 - "POST /v1/completions HTTP/1.1" 200 OK
INFO:     127.0.0.1:51660 - "POST /v1/completions HTTP/1.1" 200 OK
INFO:     127.0.0.1:51676 - "POST /v1/completions HTTP/1.1" 200 OK
INFO:     127.0.0.1:51690 - "POST /v1/completions HTTP/1.1" 200 OK
INFO:     127.0.0.1:51692 - "POST /v1/completions HTTP/1.1" 200 OK
INFO:     127.0.0.1:51708 - "POST /v1/completions HTTP/1.1" 200 OK
INFO:     127.0.0.1:51724 - "POST /v1/completions HTTP/1.1" 200 OK
INFO:     127.0.0.1:51740 - "POST /v1/completions HTTP/1.1" 200 OK
INFO:     127.0.0.1:51750 - "POST /v1/completions HTTP/1.1" 200 OK
INFO:     127.0.0.1:51752 - "POST /v1/completions HTTP/1.1" 200 OK
INFO:     127.0.0.1:51766 - "POST /v1/completions HTTP/1.1" 200 OK
INFO:     127.0.0.1:51778 - "POST /v1/completions HTTP/1.1" 200 OK
INFO:     127.0.0.1:51784 - "POST /v1/completions HTTP/1.1" 200 OK
INFO:     127.0.0.1:51790 - "POST /v1/completions HTTP/1.1" 200 OK
INFO:     127.0.0.1:51804 - "POST /v1/completions HTTP/1.1" 200 OK
INFO:     127.0.0.1:51808 - "POST /v1/completions HTTP/1.1" 200 OK
INFO:     127.0.0.1:51822 - "POST /v1/completions HTTP/1.1" 200 OK
INFO:     127.0.0.1:51824 - "POST /v1/completions HTTP/1.1" 200 OK
INFO:     127.0.0.1:51828 - "POST /v1/completions HTTP/1.1" 200 OK
INFO:     127.0.0.1:51836 - "POST /v1/completions HTTP/1.1" 200 OK
INFO:     127.0.0.1:51850 - "POST /v1/completions HTTP/1.1" 200 OK
INFO:     127.0.0.1:51852 - "POST /v1/completions HTTP/1.1" 200 OK
INFO:     127.0.0.1:51866 - "POST /v1/completions HTTP/1.1" 200 OK
INFO:     127.0.0.1:51876 - "POST /v1/completions HTTP/1.1" 200 OK
INFO:     127.0.0.1:51892 - "POST /v1/completions HTTP/1.1" 200 OK
INFO:     127.0.0.1:51906 - "POST /v1/completions HTTP/1.1" 200 OK
INFO:     127.0.0.1:51908 - "POST /v1/completions HTTP/1.1" 200 OK
INFO:     127.0.0.1:51912 - "POST /v1/completions HTTP/1.1" 200 OK
INFO:     127.0.0.1:51924 - "POST /v1/completions HTTP/1.1" 200 OK
INFO:     127.0.0.1:51940 - "POST /v1/completions HTTP/1.1" 200 OK
INFO:     127.0.0.1:51944 - "POST /v1/completions HTTP/1.1" 200 OK
INFO:     127.0.0.1:51952 - "POST /v1/completions HTTP/1.1" 200 OK
INFO:     127.0.0.1:51954 - "POST /v1/completions HTTP/1.1" 200 OK
INFO:     127.0.0.1:51970 - "POST /v1/completions HTTP/1.1" 200 OK
INFO:     127.0.0.1:51984 - "POST /v1/completions HTTP/1.1" 200 OK
INFO:     127.0.0.1:52000 - "POST /v1/completions HTTP/1.1" 200 OK
INFO:     127.0.0.1:52010 - "POST /v1/completions HTTP/1.1" 200 OK
INFO:     127.0.0.1:52026 - "POST /v1/completions HTTP/1.1" 200 OK
INFO:     127.0.0.1:52036 - "POST /v1/completions HTTP/1.1" 200 OK
INFO:     127.0.0.1:52044 - "POST /v1/completions HTTP/1.1" 200 OK
INFO:     127.0.0.1:52054 - "POST /v1/completions HTTP/1.1" 200 OK
INFO:     127.0.0.1:52068 - "POST /v1/completions HTTP/1.1" 200 OK
INFO:     127.0.0.1:52082 - "POST /v1/completions HTTP/1.1" 200 OK
INFO:     127.0.0.1:52084 - "POST /v1/completions HTTP/1.1" 200 OK
INFO:     127.0.0.1:52086 - "POST /v1/completions HTTP/1.1" 200 OK
INFO:     127.0.0.1:52100 - "POST /v1/completions HTTP/1.1" 200 OK
INFO:     127.0.0.1:52116 - "POST /v1/completions HTTP/1.1" 200 OK
INFO:     127.0.0.1:52132 - "POST /v1/completions HTTP/1.1" 200 OK
INFO:     127.0.0.1:52142 - "POST /v1/completions HTTP/1.1" 200 OK
INFO:     127.0.0.1:52146 - "POST /v1/completions HTTP/1.1" 200 OK
INFO:     127.0.0.1:52152 - "POST /v1/completions HTTP/1.1" 200 OK
INFO:     127.0.0.1:52154 - "POST /v1/completions HTTP/1.1" 200 OK
INFO:     127.0.0.1:52156 - "POST /v1/completions HTTP/1.1" 200 OK
INFO:     127.0.0.1:52160 - "POST /v1/completions HTTP/1.1" 200 OK
INFO:     127.0.0.1:52168 - "POST /v1/completions HTTP/1.1" 200 OK
INFO:     127.0.0.1:52176 - "POST /v1/completions HTTP/1.1" 200 OK
INFO:     127.0.0.1:52188 - "POST /v1/completions HTTP/1.1" 200 OK
INFO:     127.0.0.1:52204 - "POST /v1/completions HTTP/1.1" 200 OK
INFO:     127.0.0.1:52220 - "POST /v1/completions HTTP/1.1" 200 OK
INFO:     127.0.0.1:52234 - "POST /v1/completions HTTP/1.1" 200 OK
INFO:     127.0.0.1:52250 - "POST /v1/completions HTTP/1.1" 200 OK
INFO:     127.0.0.1:52266 - "POST /v1/completions HTTP/1.1" 200 OK
INFO:     127.0.0.1:52280 - "POST /v1/completions HTTP/1.1" 200 OK
INFO:     127.0.0.1:52284 - "POST /v1/completions HTTP/1.1" 200 OK
INFO:     127.0.0.1:52300 - "POST /v1/completions HTTP/1.1" 200 OK
INFO:     127.0.0.1:52316 - "POST /v1/completions HTTP/1.1" 200 OK
INFO:     127.0.0.1:52324 - "POST /v1/completions HTTP/1.1" 200 OK
INFO:     127.0.0.1:52338 - "POST /v1/completions HTTP/1.1" 200 OK
INFO:     127.0.0.1:52348 - "POST /v1/completions HTTP/1.1" 200 OK
INFO:     127.0.0.1:52358 - "POST /v1/completions HTTP/1.1" 200 OK
INFO:     127.0.0.1:52362 - "POST /v1/completions HTTP/1.1" 200 OK
INFO:     127.0.0.1:52376 - "POST /v1/completions HTTP/1.1" 200 OK
INFO:     127.0.0.1:52382 - "POST /v1/completions HTTP/1.1" 200 OK
INFO:     127.0.0.1:52388 - "POST /v1/completions HTTP/1.1" 200 OK
INFO:     127.0.0.1:52404 - "POST /v1/completions HTTP/1.1" 200 OK
INFO:     127.0.0.1:52408 - "POST /v1/completions HTTP/1.1" 200 OK
INFO:     127.0.0.1:52412 - "POST /v1/completions HTTP/1.1" 200 OK
INFO:     127.0.0.1:52422 - "POST /v1/completions HTTP/1.1" 200 OK
INFO:     127.0.0.1:52432 - "POST /v1/completions HTTP/1.1" 200 OK
INFO:     127.0.0.1:52440 - "POST /v1/completions HTTP/1.1" 200 OK
INFO:     127.0.0.1:52444 - "POST /v1/completions HTTP/1.1" 200 OK
INFO:     127.0.0.1:52452 - "POST /v1/completions HTTP/1.1" 200 OK
INFO:     127.0.0.1:52462 - "POST /v1/completions HTTP/1.1" 200 OK
INFO:     127.0.0.1:52464 - "POST /v1/completions HTTP/1.1" 200 OK
INFO:     127.0.0.1:52468 - "POST /v1/completions HTTP/1.1" 200 OK
INFO:     127.0.0.1:52472 - "POST /v1/completions HTTP/1.1" 200 OK
INFO:     127.0.0.1:52482 - "POST /v1/completions HTTP/1.1" 200 OK
INFO:     127.0.0.1:52492 - "POST /v1/completions HTTP/1.1" 200 OK
INFO:     127.0.0.1:52500 - "POST /v1/completions HTTP/1.1" 200 OK
INFO:     127.0.0.1:52504 - "POST /v1/completions HTTP/1.1" 200 OK
INFO:     127.0.0.1:52508 - "POST /v1/completions HTTP/1.1" 200 OK
INFO:     127.0.0.1:52514 - "POST /v1/completions HTTP/1.1" 200 OK
INFO:     127.0.0.1:52518 - "POST /v1/completions HTTP/1.1" 200 OK
INFO:     127.0.0.1:52534 - "POST /v1/completions HTTP/1.1" 200 OK
INFO:     127.0.0.1:52550 - "POST /v1/completions HTTP/1.1" 200 OK
INFO:     127.0.0.1:52562 - "POST /v1/completions HTTP/1.1" 200 OK
INFO:     127.0.0.1:52570 - "POST /v1/completions HTTP/1.1" 200 OK
INFO:     127.0.0.1:52576 - "POST /v1/completions HTTP/1.1" 200 OK
INFO:     127.0.0.1:52590 - "POST /v1/completions HTTP/1.1" 200 OK
INFO:     127.0.0.1:52594 - "POST /v1/completions HTTP/1.1" 200 OK
INFO:     127.0.0.1:52604 - "POST /v1/completions HTTP/1.1" 200 OK
INFO:     127.0.0.1:52612 - "POST /v1/completions HTTP/1.1" 200 OK
INFO:     127.0.0.1:52622 - "POST /v1/completions HTTP/1.1" 200 OK
INFO:     127.0.0.1:52624 - "POST /v1/completions HTTP/1.1" 200 OK
INFO:     127.0.0.1:52626 - "POST /v1/completions HTTP/1.1" 200 OK
INFO:     127.0.0.1:52638 - "POST /v1/completions HTTP/1.1" 200 OK
INFO:     127.0.0.1:52640 - "POST /v1/completions HTTP/1.1" 200 OK
INFO:     127.0.0.1:52656 - "POST /v1/completions HTTP/1.1" 200 OK
INFO:     127.0.0.1:52664 - "POST /v1/completions HTTP/1.1" 200 OK
INFO:     127.0.0.1:52668 - "POST /v1/completions HTTP/1.1" 200 OK
INFO:     127.0.0.1:52684 - "POST /v1/completions HTTP/1.1" 200 OK
INFO:     127.0.0.1:52690 - "POST /v1/completions HTTP/1.1" 200 OK
INFO:     127.0.0.1:52694 - "POST /v1/completions HTTP/1.1" 200 OK
INFO:     127.0.0.1:52710 - "POST /v1/completions HTTP/1.1" 200 OK
INFO:     127.0.0.1:52712 - "POST /v1/completions HTTP/1.1" 200 OK
INFO:     127.0.0.1:52728 - "POST /v1/completions HTTP/1.1" 200 OK
INFO:     127.0.0.1:52738 - "POST /v1/completions HTTP/1.1" 200 OK
INFO:     127.0.0.1:52748 - "POST /v1/completions HTTP/1.1" 200 OK
INFO:     127.0.0.1:52754 - "POST /v1/completions HTTP/1.1" 200 OK
INFO:     127.0.0.1:52766 - "POST /v1/completions HTTP/1.1" 200 OK
INFO:     127.0.0.1:52782 - "POST /v1/completions HTTP/1.1" 200 OK
INFO:     127.0.0.1:52788 - "POST /v1/completions HTTP/1.1" 200 OK
INFO:     127.0.0.1:52800 - "POST /v1/completions HTTP/1.1" 200 OK
INFO:     127.0.0.1:52804 - "POST /v1/completions HTTP/1.1" 200 OK
INFO:     127.0.0.1:52808 - "POST /v1/completions HTTP/1.1" 200 OK
INFO:     127.0.0.1:52812 - "POST /v1/completions HTTP/1.1" 200 OK
INFO:     127.0.0.1:52826 - "POST /v1/completions HTTP/1.1" 200 OK
INFO:     127.0.0.1:52838 - "POST /v1/completions HTTP/1.1" 200 OK
INFO:     127.0.0.1:52854 - "POST /v1/completions HTTP/1.1" 200 OK
INFO:     127.0.0.1:52864 - "POST /v1/completions HTTP/1.1" 200 OK
INFO:     127.0.0.1:52876 - "POST /v1/completions HTTP/1.1" 200 OK
INFO:     127.0.0.1:52888 - "POST /v1/completions HTTP/1.1" 200 OK
INFO:     127.0.0.1:52890 - "POST /v1/completions HTTP/1.1" 200 OK
INFO:     127.0.0.1:52892 - "POST /v1/completions HTTP/1.1" 200 OK
INFO:     127.0.0.1:52908 - "POST /v1/completions HTTP/1.1" 200 OK
INFO:     127.0.0.1:52922 - "POST /v1/completions HTTP/1.1" 200 OK
INFO:     127.0.0.1:52930 - "POST /v1/completions HTTP/1.1" 200 OK
INFO:     127.0.0.1:52944 - "POST /v1/completions HTTP/1.1" 200 OK
INFO:     127.0.0.1:52952 - "POST /v1/completions HTTP/1.1" 200 OK
INFO:     127.0.0.1:52958 - "POST /v1/completions HTTP/1.1" 200 OK
INFO:     127.0.0.1:52974 - "POST /v1/completions HTTP/1.1" 200 OK
INFO:     127.0.0.1:52980 - "POST /v1/completions HTTP/1.1" 200 OK
INFO:     127.0.0.1:52990 - "POST /v1/completions HTTP/1.1" 200 OK
INFO:     127.0.0.1:53004 - "POST /v1/completions HTTP/1.1" 200 OK
INFO:     127.0.0.1:53018 - "POST /v1/completions HTTP/1.1" 200 OK
INFO:     127.0.0.1:53022 - "POST /v1/completions HTTP/1.1" 200 OK
INFO:     127.0.0.1:53034 - "POST /v1/completions HTTP/1.1" 200 OK
INFO:     127.0.0.1:53038 - "POST /v1/completions HTTP/1.1" 200 OK
INFO:     127.0.0.1:53050 - "POST /v1/completions HTTP/1.1" 200 OK
INFO:     127.0.0.1:53066 - "POST /v1/completions HTTP/1.1" 200 OK
INFO:     127.0.0.1:53080 - "POST /v1/completions HTTP/1.1" 200 OK
INFO:     127.0.0.1:53086 - "POST /v1/completions HTTP/1.1" 200 OK
INFO:     127.0.0.1:53096 - "POST /v1/completions HTTP/1.1" 200 OK
INFO:     127.0.0.1:53102 - "POST /v1/completions HTTP/1.1" 200 OK
INFO:     127.0.0.1:53104 - "POST /v1/completions HTTP/1.1" 200 OK
INFO:     127.0.0.1:53106 - "POST /v1/completions HTTP/1.1" 200 OK
INFO:     127.0.0.1:53112 - "POST /v1/completions HTTP/1.1" 200 OK
INFO:     127.0.0.1:53126 - "POST /v1/completions HTTP/1.1" 200 OK
INFO:     127.0.0.1:53134 - "POST /v1/completions HTTP/1.1" 200 OK
INFO:     127.0.0.1:53140 - "POST /v1/completions HTTP/1.1" 200 OK
INFO:     127.0.0.1:53142 - "POST /v1/completions HTTP/1.1" 200 OK
INFO:     127.0.0.1:53156 - "POST /v1/completions HTTP/1.1" 200 OK
INFO:     127.0.0.1:53164 - "POST /v1/completions HTTP/1.1" 200 OK
INFO:     127.0.0.1:53176 - "POST /v1/completions HTTP/1.1" 200 OK
INFO:     127.0.0.1:53190 - "POST /v1/completions HTTP/1.1" 200 OK
INFO:     127.0.0.1:53202 - "POST /v1/completions HTTP/1.1" 200 OK
INFO:     127.0.0.1:53216 - "POST /v1/completions HTTP/1.1" 200 OK
INFO:     127.0.0.1:53218 - "POST /v1/completions HTTP/1.1" 200 OK
INFO:     127.0.0.1:53222 - "POST /v1/completions HTTP/1.1" 200 OK
INFO:     127.0.0.1:53230 - "POST /v1/completions HTTP/1.1" 200 OK
INFO:     127.0.0.1:53232 - "POST /v1/completions HTTP/1.1" 200 OK
INFO:     127.0.0.1:53238 - "POST /v1/completions HTTP/1.1" 200 OK
INFO:     127.0.0.1:53240 - "POST /v1/completions HTTP/1.1" 200 OK
INFO:     127.0.0.1:53244 - "POST /v1/completions HTTP/1.1" 200 OK
INFO:     127.0.0.1:53254 - "POST /v1/completions HTTP/1.1" 200 OK
INFO:     127.0.0.1:53264 - "POST /v1/completions HTTP/1.1" 200 OK
INFO:     127.0.0.1:53268 - "POST /v1/completions HTTP/1.1" 200 OK
INFO:     127.0.0.1:53270 - "POST /v1/completions HTTP/1.1" 200 OK
INFO:     127.0.0.1:53274 - "POST /v1/completions HTTP/1.1" 200 OK
INFO:     127.0.0.1:53280 - "POST /v1/completions HTTP/1.1" 200 OK
INFO:     127.0.0.1:53282 - "POST /v1/completions HTTP/1.1" 200 OK
INFO:     127.0.0.1:53288 - "POST /v1/completions HTTP/1.1" 200 OK
INFO:     127.0.0.1:53294 - "POST /v1/completions HTTP/1.1" 200 OK
INFO:     127.0.0.1:53300 - "POST /v1/completions HTTP/1.1" 200 OK
INFO:     127.0.0.1:53310 - "POST /v1/completions HTTP/1.1" 200 OK
INFO:     127.0.0.1:53314 - "POST /v1/completions HTTP/1.1" 200 OK
INFO:     127.0.0.1:53316 - "POST /v1/completions HTTP/1.1" 200 OK
INFO:     127.0.0.1:53328 - "POST /v1/completions HTTP/1.1" 200 OK
INFO:     127.0.0.1:53338 - "POST /v1/completions HTTP/1.1" 200 OK
INFO:     127.0.0.1:53352 - "POST /v1/completions HTTP/1.1" 200 OK
INFO:     127.0.0.1:53368 - "POST /v1/completions HTTP/1.1" 200 OK
INFO:     127.0.0.1:53378 - "POST /v1/completions HTTP/1.1" 200 OK
INFO:     127.0.0.1:53384 - "POST /v1/completions HTTP/1.1" 200 OK
INFO:     127.0.0.1:53398 - "POST /v1/completions HTTP/1.1" 200 OK
INFO:     127.0.0.1:53408 - "POST /v1/completions HTTP/1.1" 200 OK
INFO:     127.0.0.1:53416 - "POST /v1/completions HTTP/1.1" 200 OK
INFO:     127.0.0.1:53432 - "POST /v1/completions HTTP/1.1" 200 OK
INFO:     127.0.0.1:53434 - "POST /v1/completions HTTP/1.1" 200 OK
INFO:     127.0.0.1:53436 - "POST /v1/completions HTTP/1.1" 200 OK
INFO:     127.0.0.1:53452 - "POST /v1/completions HTTP/1.1" 200 OK
INFO:     127.0.0.1:53462 - "POST /v1/completions HTTP/1.1" 200 OK
INFO:     127.0.0.1:53472 - "POST /v1/completions HTTP/1.1" 200 OK
INFO:     127.0.0.1:53480 - "POST /v1/completions HTTP/1.1" 200 OK
INFO:     127.0.0.1:53484 - "POST /v1/completions HTTP/1.1" 200 OK
INFO:     127.0.0.1:53486 - "POST /v1/completions HTTP/1.1" 200 OK
INFO:     127.0.0.1:53494 - "POST /v1/completions HTTP/1.1" 200 OK
INFO:     127.0.0.1:53496 - "POST /v1/completions HTTP/1.1" 200 OK
INFO:     127.0.0.1:53508 - "POST /v1/completions HTTP/1.1" 200 OK
INFO:     127.0.0.1:53514 - "POST /v1/completions HTTP/1.1" 200 OK
INFO:     127.0.0.1:53526 - "POST /v1/completions HTTP/1.1" 200 OK
INFO:     127.0.0.1:53528 - "POST /v1/completions HTTP/1.1" 200 OK
INFO:     127.0.0.1:53542 - "POST /v1/completions HTTP/1.1" 200 OK
INFO:     127.0.0.1:53550 - "POST /v1/completions HTTP/1.1" 200 OK
INFO:     127.0.0.1:53562 - "POST /v1/completions HTTP/1.1" 200 OK
INFO:     127.0.0.1:53566 - "POST /v1/completions HTTP/1.1" 200 OK
INFO:     127.0.0.1:53568 - "POST /v1/completions HTTP/1.1" 200 OK
INFO:     127.0.0.1:53584 - "POST /v1/completions HTTP/1.1" 200 OK
INFO:     127.0.0.1:53600 - "POST /v1/completions HTTP/1.1" 200 OK
INFO:     127.0.0.1:53606 - "POST /v1/completions HTTP/1.1" 200 OK
INFO:     127.0.0.1:53622 - "POST /v1/completions HTTP/1.1" 200 OK
INFO:     127.0.0.1:53634 - "POST /v1/completions HTTP/1.1" 200 OK
INFO:     127.0.0.1:53642 - "POST /v1/completions HTTP/1.1" 200 OK
INFO:     127.0.0.1:53650 - "POST /v1/completions HTTP/1.1" 200 OK
INFO:     127.0.0.1:53654 - "POST /v1/completions HTTP/1.1" 200 OK
INFO:     127.0.0.1:53662 - "POST /v1/completions HTTP/1.1" 200 OK
INFO:     127.0.0.1:53666 - "POST /v1/completions HTTP/1.1" 200 OK
INFO:     127.0.0.1:53672 - "POST /v1/completions HTTP/1.1" 200 OK
INFO:     127.0.0.1:53680 - "POST /v1/completions HTTP/1.1" 200 OK
INFO:     127.0.0.1:53690 - "POST /v1/completions HTTP/1.1" 200 OK
INFO:     127.0.0.1:53694 - "POST /v1/completions HTTP/1.1" 200 OK
INFO:     127.0.0.1:53700 - "POST /v1/completions HTTP/1.1" 200 OK
INFO:     127.0.0.1:53710 - "POST /v1/completions HTTP/1.1" 200 OK
INFO:     127.0.0.1:53724 - "POST /v1/completions HTTP/1.1" 200 OK
INFO:     127.0.0.1:53726 - "POST /v1/completions HTTP/1.1" 200 OK
INFO:     127.0.0.1:53736 - "POST /v1/completions HTTP/1.1" 200 OK
INFO:     127.0.0.1:53738 - "POST /v1/completions HTTP/1.1" 200 OK
INFO:     127.0.0.1:53752 - "POST /v1/completions HTTP/1.1" 200 OK
INFO:     127.0.0.1:53764 - "POST /v1/completions HTTP/1.1" 200 OK
INFO:     127.0.0.1:53776 - "POST /v1/completions HTTP/1.1" 200 OK
INFO:     127.0.0.1:53790 - "POST /v1/completions HTTP/1.1" 200 OK
INFO:     127.0.0.1:53798 - "POST /v1/completions HTTP/1.1" 200 OK
INFO:     127.0.0.1:53804 - "POST /v1/completions HTTP/1.1" 200 OK
INFO:     127.0.0.1:53808 - "POST /v1/completions HTTP/1.1" 200 OK
INFO:     127.0.0.1:53816 - "POST /v1/completions HTTP/1.1" 200 OK
INFO:     127.0.0.1:53830 - "POST /v1/completions HTTP/1.1" 200 OK
INFO:     127.0.0.1:53846 - "POST /v1/completions HTTP/1.1" 200 OK
INFO:     127.0.0.1:53848 - "POST /v1/completions HTTP/1.1" 200 OK
INFO:     127.0.0.1:53862 - "POST /v1/completions HTTP/1.1" 200 OK
INFO:     127.0.0.1:53864 - "POST /v1/completions HTTP/1.1" 200 OK
INFO:     127.0.0.1:53866 - "POST /v1/completions HTTP/1.1" 200 OK
INFO:     127.0.0.1:53872 - "POST /v1/completions HTTP/1.1" 200 OK
INFO:     127.0.0.1:53882 - "POST /v1/completions HTTP/1.1" 200 OK
INFO:     127.0.0.1:53898 - "POST /v1/completions HTTP/1.1" 200 OK
INFO:     127.0.0.1:53904 - "POST /v1/completions HTTP/1.1" 200 OK
INFO:     127.0.0.1:53910 - "POST /v1/completions HTTP/1.1" 200 OK
INFO:     127.0.0.1:53924 - "POST /v1/completions HTTP/1.1" 200 OK
INFO:     127.0.0.1:53928 - "POST /v1/completions HTTP/1.1" 200 OK
INFO:     127.0.0.1:53942 - "POST /v1/completions HTTP/1.1" 200 OK
INFO:     127.0.0.1:53948 - "POST /v1/completions HTTP/1.1" 200 OK
INFO:     127.0.0.1:53962 - "POST /v1/completions HTTP/1.1" 200 OK
INFO:     127.0.0.1:53968 - "POST /v1/completions HTTP/1.1" 200 OK
INFO:     127.0.0.1:53976 - "POST /v1/completions HTTP/1.1" 200 OK
INFO:     127.0.0.1:53988 - "POST /v1/completions HTTP/1.1" 200 OK
INFO:     127.0.0.1:54002 - "POST /v1/completions HTTP/1.1" 200 OK
INFO:     127.0.0.1:54004 - "POST /v1/completions HTTP/1.1" 200 OK
INFO:     127.0.0.1:54006 - "POST /v1/completions HTTP/1.1" 200 OK
INFO:     127.0.0.1:54012 - "POST /v1/completions HTTP/1.1" 200 OK
INFO:     127.0.0.1:54026 - "POST /v1/completions HTTP/1.1" 200 OK
INFO:     127.0.0.1:54028 - "POST /v1/completions HTTP/1.1" 200 OK
INFO:     127.0.0.1:54042 - "POST /v1/completions HTTP/1.1" 200 OK
INFO:     127.0.0.1:54056 - "POST /v1/completions HTTP/1.1" 200 OK
INFO:     127.0.0.1:54060 - "POST /v1/completions HTTP/1.1" 200 OK
INFO:     127.0.0.1:54070 - "POST /v1/completions HTTP/1.1" 200 OK
INFO:     127.0.0.1:54080 - "POST /v1/completions HTTP/1.1" 200 OK
INFO:     127.0.0.1:54092 - "POST /v1/completions HTTP/1.1" 200 OK
INFO:     127.0.0.1:54096 - "POST /v1/completions HTTP/1.1" 200 OK
INFO:     127.0.0.1:54102 - "POST /v1/completions HTTP/1.1" 200 OK
INFO:     127.0.0.1:54112 - "POST /v1/completions HTTP/1.1" 200 OK
INFO:     127.0.0.1:54126 - "POST /v1/completions HTTP/1.1" 200 OK
INFO:     127.0.0.1:54130 - "POST /v1/completions HTTP/1.1" 200 OK
INFO:     127.0.0.1:54138 - "POST /v1/completions HTTP/1.1" 200 OK
INFO:     127.0.0.1:54150 - "POST /v1/completions HTTP/1.1" 200 OK
INFO:     127.0.0.1:54160 - "POST /v1/completions HTTP/1.1" 200 OK
INFO:     127.0.0.1:54162 - "POST /v1/completions HTTP/1.1" 200 OK
INFO:     127.0.0.1:54174 - "POST /v1/completions HTTP/1.1" 200 OK
INFO:     127.0.0.1:54184 - "POST /v1/completions HTTP/1.1" 200 OK
INFO:     127.0.0.1:54190 - "POST /v1/completions HTTP/1.1" 200 OK
INFO:     127.0.0.1:54194 - "POST /v1/completions HTTP/1.1" 200 OK
INFO:     127.0.0.1:54210 - "POST /v1/completions HTTP/1.1" 200 OK
INFO:     127.0.0.1:54212 - "POST /v1/completions HTTP/1.1" 200 OK
INFO:     127.0.0.1:54222 - "POST /v1/completions HTTP/1.1" 200 OK
INFO:     127.0.0.1:54230 - "POST /v1/completions HTTP/1.1" 200 OK
INFO:     127.0.0.1:54246 - "POST /v1/completions HTTP/1.1" 200 OK
INFO:     127.0.0.1:54256 - "POST /v1/completions HTTP/1.1" 200 OK
INFO:     127.0.0.1:54260 - "POST /v1/completions HTTP/1.1" 200 OK
INFO:     127.0.0.1:54266 - "POST /v1/completions HTTP/1.1" 200 OK
INFO:     127.0.0.1:54268 - "POST /v1/completions HTTP/1.1" 200 OK
INFO:     127.0.0.1:54276 - "POST /v1/completions HTTP/1.1" 200 OK
INFO:     127.0.0.1:54278 - "POST /v1/completions HTTP/1.1" 200 OK
INFO:     127.0.0.1:54286 - "POST /v1/completions HTTP/1.1" 200 OK
INFO:     127.0.0.1:54294 - "POST /v1/completions HTTP/1.1" 200 OK
INFO:     127.0.0.1:54304 - "POST /v1/completions HTTP/1.1" 200 OK
INFO:     127.0.0.1:54308 - "POST /v1/completions HTTP/1.1" 200 OK
INFO:     127.0.0.1:54316 - "POST /v1/completions HTTP/1.1" 200 OK
INFO:     127.0.0.1:54332 - "POST /v1/completions HTTP/1.1" 200 OK
INFO:     127.0.0.1:54348 - "POST /v1/completions HTTP/1.1" 200 OK
INFO:     127.0.0.1:54364 - "POST /v1/completions HTTP/1.1" 200 OK
INFO:     127.0.0.1:54368 - "POST /v1/completions HTTP/1.1" 200 OK
INFO:     127.0.0.1:54370 - "POST /v1/completions HTTP/1.1" 200 OK
INFO:     127.0.0.1:54386 - "POST /v1/completions HTTP/1.1" 200 OK
INFO:     127.0.0.1:54394 - "POST /v1/completions HTTP/1.1" 200 OK
INFO:     127.0.0.1:54410 - "POST /v1/completions HTTP/1.1" 200 OK
INFO:     127.0.0.1:54418 - "POST /v1/completions HTTP/1.1" 200 OK
INFO:     127.0.0.1:54434 - "POST /v1/completions HTTP/1.1" 200 OK
INFO:     127.0.0.1:54436 - "POST /v1/completions HTTP/1.1" 200 OK
INFO:     127.0.0.1:54452 - "POST /v1/completions HTTP/1.1" 200 OK
INFO:     127.0.0.1:54454 - "POST /v1/completions HTTP/1.1" 200 OK
INFO:     127.0.0.1:54458 - "POST /v1/completions HTTP/1.1" 200 OK
INFO:     127.0.0.1:54460 - "POST /v1/completions HTTP/1.1" 200 OK
INFO:     127.0.0.1:54468 - "POST /v1/completions HTTP/1.1" 200 OK
INFO:     127.0.0.1:54484 - "POST /v1/completions HTTP/1.1" 200 OK
INFO:     127.0.0.1:54496 - "POST /v1/completions HTTP/1.1" 200 OK
INFO:     127.0.0.1:54504 - "POST /v1/completions HTTP/1.1" 200 OK
INFO:     127.0.0.1:54508 - "POST /v1/completions HTTP/1.1" 200 OK
INFO:     127.0.0.1:54510 - "POST /v1/completions HTTP/1.1" 200 OK
INFO:     127.0.0.1:54520 - "POST /v1/completions HTTP/1.1" 200 OK
INFO:     127.0.0.1:54528 - "POST /v1/completions HTTP/1.1" 200 OK
INFO:     127.0.0.1:54538 - "POST /v1/completions HTTP/1.1" 200 OK
INFO:     127.0.0.1:54548 - "POST /v1/completions HTTP/1.1" 200 OK
INFO:     127.0.0.1:54554 - "POST /v1/completions HTTP/1.1" 200 OK
INFO:     127.0.0.1:54562 - "POST /v1/completions HTTP/1.1" 200 OK
INFO:     127.0.0.1:54568 - "POST /v1/completions HTTP/1.1" 200 OK
INFO:     127.0.0.1:54572 - "POST /v1/completions HTTP/1.1" 200 OK
INFO:     127.0.0.1:54584 - "POST /v1/completions HTTP/1.1" 200 OK
INFO:     127.0.0.1:54592 - "POST /v1/completions HTTP/1.1" 200 OK
INFO:     127.0.0.1:54604 - "POST /v1/completions HTTP/1.1" 200 OK
INFO:     127.0.0.1:54616 - "POST /v1/completions HTTP/1.1" 200 OK
INFO:     127.0.0.1:54620 - "POST /v1/completions HTTP/1.1" 200 OK
INFO:     127.0.0.1:54624 - "POST /v1/completions HTTP/1.1" 200 OK
INFO:     127.0.0.1:54632 - "POST /v1/completions HTTP/1.1" 200 OK
INFO:     127.0.0.1:54642 - "POST /v1/completions HTTP/1.1" 200 OK
INFO:     127.0.0.1:54654 - "POST /v1/completions HTTP/1.1" 503 Service Unavailable
INFO:     127.0.0.1:54668 - "POST /v1/completions HTTP/1.1" 503 Service Unavailable
INFO:     127.0.0.1:54684 - "POST /v1/completions HTTP/1.1" 503 Service Unavailable
Metrics update failed for http://localhost:8002: 
INFO:     127.0.0.1:54686 - "POST /v1/completions HTTP/1.1" 503 Service Unavailable
INFO:     127.0.0.1:54696 - "POST /v1/completions HTTP/1.1" 503 Service Unavailable
INFO:     127.0.0.1:54710 - "POST /v1/completions HTTP/1.1" 503 Service Unavailable
INFO:     127.0.0.1:54720 - "POST /v1/completions HTTP/1.1" 503 Service Unavailable
INFO:     127.0.0.1:54730 - "POST /v1/completions HTTP/1.1" 503 Service Unavailable
INFO:     127.0.0.1:54738 - "POST /v1/completions HTTP/1.1" 503 Service Unavailable
INFO:     127.0.0.1:54744 - "POST /v1/completions HTTP/1.1" 503 Service Unavailable
INFO:     127.0.0.1:54748 - "POST /v1/completions HTTP/1.1" 503 Service Unavailable
INFO:     127.0.0.1:54754 - "POST /v1/completions HTTP/1.1" 503 Service Unavailable
INFO:     127.0.0.1:35116 - "POST /v1/completions HTTP/1.1" 503 Service Unavailable
INFO:     127.0.0.1:35132 - "POST /v1/completions HTTP/1.1" 503 Service Unavailable
INFO:     127.0.0.1:35146 - "POST /v1/completions HTTP/1.1" 503 Service Unavailable
INFO:     127.0.0.1:35152 - "POST /v1/completions HTTP/1.1" 503 Service Unavailable
INFO:     127.0.0.1:35158 - "POST /v1/completions HTTP/1.1" 503 Service Unavailable
INFO:     127.0.0.1:35164 - "POST /v1/completions HTTP/1.1" 503 Service Unavailable
INFO:     127.0.0.1:35180 - "POST /v1/completions HTTP/1.1" 503 Service Unavailable
INFO:     127.0.0.1:35192 - "POST /v1/completions HTTP/1.1" 503 Service Unavailable
INFO:     127.0.0.1:35194 - "POST /v1/completions HTTP/1.1" 503 Service Unavailable
INFO:     127.0.0.1:35198 - "POST /v1/completions HTTP/1.1" 503 Service Unavailable
INFO:     127.0.0.1:35204 - "POST /v1/completions HTTP/1.1" 503 Service Unavailable
INFO:     127.0.0.1:35208 - "POST /v1/completions HTTP/1.1" 503 Service Unavailable
INFO:     127.0.0.1:35216 - "POST /v1/completions HTTP/1.1" 503 Service Unavailable
INFO:     127.0.0.1:35226 - "POST /v1/completions HTTP/1.1" 503 Service Unavailable
INFO:     127.0.0.1:35230 - "POST /v1/completions HTTP/1.1" 503 Service Unavailable
INFO:     127.0.0.1:35244 - "POST /v1/completions HTTP/1.1" 503 Service Unavailable
INFO:     127.0.0.1:35258 - "POST /v1/completions HTTP/1.1" 503 Service Unavailable
INFO:     127.0.0.1:35268 - "POST /v1/completions HTTP/1.1" 503 Service Unavailable
INFO:     127.0.0.1:35282 - "POST /v1/completions HTTP/1.1" 503 Service Unavailable
INFO:     127.0.0.1:35290 - "POST /v1/completions HTTP/1.1" 503 Service Unavailable
INFO:     127.0.0.1:35302 - "POST /v1/completions HTTP/1.1" 503 Service Unavailable
INFO:     127.0.0.1:35318 - "POST /v1/completions HTTP/1.1" 503 Service Unavailable
INFO:     127.0.0.1:35332 - "POST /v1/completions HTTP/1.1" 503 Service Unavailable
INFO:     127.0.0.1:35344 - "POST /v1/completions HTTP/1.1" 503 Service Unavailable
INFO:     127.0.0.1:35348 - "POST /v1/completions HTTP/1.1" 503 Service Unavailable
INFO:     127.0.0.1:35352 - "POST /v1/completions HTTP/1.1" 503 Service Unavailable
INFO:     127.0.0.1:35388 - "POST /v1/completions HTTP/1.1" 503 Service Unavailable
INFO:     127.0.0.1:35392 - "POST /v1/completions HTTP/1.1" 503 Service Unavailable
INFO:     127.0.0.1:35404 - "POST /v1/completions HTTP/1.1" 503 Service Unavailable
INFO:     127.0.0.1:35414 - "POST /v1/completions HTTP/1.1" 503 Service Unavailable
INFO:     127.0.0.1:35428 - "POST /v1/completions HTTP/1.1" 503 Service Unavailable
INFO:     127.0.0.1:35434 - "POST /v1/completions HTTP/1.1" 503 Service Unavailable
INFO:     127.0.0.1:35442 - "POST /v1/completions HTTP/1.1" 503 Service Unavailable
INFO:     127.0.0.1:35458 - "POST /v1/completions HTTP/1.1" 503 Service Unavailable
INFO:     127.0.0.1:35504 - "POST /v1/completions HTTP/1.1" 503 Service Unavailable
INFO:     127.0.0.1:35520 - "POST /v1/completions HTTP/1.1" 503 Service Unavailable
INFO:     127.0.0.1:35524 - "POST /v1/completions HTTP/1.1" 503 Service Unavailable
INFO:     127.0.0.1:35526 - "POST /v1/completions HTTP/1.1" 503 Service Unavailable
INFO:     127.0.0.1:35538 - "POST /v1/completions HTTP/1.1" 503 Service Unavailable
INFO:     127.0.0.1:35546 - "POST /v1/completions HTTP/1.1" 503 Service Unavailable
INFO:     127.0.0.1:35552 - "POST /v1/completions HTTP/1.1" 503 Service Unavailable
INFO:     127.0.0.1:35560 - "POST /v1/completions HTTP/1.1" 503 Service Unavailable
INFO:     127.0.0.1:35576 - "POST /v1/completions HTTP/1.1" 503 Service Unavailable
INFO:     127.0.0.1:35574 - "POST /v1/completions HTTP/1.1" 503 Service Unavailable
INFO:     127.0.0.1:35582 - "POST /v1/completions HTTP/1.1" 503 Service Unavailable
INFO:     127.0.0.1:35594 - "POST /v1/completions HTTP/1.1" 503 Service Unavailable
INFO:     127.0.0.1:35600 - "POST /v1/completions HTTP/1.1" 503 Service Unavailable
INFO:     127.0.0.1:35620 - "POST /v1/completions HTTP/1.1" 503 Service Unavailable
INFO:     127.0.0.1:35626 - "POST /v1/completions HTTP/1.1" 503 Service Unavailable
INFO:     127.0.0.1:35648 - "POST /v1/completions HTTP/1.1" 503 Service Unavailable
INFO:     127.0.0.1:35732 - "POST /v1/completions HTTP/1.1" 503 Service Unavailable
INFO:     127.0.0.1:35784 - "POST /v1/completions HTTP/1.1" 503 Service Unavailable
INFO:     127.0.0.1:35756 - "POST /v1/completions HTTP/1.1" 503 Service Unavailable
INFO:     127.0.0.1:35772 - "POST /v1/completions HTTP/1.1" 503 Service Unavailable
INFO:     127.0.0.1:35790 - "POST /v1/completions HTTP/1.1" 503 Service Unavailable
INFO:     127.0.0.1:35746 - "POST /v1/completions HTTP/1.1" 503 Service Unavailable
INFO:     127.0.0.1:35794 - "POST /v1/completions HTTP/1.1" 503 Service Unavailable
INFO:     127.0.0.1:35796 - "POST /v1/completions HTTP/1.1" 503 Service Unavailable
Worker: http://localhost:8001, Running: 0.0, Waiting: 0.0
Worker: http://localhost:8001, qlen: 0.0
Worker: http://localhost:8001, Tokens: 0.0
Selected worker: http://localhost:8001
Worker: http://localhost:8001, Running: 0.0, Waiting: 0.0
Worker: http://localhost:8001, qlen: 0.0
Worker: http://localhost:8001, Tokens: 8.0
Selected worker: http://localhost:8001
INFO:     127.0.0.1:35890 - "POST /v1/completions HTTP/1.1" 200 OK
INFO:     127.0.0.1:35902 - "POST /v1/completions HTTP/1.1" 200 OK
Metrics update failed for http://localhost:8002: [Errno 24] Too many open files
Worker: http://localhost:8001, Running: 0.0, Waiting: 0.0
Worker: http://localhost:8001, qlen: 0.0
Worker: http://localhost:8001, Tokens: 54.0
Selected worker: http://localhost:8001
INFO:     127.0.0.1:35912 - "POST /v1/completions HTTP/1.1" 200 OK
Worker: http://localhost:8001, Running: 0.0, Waiting: 0.0
Worker: http://localhost:8001, qlen: 0.0
Worker: http://localhost:8001, Tokens: 1612.0
Selected worker: http://localhost:8001
INFO:     127.0.0.1:35916 - "POST /v1/completions HTTP/1.1" 200 OK
Worker: http://localhost:8001, Running: 0.0, Waiting: 0.0
Worker: http://localhost:8001, qlen: 0.0
Worker: http://localhost:8001, Tokens: 1614.0
Selected worker: http://localhost:8001
INFO:     127.0.0.1:35928 - "POST /v1/completions HTTP/1.1" 200 OK
Worker: http://localhost:8001, Running: 0.0, Waiting: 0.0
Worker: http://localhost:8001, qlen: 0.0
Worker: http://localhost:8001, Tokens: 1599.0
Selected worker: http://localhost:8001
INFO:     127.0.0.1:35942 - "POST /v1/completions HTTP/1.1" 200 OK
Worker: http://localhost:8001, Running: 0.0, Waiting: 0.0
Worker: http://localhost:8001, qlen: 0.0
Worker: http://localhost:8001, Tokens: 3258.0
Selected worker: http://localhost:8001
INFO:     127.0.0.1:35948 - "POST /v1/completions HTTP/1.1" 200 OK
Worker: http://localhost:8001, Running: 0.0, Waiting: 0.0
Worker: http://localhost:8001, qlen: 0.0
Worker: http://localhost:8001, Tokens: 3303.0
Selected worker: http://localhost:8001
INFO:     127.0.0.1:35956 - "POST /v1/completions HTTP/1.1" 200 OK
Worker: http://localhost:8001, Running: 0.0, Waiting: 0.0
Worker: http://localhost:8001, qlen: 0.0
Worker: http://localhost:8001, Tokens: 3340.0
Selected worker: http://localhost:8001
INFO:     127.0.0.1:35962 - "POST /v1/completions HTTP/1.1" 200 OK
Worker: http://localhost:8001, Running: 0.0, Waiting: 0.0
Worker: http://localhost:8001, qlen: 0.0
Worker: http://localhost:8001, Tokens: 7857.0
Selected worker: http://localhost:8001
INFO:     127.0.0.1:35978 - "POST /v1/completions HTTP/1.1" 200 OK
Worker: http://localhost:8001, Running: 0.0, Waiting: 0.0
Worker: http://localhost:8001, qlen: 0.0
Worker: http://localhost:8001, Tokens: 7898.0
Selected worker: http://localhost:8001
INFO:     127.0.0.1:35994 - "POST /v1/completions HTTP/1.1" 200 OK
Worker: http://localhost:8001, Running: 0.0, Waiting: 0.0
Worker: http://localhost:8001, qlen: 0.0
Worker: http://localhost:8001, Tokens: 8926.0
Selected worker: http://localhost:8001
INFO:     127.0.0.1:36008 - "POST /v1/completions HTTP/1.1" 200 OK
Worker: http://localhost:8001, Running: 0.0, Waiting: 0.0
Worker: http://localhost:8001, qlen: 0.0
Worker: http://localhost:8001, Tokens: 7632.0
Selected worker: http://localhost:8001
INFO:     127.0.0.1:36016 - "POST /v1/completions HTTP/1.1" 200 OK
Worker: http://localhost:8001, Running: 1.0, Waiting: 213.0
Worker: http://localhost:8001, qlen: 1.0
Worker: http://localhost:8001, Tokens: 6256.0
Selected worker: http://localhost:8001
INFO:     127.0.0.1:36018 - "POST /v1/completions HTTP/1.1" 200 OK
Worker: http://localhost:8001, Running: 1.0, Waiting: 213.0
Worker: http://localhost:8001, qlen: 1.0
Worker: http://localhost:8001, Tokens: 6257.0
Selected worker: http://localhost:8001
INFO:     127.0.0.1:36024 - "POST /v1/completions HTTP/1.1" 200 OK
Worker: http://localhost:8001, Running: 1.0, Waiting: 213.0
Worker: http://localhost:8001, qlen: 1.0
Worker: http://localhost:8001, Tokens: 6270.0
Selected worker: http://localhost:8001
INFO:     127.0.0.1:36040 - "POST /v1/completions HTTP/1.1" 200 OK
Worker: http://localhost:8001, Running: 1.0, Waiting: 213.0
Worker: http://localhost:8001, qlen: 1.0
Worker: http://localhost:8001, Tokens: 4951.0
Selected worker: http://localhost:8001
INFO:     127.0.0.1:36042 - "POST /v1/completions HTTP/1.1" 200 OK
Worker: http://localhost:8001, Running: 1.0, Waiting: 213.0
Worker: http://localhost:8001, qlen: 1.0
Worker: http://localhost:8001, Tokens: 6043.0
Selected worker: http://localhost:8001
INFO:     127.0.0.1:36050 - "POST /v1/completions HTTP/1.1" 200 OK
Worker: http://localhost:8001, Running: 1.0, Waiting: 213.0
Worker: http://localhost:8001, qlen: 1.0
Worker: http://localhost:8001, Tokens: 4771.0
Selected worker: http://localhost:8001
INFO:     127.0.0.1:36062 - "POST /v1/completions HTTP/1.1" 200 OK
Worker: http://localhost:8001, Running: 1.0, Waiting: 213.0
Worker: http://localhost:8001, qlen: 1.0
Worker: http://localhost:8001, Tokens: 6827.0
Selected worker: http://localhost:8001
INFO:     127.0.0.1:36072 - "POST /v1/completions HTTP/1.1" 200 OK
Worker: http://localhost:8001, Running: 1.0, Waiting: 213.0
Worker: http://localhost:8001, qlen: 1.0
Worker: http://localhost:8001, Tokens: 6836.0
Selected worker: http://localhost:8001
INFO:     127.0.0.1:36086 - "POST /v1/completions HTTP/1.1" 200 OK
Worker: http://localhost:8001, Running: 1.0, Waiting: 213.0
Worker: http://localhost:8001, qlen: 1.0
Worker: http://localhost:8001, Tokens: 6842.0
Selected worker: http://localhost:8001
INFO:     127.0.0.1:36092 - "POST /v1/completions HTTP/1.1" 200 OK
Worker: http://localhost:8001, Running: 1.0, Waiting: 213.0
Worker: http://localhost:8001, qlen: 1.0
Worker: http://localhost:8001, Tokens: 7989.0
Selected worker: http://localhost:8001
INFO:     127.0.0.1:36102 - "POST /v1/completions HTTP/1.1" 200 OK
Worker: http://localhost:8001, Running: 1.0, Waiting: 213.0
Worker: http://localhost:8001, qlen: 1.0
Worker: http://localhost:8001, Tokens: 7995.0
Selected worker: http://localhost:8001
INFO:     127.0.0.1:36104 - "POST /v1/completions HTTP/1.1" 200 OK
Worker: http://localhost:8001, Running: 1.0, Waiting: 213.0
Worker: http://localhost:8001, qlen: 1.0
Worker: http://localhost:8001, Tokens: 7998.0
Selected worker: http://localhost:8001
INFO:     127.0.0.1:36118 - "POST /v1/completions HTTP/1.1" 200 OK
Worker: http://localhost:8001, Running: 1.0, Waiting: 213.0
Worker: http://localhost:8001, qlen: 1.0
Worker: http://localhost:8001, Tokens: 8046.0
Worker: http://localhost:8002, Running: 1.0, Waiting: 214.0
Worker: http://localhost:8002, qlen: 1.0
Worker: http://localhost:8002, Tokens: 15881.0
Selected worker: http://localhost:8001
INFO:     127.0.0.1:36132 - "POST /v1/completions HTTP/1.1" 200 OK
Worker: http://localhost:8001, Running: 1.0, Waiting: 213.0
Worker: http://localhost:8001, qlen: 1.0
Worker: http://localhost:8001, Tokens: 5783.0
Worker: http://localhost:8002, Running: 1.0, Waiting: 214.0
Worker: http://localhost:8002, qlen: 1.0
Worker: http://localhost:8002, Tokens: 12824.0
Selected worker: http://localhost:8002
INFO:     127.0.0.1:36146 - "POST /v1/completions HTTP/1.1" 200 OK
Worker: http://localhost:8001, Running: 1.0, Waiting: 213.0
Worker: http://localhost:8001, qlen: 1.0
Worker: http://localhost:8001, Tokens: 5783.0
Worker: http://localhost:8002, Running: 1.0, Waiting: 214.0
Worker: http://localhost:8002, qlen: 1.0
Worker: http://localhost:8002, Tokens: 12831.0
Selected worker: http://localhost:8001
INFO:     127.0.0.1:36158 - "POST /v1/completions HTTP/1.1" 200 OK
Worker: http://localhost:8001, Running: 1.0, Waiting: 213.0
Worker: http://localhost:8001, qlen: 1.0
Worker: http://localhost:8001, Tokens: 4661.0
Worker: http://localhost:8002, Running: 1.0, Waiting: 214.0
Worker: http://localhost:8002, qlen: 1.0
Worker: http://localhost:8002, Tokens: 11573.0
Selected worker: http://localhost:8002
INFO:     127.0.0.1:36160 - "POST /v1/completions HTTP/1.1" 200 OK
Worker: http://localhost:8001, Running: 1.0, Waiting: 213.0
Worker: http://localhost:8001, qlen: 1.0
Worker: http://localhost:8001, Tokens: 4661.0
Worker: http://localhost:8002, Running: 1.0, Waiting: 214.0
Worker: http://localhost:8002, qlen: 1.0
Worker: http://localhost:8002, Tokens: 11613.0
Selected worker: http://localhost:8002
INFO:     127.0.0.1:36172 - "POST /v1/completions HTTP/1.1" 200 OK
Worker: http://localhost:8001, Running: 1.0, Waiting: 213.0
Worker: http://localhost:8001, qlen: 1.0
Worker: http://localhost:8001, Tokens: 4661.0
Worker: http://localhost:8002, Running: 1.0, Waiting: 214.0
Worker: http://localhost:8002, qlen: 1.0
Worker: http://localhost:8002, Tokens: 11622.0
Selected worker: http://localhost:8002
INFO:     127.0.0.1:36174 - "POST /v1/completions HTTP/1.1" 200 OK
Worker: http://localhost:8001, Running: 1.0, Waiting: 213.0
Worker: http://localhost:8001, qlen: 1.0
Worker: http://localhost:8001, Tokens: 4661.0
Worker: http://localhost:8002, Running: 1.0, Waiting: 214.0
Worker: http://localhost:8002, qlen: 1.0
Worker: http://localhost:8002, Tokens: 11658.0
Selected worker: http://localhost:8001
INFO:     127.0.0.1:36190 - "POST /v1/completions HTTP/1.1" 200 OK
Worker: http://localhost:8001, Running: 1.0, Waiting: 213.0
Worker: http://localhost:8001, qlen: 1.0
Worker: http://localhost:8001, Tokens: 4705.0
Worker: http://localhost:8002, Running: 1.0, Waiting: 214.0
Worker: http://localhost:8002, qlen: 1.0
Worker: http://localhost:8002, Tokens: 9658.0
Selected worker: http://localhost:8002
INFO:     127.0.0.1:36194 - "POST /v1/completions HTTP/1.1" 200 OK
Worker: http://localhost:8001, Running: 1.0, Waiting: 213.0
Worker: http://localhost:8001, qlen: 1.0
Worker: http://localhost:8001, Tokens: 4705.0
Worker: http://localhost:8002, Running: 1.0, Waiting: 214.0
Worker: http://localhost:8002, qlen: 1.0
Worker: http://localhost:8002, Tokens: 9670.0
Selected worker: http://localhost:8001
INFO:     127.0.0.1:36196 - "POST /v1/completions HTTP/1.1" 200 OK
Worker: http://localhost:8001, Running: 1.0, Waiting: 213.0
Worker: http://localhost:8001, qlen: 1.0
Worker: http://localhost:8001, Tokens: 4749.0
Worker: http://localhost:8002, Running: 1.0, Waiting: 214.0
Worker: http://localhost:8002, qlen: 1.0
Worker: http://localhost:8002, Tokens: 9670.0
Selected worker: http://localhost:8002
INFO:     127.0.0.1:36208 - "POST /v1/completions HTTP/1.1" 200 OK
Worker: http://localhost:8001, Running: 1.0, Waiting: 213.0
Worker: http://localhost:8001, qlen: 1.0
Worker: http://localhost:8001, Tokens: 4749.0
Worker: http://localhost:8002, Running: 1.0, Waiting: 214.0
Worker: http://localhost:8002, qlen: 1.0
Worker: http://localhost:8002, Tokens: 10977.0
Selected worker: http://localhost:8001
INFO:     127.0.0.1:36224 - "POST /v1/completions HTTP/1.1" 200 OK
Worker: http://localhost:8001, Running: 1.0, Waiting: 213.0
Worker: http://localhost:8001, qlen: 1.0
Worker: http://localhost:8001, Tokens: 2316.0
Worker: http://localhost:8002, Running: 1.0, Waiting: 214.0
Worker: http://localhost:8002, qlen: 1.0
Worker: http://localhost:8002, Tokens: 10977.0
Selected worker: http://localhost:8001
INFO:     127.0.0.1:36232 - "POST /v1/completions HTTP/1.1" 200 OK
Worker: http://localhost:8001, Running: 1.0, Waiting: 210.0
Worker: http://localhost:8001, qlen: 1.0
Worker: http://localhost:8001, Tokens: 21235.0
Worker: http://localhost:8002, Running: 1.0, Waiting: 214.0
Worker: http://localhost:8002, qlen: 1.0
Worker: http://localhost:8002, Tokens: 10977.0
Selected worker: http://localhost:8001
INFO:     127.0.0.1:36244 - "POST /v1/completions HTTP/1.1" 200 OK
Worker: http://localhost:8001, Running: 1.0, Waiting: 210.0
Worker: http://localhost:8001, qlen: 1.0
Worker: http://localhost:8001, Tokens: 21251.0
Worker: http://localhost:8002, Running: 1.0, Waiting: 214.0
Worker: http://localhost:8002, qlen: 1.0
Worker: http://localhost:8002, Tokens: 10977.0
Selected worker: http://localhost:8001
INFO:     127.0.0.1:36246 - "POST /v1/completions HTTP/1.1" 200 OK
Worker: http://localhost:8001, Running: 1.0, Waiting: 210.0
Worker: http://localhost:8001, qlen: 1.0
Worker: http://localhost:8001, Tokens: 21113.0
Worker: http://localhost:8002, Running: 1.0, Waiting: 214.0
Worker: http://localhost:8002, qlen: 1.0
Worker: http://localhost:8002, Tokens: 7613.0
Selected worker: http://localhost:8002
INFO:     127.0.0.1:36256 - "POST /v1/completions HTTP/1.1" 200 OK
Worker: http://localhost:8001, Running: 1.0, Waiting: 210.0
Worker: http://localhost:8001, qlen: 1.0
Worker: http://localhost:8001, Tokens: 21113.0
Worker: http://localhost:8002, Running: 1.0, Waiting: 214.0
Worker: http://localhost:8002, qlen: 1.0
Worker: http://localhost:8002, Tokens: 7616.0
Selected worker: http://localhost:8002
INFO:     127.0.0.1:36270 - "POST /v1/completions HTTP/1.1" 200 OK
Worker: http://localhost:8001, Running: 1.0, Waiting: 210.0
Worker: http://localhost:8001, qlen: 1.0
Worker: http://localhost:8001, Tokens: 18548.0
Worker: http://localhost:8002, Running: 1.0, Waiting: 214.0
Worker: http://localhost:8002, qlen: 1.0
Worker: http://localhost:8002, Tokens: 7625.0
Selected worker: http://localhost:8002
INFO:     127.0.0.1:36286 - "POST /v1/completions HTTP/1.1" 200 OK
Worker: http://localhost:8001, Running: 1.0, Waiting: 210.0
Worker: http://localhost:8001, qlen: 1.0
Worker: http://localhost:8001, Tokens: 18548.0
Worker: http://localhost:8002, Running: 1.0, Waiting: 214.0
Worker: http://localhost:8002, qlen: 1.0
Worker: http://localhost:8002, Tokens: 7634.0
Selected worker: http://localhost:8002
INFO:     127.0.0.1:36290 - "POST /v1/completions HTTP/1.1" 200 OK
Worker: http://localhost:8001, Running: 1.0, Waiting: 210.0
Worker: http://localhost:8001, qlen: 1.0
Worker: http://localhost:8001, Tokens: 18548.0
Worker: http://localhost:8002, Running: 1.0, Waiting: 214.0
Worker: http://localhost:8002, qlen: 1.0
Worker: http://localhost:8002, Tokens: 7644.0
Selected worker: http://localhost:8001
INFO:     127.0.0.1:36302 - "POST /v1/completions HTTP/1.1" 200 OK
Worker: http://localhost:8001, Running: 1.0, Waiting: 210.0
Worker: http://localhost:8001, qlen: 1.0
Worker: http://localhost:8001, Tokens: 18582.0
Worker: http://localhost:8002, Running: 1.0, Waiting: 214.0
Worker: http://localhost:8002, qlen: 1.0
Worker: http://localhost:8002, Tokens: 7644.0
Selected worker: http://localhost:8002
INFO:     127.0.0.1:36306 - "POST /v1/completions HTTP/1.1" 200 OK
Worker: http://localhost:8001, Running: 1.0, Waiting: 210.0
Worker: http://localhost:8001, qlen: 1.0
Worker: http://localhost:8001, Tokens: 18582.0
Worker: http://localhost:8002, Running: 1.0, Waiting: 214.0
Worker: http://localhost:8002, qlen: 1.0
Worker: http://localhost:8002, Tokens: 5802.0
Selected worker: http://localhost:8001
INFO:     127.0.0.1:36318 - "POST /v1/completions HTTP/1.1" 200 OK
Worker: http://localhost:8001, Running: 1.0, Waiting: 210.0
Worker: http://localhost:8001, qlen: 1.0
Worker: http://localhost:8001, Tokens: 18583.0
Worker: http://localhost:8002, Running: 1.0, Waiting: 214.0
Worker: http://localhost:8002, qlen: 1.0
Worker: http://localhost:8002, Tokens: 5802.0
Selected worker: http://localhost:8001
INFO:     127.0.0.1:36322 - "POST /v1/completions HTTP/1.1" 200 OK
Worker: http://localhost:8001, Running: 1.0, Waiting: 210.0
Worker: http://localhost:8001, qlen: 1.0
Worker: http://localhost:8001, Tokens: 18603.0
Worker: http://localhost:8002, Running: 1.0, Waiting: 214.0
Worker: http://localhost:8002, qlen: 1.0
Worker: http://localhost:8002, Tokens: 5802.0
Selected worker: http://localhost:8002
INFO:     127.0.0.1:36334 - "POST /v1/completions HTTP/1.1" 200 OK
Worker: http://localhost:8001, Running: 1.0, Waiting: 210.0
Worker: http://localhost:8001, qlen: 1.0
Worker: http://localhost:8001, Tokens: 18603.0
Worker: http://localhost:8002, Running: 1.0, Waiting: 214.0
Worker: http://localhost:8002, qlen: 1.0
Worker: http://localhost:8002, Tokens: 5808.0
Selected worker: http://localhost:8002
INFO:     127.0.0.1:36346 - "POST /v1/completions HTTP/1.1" 200 OK
Worker: http://localhost:8001, Running: 1.0, Waiting: 210.0
Worker: http://localhost:8001, qlen: 1.0
Worker: http://localhost:8001, Tokens: 16041.0
Worker: http://localhost:8002, Running: 1.0, Waiting: 197.0
Worker: http://localhost:8002, qlen: 1.0
Worker: http://localhost:8002, Tokens: 29108.0
Selected worker: http://localhost:8002
INFO:     127.0.0.1:36360 - "POST /v1/completions HTTP/1.1" 200 OK
Worker: http://localhost:8001, Running: 1.0, Waiting: 210.0
Worker: http://localhost:8001, qlen: 1.0
Worker: http://localhost:8001, Tokens: 16041.0
Worker: http://localhost:8002, Running: 1.0, Waiting: 197.0
Worker: http://localhost:8002, qlen: 1.0
Worker: http://localhost:8002, Tokens: 29120.0
Selected worker: http://localhost:8001
INFO:     127.0.0.1:36366 - "POST /v1/completions HTTP/1.1" 200 OK
Worker: http://localhost:8001, Running: 1.0, Waiting: 210.0
Worker: http://localhost:8001, qlen: 1.0
Worker: http://localhost:8001, Tokens: 16059.0
Worker: http://localhost:8002, Running: 1.0, Waiting: 197.0
Worker: http://localhost:8002, qlen: 1.0
Worker: http://localhost:8002, Tokens: 29120.0
Selected worker: http://localhost:8001
INFO:     127.0.0.1:36370 - "POST /v1/completions HTTP/1.1" 200 OK
Worker: http://localhost:8001, Running: 1.0, Waiting: 210.0
Worker: http://localhost:8001, qlen: 1.0
Worker: http://localhost:8001, Tokens: 14958.0
Worker: http://localhost:8002, Running: 1.0, Waiting: 197.0
Worker: http://localhost:8002, qlen: 1.0
Worker: http://localhost:8002, Tokens: 27272.0
Selected worker: http://localhost:8002
INFO:     127.0.0.1:36378 - "POST /v1/completions HTTP/1.1" 200 OK
Worker: http://localhost:8001, Running: 1.0, Waiting: 210.0
Worker: http://localhost:8001, qlen: 1.0
Worker: http://localhost:8001, Tokens: 14958.0
Worker: http://localhost:8002, Running: 1.0, Waiting: 197.0
Worker: http://localhost:8002, qlen: 1.0
Worker: http://localhost:8002, Tokens: 27280.0
Selected worker: http://localhost:8002
INFO:     127.0.0.1:36388 - "POST /v1/completions HTTP/1.1" 200 OK
Worker: http://localhost:8001, Running: 1.0, Waiting: 210.0
Worker: http://localhost:8001, qlen: 1.0
Worker: http://localhost:8001, Tokens: 14958.0
Worker: http://localhost:8002, Running: 1.0, Waiting: 197.0
Worker: http://localhost:8002, qlen: 1.0
Worker: http://localhost:8002, Tokens: 27290.0
Selected worker: http://localhost:8002
INFO:     127.0.0.1:36404 - "POST /v1/completions HTTP/1.1" 200 OK
Worker: http://localhost:8001, Running: 1.0, Waiting: 210.0
Worker: http://localhost:8001, qlen: 1.0
Worker: http://localhost:8001, Tokens: 12856.0
Worker: http://localhost:8002, Running: 1.0, Waiting: 197.0
Worker: http://localhost:8002, qlen: 1.0
Worker: http://localhost:8002, Tokens: 25931.0
Selected worker: http://localhost:8001
INFO:     127.0.0.1:36414 - "POST /v1/completions HTTP/1.1" 200 OK
Worker: http://localhost:8001, Running: 1.0, Waiting: 210.0
Worker: http://localhost:8001, qlen: 1.0
Worker: http://localhost:8001, Tokens: 12874.0
Worker: http://localhost:8002, Running: 1.0, Waiting: 197.0
Worker: http://localhost:8002, qlen: 1.0
Worker: http://localhost:8002, Tokens: 25931.0
Selected worker: http://localhost:8002
INFO:     127.0.0.1:36424 - "POST /v1/completions HTTP/1.1" 200 OK
Worker: http://localhost:8001, Running: 1.0, Waiting: 210.0
Worker: http://localhost:8001, qlen: 1.0
Worker: http://localhost:8001, Tokens: 12874.0
Worker: http://localhost:8002, Running: 1.0, Waiting: 197.0
Worker: http://localhost:8002, qlen: 1.0
Worker: http://localhost:8002, Tokens: 25944.0
Selected worker: http://localhost:8001
INFO:     127.0.0.1:36432 - "POST /v1/completions HTTP/1.1" 200 OK
Worker: http://localhost:8001, Running: 1.0, Waiting: 210.0
Worker: http://localhost:8001, qlen: 1.0
Worker: http://localhost:8001, Tokens: 12883.0
Worker: http://localhost:8002, Running: 1.0, Waiting: 197.0
Worker: http://localhost:8002, qlen: 1.0
Worker: http://localhost:8002, Tokens: 25944.0
Selected worker: http://localhost:8002
INFO:     127.0.0.1:36434 - "POST /v1/completions HTTP/1.1" 200 OK
Worker: http://localhost:8001, Running: 1.0, Waiting: 210.0
Worker: http://localhost:8001, qlen: 1.0
Worker: http://localhost:8001, Tokens: 12883.0
Worker: http://localhost:8002, Running: 1.0, Waiting: 197.0
Worker: http://localhost:8002, qlen: 1.0
Worker: http://localhost:8002, Tokens: 25953.0
Selected worker: http://localhost:8001
INFO:     127.0.0.1:36446 - "POST /v1/completions HTTP/1.1" 200 OK
Worker: http://localhost:8001, Running: 1.0, Waiting: 210.0
Worker: http://localhost:8001, qlen: 1.0
Worker: http://localhost:8001, Tokens: 12890.0
Worker: http://localhost:8002, Running: 1.0, Waiting: 197.0
Worker: http://localhost:8002, qlen: 1.0
Worker: http://localhost:8002, Tokens: 25953.0
Selected worker: http://localhost:8002
INFO:     127.0.0.1:36460 - "POST /v1/completions HTTP/1.1" 200 OK
Worker: http://localhost:8001, Running: 1.0, Waiting: 205.0
Worker: http://localhost:8001, qlen: 1.0
Worker: http://localhost:8001, Tokens: 34303.0
Worker: http://localhost:8002, Running: 1.0, Waiting: 197.0
Worker: http://localhost:8002, qlen: 1.0
Worker: http://localhost:8002, Tokens: 27021.0
Selected worker: http://localhost:8002
INFO:     127.0.0.1:36470 - "POST /v1/completions HTTP/1.1" 200 OK
Worker: http://localhost:8001, Running: 1.0, Waiting: 205.0
Worker: http://localhost:8001, qlen: 1.0
Worker: http://localhost:8001, Tokens: 34303.0
Worker: http://localhost:8002, Running: 1.0, Waiting: 197.0
Worker: http://localhost:8002, qlen: 1.0
Worker: http://localhost:8002, Tokens: 27053.0
Selected worker: http://localhost:8001
INFO:     127.0.0.1:36476 - "POST /v1/completions HTTP/1.1" 200 OK
Worker: http://localhost:8001, Running: 1.0, Waiting: 205.0
Worker: http://localhost:8001, qlen: 1.0
Worker: http://localhost:8001, Tokens: 31356.0
Worker: http://localhost:8002, Running: 1.0, Waiting: 197.0
Worker: http://localhost:8002, qlen: 1.0
Worker: http://localhost:8002, Tokens: 25193.0
Selected worker: http://localhost:8002
INFO:     127.0.0.1:36484 - "POST /v1/completions HTTP/1.1" 200 OK
Worker: http://localhost:8001, Running: 1.0, Waiting: 205.0
Worker: http://localhost:8001, qlen: 1.0
Worker: http://localhost:8001, Tokens: 31356.0
Worker: http://localhost:8002, Running: 1.0, Waiting: 197.0
Worker: http://localhost:8002, qlen: 1.0
Worker: http://localhost:8002, Tokens: 25202.0
Selected worker: http://localhost:8001
INFO:     127.0.0.1:36492 - "POST /v1/completions HTTP/1.1" 200 OK
Worker: http://localhost:8001, Running: 1.0, Waiting: 205.0
Worker: http://localhost:8001, qlen: 1.0
Worker: http://localhost:8001, Tokens: 28656.0
Worker: http://localhost:8002, Running: 1.0, Waiting: 197.0
Worker: http://localhost:8002, qlen: 1.0
Worker: http://localhost:8002, Tokens: 25202.0
Selected worker: http://localhost:8002
INFO:     127.0.0.1:36500 - "POST /v1/completions HTTP/1.1" 200 OK
Worker: http://localhost:8001, Running: 1.0, Waiting: 205.0
Worker: http://localhost:8001, qlen: 1.0
Worker: http://localhost:8001, Tokens: 28656.0
Worker: http://localhost:8002, Running: 1.0, Waiting: 197.0
Worker: http://localhost:8002, qlen: 1.0
Worker: http://localhost:8002, Tokens: 22933.0
Selected worker: http://localhost:8001
INFO:     127.0.0.1:36508 - "POST /v1/completions HTTP/1.1" 200 OK
Worker: http://localhost:8001, Running: 1.0, Waiting: 205.0
Worker: http://localhost:8001, qlen: 1.0
Worker: http://localhost:8001, Tokens: 29981.0
Worker: http://localhost:8002, Running: 1.0, Waiting: 197.0
Worker: http://localhost:8002, qlen: 1.0
Worker: http://localhost:8002, Tokens: 22933.0
Selected worker: http://localhost:8001
INFO:     127.0.0.1:36524 - "POST /v1/completions HTTP/1.1" 200 OK
Worker: http://localhost:8001, Running: 1.0, Waiting: 205.0
Worker: http://localhost:8001, qlen: 1.0
Worker: http://localhost:8001, Tokens: 29996.0
Worker: http://localhost:8002, Running: 1.0, Waiting: 197.0
Worker: http://localhost:8002, qlen: 1.0
Worker: http://localhost:8002, Tokens: 22933.0
Selected worker: http://localhost:8002
INFO:     127.0.0.1:36526 - "POST /v1/completions HTTP/1.1" 200 OK
Worker: http://localhost:8001, Running: 1.0, Waiting: 205.0
Worker: http://localhost:8001, qlen: 1.0
Worker: http://localhost:8001, Tokens: 29996.0
Worker: http://localhost:8002, Running: 1.0, Waiting: 197.0
Worker: http://localhost:8002, qlen: 1.0
Worker: http://localhost:8002, Tokens: 22941.0
Selected worker: http://localhost:8001
INFO:     127.0.0.1:36540 - "POST /v1/completions HTTP/1.1" 200 OK
Worker: http://localhost:8001, Running: 1.0, Waiting: 205.0
Worker: http://localhost:8001, qlen: 1.0
Worker: http://localhost:8001, Tokens: 32478.0
Worker: http://localhost:8002, Running: 1.0, Waiting: 197.0
Worker: http://localhost:8002, qlen: 1.0
Worker: http://localhost:8002, Tokens: 22941.0
Selected worker: http://localhost:8002
INFO:     127.0.0.1:36552 - "POST /v1/completions HTTP/1.1" 200 OK
Worker: http://localhost:8001, Running: 1.0, Waiting: 205.0
Worker: http://localhost:8001, qlen: 1.0
Worker: http://localhost:8001, Tokens: 32478.0
Worker: http://localhost:8002, Running: 1.0, Waiting: 197.0
Worker: http://localhost:8002, qlen: 1.0
Worker: http://localhost:8002, Tokens: 22961.0
Selected worker: http://localhost:8002
INFO:     127.0.0.1:36564 - "POST /v1/completions HTTP/1.1" 200 OK
Worker: http://localhost:8001, Running: 1.0, Waiting: 205.0
Worker: http://localhost:8001, qlen: 1.0
Worker: http://localhost:8001, Tokens: 30792.0
Worker: http://localhost:8002, Running: 1.0, Waiting: 197.0
Worker: http://localhost:8002, qlen: 1.0
Worker: http://localhost:8002, Tokens: 24446.0
Selected worker: http://localhost:8001
INFO:     127.0.0.1:36566 - "POST /v1/completions HTTP/1.1" 200 OK
Worker: http://localhost:8001, Running: 1.0, Waiting: 205.0
Worker: http://localhost:8001, qlen: 1.0
Worker: http://localhost:8001, Tokens: 32642.0
Worker: http://localhost:8002, Running: 1.0, Waiting: 185.0
Worker: http://localhost:8002, qlen: 1.0
Worker: http://localhost:8002, Tokens: 42462.0
Selected worker: http://localhost:8002
INFO:     127.0.0.1:36580 - "POST /v1/completions HTTP/1.1" 200 OK
Worker: http://localhost:8001, Running: 1.0, Waiting: 205.0
Worker: http://localhost:8001, qlen: 1.0
Worker: http://localhost:8001, Tokens: 32642.0
Worker: http://localhost:8002, Running: 1.0, Waiting: 185.0
Worker: http://localhost:8002, qlen: 1.0
Worker: http://localhost:8002, Tokens: 42465.0
Selected worker: http://localhost:8002
INFO:     127.0.0.1:36588 - "POST /v1/completions HTTP/1.1" 200 OK
Worker: http://localhost:8001, Running: 1.0, Waiting: 205.0
Worker: http://localhost:8001, qlen: 1.0
Worker: http://localhost:8001, Tokens: 32642.0
Worker: http://localhost:8002, Running: 1.0, Waiting: 185.0
Worker: http://localhost:8002, qlen: 1.0
Worker: http://localhost:8002, Tokens: 42498.0
Selected worker: http://localhost:8001
INFO:     127.0.0.1:36604 - "POST /v1/completions HTTP/1.1" 200 OK
Worker: http://localhost:8001, Running: 1.0, Waiting: 205.0
Worker: http://localhost:8001, qlen: 1.0
Worker: http://localhost:8001, Tokens: 31588.0
Worker: http://localhost:8002, Running: 1.0, Waiting: 185.0
Worker: http://localhost:8002, qlen: 1.0
Worker: http://localhost:8002, Tokens: 40198.0
Selected worker: http://localhost:8001
INFO:     127.0.0.1:36612 - "POST /v1/completions HTTP/1.1" 200 OK
Worker: http://localhost:8001, Running: 1.0, Waiting: 205.0
Worker: http://localhost:8001, qlen: 1.0
Worker: http://localhost:8001, Tokens: 31601.0
Worker: http://localhost:8002, Running: 1.0, Waiting: 185.0
Worker: http://localhost:8002, qlen: 1.0
Worker: http://localhost:8002, Tokens: 40198.0
Selected worker: http://localhost:8002
INFO:     127.0.0.1:36614 - "POST /v1/completions HTTP/1.1" 200 OK
Worker: http://localhost:8001, Running: 1.0, Waiting: 205.0
Worker: http://localhost:8001, qlen: 1.0
Worker: http://localhost:8001, Tokens: 31601.0
Worker: http://localhost:8002, Running: 1.0, Waiting: 185.0
Worker: http://localhost:8002, qlen: 1.0
Worker: http://localhost:8002, Tokens: 40203.0
Selected worker: http://localhost:8002
INFO:     127.0.0.1:36618 - "POST /v1/completions HTTP/1.1" 200 OK
Worker: http://localhost:8001, Running: 1.0, Waiting: 205.0
Worker: http://localhost:8001, qlen: 1.0
Worker: http://localhost:8001, Tokens: 28801.0
Worker: http://localhost:8002, Running: 1.0, Waiting: 185.0
Worker: http://localhost:8002, qlen: 1.0
Worker: http://localhost:8002, Tokens: 40246.0
Selected worker: http://localhost:8002
INFO:     127.0.0.1:36622 - "POST /v1/completions HTTP/1.1" 200 OK
Worker: http://localhost:8001, Running: 1.0, Waiting: 205.0
Worker: http://localhost:8001, qlen: 1.0
Worker: http://localhost:8001, Tokens: 28801.0
Worker: http://localhost:8002, Running: 1.0, Waiting: 185.0
Worker: http://localhost:8002, qlen: 1.0
Worker: http://localhost:8002, Tokens: 40282.0
Selected worker: http://localhost:8002
INFO:     127.0.0.1:36636 - "POST /v1/completions HTTP/1.1" 200 OK
Worker: http://localhost:8001, Running: 1.0, Waiting: 205.0
Worker: http://localhost:8001, qlen: 1.0
Worker: http://localhost:8001, Tokens: 28801.0
Worker: http://localhost:8002, Running: 1.0, Waiting: 185.0
Worker: http://localhost:8002, qlen: 1.0
Worker: http://localhost:8002, Tokens: 40301.0
Selected worker: http://localhost:8002
INFO:     127.0.0.1:36648 - "POST /v1/completions HTTP/1.1" 200 OK
Worker: http://localhost:8001, Running: 1.0, Waiting: 205.0
Worker: http://localhost:8001, qlen: 1.0
Worker: http://localhost:8001, Tokens: 28801.0
Worker: http://localhost:8002, Running: 1.0, Waiting: 185.0
Worker: http://localhost:8002, qlen: 1.0
Worker: http://localhost:8002, Tokens: 41476.0
Selected worker: http://localhost:8002
INFO:     127.0.0.1:36656 - "POST /v1/completions HTTP/1.1" 200 OK
Worker: http://localhost:8001, Running: 1.0, Waiting: 205.0
Worker: http://localhost:8001, qlen: 1.0
Worker: http://localhost:8001, Tokens: 27283.0
Worker: http://localhost:8002, Running: 1.0, Waiting: 185.0
Worker: http://localhost:8002, qlen: 1.0
Worker: http://localhost:8002, Tokens: 39347.0
Selected worker: http://localhost:8001
INFO:     127.0.0.1:36662 - "POST /v1/completions HTTP/1.1" 200 OK
Worker: http://localhost:8001, Running: 1.0, Waiting: 205.0
Worker: http://localhost:8001, qlen: 1.0
Worker: http://localhost:8001, Tokens: 28657.0
Worker: http://localhost:8002, Running: 1.0, Waiting: 185.0
Worker: http://localhost:8002, qlen: 1.0
Worker: http://localhost:8002, Tokens: 39347.0
Selected worker: http://localhost:8002
INFO:     127.0.0.1:36666 - "POST /v1/completions HTTP/1.1" 200 OK
Worker: http://localhost:8001, Running: 1.0, Waiting: 174.0
Worker: http://localhost:8001, qlen: 1.0
Worker: http://localhost:8001, Tokens: 51319.0
Worker: http://localhost:8002, Running: 1.0, Waiting: 185.0
Worker: http://localhost:8002, qlen: 1.0
Worker: http://localhost:8002, Tokens: 39352.0
Selected worker: http://localhost:8002
INFO:     127.0.0.1:36682 - "POST /v1/completions HTTP/1.1" 200 OK
Worker: http://localhost:8001, Running: 1.0, Waiting: 174.0
Worker: http://localhost:8001, qlen: 1.0
Worker: http://localhost:8001, Tokens: 49750.0
Worker: http://localhost:8002, Running: 1.0, Waiting: 185.0
Worker: http://localhost:8002, qlen: 1.0
Worker: http://localhost:8002, Tokens: 39373.0
Selected worker: http://localhost:8002
INFO:     127.0.0.1:36684 - "POST /v1/completions HTTP/1.1" 200 OK
Worker: http://localhost:8001, Running: 1.0, Waiting: 174.0
Worker: http://localhost:8001, qlen: 1.0
Worker: http://localhost:8001, Tokens: 49750.0
Worker: http://localhost:8002, Running: 1.0, Waiting: 185.0
Worker: http://localhost:8002, qlen: 1.0
Worker: http://localhost:8002, Tokens: 37706.0
Selected worker: http://localhost:8001
INFO:     127.0.0.1:36692 - "POST /v1/completions HTTP/1.1" 200 OK
Worker: http://localhost:8001, Running: 1.0, Waiting: 174.0
Worker: http://localhost:8001, qlen: 1.0
Worker: http://localhost:8001, Tokens: 49753.0
Worker: http://localhost:8002, Running: 1.0, Waiting: 185.0
Worker: http://localhost:8002, qlen: 1.0
Worker: http://localhost:8002, Tokens: 37706.0
Selected worker: http://localhost:8001
INFO:     127.0.0.1:36694 - "POST /v1/completions HTTP/1.1" 200 OK
Worker: http://localhost:8001, Running: 1.0, Waiting: 174.0
Worker: http://localhost:8001, qlen: 1.0
Worker: http://localhost:8001, Tokens: 48210.0
Worker: http://localhost:8002, Running: 1.0, Waiting: 185.0
Worker: http://localhost:8002, qlen: 1.0
Worker: http://localhost:8002, Tokens: 35853.0
Selected worker: http://localhost:8001
INFO:     127.0.0.1:36708 - "POST /v1/completions HTTP/1.1" 200 OK
Worker: http://localhost:8001, Running: 1.0, Waiting: 174.0
Worker: http://localhost:8001, qlen: 1.0
Worker: http://localhost:8001, Tokens: 49647.0
Worker: http://localhost:8002, Running: 1.0, Waiting: 185.0
Worker: http://localhost:8002, qlen: 1.0
Worker: http://localhost:8002, Tokens: 35853.0
Selected worker: http://localhost:8001
INFO:     127.0.0.1:36716 - "POST /v1/completions HTTP/1.1" 200 OK
Worker: http://localhost:8001, Running: 1.0, Waiting: 174.0
Worker: http://localhost:8001, qlen: 1.0
Worker: http://localhost:8001, Tokens: 49663.0
Worker: http://localhost:8002, Running: 1.0, Waiting: 185.0
Worker: http://localhost:8002, qlen: 1.0
Worker: http://localhost:8002, Tokens: 35853.0
Selected worker: http://localhost:8001
INFO:     127.0.0.1:36720 - "POST /v1/completions HTTP/1.1" 200 OK
Worker: http://localhost:8001, Running: 1.0, Waiting: 174.0
Worker: http://localhost:8001, qlen: 1.0
Worker: http://localhost:8001, Tokens: 48057.0
Worker: http://localhost:8002, Running: 1.0, Waiting: 185.0
Worker: http://localhost:8002, qlen: 1.0
Worker: http://localhost:8002, Tokens: 35853.0
Selected worker: http://localhost:8002
INFO:     127.0.0.1:36736 - "POST /v1/completions HTTP/1.1" 200 OK
Worker: http://localhost:8001, Running: 1.0, Waiting: 174.0
Worker: http://localhost:8001, qlen: 1.0
Worker: http://localhost:8001, Tokens: 48057.0
Worker: http://localhost:8002, Running: 1.0, Waiting: 185.0
Worker: http://localhost:8002, qlen: 1.0
Worker: http://localhost:8002, Tokens: 33104.0
Selected worker: http://localhost:8002
INFO:     127.0.0.1:36748 - "POST /v1/completions HTTP/1.1" 200 OK
Worker: http://localhost:8001, Running: 1.0, Waiting: 174.0
Worker: http://localhost:8001, qlen: 1.0
Worker: http://localhost:8001, Tokens: 48057.0
Worker: http://localhost:8002, Running: 1.0, Waiting: 185.0
Worker: http://localhost:8002, qlen: 1.0
Worker: http://localhost:8002, Tokens: 33121.0
Selected worker: http://localhost:8002
INFO:     127.0.0.1:36762 - "POST /v1/completions HTTP/1.1" 200 OK
Worker: http://localhost:8001, Running: 1.0, Waiting: 174.0
Worker: http://localhost:8001, qlen: 1.0
Worker: http://localhost:8001, Tokens: 48057.0
Worker: http://localhost:8002, Running: 1.0, Waiting: 185.0
Worker: http://localhost:8002, qlen: 1.0
Worker: http://localhost:8002, Tokens: 33128.0
Selected worker: http://localhost:8002
INFO:     127.0.0.1:36778 - "POST /v1/completions HTTP/1.1" 200 OK
Worker: http://localhost:8001, Running: 1.0, Waiting: 174.0
Worker: http://localhost:8001, qlen: 1.0
Worker: http://localhost:8001, Tokens: 48057.0
Worker: http://localhost:8002, Running: 1.0, Waiting: 185.0
Worker: http://localhost:8002, qlen: 1.0
Worker: http://localhost:8002, Tokens: 33147.0
Selected worker: http://localhost:8002
INFO:     127.0.0.1:36786 - "POST /v1/completions HTTP/1.1" 200 OK
Worker: http://localhost:8001, Running: 1.0, Waiting: 174.0
Worker: http://localhost:8001, qlen: 1.0
Worker: http://localhost:8001, Tokens: 48057.0
Worker: http://localhost:8002, Running: 1.0, Waiting: 153.0
Worker: http://localhost:8002, qlen: 1.0
Worker: http://localhost:8002, Tokens: 59568.0
Selected worker: http://localhost:8002
INFO:     127.0.0.1:36788 - "POST /v1/completions HTTP/1.1" 200 OK
Worker: http://localhost:8001, Running: 1.0, Waiting: 174.0
Worker: http://localhost:8001, qlen: 1.0
Worker: http://localhost:8001, Tokens: 48057.0
Worker: http://localhost:8002, Running: 1.0, Waiting: 153.0
Worker: http://localhost:8002, qlen: 1.0
Worker: http://localhost:8002, Tokens: 59592.0
Selected worker: http://localhost:8002
INFO:     127.0.0.1:36802 - "POST /v1/completions HTTP/1.1" 200 OK
Worker: http://localhost:8001, Running: 1.0, Waiting: 174.0
Worker: http://localhost:8001, qlen: 1.0
Worker: http://localhost:8001, Tokens: 44797.0
Worker: http://localhost:8002, Running: 1.0, Waiting: 153.0
Worker: http://localhost:8002, qlen: 1.0
Worker: http://localhost:8002, Tokens: 61582.0
Selected worker: http://localhost:8002
INFO:     127.0.0.1:36818 - "POST /v1/completions HTTP/1.1" 200 OK
Worker: http://localhost:8001, Running: 1.0, Waiting: 174.0
Worker: http://localhost:8001, qlen: 1.0
Worker: http://localhost:8001, Tokens: 44797.0
Worker: http://localhost:8002, Running: 1.0, Waiting: 153.0
Worker: http://localhost:8002, qlen: 1.0
Worker: http://localhost:8002, Tokens: 61712.0
Selected worker: http://localhost:8002
INFO:     127.0.0.1:36830 - "POST /v1/completions HTTP/1.1" 200 OK
Worker: http://localhost:8001, Running: 1.0, Waiting: 174.0
Worker: http://localhost:8001, qlen: 1.0
Worker: http://localhost:8001, Tokens: 44797.0
Worker: http://localhost:8002, Running: 1.0, Waiting: 153.0
Worker: http://localhost:8002, qlen: 1.0
Worker: http://localhost:8002, Tokens: 61730.0
Selected worker: http://localhost:8002
INFO:     127.0.0.1:36834 - "POST /v1/completions HTTP/1.1" 200 OK
Worker: http://localhost:8001, Running: 1.0, Waiting: 174.0
Worker: http://localhost:8001, qlen: 1.0
Worker: http://localhost:8001, Tokens: 43543.0
Worker: http://localhost:8002, Running: 1.0, Waiting: 153.0
Worker: http://localhost:8002, qlen: 1.0
Worker: http://localhost:8002, Tokens: 61749.0
Selected worker: http://localhost:8001
INFO:     127.0.0.1:36846 - "POST /v1/completions HTTP/1.1" 200 OK
Worker: http://localhost:8001, Running: 1.0, Waiting: 174.0
Worker: http://localhost:8001, qlen: 1.0
Worker: http://localhost:8001, Tokens: 44717.0
Worker: http://localhost:8002, Running: 1.0, Waiting: 153.0
Worker: http://localhost:8002, qlen: 1.0
Worker: http://localhost:8002, Tokens: 59974.0
Selected worker: http://localhost:8001
INFO:     127.0.0.1:36850 - "POST /v1/completions HTTP/1.1" 200 OK
Worker: http://localhost:8001, Running: 1.0, Waiting: 174.0
Worker: http://localhost:8001, qlen: 1.0
Worker: http://localhost:8001, Tokens: 44730.0
Worker: http://localhost:8002, Running: 1.0, Waiting: 153.0
Worker: http://localhost:8002, qlen: 1.0
Worker: http://localhost:8002, Tokens: 59974.0
Selected worker: http://localhost:8001
INFO:     127.0.0.1:36862 - "POST /v1/completions HTTP/1.1" 200 OK
Worker: http://localhost:8001, Running: 1.0, Waiting: 174.0
Worker: http://localhost:8001, qlen: 1.0
Worker: http://localhost:8001, Tokens: 43646.0
Worker: http://localhost:8002, Running: 1.0, Waiting: 153.0
Worker: http://localhost:8002, qlen: 1.0
Worker: http://localhost:8002, Tokens: 59974.0
Selected worker: http://localhost:8001
INFO:     127.0.0.1:36872 - "POST /v1/completions HTTP/1.1" 200 OK
Worker: http://localhost:8001, Running: 1.0, Waiting: 174.0
Worker: http://localhost:8001, qlen: 1.0
Worker: http://localhost:8001, Tokens: 45185.0
Worker: http://localhost:8002, Running: 1.0, Waiting: 153.0
Worker: http://localhost:8002, qlen: 1.0
Worker: http://localhost:8002, Tokens: 59974.0
Selected worker: http://localhost:8001
INFO:     127.0.0.1:36886 - "POST /v1/completions HTTP/1.1" 200 OK
Worker: http://localhost:8001, Running: 1.0, Waiting: 174.0
Worker: http://localhost:8001, qlen: 1.0
Worker: http://localhost:8001, Tokens: 45199.0
Worker: http://localhost:8002, Running: 1.0, Waiting: 153.0
Worker: http://localhost:8002, qlen: 1.0
Worker: http://localhost:8002, Tokens: 58877.0
Selected worker: http://localhost:8001
INFO:     127.0.0.1:36898 - "POST /v1/completions HTTP/1.1" 200 OK
Worker: http://localhost:8001, Running: 1.0, Waiting: 174.0
Worker: http://localhost:8001, qlen: 1.0
Worker: http://localhost:8001, Tokens: 45238.0
Worker: http://localhost:8002, Running: 1.0, Waiting: 153.0
Worker: http://localhost:8002, qlen: 1.0
Worker: http://localhost:8002, Tokens: 58877.0
Selected worker: http://localhost:8001
INFO:     127.0.0.1:36904 - "POST /v1/completions HTTP/1.1" 200 OK
Worker: http://localhost:8001, Running: 1.0, Waiting: 158.0
Worker: http://localhost:8001, qlen: 1.0
Worker: http://localhost:8001, Tokens: 64818.0
Worker: http://localhost:8002, Running: 1.0, Waiting: 153.0
Worker: http://localhost:8002, qlen: 1.0
Worker: http://localhost:8002, Tokens: 58877.0
Selected worker: http://localhost:8001
INFO:     127.0.0.1:36916 - "POST /v1/completions HTTP/1.1" 200 OK
Worker: http://localhost:8001, Running: 1.0, Waiting: 158.0
Worker: http://localhost:8001, qlen: 1.0
Worker: http://localhost:8001, Tokens: 64825.0
Worker: http://localhost:8002, Running: 1.0, Waiting: 153.0
Worker: http://localhost:8002, qlen: 1.0
Worker: http://localhost:8002, Tokens: 56690.0
Selected worker: http://localhost:8002
INFO:     127.0.0.1:36932 - "POST /v1/completions HTTP/1.1" 200 OK
Worker: http://localhost:8001, Running: 1.0, Waiting: 158.0
Worker: http://localhost:8001, qlen: 1.0
Worker: http://localhost:8001, Tokens: 64825.0
Worker: http://localhost:8002, Running: 1.0, Waiting: 153.0
Worker: http://localhost:8002, qlen: 1.0
Worker: http://localhost:8002, Tokens: 60201.0
Selected worker: http://localhost:8002
INFO:     127.0.0.1:36940 - "POST /v1/completions HTTP/1.1" 200 OK
Worker: http://localhost:8001, Running: 1.0, Waiting: 158.0
Worker: http://localhost:8001, qlen: 1.0
Worker: http://localhost:8001, Tokens: 64825.0
Worker: http://localhost:8002, Running: 1.0, Waiting: 153.0
Worker: http://localhost:8002, qlen: 1.0
Worker: http://localhost:8002, Tokens: 60238.0
Selected worker: http://localhost:8002
INFO:     127.0.0.1:36946 - "POST /v1/completions HTTP/1.1" 200 OK
Worker: http://localhost:8001, Running: 1.0, Waiting: 158.0
Worker: http://localhost:8001, qlen: 1.0
Worker: http://localhost:8001, Tokens: 64825.0
Worker: http://localhost:8002, Running: 1.0, Waiting: 153.0
Worker: http://localhost:8002, qlen: 1.0
Worker: http://localhost:8002, Tokens: 59158.0
Selected worker: http://localhost:8002
INFO:     127.0.0.1:36950 - "POST /v1/completions HTTP/1.1" 200 OK
Worker: http://localhost:8001, Running: 1.0, Waiting: 158.0
Worker: http://localhost:8001, qlen: 1.0
Worker: http://localhost:8001, Tokens: 64825.0
Worker: http://localhost:8002, Running: 1.0, Waiting: 153.0
Worker: http://localhost:8002, qlen: 1.0
Worker: http://localhost:8002, Tokens: 59170.0
Selected worker: http://localhost:8001
INFO:     127.0.0.1:36958 - "POST /v1/completions HTTP/1.1" 200 OK
Worker: http://localhost:8001, Running: 1.0, Waiting: 158.0
Worker: http://localhost:8001, qlen: 1.0
Worker: http://localhost:8001, Tokens: 64829.0
Worker: http://localhost:8002, Running: 1.0, Waiting: 153.0
Worker: http://localhost:8002, qlen: 1.0
Worker: http://localhost:8002, Tokens: 59170.0
Selected worker: http://localhost:8002
INFO:     127.0.0.1:36972 - "POST /v1/completions HTTP/1.1" 200 OK
Worker: http://localhost:8001, Running: 1.0, Waiting: 158.0
Worker: http://localhost:8001, qlen: 1.0
Worker: http://localhost:8001, Tokens: 62978.0
Worker: http://localhost:8002, Running: 1.0, Waiting: 153.0
Worker: http://localhost:8002, qlen: 1.0
Worker: http://localhost:8002, Tokens: 57871.0
Selected worker: http://localhost:8002
INFO:     127.0.0.1:36988 - "POST /v1/completions HTTP/1.1" 200 OK
Worker: http://localhost:8001, Running: 1.0, Waiting: 158.0
Worker: http://localhost:8001, qlen: 1.0
Worker: http://localhost:8001, Tokens: 62978.0
Worker: http://localhost:8002, Running: 1.0, Waiting: 153.0
Worker: http://localhost:8002, qlen: 1.0
Worker: http://localhost:8002, Tokens: 57896.0
Selected worker: http://localhost:8001
INFO:     127.0.0.1:37000 - "POST /v1/completions HTTP/1.1" 200 OK
Worker: http://localhost:8001, Running: 1.0, Waiting: 158.0
Worker: http://localhost:8001, qlen: 1.0
Worker: http://localhost:8001, Tokens: 62993.0
Worker: http://localhost:8002, Running: 1.0, Waiting: 153.0
Worker: http://localhost:8002, qlen: 1.0
Worker: http://localhost:8002, Tokens: 57896.0
Selected worker: http://localhost:8001
INFO:     127.0.0.1:37008 - "POST /v1/completions HTTP/1.1" 200 OK
Worker: http://localhost:8001, Running: 1.0, Waiting: 158.0
Worker: http://localhost:8001, qlen: 1.0
Worker: http://localhost:8001, Tokens: 61188.0
Worker: http://localhost:8002, Running: 1.0, Waiting: 153.0
Worker: http://localhost:8002, qlen: 1.0
Worker: http://localhost:8002, Tokens: 57896.0
Selected worker: http://localhost:8002
INFO:     127.0.0.1:37020 - "POST /v1/completions HTTP/1.1" 200 OK
Worker: http://localhost:8001, Running: 1.0, Waiting: 158.0
Worker: http://localhost:8001, qlen: 1.0
Worker: http://localhost:8001, Tokens: 61188.0
Worker: http://localhost:8002, Running: 1.0, Waiting: 153.0
Worker: http://localhost:8002, qlen: 1.0
Worker: http://localhost:8002, Tokens: 56763.0
Selected worker: http://localhost:8001
INFO:     127.0.0.1:37022 - "POST /v1/completions HTTP/1.1" 200 OK
Worker: http://localhost:8001, Running: 1.0, Waiting: 158.0
Worker: http://localhost:8001, qlen: 1.0
Worker: http://localhost:8001, Tokens: 63577.0
Worker: http://localhost:8002, Running: 1.0, Waiting: 120.0
Worker: http://localhost:8002, qlen: 1.0
Worker: http://localhost:8002, Tokens: 76035.0
Selected worker: http://localhost:8002
INFO:     127.0.0.1:37032 - "POST /v1/completions HTTP/1.1" 200 OK
Worker: http://localhost:8001, Running: 1.0, Waiting: 158.0
Worker: http://localhost:8001, qlen: 1.0
Worker: http://localhost:8001, Tokens: 63577.0
Worker: http://localhost:8002, Running: 1.0, Waiting: 120.0
Worker: http://localhost:8002, qlen: 1.0
Worker: http://localhost:8002, Tokens: 77566.0
Selected worker: http://localhost:8002
INFO:     127.0.0.1:37040 - "POST /v1/completions HTTP/1.1" 200 OK
Worker: http://localhost:8001, Running: 1.0, Waiting: 158.0
Worker: http://localhost:8001, qlen: 1.0
Worker: http://localhost:8001, Tokens: 61992.0
Worker: http://localhost:8002, Running: 1.0, Waiting: 120.0
Worker: http://localhost:8002, qlen: 1.0
Worker: http://localhost:8002, Tokens: 77598.0
Selected worker: http://localhost:8002
INFO:     127.0.0.1:37042 - "POST /v1/completions HTTP/1.1" 200 OK
Worker: http://localhost:8001, Running: 1.0, Waiting: 158.0
Worker: http://localhost:8001, qlen: 1.0
Worker: http://localhost:8001, Tokens: 61992.0
Worker: http://localhost:8002, Running: 1.0, Waiting: 120.0
Worker: http://localhost:8002, qlen: 1.0
Worker: http://localhost:8002, Tokens: 79183.0
Selected worker: http://localhost:8001
INFO:     127.0.0.1:37058 - "POST /v1/completions HTTP/1.1" 200 OK
Worker: http://localhost:8001, Running: 1.0, Waiting: 158.0
Worker: http://localhost:8001, qlen: 1.0
Worker: http://localhost:8001, Tokens: 61996.0
Worker: http://localhost:8002, Running: 1.0, Waiting: 120.0
Worker: http://localhost:8002, qlen: 1.0
Worker: http://localhost:8002, Tokens: 79183.0
Selected worker: http://localhost:8001
INFO:     127.0.0.1:37064 - "POST /v1/completions HTTP/1.1" 200 OK
Worker: http://localhost:8001, Running: 1.0, Waiting: 158.0
Worker: http://localhost:8001, qlen: 1.0
Worker: http://localhost:8001, Tokens: 59931.0
Worker: http://localhost:8002, Running: 1.0, Waiting: 120.0
Worker: http://localhost:8002, qlen: 1.0
Worker: http://localhost:8002, Tokens: 77731.0
Selected worker: http://localhost:8001
INFO:     127.0.0.1:37070 - "POST /v1/completions HTTP/1.1" 200 OK
Worker: http://localhost:8001, Running: 1.0, Waiting: 158.0
Worker: http://localhost:8001, qlen: 1.0
Worker: http://localhost:8001, Tokens: 61822.0
Worker: http://localhost:8002, Running: 1.0, Waiting: 120.0
Worker: http://localhost:8002, qlen: 1.0
Worker: http://localhost:8002, Tokens: 77731.0
Selected worker: http://localhost:8002
INFO:     127.0.0.1:37074 - "POST /v1/completions HTTP/1.1" 200 OK
Worker: http://localhost:8001, Running: 1.0, Waiting: 158.0
Worker: http://localhost:8001, qlen: 1.0
Worker: http://localhost:8001, Tokens: 61822.0
Worker: http://localhost:8002, Running: 1.0, Waiting: 120.0
Worker: http://localhost:8002, qlen: 1.0
Worker: http://localhost:8002, Tokens: 77745.0
Selected worker: http://localhost:8001
INFO:     127.0.0.1:37084 - "POST /v1/completions HTTP/1.1" 200 OK
Worker: http://localhost:8001, Running: 1.0, Waiting: 158.0
Worker: http://localhost:8001, qlen: 1.0
Worker: http://localhost:8001, Tokens: 60220.0
Worker: http://localhost:8002, Running: 1.0, Waiting: 120.0
Worker: http://localhost:8002, qlen: 1.0
Worker: http://localhost:8002, Tokens: 77745.0
Selected worker: http://localhost:8002
INFO:     127.0.0.1:37096 - "POST /v1/completions HTTP/1.1" 200 OK
Worker: http://localhost:8001, Running: 1.0, Waiting: 158.0
Worker: http://localhost:8001, qlen: 1.0
Worker: http://localhost:8001, Tokens: 60220.0
Worker: http://localhost:8002, Running: 1.0, Waiting: 120.0
Worker: http://localhost:8002, qlen: 1.0
Worker: http://localhost:8002, Tokens: 76630.0
Selected worker: http://localhost:8001
INFO:     127.0.0.1:37106 - "POST /v1/completions HTTP/1.1" 200 OK
Worker: http://localhost:8001, Running: 1.0, Waiting: 158.0
Worker: http://localhost:8001, qlen: 1.0
Worker: http://localhost:8001, Tokens: 60241.0
Worker: http://localhost:8002, Running: 1.0, Waiting: 120.0
Worker: http://localhost:8002, qlen: 1.0
Worker: http://localhost:8002, Tokens: 76630.0
Selected worker: http://localhost:8002
INFO:     127.0.0.1:37122 - "POST /v1/completions HTTP/1.1" 200 OK
Worker: http://localhost:8001, Running: 1.0, Waiting: 158.0
Worker: http://localhost:8001, qlen: 1.0
Worker: http://localhost:8001, Tokens: 60241.0
Worker: http://localhost:8002, Running: 1.0, Waiting: 120.0
Worker: http://localhost:8002, qlen: 1.0
Worker: http://localhost:8002, Tokens: 76636.0
Selected worker: http://localhost:8001
INFO:     127.0.0.1:37128 - "POST /v1/completions HTTP/1.1" 200 OK
Worker: http://localhost:8001, Running: 1.0, Waiting: 142.0
Worker: http://localhost:8001, qlen: 1.0
Worker: http://localhost:8001, Tokens: 77788.0
Worker: http://localhost:8002, Running: 1.0, Waiting: 120.0
Worker: http://localhost:8002, qlen: 1.0
Worker: http://localhost:8002, Tokens: 76636.0
Selected worker: http://localhost:8001
INFO:     127.0.0.1:37134 - "POST /v1/completions HTTP/1.1" 200 OK
Worker: http://localhost:8001, Running: 1.0, Waiting: 142.0
Worker: http://localhost:8001, qlen: 1.0
Worker: http://localhost:8001, Tokens: 77806.0
Worker: http://localhost:8002, Running: 1.0, Waiting: 120.0
Worker: http://localhost:8002, qlen: 1.0
Worker: http://localhost:8002, Tokens: 74009.0
Selected worker: http://localhost:8002
INFO:     127.0.0.1:37150 - "POST /v1/completions HTTP/1.1" 200 OK
Worker: http://localhost:8001, Running: 1.0, Waiting: 142.0
Worker: http://localhost:8001, qlen: 1.0
Worker: http://localhost:8001, Tokens: 77806.0
Worker: http://localhost:8002, Running: 1.0, Waiting: 120.0
Worker: http://localhost:8002, qlen: 1.0
Worker: http://localhost:8002, Tokens: 75893.0
Selected worker: http://localhost:8002
INFO:     127.0.0.1:37156 - "POST /v1/completions HTTP/1.1" 200 OK
Worker: http://localhost:8001, Running: 1.0, Waiting: 142.0
Worker: http://localhost:8001, qlen: 1.0
Worker: http://localhost:8001, Tokens: 76235.0
Worker: http://localhost:8002, Running: 1.0, Waiting: 120.0
Worker: http://localhost:8002, qlen: 1.0
Worker: http://localhost:8002, Tokens: 74794.0
Selected worker: http://localhost:8002
INFO:     127.0.0.1:37164 - "POST /v1/completions HTTP/1.1" 200 OK
Worker: http://localhost:8001, Running: 1.0, Waiting: 142.0
Worker: http://localhost:8001, qlen: 1.0
Worker: http://localhost:8001, Tokens: 76235.0
Worker: http://localhost:8002, Running: 1.0, Waiting: 120.0
Worker: http://localhost:8002, qlen: 1.0
Worker: http://localhost:8002, Tokens: 75801.0
Selected worker: http://localhost:8002
INFO:     127.0.0.1:37172 - "POST /v1/completions HTTP/1.1" 200 OK
Worker: http://localhost:8001, Running: 1.0, Waiting: 142.0
Worker: http://localhost:8001, qlen: 1.0
Worker: http://localhost:8001, Tokens: 76235.0
Worker: http://localhost:8002, Running: 1.0, Waiting: 120.0
Worker: http://localhost:8002, qlen: 1.0
Worker: http://localhost:8002, Tokens: 75813.0
Selected worker: http://localhost:8002
INFO:     127.0.0.1:37186 - "POST /v1/completions HTTP/1.1" 200 OK
Worker: http://localhost:8001, Running: 1.0, Waiting: 142.0
Worker: http://localhost:8001, qlen: 1.0
Worker: http://localhost:8001, Tokens: 73990.0
Worker: http://localhost:8002, Running: 1.0, Waiting: 120.0
Worker: http://localhost:8002, qlen: 1.0
Worker: http://localhost:8002, Tokens: 77700.0
Selected worker: http://localhost:8002
INFO:     127.0.0.1:37190 - "POST /v1/completions HTTP/1.1" 200 OK
Worker: http://localhost:8001, Running: 1.0, Waiting: 142.0
Worker: http://localhost:8001, qlen: 1.0
Worker: http://localhost:8001, Tokens: 73990.0
Worker: http://localhost:8002, Running: 1.0, Waiting: 120.0
Worker: http://localhost:8002, qlen: 1.0
Worker: http://localhost:8002, Tokens: 76498.0
Selected worker: http://localhost:8001
INFO:     127.0.0.1:37198 - "POST /v1/completions HTTP/1.1" 200 OK
Worker: http://localhost:8001, Running: 1.0, Waiting: 142.0
Worker: http://localhost:8001, qlen: 1.0
Worker: http://localhost:8001, Tokens: 73997.0
Worker: http://localhost:8002, Running: 1.0, Waiting: 120.0
Worker: http://localhost:8002, qlen: 1.0
Worker: http://localhost:8002, Tokens: 76498.0
Selected worker: http://localhost:8001
INFO:     127.0.0.1:37212 - "POST /v1/completions HTTP/1.1" 200 OK
Worker: http://localhost:8001, Running: 1.0, Waiting: 142.0
Worker: http://localhost:8001, qlen: 1.0
Worker: http://localhost:8001, Tokens: 74009.0
Worker: http://localhost:8002, Running: 1.0, Waiting: 120.0
Worker: http://localhost:8002, qlen: 1.0
Worker: http://localhost:8002, Tokens: 76498.0
Selected worker: http://localhost:8001
INFO:     127.0.0.1:37224 - "POST /v1/completions HTTP/1.1" 200 OK
Worker: http://localhost:8001, Running: 1.0, Waiting: 142.0
Worker: http://localhost:8001, qlen: 1.0
Worker: http://localhost:8001, Tokens: 72742.0
Worker: http://localhost:8002, Running: 1.0, Waiting: 120.0
Worker: http://localhost:8002, qlen: 1.0
Worker: http://localhost:8002, Tokens: 76498.0
Selected worker: http://localhost:8002
INFO:     127.0.0.1:37238 - "POST /v1/completions HTTP/1.1" 200 OK
Worker: http://localhost:8001, Running: 1.0, Waiting: 142.0
Worker: http://localhost:8001, qlen: 1.0
Worker: http://localhost:8001, Tokens: 72742.0
Worker: http://localhost:8002, Running: 1.0, Waiting: 120.0
Worker: http://localhost:8002, qlen: 1.0
Worker: http://localhost:8002, Tokens: 75051.0
Selected worker: http://localhost:8001
INFO:     127.0.0.1:37250 - "POST /v1/completions HTTP/1.1" 200 OK
Worker: http://localhost:8001, Running: 1.0, Waiting: 142.0
Worker: http://localhost:8001, qlen: 1.0
Worker: http://localhost:8001, Tokens: 72757.0
Worker: http://localhost:8002, Running: 1.0, Waiting: 115.0
Worker: http://localhost:8002, qlen: 1.0
Worker: http://localhost:8002, Tokens: 91056.0
Selected worker: http://localhost:8001
INFO:     127.0.0.1:37252 - "POST /v1/completions HTTP/1.1" 200 OK
Worker: http://localhost:8001, Running: 1.0, Waiting: 142.0
Worker: http://localhost:8001, qlen: 1.0
Worker: http://localhost:8001, Tokens: 72765.0
Worker: http://localhost:8002, Running: 1.0, Waiting: 115.0
Worker: http://localhost:8002, qlen: 1.0
Worker: http://localhost:8002, Tokens: 91056.0
Selected worker: http://localhost:8002
INFO:     127.0.0.1:37260 - "POST /v1/completions HTTP/1.1" 200 OK
Worker: http://localhost:8001, Running: 1.0, Waiting: 142.0
Worker: http://localhost:8001, qlen: 1.0
Worker: http://localhost:8001, Tokens: 72765.0
Worker: http://localhost:8002, Running: 1.0, Waiting: 115.0
Worker: http://localhost:8002, qlen: 1.0
Worker: http://localhost:8002, Tokens: 89226.0
Selected worker: http://localhost:8002
INFO:     127.0.0.1:37264 - "POST /v1/completions HTTP/1.1" 200 OK
Worker: http://localhost:8001, Running: 1.0, Waiting: 142.0
Worker: http://localhost:8001, qlen: 1.0
Worker: http://localhost:8001, Tokens: 72765.0
Worker: http://localhost:8002, Running: 1.0, Waiting: 115.0
Worker: http://localhost:8002, qlen: 1.0
Worker: http://localhost:8002, Tokens: 89253.0
Selected worker: http://localhost:8001
INFO:     127.0.0.1:37272 - "POST /v1/completions HTTP/1.1" 200 OK
Worker: http://localhost:8001, Running: 1.0, Waiting: 142.0
Worker: http://localhost:8001, qlen: 1.0
Worker: http://localhost:8001, Tokens: 70762.0
Worker: http://localhost:8002, Running: 1.0, Waiting: 115.0
Worker: http://localhost:8002, qlen: 1.0
Worker: http://localhost:8002, Tokens: 89253.0
Selected worker: http://localhost:8001
INFO:     127.0.0.1:37278 - "POST /v1/completions HTTP/1.1" 200 OK
Worker: http://localhost:8001, Running: 1.0, Waiting: 142.0
Worker: http://localhost:8001, qlen: 1.0
Worker: http://localhost:8001, Tokens: 70774.0
Worker: http://localhost:8002, Running: 1.0, Waiting: 115.0
Worker: http://localhost:8002, qlen: 1.0
Worker: http://localhost:8002, Tokens: 89253.0
Selected worker: http://localhost:8002
INFO:     127.0.0.1:37294 - "POST /v1/completions HTTP/1.1" 200 OK
Worker: http://localhost:8001, Running: 1.0, Waiting: 142.0
Worker: http://localhost:8001, qlen: 1.0
Worker: http://localhost:8001, Tokens: 70774.0
Worker: http://localhost:8002, Running: 1.0, Waiting: 115.0
Worker: http://localhost:8002, qlen: 1.0
Worker: http://localhost:8002, Tokens: 90502.0
Selected worker: http://localhost:8002
INFO:     127.0.0.1:37300 - "POST /v1/completions HTTP/1.1" 200 OK
Worker: http://localhost:8001, Running: 1.0, Waiting: 142.0
Worker: http://localhost:8001, qlen: 1.0
Worker: http://localhost:8001, Tokens: 69114.0
Worker: http://localhost:8002, Running: 1.0, Waiting: 115.0
Worker: http://localhost:8002, qlen: 1.0
Worker: http://localhost:8002, Tokens: 90513.0
Selected worker: http://localhost:8001
INFO:     127.0.0.1:37302 - "POST /v1/completions HTTP/1.1" 200 OK
Worker: http://localhost:8001, Running: 1.0, Waiting: 142.0
Worker: http://localhost:8001, qlen: 1.0
Worker: http://localhost:8001, Tokens: 70766.0
Worker: http://localhost:8002, Running: 1.0, Waiting: 115.0
Worker: http://localhost:8002, qlen: 1.0
Worker: http://localhost:8002, Tokens: 90513.0
Selected worker: http://localhost:8001
INFO:     127.0.0.1:37308 - "POST /v1/completions HTTP/1.1" 200 OK
Worker: http://localhost:8001, Running: 1.0, Waiting: 142.0
Worker: http://localhost:8001, qlen: 1.0
Worker: http://localhost:8001, Tokens: 70769.0
Worker: http://localhost:8002, Running: 1.0, Waiting: 115.0
Worker: http://localhost:8002, qlen: 1.0
Worker: http://localhost:8002, Tokens: 87756.0
Selected worker: http://localhost:8002
INFO:     127.0.0.1:37324 - "POST /v1/completions HTTP/1.1" 200 OK
Worker: http://localhost:8001, Running: 1.0, Waiting: 142.0
Worker: http://localhost:8001, qlen: 1.0
Worker: http://localhost:8001, Tokens: 70769.0
Worker: http://localhost:8002, Running: 1.0, Waiting: 115.0
Worker: http://localhost:8002, qlen: 1.0
Worker: http://localhost:8002, Tokens: 87780.0
Selected worker: http://localhost:8001
INFO:     127.0.0.1:37336 - "POST /v1/completions HTTP/1.1" 200 OK
Worker: http://localhost:8001, Running: 1.0, Waiting: 142.0
Worker: http://localhost:8001, qlen: 1.0
Worker: http://localhost:8001, Tokens: 72548.0
Worker: http://localhost:8002, Running: 1.0, Waiting: 115.0
Worker: http://localhost:8002, qlen: 1.0
Worker: http://localhost:8002, Tokens: 87780.0
Selected worker: http://localhost:8001
INFO:     127.0.0.1:37346 - "POST /v1/completions HTTP/1.1" 200 OK
Worker: http://localhost:8001, Running: 1.0, Waiting: 125.0
Worker: http://localhost:8001, qlen: 1.0
Worker: http://localhost:8001, Tokens: 92675.0
Worker: http://localhost:8002, Running: 1.0, Waiting: 115.0
Worker: http://localhost:8002, qlen: 1.0
Worker: http://localhost:8002, Tokens: 87780.0
Selected worker: http://localhost:8001
INFO:     127.0.0.1:37358 - "POST /v1/completions HTTP/1.1" 200 OK
Worker: http://localhost:8001, Running: 1.0, Waiting: 125.0
Worker: http://localhost:8001, qlen: 1.0
Worker: http://localhost:8001, Tokens: 92697.0
Worker: http://localhost:8002, Running: 1.0, Waiting: 115.0
Worker: http://localhost:8002, qlen: 1.0
Worker: http://localhost:8002, Tokens: 86223.0
Selected worker: http://localhost:8002
INFO:     127.0.0.1:37360 - "POST /v1/completions HTTP/1.1" 200 OK
Worker: http://localhost:8001, Running: 1.0, Waiting: 125.0
Worker: http://localhost:8001, qlen: 1.0
Worker: http://localhost:8001, Tokens: 92697.0
Worker: http://localhost:8002, Running: 1.0, Waiting: 115.0
Worker: http://localhost:8002, qlen: 1.0
Worker: http://localhost:8002, Tokens: 86260.0
Selected worker: http://localhost:8001
INFO:     127.0.0.1:37374 - "POST /v1/completions HTTP/1.1" 200 OK
Worker: http://localhost:8001, Running: 1.0, Waiting: 125.0
Worker: http://localhost:8001, qlen: 1.0
Worker: http://localhost:8001, Tokens: 92744.0
Worker: http://localhost:8002, Running: 1.0, Waiting: 115.0
Worker: http://localhost:8002, qlen: 1.0
Worker: http://localhost:8002, Tokens: 86260.0
Selected worker: http://localhost:8002
INFO:     127.0.0.1:37382 - "POST /v1/completions HTTP/1.1" 200 OK
Worker: http://localhost:8001, Running: 1.0, Waiting: 125.0
Worker: http://localhost:8001, qlen: 1.0
Worker: http://localhost:8001, Tokens: 92744.0
Worker: http://localhost:8002, Running: 1.0, Waiting: 115.0
Worker: http://localhost:8002, qlen: 1.0
Worker: http://localhost:8002, Tokens: 86268.0
Selected worker: http://localhost:8001
INFO:     127.0.0.1:37384 - "POST /v1/completions HTTP/1.1" 200 OK
Worker: http://localhost:8001, Running: 1.0, Waiting: 125.0
Worker: http://localhost:8001, qlen: 1.0
Worker: http://localhost:8001, Tokens: 92754.0
Worker: http://localhost:8002, Running: 1.0, Waiting: 115.0
Worker: http://localhost:8002, qlen: 1.0
Worker: http://localhost:8002, Tokens: 86268.0
Selected worker: http://localhost:8002
INFO:     127.0.0.1:37388 - "POST /v1/completions HTTP/1.1" 200 OK
Worker: http://localhost:8001, Running: 1.0, Waiting: 125.0
Worker: http://localhost:8001, qlen: 1.0
Worker: http://localhost:8001, Tokens: 92754.0
Worker: http://localhost:8002, Running: 1.0, Waiting: 115.0
Worker: http://localhost:8002, qlen: 1.0
Worker: http://localhost:8002, Tokens: 86281.0
Selected worker: http://localhost:8001
INFO:     127.0.0.1:37394 - "POST /v1/completions HTTP/1.1" 200 OK
Worker: http://localhost:8001, Running: 1.0, Waiting: 125.0
Worker: http://localhost:8001, qlen: 1.0
Worker: http://localhost:8001, Tokens: 92776.0
Worker: http://localhost:8002, Running: 1.0, Waiting: 115.0
Worker: http://localhost:8002, qlen: 1.0
Worker: http://localhost:8002, Tokens: 86281.0
Selected worker: http://localhost:8002
INFO:     127.0.0.1:37406 - "POST /v1/completions HTTP/1.1" 200 OK
Worker: http://localhost:8001, Running: 1.0, Waiting: 125.0
Worker: http://localhost:8001, qlen: 1.0
Worker: http://localhost:8001, Tokens: 91574.0
Worker: http://localhost:8002, Running: 1.0, Waiting: 115.0
Worker: http://localhost:8002, qlen: 1.0
Worker: http://localhost:8002, Tokens: 86282.0
Selected worker: http://localhost:8002
INFO:     127.0.0.1:37412 - "POST /v1/completions HTTP/1.1" 200 OK
Worker: http://localhost:8001, Running: 1.0, Waiting: 125.0
Worker: http://localhost:8001, qlen: 1.0
Worker: http://localhost:8001, Tokens: 91574.0
Worker: http://localhost:8002, Running: 1.0, Waiting: 115.0
Worker: http://localhost:8002, qlen: 1.0
Worker: http://localhost:8002, Tokens: 86286.0
Selected worker: http://localhost:8002
INFO:     127.0.0.1:37420 - "POST /v1/completions HTTP/1.1" 200 OK
Worker: http://localhost:8001, Running: 1.0, Waiting: 125.0
Worker: http://localhost:8001, qlen: 1.0
Worker: http://localhost:8001, Tokens: 91574.0
Worker: http://localhost:8002, Running: 1.0, Waiting: 115.0
Worker: http://localhost:8002, qlen: 1.0
Worker: http://localhost:8002, Tokens: 86335.0
Selected worker: http://localhost:8002
INFO:     127.0.0.1:37428 - "POST /v1/completions HTTP/1.1" 200 OK
Worker: http://localhost:8001, Running: 1.0, Waiting: 125.0
Worker: http://localhost:8001, qlen: 1.0
Worker: http://localhost:8001, Tokens: 91574.0
Worker: http://localhost:8002, Running: 1.0, Waiting: 115.0
Worker: http://localhost:8002, qlen: 1.0
Worker: http://localhost:8002, Tokens: 86350.0
Selected worker: http://localhost:8002
INFO:     127.0.0.1:37434 - "POST /v1/completions HTTP/1.1" 200 OK
Worker: http://localhost:8001, Running: 1.0, Waiting: 125.0
Worker: http://localhost:8001, qlen: 1.0
Worker: http://localhost:8001, Tokens: 91505.0
Worker: http://localhost:8002, Running: 1.0, Waiting: 115.0
Worker: http://localhost:8002, qlen: 1.0
Worker: http://localhost:8002, Tokens: 97735.0
Selected worker: http://localhost:8001
INFO:     127.0.0.1:37450 - "POST /v1/completions HTTP/1.1" 200 OK
Worker: http://localhost:8001, Running: 1.0, Waiting: 125.0
Worker: http://localhost:8001, qlen: 1.0
Worker: http://localhost:8001, Tokens: 91529.0
Worker: http://localhost:8002, Running: 1.0, Waiting: 115.0
Worker: http://localhost:8002, qlen: 1.0
Worker: http://localhost:8002, Tokens: 97735.0
Selected worker: http://localhost:8001
INFO:     127.0.0.1:37454 - "POST /v1/completions HTTP/1.1" 200 OK
Worker: http://localhost:8001, Running: 1.0, Waiting: 125.0
Worker: http://localhost:8001, qlen: 1.0
Worker: http://localhost:8001, Tokens: 91564.0
Worker: http://localhost:8002, Running: 1.0, Waiting: 115.0
Worker: http://localhost:8002, qlen: 1.0
Worker: http://localhost:8002, Tokens: 97735.0
Selected worker: http://localhost:8001
INFO:     127.0.0.1:37460 - "POST /v1/completions HTTP/1.1" 200 OK
Worker: http://localhost:8001, Running: 1.0, Waiting: 125.0
Worker: http://localhost:8001, qlen: 1.0
Worker: http://localhost:8001, Tokens: 88798.0
Worker: http://localhost:8002, Running: 1.0, Waiting: 115.0
Worker: http://localhost:8002, qlen: 1.0
Worker: http://localhost:8002, Tokens: 96705.0
Selected worker: http://localhost:8002
INFO:     127.0.0.1:37476 - "POST /v1/completions HTTP/1.1" 200 OK
Worker: http://localhost:8001, Running: 1.0, Waiting: 125.0
Worker: http://localhost:8001, qlen: 1.0
Worker: http://localhost:8001, Tokens: 88798.0
Worker: http://localhost:8002, Running: 1.0, Waiting: 115.0
Worker: http://localhost:8002, qlen: 1.0
Worker: http://localhost:8002, Tokens: 97911.0
Selected worker: http://localhost:8002
INFO:     127.0.0.1:37480 - "POST /v1/completions HTTP/1.1" 200 OK
Worker: http://localhost:8001, Running: 1.0, Waiting: 125.0
Worker: http://localhost:8001, qlen: 1.0
Worker: http://localhost:8001, Tokens: 88798.0
Worker: http://localhost:8002, Running: 1.0, Waiting: 115.0
Worker: http://localhost:8002, qlen: 1.0
Worker: http://localhost:8002, Tokens: 99316.0
Selected worker: http://localhost:8001
INFO:     127.0.0.1:37494 - "POST /v1/completions HTTP/1.1" 200 OK
Worker: http://localhost:8001, Running: 1.0, Waiting: 125.0
Worker: http://localhost:8001, qlen: 1.0
Worker: http://localhost:8001, Tokens: 87513.0
Worker: http://localhost:8002, Running: 1.0, Waiting: 115.0
Worker: http://localhost:8002, qlen: 1.0
Worker: http://localhost:8002, Tokens: 97350.0
Selected worker: http://localhost:8001
INFO:     127.0.0.1:37506 - "POST /v1/completions HTTP/1.1" 200 OK
Worker: http://localhost:8001, Running: 1.0, Waiting: 125.0
Worker: http://localhost:8001, qlen: 1.0
Worker: http://localhost:8001, Tokens: 89380.0
Worker: http://localhost:8002, Running: 1.0, Waiting: 115.0
Worker: http://localhost:8002, qlen: 1.0
Worker: http://localhost:8002, Tokens: 97350.0
Selected worker: http://localhost:8001
INFO:     127.0.0.1:37514 - "POST /v1/completions HTTP/1.1" 200 OK
Worker: http://localhost:8001, Running: 1.0, Waiting: 125.0
Worker: http://localhost:8001, qlen: 1.0
Worker: http://localhost:8001, Tokens: 89419.0
Worker: http://localhost:8002, Running: 1.0, Waiting: 115.0
Worker: http://localhost:8002, qlen: 1.0
Worker: http://localhost:8002, Tokens: 97350.0
Selected worker: http://localhost:8002
INFO:     127.0.0.1:37524 - "POST /v1/completions HTTP/1.1" 200 OK
Worker: http://localhost:8001, Running: 1.0, Waiting: 125.0
Worker: http://localhost:8001, qlen: 1.0
Worker: http://localhost:8001, Tokens: 86898.0
Worker: http://localhost:8002, Running: 1.0, Waiting: 115.0
Worker: http://localhost:8002, qlen: 1.0
Worker: http://localhost:8002, Tokens: 97384.0
Selected worker: http://localhost:8001
INFO:     127.0.0.1:37534 - "POST /v1/completions HTTP/1.1" 200 OK
Worker: http://localhost:8001, Running: 1.0, Waiting: 125.0
Worker: http://localhost:8001, qlen: 1.0
Worker: http://localhost:8001, Tokens: 86925.0
Worker: http://localhost:8002, Running: 1.0, Waiting: 115.0
Worker: http://localhost:8002, qlen: 1.0
Worker: http://localhost:8002, Tokens: 96160.0
Selected worker: http://localhost:8002
INFO:     127.0.0.1:37550 - "POST /v1/completions HTTP/1.1" 200 OK
Worker: http://localhost:8001, Running: 1.0, Waiting: 125.0
Worker: http://localhost:8001, qlen: 1.0
Worker: http://localhost:8001, Tokens: 86925.0
Worker: http://localhost:8002, Running: 1.0, Waiting: 115.0
Worker: http://localhost:8002, qlen: 1.0
Worker: http://localhost:8002, Tokens: 96163.0
Selected worker: http://localhost:8002
INFO:     127.0.0.1:37566 - "POST /v1/completions HTTP/1.1" 200 OK
Worker: http://localhost:8001, Running: 1.0, Waiting: 120.0
Worker: http://localhost:8001, qlen: 1.0
Worker: http://localhost:8001, Tokens: 108506.0
Worker: http://localhost:8002, Running: 1.0, Waiting: 115.0
Worker: http://localhost:8002, qlen: 1.0
Worker: http://localhost:8002, Tokens: 96170.0
Selected worker: http://localhost:8002
INFO:     127.0.0.1:37580 - "POST /v1/completions HTTP/1.1" 200 OK
Worker: http://localhost:8001, Running: 1.0, Waiting: 120.0
Worker: http://localhost:8001, qlen: 1.0
Worker: http://localhost:8001, Tokens: 108506.0
Worker: http://localhost:8002, Running: 1.0, Waiting: 115.0
Worker: http://localhost:8002, qlen: 1.0
Worker: http://localhost:8002, Tokens: 94924.0
Selected worker: http://localhost:8002
INFO:     127.0.0.1:37590 - "POST /v1/completions HTTP/1.1" 200 OK
Worker: http://localhost:8001, Running: 1.0, Waiting: 120.0
Worker: http://localhost:8001, qlen: 1.0
Worker: http://localhost:8001, Tokens: 108506.0
Worker: http://localhost:8002, Running: 1.0, Waiting: 115.0
Worker: http://localhost:8002, qlen: 1.0
Worker: http://localhost:8002, Tokens: 94944.0
Selected worker: http://localhost:8002
INFO:     127.0.0.1:37602 - "POST /v1/completions HTTP/1.1" 200 OK
Worker: http://localhost:8001, Running: 1.0, Waiting: 120.0
Worker: http://localhost:8001, qlen: 1.0
Worker: http://localhost:8001, Tokens: 108506.0
Worker: http://localhost:8002, Running: 1.0, Waiting: 115.0
Worker: http://localhost:8002, qlen: 1.0
Worker: http://localhost:8002, Tokens: 96238.0
Selected worker: http://localhost:8001
INFO:     127.0.0.1:37612 - "POST /v1/completions HTTP/1.1" 200 OK
Worker: http://localhost:8001, Running: 1.0, Waiting: 120.0
Worker: http://localhost:8001, qlen: 1.0
Worker: http://localhost:8001, Tokens: 105489.0
Worker: http://localhost:8002, Running: 1.0, Waiting: 115.0
Worker: http://localhost:8002, qlen: 1.0
Worker: http://localhost:8002, Tokens: 96238.0
Selected worker: http://localhost:8001
INFO:     127.0.0.1:37622 - "POST /v1/completions HTTP/1.1" 200 OK
Worker: http://localhost:8001, Running: 1.0, Waiting: 120.0
Worker: http://localhost:8001, qlen: 1.0
Worker: http://localhost:8001, Tokens: 107177.0
Worker: http://localhost:8002, Running: 1.0, Waiting: 115.0
Worker: http://localhost:8002, qlen: 1.0
Worker: http://localhost:8002, Tokens: 96238.0
Selected worker: http://localhost:8002
INFO:     127.0.0.1:37626 - "POST /v1/completions HTTP/1.1" 200 OK
Worker: http://localhost:8001, Running: 1.0, Waiting: 120.0
Worker: http://localhost:8001, qlen: 1.0
Worker: http://localhost:8001, Tokens: 107177.0
Worker: http://localhost:8002, Running: 1.0, Waiting: 115.0
Worker: http://localhost:8002, qlen: 1.0
Worker: http://localhost:8002, Tokens: 96246.0
Selected worker: http://localhost:8002
INFO:     127.0.0.1:37634 - "POST /v1/completions HTTP/1.1" 200 OK
Worker: http://localhost:8001, Running: 1.0, Waiting: 120.0
Worker: http://localhost:8001, qlen: 1.0
Worker: http://localhost:8001, Tokens: 105850.0
Worker: http://localhost:8002, Running: 1.0, Waiting: 115.0
Worker: http://localhost:8002, qlen: 1.0
Worker: http://localhost:8002, Tokens: 97814.0
Selected worker: http://localhost:8002
INFO:     127.0.0.1:37640 - "POST /v1/completions HTTP/1.1" 200 OK
Worker: http://localhost:8001, Running: 1.0, Waiting: 120.0
Worker: http://localhost:8001, qlen: 1.0
Worker: http://localhost:8001, Tokens: 105850.0
Worker: http://localhost:8002, Running: 1.0, Waiting: 115.0
Worker: http://localhost:8002, qlen: 1.0
Worker: http://localhost:8002, Tokens: 97834.0
Selected worker: http://localhost:8002
INFO:     127.0.0.1:37652 - "POST /v1/completions HTTP/1.1" 200 OK
Worker: http://localhost:8001, Running: 1.0, Waiting: 120.0
Worker: http://localhost:8001, qlen: 1.0
Worker: http://localhost:8001, Tokens: 105850.0
Worker: http://localhost:8002, Running: 1.0, Waiting: 115.0
Worker: http://localhost:8002, qlen: 1.0
Worker: http://localhost:8002, Tokens: 99856.0
Selected worker: http://localhost:8001
INFO:     127.0.0.1:37656 - "POST /v1/completions HTTP/1.1" 200 OK
Worker: http://localhost:8001, Running: 1.0, Waiting: 120.0
Worker: http://localhost:8001, qlen: 1.0
Worker: http://localhost:8001, Tokens: 105857.0
Worker: http://localhost:8002, Running: 1.0, Waiting: 115.0
Worker: http://localhost:8002, qlen: 1.0
Worker: http://localhost:8002, Tokens: 99856.0
Selected worker: http://localhost:8001
INFO:     127.0.0.1:37664 - "POST /v1/completions HTTP/1.1" 200 OK
Worker: http://localhost:8001, Running: 1.0, Waiting: 120.0
Worker: http://localhost:8001, qlen: 1.0
Worker: http://localhost:8001, Tokens: 105890.0
Worker: http://localhost:8002, Running: 1.0, Waiting: 115.0
Worker: http://localhost:8002, qlen: 1.0
Worker: http://localhost:8002, Tokens: 99856.0
Selected worker: http://localhost:8001
INFO:     127.0.0.1:37674 - "POST /v1/completions HTTP/1.1" 200 OK
Worker: http://localhost:8001, Running: 1.0, Waiting: 120.0
Worker: http://localhost:8001, qlen: 1.0
Worker: http://localhost:8001, Tokens: 105933.0
Worker: http://localhost:8002, Running: 1.0, Waiting: 97.0
Worker: http://localhost:8002, qlen: 1.0
Worker: http://localhost:8002, Tokens: 113060.0
Selected worker: http://localhost:8001
INFO:     127.0.0.1:37684 - "POST /v1/completions HTTP/1.1" 200 OK
Worker: http://localhost:8001, Running: 1.0, Waiting: 120.0
Worker: http://localhost:8001, qlen: 1.0
Worker: http://localhost:8001, Tokens: 105953.0
Worker: http://localhost:8002, Running: 1.0, Waiting: 97.0
Worker: http://localhost:8002, qlen: 1.0
Worker: http://localhost:8002, Tokens: 113060.0
Selected worker: http://localhost:8001
INFO:     127.0.0.1:37686 - "POST /v1/completions HTTP/1.1" 200 OK
Worker: http://localhost:8001, Running: 1.0, Waiting: 120.0
Worker: http://localhost:8001, qlen: 1.0
Worker: http://localhost:8001, Tokens: 105991.0
Worker: http://localhost:8002, Running: 1.0, Waiting: 97.0
Worker: http://localhost:8002, qlen: 1.0
Worker: http://localhost:8002, Tokens: 113060.0
Selected worker: http://localhost:8001
INFO:     127.0.0.1:37702 - "POST /v1/completions HTTP/1.1" 200 OK
Worker: http://localhost:8001, Running: 1.0, Waiting: 120.0
Worker: http://localhost:8001, qlen: 1.0
Worker: http://localhost:8001, Tokens: 105116.0
Worker: http://localhost:8002, Running: 1.0, Waiting: 97.0
Worker: http://localhost:8002, qlen: 1.0
Worker: http://localhost:8002, Tokens: 113060.0
Selected worker: http://localhost:8001
INFO:     127.0.0.1:37710 - "POST /v1/completions HTTP/1.1" 200 OK
Worker: http://localhost:8001, Running: 1.0, Waiting: 120.0
Worker: http://localhost:8001, qlen: 1.0
Worker: http://localhost:8001, Tokens: 105119.0
Worker: http://localhost:8002, Running: 1.0, Waiting: 97.0
Worker: http://localhost:8002, qlen: 1.0
Worker: http://localhost:8002, Tokens: 113060.0
Selected worker: http://localhost:8001
INFO:     127.0.0.1:37712 - "POST /v1/completions HTTP/1.1" 200 OK
Worker: http://localhost:8001, Running: 1.0, Waiting: 120.0
Worker: http://localhost:8001, qlen: 1.0
Worker: http://localhost:8001, Tokens: 103987.0
Worker: http://localhost:8002, Running: 1.0, Waiting: 97.0
Worker: http://localhost:8002, qlen: 1.0
Worker: http://localhost:8002, Tokens: 112972.0
Selected worker: http://localhost:8002
INFO:     127.0.0.1:37724 - "POST /v1/completions HTTP/1.1" 200 OK
Worker: http://localhost:8001, Running: 1.0, Waiting: 120.0
Worker: http://localhost:8001, qlen: 1.0
Worker: http://localhost:8001, Tokens: 103987.0
Worker: http://localhost:8002, Running: 1.0, Waiting: 97.0
Worker: http://localhost:8002, qlen: 1.0
Worker: http://localhost:8002, Tokens: 112991.0
Selected worker: http://localhost:8001
INFO:     127.0.0.1:37740 - "POST /v1/completions HTTP/1.1" 200 OK
Worker: http://localhost:8001, Running: 1.0, Waiting: 120.0
Worker: http://localhost:8001, qlen: 1.0
Worker: http://localhost:8001, Tokens: 104001.0
Worker: http://localhost:8002, Running: 1.0, Waiting: 97.0
Worker: http://localhost:8002, qlen: 1.0
Worker: http://localhost:8002, Tokens: 112991.0
Selected worker: http://localhost:8001
INFO:     127.0.0.1:37744 - "POST /v1/completions HTTP/1.1" 200 OK
Worker: http://localhost:8001, Running: 1.0, Waiting: 120.0
Worker: http://localhost:8001, qlen: 1.0
Worker: http://localhost:8001, Tokens: 102047.0
Worker: http://localhost:8002, Running: 1.0, Waiting: 97.0
Worker: http://localhost:8002, qlen: 1.0
Worker: http://localhost:8002, Tokens: 111797.0
Selected worker: http://localhost:8001
INFO:     127.0.0.1:37756 - "POST /v1/completions HTTP/1.1" 200 OK
Worker: http://localhost:8001, Running: 1.0, Waiting: 120.0
Worker: http://localhost:8001, qlen: 1.0
Worker: http://localhost:8001, Tokens: 102072.0
Worker: http://localhost:8002, Running: 1.0, Waiting: 97.0
Worker: http://localhost:8002, qlen: 1.0
Worker: http://localhost:8002, Tokens: 111797.0
Selected worker: http://localhost:8002
INFO:     127.0.0.1:37766 - "POST /v1/completions HTTP/1.1" 200 OK
Worker: http://localhost:8001, Running: 1.0, Waiting: 120.0
Worker: http://localhost:8001, qlen: 1.0
Worker: http://localhost:8001, Tokens: 102072.0
Worker: http://localhost:8002, Running: 1.0, Waiting: 97.0
Worker: http://localhost:8002, qlen: 1.0
Worker: http://localhost:8002, Tokens: 111805.0
Selected worker: http://localhost:8001
INFO:     127.0.0.1:37782 - "POST /v1/completions HTTP/1.1" 200 OK
Worker: http://localhost:8001, Running: 1.0, Waiting: 120.0
Worker: http://localhost:8001, qlen: 1.0
Worker: http://localhost:8001, Tokens: 102094.0
Worker: http://localhost:8002, Running: 1.0, Waiting: 97.0
Worker: http://localhost:8002, qlen: 1.0
Worker: http://localhost:8002, Tokens: 111805.0
Selected worker: http://localhost:8001
INFO:     127.0.0.1:37798 - "POST /v1/completions HTTP/1.1" 200 OK
Worker: http://localhost:8001, Running: 1.0, Waiting: 108.0
Worker: http://localhost:8001, qlen: 1.0
Worker: http://localhost:8001, Tokens: 122270.0
Worker: http://localhost:8002, Running: 1.0, Waiting: 97.0
Worker: http://localhost:8002, qlen: 1.0
Worker: http://localhost:8002, Tokens: 111805.0
Selected worker: http://localhost:8001
INFO:     127.0.0.1:37804 - "POST /v1/completions HTTP/1.1" 200 OK
Worker: http://localhost:8001, Running: 1.0, Waiting: 108.0
Worker: http://localhost:8001, qlen: 1.0
Worker: http://localhost:8001, Tokens: 123387.0
Worker: http://localhost:8002, Running: 1.0, Waiting: 97.0
Worker: http://localhost:8002, qlen: 1.0
Worker: http://localhost:8002, Tokens: 111805.0
Selected worker: http://localhost:8001
INFO:     127.0.0.1:37814 - "POST /v1/completions HTTP/1.1" 200 OK
Worker: http://localhost:8001, Running: 1.0, Waiting: 108.0
Worker: http://localhost:8001, qlen: 1.0
Worker: http://localhost:8001, Tokens: 123408.0
Worker: http://localhost:8002, Running: 1.0, Waiting: 97.0
Worker: http://localhost:8002, qlen: 1.0
Worker: http://localhost:8002, Tokens: 111805.0
Selected worker: http://localhost:8001
INFO:     127.0.0.1:37824 - "POST /v1/completions HTTP/1.1" 200 OK
Worker: http://localhost:8001, Running: 1.0, Waiting: 108.0
Worker: http://localhost:8001, qlen: 1.0
Worker: http://localhost:8001, Tokens: 120786.0
Worker: http://localhost:8002, Running: 1.0, Waiting: 97.0
Worker: http://localhost:8002, qlen: 1.0
Worker: http://localhost:8002, Tokens: 109309.0
Selected worker: http://localhost:8001
INFO:     127.0.0.1:37832 - "POST /v1/completions HTTP/1.1" 200 OK
Worker: http://localhost:8001, Running: 1.0, Waiting: 108.0
Worker: http://localhost:8001, qlen: 1.0
Worker: http://localhost:8001, Tokens: 122542.0
Worker: http://localhost:8002, Running: 1.0, Waiting: 97.0
Worker: http://localhost:8002, qlen: 1.0
Worker: http://localhost:8002, Tokens: 109309.0
Selected worker: http://localhost:8001
INFO:     127.0.0.1:37844 - "POST /v1/completions HTTP/1.1" 200 OK
Worker: http://localhost:8001, Running: 1.0, Waiting: 108.0
Worker: http://localhost:8001, qlen: 1.0
Worker: http://localhost:8001, Tokens: 122550.0
Worker: http://localhost:8002, Running: 1.0, Waiting: 97.0
Worker: http://localhost:8002, qlen: 1.0
Worker: http://localhost:8002, Tokens: 109309.0
Selected worker: http://localhost:8001
INFO:     127.0.0.1:37854 - "POST /v1/completions HTTP/1.1" 200 OK
Worker: http://localhost:8001, Running: 1.0, Waiting: 108.0
Worker: http://localhost:8001, qlen: 1.0
Worker: http://localhost:8001, Tokens: 123034.0
Worker: http://localhost:8002, Running: 1.0, Waiting: 97.0
Worker: http://localhost:8002, qlen: 1.0
Worker: http://localhost:8002, Tokens: 107874.0
Selected worker: http://localhost:8001
INFO:     127.0.0.1:37868 - "POST /v1/completions HTTP/1.1" 200 OK
Worker: http://localhost:8001, Running: 1.0, Waiting: 108.0
Worker: http://localhost:8001, qlen: 1.0
Worker: http://localhost:8001, Tokens: 123035.0
Worker: http://localhost:8002, Running: 1.0, Waiting: 97.0
Worker: http://localhost:8002, qlen: 1.0
Worker: http://localhost:8002, Tokens: 107874.0
Selected worker: http://localhost:8002
INFO:     127.0.0.1:37884 - "POST /v1/completions HTTP/1.1" 200 OK
Worker: http://localhost:8001, Running: 1.0, Waiting: 108.0
Worker: http://localhost:8001, qlen: 1.0
Worker: http://localhost:8001, Tokens: 123035.0
Worker: http://localhost:8002, Running: 1.0, Waiting: 97.0
Worker: http://localhost:8002, qlen: 1.0
Worker: http://localhost:8002, Tokens: 107884.0
Selected worker: http://localhost:8001
INFO:     127.0.0.1:37886 - "POST /v1/completions HTTP/1.1" 200 OK
Worker: http://localhost:8001, Running: 1.0, Waiting: 108.0
Worker: http://localhost:8001, qlen: 1.0
Worker: http://localhost:8001, Tokens: 124188.0
Worker: http://localhost:8002, Running: 1.0, Waiting: 97.0
Worker: http://localhost:8002, qlen: 1.0
Worker: http://localhost:8002, Tokens: 107884.0
Selected worker: http://localhost:8001
INFO:     127.0.0.1:37892 - "POST /v1/completions HTTP/1.1" 200 OK
Worker: http://localhost:8001, Running: 1.0, Waiting: 108.0
Worker: http://localhost:8001, qlen: 1.0
Worker: http://localhost:8001, Tokens: 122457.0
Worker: http://localhost:8002, Running: 1.0, Waiting: 97.0
Worker: http://localhost:8002, qlen: 1.0
Worker: http://localhost:8002, Tokens: 106731.0
Selected worker: http://localhost:8002
INFO:     127.0.0.1:37898 - "POST /v1/completions HTTP/1.1" 200 OK
Worker: http://localhost:8001, Running: 1.0, Waiting: 108.0
Worker: http://localhost:8001, qlen: 1.0
Worker: http://localhost:8001, Tokens: 122457.0
Worker: http://localhost:8002, Running: 1.0, Waiting: 97.0
Worker: http://localhost:8002, qlen: 1.0
Worker: http://localhost:8002, Tokens: 106740.0
Selected worker: http://localhost:8002
INFO:     127.0.0.1:37908 - "POST /v1/completions HTTP/1.1" 200 OK
Worker: http://localhost:8001, Running: 1.0, Waiting: 108.0
Worker: http://localhost:8001, qlen: 1.0
Worker: http://localhost:8001, Tokens: 122457.0
Worker: http://localhost:8002, Running: 1.0, Waiting: 67.0
Worker: http://localhost:8002, qlen: 1.0
Worker: http://localhost:8002, Tokens: 131286.0
Selected worker: http://localhost:8001
INFO:     127.0.0.1:37922 - "POST /v1/completions HTTP/1.1" 200 OK
Worker: http://localhost:8001, Running: 1.0, Waiting: 108.0
Worker: http://localhost:8001, qlen: 1.0
Worker: http://localhost:8001, Tokens: 122465.0
Worker: http://localhost:8002, Running: 1.0, Waiting: 67.0
Worker: http://localhost:8002, qlen: 1.0
Worker: http://localhost:8002, Tokens: 129662.0
Selected worker: http://localhost:8002
INFO:     127.0.0.1:37928 - "POST /v1/completions HTTP/1.1" 200 OK
Worker: http://localhost:8001, Running: 1.0, Waiting: 108.0
Worker: http://localhost:8001, qlen: 1.0
Worker: http://localhost:8001, Tokens: 122465.0
Worker: http://localhost:8002, Running: 1.0, Waiting: 67.0
Worker: http://localhost:8002, qlen: 1.0
Worker: http://localhost:8002, Tokens: 129674.0
Selected worker: http://localhost:8002
INFO:     127.0.0.1:37938 - "POST /v1/completions HTTP/1.1" 200 OK
Worker: http://localhost:8001, Running: 1.0, Waiting: 108.0
Worker: http://localhost:8001, qlen: 1.0
Worker: http://localhost:8001, Tokens: 122465.0
Worker: http://localhost:8002, Running: 1.0, Waiting: 67.0
Worker: http://localhost:8002, qlen: 1.0
Worker: http://localhost:8002, Tokens: 129693.0
Selected worker: http://localhost:8002
INFO:     127.0.0.1:37950 - "POST /v1/completions HTTP/1.1" 200 OK
Worker: http://localhost:8001, Running: 1.0, Waiting: 108.0
Worker: http://localhost:8001, qlen: 1.0
Worker: http://localhost:8001, Tokens: 122465.0
Worker: http://localhost:8002, Running: 1.0, Waiting: 67.0
Worker: http://localhost:8002, qlen: 1.0
Worker: http://localhost:8002, Tokens: 128407.0
Selected worker: http://localhost:8001
INFO:     127.0.0.1:37956 - "POST /v1/completions HTTP/1.1" 200 OK
Worker: http://localhost:8001, Running: 1.0, Waiting: 108.0
Worker: http://localhost:8001, qlen: 1.0
Worker: http://localhost:8001, Tokens: 122506.0
Worker: http://localhost:8002, Running: 1.0, Waiting: 67.0
Worker: http://localhost:8002, qlen: 1.0
Worker: http://localhost:8002, Tokens: 128407.0
Selected worker: http://localhost:8002
INFO:     127.0.0.1:37968 - "POST /v1/completions HTTP/1.1" 200 OK
Worker: http://localhost:8001, Running: 1.0, Waiting: 108.0
Worker: http://localhost:8001, qlen: 1.0
Worker: http://localhost:8001, Tokens: 122506.0
Worker: http://localhost:8002, Running: 1.0, Waiting: 67.0
Worker: http://localhost:8002, qlen: 1.0
Worker: http://localhost:8002, Tokens: 128430.0
Selected worker: http://localhost:8002
INFO:     127.0.0.1:37984 - "POST /v1/completions HTTP/1.1" 200 OK
Worker: http://localhost:8001, Running: 1.0, Waiting: 108.0
Worker: http://localhost:8001, qlen: 1.0
Worker: http://localhost:8001, Tokens: 122506.0
Worker: http://localhost:8002, Running: 1.0, Waiting: 67.0
Worker: http://localhost:8002, qlen: 1.0
Worker: http://localhost:8002, Tokens: 128451.0
Selected worker: http://localhost:8002
INFO:     127.0.0.1:37992 - "POST /v1/completions HTTP/1.1" 200 OK
Worker: http://localhost:8001, Running: 1.0, Waiting: 108.0
Worker: http://localhost:8001, qlen: 1.0
Worker: http://localhost:8001, Tokens: 122506.0
Worker: http://localhost:8002, Running: 1.0, Waiting: 67.0
Worker: http://localhost:8002, qlen: 1.0
Worker: http://localhost:8002, Tokens: 126479.0
Selected worker: http://localhost:8001
INFO:     127.0.0.1:38002 - "POST /v1/completions HTTP/1.1" 200 OK
Worker: http://localhost:8001, Running: 1.0, Waiting: 108.0
Worker: http://localhost:8001, qlen: 1.0
Worker: http://localhost:8001, Tokens: 122519.0
Worker: http://localhost:8002, Running: 1.0, Waiting: 67.0
Worker: http://localhost:8002, qlen: 1.0
Worker: http://localhost:8002, Tokens: 126479.0
Selected worker: http://localhost:8001
INFO:     127.0.0.1:38010 - "POST /v1/completions HTTP/1.1" 200 OK
Worker: http://localhost:8001, Running: 1.0, Waiting: 108.0
Worker: http://localhost:8001, qlen: 1.0
Worker: http://localhost:8001, Tokens: 116271.0
Worker: http://localhost:8002, Running: 1.0, Waiting: 67.0
Worker: http://localhost:8002, qlen: 1.0
Worker: http://localhost:8002, Tokens: 126479.0
Selected worker: http://localhost:8002
INFO:     127.0.0.1:38022 - "POST /v1/completions HTTP/1.1" 200 OK
Worker: http://localhost:8001, Running: 1.0, Waiting: 108.0
Worker: http://localhost:8001, qlen: 1.0
Worker: http://localhost:8001, Tokens: 116271.0
Worker: http://localhost:8002, Running: 1.0, Waiting: 67.0
Worker: http://localhost:8002, qlen: 1.0
Worker: http://localhost:8002, Tokens: 124931.0
Selected worker: http://localhost:8002
INFO:     127.0.0.1:38036 - "POST /v1/completions HTTP/1.1" 200 OK
Worker: http://localhost:8001, Running: 1.0, Waiting: 105.0
Worker: http://localhost:8001, qlen: 1.0
Worker: http://localhost:8001, Tokens: 137262.0
Worker: http://localhost:8002, Running: 1.0, Waiting: 67.0
Worker: http://localhost:8002, qlen: 1.0
Worker: http://localhost:8002, Tokens: 126171.0
Selected worker: http://localhost:8001
INFO:     127.0.0.1:38042 - "POST /v1/completions HTTP/1.1" 200 OK
Worker: http://localhost:8001, Running: 1.0, Waiting: 105.0
Worker: http://localhost:8001, qlen: 1.0
Worker: http://localhost:8001, Tokens: 136191.0
Worker: http://localhost:8002, Running: 1.0, Waiting: 67.0
Worker: http://localhost:8002, qlen: 1.0
Worker: http://localhost:8002, Tokens: 126171.0
Selected worker: http://localhost:8001
INFO:     127.0.0.1:38050 - "POST /v1/completions HTTP/1.1" 200 OK
Worker: http://localhost:8001, Running: 1.0, Waiting: 105.0
Worker: http://localhost:8001, qlen: 1.0
Worker: http://localhost:8001, Tokens: 137441.0
Worker: http://localhost:8002, Running: 1.0, Waiting: 67.0
Worker: http://localhost:8002, qlen: 1.0
Worker: http://localhost:8002, Tokens: 126171.0
Selected worker: http://localhost:8001
INFO:     127.0.0.1:38056 - "POST /v1/completions HTTP/1.1" 200 OK
Worker: http://localhost:8001, Running: 1.0, Waiting: 105.0
Worker: http://localhost:8001, qlen: 1.0
Worker: http://localhost:8001, Tokens: 137450.0
Worker: http://localhost:8002, Running: 1.0, Waiting: 67.0
Worker: http://localhost:8002, qlen: 1.0
Worker: http://localhost:8002, Tokens: 126171.0
Selected worker: http://localhost:8002
INFO:     127.0.0.1:38060 - "POST /v1/completions HTTP/1.1" 200 OK
Worker: http://localhost:8001, Running: 1.0, Waiting: 105.0
Worker: http://localhost:8001, qlen: 1.0
Worker: http://localhost:8001, Tokens: 136339.0
Worker: http://localhost:8002, Running: 1.0, Waiting: 67.0
Worker: http://localhost:8002, qlen: 1.0
Worker: http://localhost:8002, Tokens: 126178.0
Selected worker: http://localhost:8002
INFO:     127.0.0.1:38072 - "POST /v1/completions HTTP/1.1" 200 OK
Worker: http://localhost:8001, Running: 1.0, Waiting: 105.0
Worker: http://localhost:8001, qlen: 1.0
Worker: http://localhost:8001, Tokens: 136339.0
Worker: http://localhost:8002, Running: 1.0, Waiting: 67.0
Worker: http://localhost:8002, qlen: 1.0
Worker: http://localhost:8002, Tokens: 127494.0
Selected worker: http://localhost:8002
INFO:     127.0.0.1:38078 - "POST /v1/completions HTTP/1.1" 200 OK
Worker: http://localhost:8001, Running: 1.0, Waiting: 105.0
Worker: http://localhost:8001, qlen: 1.0
Worker: http://localhost:8001, Tokens: 136339.0
Worker: http://localhost:8002, Running: 1.0, Waiting: 67.0
Worker: http://localhost:8002, qlen: 1.0
Worker: http://localhost:8002, Tokens: 127528.0
Selected worker: http://localhost:8001
INFO:     127.0.0.1:38086 - "POST /v1/completions HTTP/1.1" 200 OK
Worker: http://localhost:8001, Running: 1.0, Waiting: 105.0
Worker: http://localhost:8001, qlen: 1.0
Worker: http://localhost:8001, Tokens: 136345.0
Worker: http://localhost:8002, Running: 1.0, Waiting: 67.0
Worker: http://localhost:8002, qlen: 1.0
Worker: http://localhost:8002, Tokens: 127528.0
Selected worker: http://localhost:8001
INFO:     127.0.0.1:38102 - "POST /v1/completions HTTP/1.1" 200 OK
Worker: http://localhost:8001, Running: 1.0, Waiting: 105.0
Worker: http://localhost:8001, qlen: 1.0
Worker: http://localhost:8001, Tokens: 134279.0
Worker: http://localhost:8002, Running: 1.0, Waiting: 67.0
Worker: http://localhost:8002, qlen: 1.0
Worker: http://localhost:8002, Tokens: 127528.0
Selected worker: http://localhost:8001
INFO:     127.0.0.1:38104 - "POST /v1/completions HTTP/1.1" 200 OK
Worker: http://localhost:8001, Running: 1.0, Waiting: 105.0
Worker: http://localhost:8001, qlen: 1.0
Worker: http://localhost:8001, Tokens: 134286.0
Worker: http://localhost:8002, Running: 1.0, Waiting: 67.0
Worker: http://localhost:8002, qlen: 1.0
Worker: http://localhost:8002, Tokens: 127528.0
Selected worker: http://localhost:8002
INFO:     127.0.0.1:38114 - "POST /v1/completions HTTP/1.1" 200 OK
Worker: http://localhost:8001, Running: 1.0, Waiting: 105.0
Worker: http://localhost:8001, qlen: 1.0
Worker: http://localhost:8001, Tokens: 134286.0
Worker: http://localhost:8002, Running: 1.0, Waiting: 67.0
Worker: http://localhost:8002, qlen: 1.0
Worker: http://localhost:8002, Tokens: 127557.0
Selected worker: http://localhost:8002
INFO:     127.0.0.1:38130 - "POST /v1/completions HTTP/1.1" 200 OK
Worker: http://localhost:8001, Running: 1.0, Waiting: 105.0
Worker: http://localhost:8001, qlen: 1.0
Worker: http://localhost:8001, Tokens: 133049.0
Worker: http://localhost:8002, Running: 1.0, Waiting: 67.0
Worker: http://localhost:8002, qlen: 1.0
Worker: http://localhost:8002, Tokens: 127568.0
Selected worker: http://localhost:8001
INFO:     127.0.0.1:38144 - "POST /v1/completions HTTP/1.1" 200 OK
Worker: http://localhost:8001, Running: 1.0, Waiting: 105.0
Worker: http://localhost:8001, qlen: 1.0
Worker: http://localhost:8001, Tokens: 133054.0
Worker: http://localhost:8002, Running: 1.0, Waiting: 53.0
Worker: http://localhost:8002, qlen: 1.0
Worker: http://localhost:8002, Tokens: 139719.0
Selected worker: http://localhost:8002
INFO:     127.0.0.1:38160 - "POST /v1/completions HTTP/1.1" 200 OK
Worker: http://localhost:8001, Running: 1.0, Waiting: 105.0
Worker: http://localhost:8001, qlen: 1.0
Worker: http://localhost:8001, Tokens: 133054.0
Worker: http://localhost:8002, Running: 1.0, Waiting: 53.0
Worker: http://localhost:8002, qlen: 1.0
Worker: http://localhost:8002, Tokens: 139724.0
Selected worker: http://localhost:8002
INFO:     127.0.0.1:38170 - "POST /v1/completions HTTP/1.1" 200 OK
Worker: http://localhost:8001, Running: 1.0, Waiting: 105.0
Worker: http://localhost:8001, qlen: 1.0
Worker: http://localhost:8001, Tokens: 133054.0
Worker: http://localhost:8002, Running: 1.0, Waiting: 53.0
Worker: http://localhost:8002, qlen: 1.0
Worker: http://localhost:8002, Tokens: 139737.0
Selected worker: http://localhost:8002
INFO:     127.0.0.1:38172 - "POST /v1/completions HTTP/1.1" 200 OK
Worker: http://localhost:8001, Running: 1.0, Waiting: 105.0
Worker: http://localhost:8001, qlen: 1.0
Worker: http://localhost:8001, Tokens: 131758.0
Worker: http://localhost:8002, Running: 1.0, Waiting: 53.0
Worker: http://localhost:8002, qlen: 1.0
Worker: http://localhost:8002, Tokens: 139780.0
Selected worker: http://localhost:8001
INFO:     127.0.0.1:38188 - "POST /v1/completions HTTP/1.1" 200 OK
Worker: http://localhost:8001, Running: 1.0, Waiting: 105.0
Worker: http://localhost:8001, qlen: 1.0
Worker: http://localhost:8001, Tokens: 131778.0
Worker: http://localhost:8002, Running: 1.0, Waiting: 53.0
Worker: http://localhost:8002, qlen: 1.0
Worker: http://localhost:8002, Tokens: 139780.0
Selected worker: http://localhost:8002
INFO:     127.0.0.1:38190 - "POST /v1/completions HTTP/1.1" 200 OK
Worker: http://localhost:8001, Running: 1.0, Waiting: 105.0
Worker: http://localhost:8001, qlen: 1.0
Worker: http://localhost:8001, Tokens: 131778.0
Worker: http://localhost:8002, Running: 1.0, Waiting: 53.0
Worker: http://localhost:8002, qlen: 1.0
Worker: http://localhost:8002, Tokens: 140966.0
Selected worker: http://localhost:8001
INFO:     127.0.0.1:38192 - "POST /v1/completions HTTP/1.1" 200 OK
Worker: http://localhost:8001, Running: 1.0, Waiting: 105.0
Worker: http://localhost:8001, qlen: 1.0
Worker: http://localhost:8001, Tokens: 129333.0
Worker: http://localhost:8002, Running: 1.0, Waiting: 53.0
Worker: http://localhost:8002, qlen: 1.0
Worker: http://localhost:8002, Tokens: 140966.0
Selected worker: http://localhost:8002
INFO:     127.0.0.1:38198 - "POST /v1/completions HTTP/1.1" 200 OK
Worker: http://localhost:8001, Running: 1.0, Waiting: 105.0
Worker: http://localhost:8001, qlen: 1.0
Worker: http://localhost:8001, Tokens: 129333.0
Worker: http://localhost:8002, Running: 1.0, Waiting: 53.0
Worker: http://localhost:8002, qlen: 1.0
Worker: http://localhost:8002, Tokens: 141002.0
Selected worker: http://localhost:8002
INFO:     127.0.0.1:38212 - "POST /v1/completions HTTP/1.1" 200 OK
Worker: http://localhost:8001, Running: 1.0, Waiting: 105.0
Worker: http://localhost:8001, qlen: 1.0
Worker: http://localhost:8001, Tokens: 129333.0
Worker: http://localhost:8002, Running: 1.0, Waiting: 53.0
Worker: http://localhost:8002, qlen: 1.0
Worker: http://localhost:8002, Tokens: 141027.0
Selected worker: http://localhost:8001
INFO:     127.0.0.1:38216 - "POST /v1/completions HTTP/1.1" 200 OK
Worker: http://localhost:8001, Running: 1.0, Waiting: 105.0
Worker: http://localhost:8001, qlen: 1.0
Worker: http://localhost:8001, Tokens: 129352.0
Worker: http://localhost:8002, Running: 1.0, Waiting: 53.0
Worker: http://localhost:8002, qlen: 1.0
Worker: http://localhost:8002, Tokens: 137357.0
Selected worker: http://localhost:8002
INFO:     127.0.0.1:38228 - "POST /v1/completions HTTP/1.1" 200 OK
Worker: http://localhost:8001, Running: 1.0, Waiting: 105.0
Worker: http://localhost:8001, qlen: 1.0
Worker: http://localhost:8001, Tokens: 129352.0
Worker: http://localhost:8002, Running: 1.0, Waiting: 53.0
Worker: http://localhost:8002, qlen: 1.0
Worker: http://localhost:8002, Tokens: 137390.0
Selected worker: http://localhost:8002
INFO:     127.0.0.1:38242 - "POST /v1/completions HTTP/1.1" 200 OK
Worker: http://localhost:8001, Running: 1.0, Waiting: 105.0
Worker: http://localhost:8001, qlen: 1.0
Worker: http://localhost:8001, Tokens: 129352.0
Worker: http://localhost:8002, Running: 1.0, Waiting: 53.0
Worker: http://localhost:8002, qlen: 1.0
Worker: http://localhost:8002, Tokens: 137418.0
Selected worker: http://localhost:8001
INFO:     127.0.0.1:38256 - "POST /v1/completions HTTP/1.1" 200 OK
Worker: http://localhost:8001, Running: 1.0, Waiting: 94.0
Worker: http://localhost:8001, qlen: 1.0
Worker: http://localhost:8001, Tokens: 149649.0
Worker: http://localhost:8002, Running: 1.0, Waiting: 53.0
Worker: http://localhost:8002, qlen: 1.0
Worker: http://localhost:8002, Tokens: 135855.0
Selected worker: http://localhost:8001
INFO:     127.0.0.1:38264 - "POST /v1/completions HTTP/1.1" 200 OK
Worker: http://localhost:8001, Running: 1.0, Waiting: 94.0
Worker: http://localhost:8001, qlen: 1.0
Worker: http://localhost:8001, Tokens: 148458.0
Worker: http://localhost:8002, Running: 1.0, Waiting: 53.0
Worker: http://localhost:8002, qlen: 1.0
Worker: http://localhost:8002, Tokens: 135855.0
Selected worker: http://localhost:8001
INFO:     127.0.0.1:38276 - "POST /v1/completions HTTP/1.1" 200 OK
Worker: http://localhost:8001, Running: 1.0, Waiting: 94.0
Worker: http://localhost:8001, qlen: 1.0
Worker: http://localhost:8001, Tokens: 148473.0
Worker: http://localhost:8002, Running: 1.0, Waiting: 53.0
Worker: http://localhost:8002, qlen: 1.0
Worker: http://localhost:8002, Tokens: 135855.0
Selected worker: http://localhost:8002
INFO:     127.0.0.1:38286 - "POST /v1/completions HTTP/1.1" 200 OK
Worker: http://localhost:8001, Running: 1.0, Waiting: 94.0
Worker: http://localhost:8001, qlen: 1.0
Worker: http://localhost:8001, Tokens: 148473.0
Worker: http://localhost:8002, Running: 1.0, Waiting: 53.0
Worker: http://localhost:8002, qlen: 1.0
Worker: http://localhost:8002, Tokens: 135872.0
Selected worker: http://localhost:8001
INFO:     127.0.0.1:38300 - "POST /v1/completions HTTP/1.1" 200 OK
Worker: http://localhost:8001, Running: 1.0, Waiting: 94.0
Worker: http://localhost:8001, qlen: 1.0
Worker: http://localhost:8001, Tokens: 147134.0
Worker: http://localhost:8002, Running: 1.0, Waiting: 53.0
Worker: http://localhost:8002, qlen: 1.0
Worker: http://localhost:8002, Tokens: 135872.0
Selected worker: http://localhost:8002
INFO:     127.0.0.1:38304 - "POST /v1/completions HTTP/1.1" 200 OK
Worker: http://localhost:8001, Running: 1.0, Waiting: 94.0
Worker: http://localhost:8001, qlen: 1.0
Worker: http://localhost:8001, Tokens: 147134.0
Worker: http://localhost:8002, Running: 1.0, Waiting: 53.0
Worker: http://localhost:8002, qlen: 1.0
Worker: http://localhost:8002, Tokens: 135874.0
Selected worker: http://localhost:8001
INFO:     127.0.0.1:38310 - "POST /v1/completions HTTP/1.1" 200 OK
Worker: http://localhost:8001, Running: 1.0, Waiting: 94.0
Worker: http://localhost:8001, qlen: 1.0
Worker: http://localhost:8001, Tokens: 147148.0
Worker: http://localhost:8002, Running: 1.0, Waiting: 53.0
Worker: http://localhost:8002, qlen: 1.0
Worker: http://localhost:8002, Tokens: 135874.0
Selected worker: http://localhost:8001
INFO:     127.0.0.1:38316 - "POST /v1/completions HTTP/1.1" 200 OK
Worker: http://localhost:8001, Running: 1.0, Waiting: 94.0
Worker: http://localhost:8001, qlen: 1.0
Worker: http://localhost:8001, Tokens: 147158.0
Worker: http://localhost:8002, Running: 1.0, Waiting: 53.0
Worker: http://localhost:8002, qlen: 1.0
Worker: http://localhost:8002, Tokens: 132697.0
Selected worker: http://localhost:8002
INFO:     127.0.0.1:38332 - "POST /v1/completions HTTP/1.1" 200 OK
Worker: http://localhost:8001, Running: 1.0, Waiting: 94.0
Worker: http://localhost:8001, qlen: 1.0
Worker: http://localhost:8001, Tokens: 144676.0
Worker: http://localhost:8002, Running: 1.0, Waiting: 53.0
Worker: http://localhost:8002, qlen: 1.0
Worker: http://localhost:8002, Tokens: 133784.0
Selected worker: http://localhost:8002
INFO:     127.0.0.1:38334 - "POST /v1/completions HTTP/1.1" 200 OK
Worker: http://localhost:8001, Running: 1.0, Waiting: 94.0
Worker: http://localhost:8001, qlen: 1.0
Worker: http://localhost:8001, Tokens: 144676.0
Worker: http://localhost:8002, Running: 1.0, Waiting: 53.0
Worker: http://localhost:8002, qlen: 1.0
Worker: http://localhost:8002, Tokens: 133795.0
Selected worker: http://localhost:8002
INFO:     127.0.0.1:38346 - "POST /v1/completions HTTP/1.1" 200 OK
Worker: http://localhost:8001, Running: 1.0, Waiting: 94.0
Worker: http://localhost:8001, qlen: 1.0
Worker: http://localhost:8001, Tokens: 144676.0
Worker: http://localhost:8002, Running: 1.0, Waiting: 53.0
Worker: http://localhost:8002, qlen: 1.0
Worker: http://localhost:8002, Tokens: 133834.0
Selected worker: http://localhost:8001
INFO:     127.0.0.1:38362 - "POST /v1/completions HTTP/1.1" 200 OK
Worker: http://localhost:8001, Running: 1.0, Waiting: 94.0
Worker: http://localhost:8001, qlen: 1.0
Worker: http://localhost:8001, Tokens: 146181.0
Worker: http://localhost:8002, Running: 1.0, Waiting: 53.0
Worker: http://localhost:8002, qlen: 1.0
Worker: http://localhost:8002, Tokens: 133834.0
Selected worker: http://localhost:8001
INFO:     127.0.0.1:38364 - "POST /v1/completions HTTP/1.1" 200 OK
Worker: http://localhost:8001, Running: 1.0, Waiting: 94.0
Worker: http://localhost:8001, qlen: 1.0
Worker: http://localhost:8001, Tokens: 146205.0
Worker: http://localhost:8002, Running: 1.0, Waiting: 54.0
Worker: http://localhost:8002, qlen: 1.0
Worker: http://localhost:8002, Tokens: 157436.0
Selected worker: http://localhost:8002
INFO:     127.0.0.1:38368 - "POST /v1/completions HTTP/1.1" 200 OK
Worker: http://localhost:8001, Running: 1.0, Waiting: 94.0
Worker: http://localhost:8001, qlen: 1.0
Worker: http://localhost:8001, Tokens: 146205.0
Worker: http://localhost:8002, Running: 1.0, Waiting: 54.0
Worker: http://localhost:8002, qlen: 1.0
Worker: http://localhost:8002, Tokens: 157465.0
Selected worker: http://localhost:8001
INFO:     127.0.0.1:38374 - "POST /v1/completions HTTP/1.1" 200 OK
Worker: http://localhost:8001, Running: 1.0, Waiting: 94.0
Worker: http://localhost:8001, qlen: 1.0
Worker: http://localhost:8001, Tokens: 146215.0
Worker: http://localhost:8002, Running: 1.0, Waiting: 54.0
Worker: http://localhost:8002, qlen: 1.0
Worker: http://localhost:8002, Tokens: 157465.0
Selected worker: http://localhost:8001
INFO:     127.0.0.1:38384 - "POST /v1/completions HTTP/1.1" 200 OK
Worker: http://localhost:8001, Running: 1.0, Waiting: 94.0
Worker: http://localhost:8001, qlen: 1.0
Worker: http://localhost:8001, Tokens: 144339.0
Worker: http://localhost:8002, Running: 1.0, Waiting: 54.0
Worker: http://localhost:8002, qlen: 1.0
Worker: http://localhost:8002, Tokens: 154524.0
Selected worker: http://localhost:8001
INFO:     127.0.0.1:38400 - "POST /v1/completions HTTP/1.1" 200 OK
Worker: http://localhost:8001, Running: 1.0, Waiting: 94.0
Worker: http://localhost:8001, qlen: 1.0
Worker: http://localhost:8001, Tokens: 144364.0
Worker: http://localhost:8002, Running: 1.0, Waiting: 54.0
Worker: http://localhost:8002, qlen: 1.0
Worker: http://localhost:8002, Tokens: 154524.0
Selected worker: http://localhost:8002
INFO:     127.0.0.1:38402 - "POST /v1/completions HTTP/1.1" 200 OK
Worker: http://localhost:8001, Running: 1.0, Waiting: 94.0
Worker: http://localhost:8001, qlen: 1.0
Worker: http://localhost:8001, Tokens: 144364.0
Worker: http://localhost:8002, Running: 1.0, Waiting: 54.0
Worker: http://localhost:8002, qlen: 1.0
Worker: http://localhost:8002, Tokens: 154534.0
Selected worker: http://localhost:8001
INFO:     127.0.0.1:38412 - "POST /v1/completions HTTP/1.1" 200 OK
Worker: http://localhost:8001, Running: 1.0, Waiting: 94.0
Worker: http://localhost:8001, qlen: 1.0
Worker: http://localhost:8001, Tokens: 142993.0
Worker: http://localhost:8002, Running: 1.0, Waiting: 54.0
Worker: http://localhost:8002, qlen: 1.0
Worker: http://localhost:8002, Tokens: 154534.0
Selected worker: http://localhost:8001
INFO:     127.0.0.1:38420 - "POST /v1/completions HTTP/1.1" 200 OK
Worker: http://localhost:8001, Running: 1.0, Waiting: 94.0
Worker: http://localhost:8001, qlen: 1.0
Worker: http://localhost:8001, Tokens: 143019.0
Worker: http://localhost:8002, Running: 1.0, Waiting: 54.0
Worker: http://localhost:8002, qlen: 1.0
Worker: http://localhost:8002, Tokens: 154534.0
Selected worker: http://localhost:8001
INFO:     127.0.0.1:38424 - "POST /v1/completions HTTP/1.1" 200 OK
Worker: http://localhost:8001, Running: 1.0, Waiting: 94.0
Worker: http://localhost:8001, qlen: 1.0
Worker: http://localhost:8001, Tokens: 143039.0
Worker: http://localhost:8002, Running: 1.0, Waiting: 54.0
Worker: http://localhost:8002, qlen: 1.0
Worker: http://localhost:8002, Tokens: 154534.0
Selected worker: http://localhost:8001
INFO:     127.0.0.1:38436 - "POST /v1/completions HTTP/1.1" 200 OK
Worker: http://localhost:8001, Running: 1.0, Waiting: 94.0
Worker: http://localhost:8001, qlen: 1.0
Worker: http://localhost:8001, Tokens: 142869.0
Worker: http://localhost:8002, Running: 1.0, Waiting: 54.0
Worker: http://localhost:8002, qlen: 1.0
Worker: http://localhost:8002, Tokens: 151140.0
Selected worker: http://localhost:8001
INFO:     127.0.0.1:38448 - "POST /v1/completions HTTP/1.1" 200 OK
Worker: http://localhost:8001, Running: 1.0, Waiting: 94.0
Worker: http://localhost:8001, qlen: 1.0
Worker: http://localhost:8001, Tokens: 144260.0
Worker: http://localhost:8002, Running: 1.0, Waiting: 54.0
Worker: http://localhost:8002, qlen: 1.0
Worker: http://localhost:8002, Tokens: 151140.0
Selected worker: http://localhost:8001
INFO:     127.0.0.1:38462 - "POST /v1/completions HTTP/1.1" 200 OK
Worker: http://localhost:8001, Running: 1.0, Waiting: 94.0
Worker: http://localhost:8001, qlen: 1.0
Worker: http://localhost:8001, Tokens: 144285.0
Worker: http://localhost:8002, Running: 1.0, Waiting: 54.0
Worker: http://localhost:8002, qlen: 1.0
Worker: http://localhost:8002, Tokens: 151140.0
Selected worker: http://localhost:8001
INFO:     127.0.0.1:38476 - "POST /v1/completions HTTP/1.1" 200 OK
Worker: http://localhost:8001, Running: 1.0, Waiting: 80.0
Worker: http://localhost:8001, qlen: 1.0
Worker: http://localhost:8001, Tokens: 165905.0
Worker: http://localhost:8002, Running: 1.0, Waiting: 54.0
Worker: http://localhost:8002, qlen: 1.0
Worker: http://localhost:8002, Tokens: 151140.0
Selected worker: http://localhost:8001
INFO:     127.0.0.1:38486 - "POST /v1/completions HTTP/1.1" 200 OK
Worker: http://localhost:8001, Running: 1.0, Waiting: 80.0
Worker: http://localhost:8001, qlen: 1.0
Worker: http://localhost:8001, Tokens: 164286.0
Worker: http://localhost:8002, Running: 1.0, Waiting: 54.0
Worker: http://localhost:8002, qlen: 1.0
Worker: http://localhost:8002, Tokens: 149934.0
Selected worker: http://localhost:8002
INFO:     127.0.0.1:38492 - "POST /v1/completions HTTP/1.1" 200 OK
Worker: http://localhost:8001, Running: 1.0, Waiting: 80.0
Worker: http://localhost:8001, qlen: 1.0
Worker: http://localhost:8001, Tokens: 164286.0
Worker: http://localhost:8002, Running: 1.0, Waiting: 54.0
Worker: http://localhost:8002, qlen: 1.0
Worker: http://localhost:8002, Tokens: 149975.0
Selected worker: http://localhost:8001
INFO:     127.0.0.1:38504 - "POST /v1/completions HTTP/1.1" 200 OK
Worker: http://localhost:8001, Running: 1.0, Waiting: 80.0
Worker: http://localhost:8001, qlen: 1.0
Worker: http://localhost:8001, Tokens: 164305.0
Worker: http://localhost:8002, Running: 1.0, Waiting: 54.0
Worker: http://localhost:8002, qlen: 1.0
Worker: http://localhost:8002, Tokens: 148496.0
Selected worker: http://localhost:8001
INFO:     127.0.0.1:38516 - "POST /v1/completions HTTP/1.1" 200 OK
Worker: http://localhost:8001, Running: 1.0, Waiting: 80.0
Worker: http://localhost:8001, qlen: 1.0
Worker: http://localhost:8001, Tokens: 165343.0
Worker: http://localhost:8002, Running: 1.0, Waiting: 54.0
Worker: http://localhost:8002, qlen: 1.0
Worker: http://localhost:8002, Tokens: 148496.0
Selected worker: http://localhost:8002
INFO:     127.0.0.1:38528 - "POST /v1/completions HTTP/1.1" 200 OK
Worker: http://localhost:8001, Running: 1.0, Waiting: 80.0
Worker: http://localhost:8001, qlen: 1.0
Worker: http://localhost:8001, Tokens: 165343.0
Worker: http://localhost:8002, Running: 1.0, Waiting: 54.0
Worker: http://localhost:8002, qlen: 1.0
Worker: http://localhost:8002, Tokens: 153441.0
Selected worker: http://localhost:8001
INFO:     127.0.0.1:38530 - "POST /v1/completions HTTP/1.1" 200 OK
Worker: http://localhost:8001, Running: 1.0, Waiting: 80.0
Worker: http://localhost:8001, qlen: 1.0
Worker: http://localhost:8001, Tokens: 167719.0
Worker: http://localhost:8002, Running: 1.0, Waiting: 54.0
Worker: http://localhost:8002, qlen: 1.0
Worker: http://localhost:8002, Tokens: 153441.0
Selected worker: http://localhost:8002
INFO:     127.0.0.1:38546 - "POST /v1/completions HTTP/1.1" 200 OK
Worker: http://localhost:8001, Running: 1.0, Waiting: 80.0
Worker: http://localhost:8001, qlen: 1.0
Worker: http://localhost:8001, Tokens: 165280.0
Worker: http://localhost:8002, Running: 1.0, Waiting: 54.0
Worker: http://localhost:8002, qlen: 1.0
Worker: http://localhost:8002, Tokens: 152155.0
Selected worker: http://localhost:8001
INFO:     127.0.0.1:38552 - "POST /v1/completions HTTP/1.1" 200 OK
Worker: http://localhost:8001, Running: 1.0, Waiting: 80.0
Worker: http://localhost:8001, qlen: 1.0
Worker: http://localhost:8001, Tokens: 165300.0
Worker: http://localhost:8002, Running: 1.0, Waiting: 54.0
Worker: http://localhost:8002, qlen: 1.0
Worker: http://localhost:8002, Tokens: 152155.0
Selected worker: http://localhost:8002
INFO:     127.0.0.1:38564 - "POST /v1/completions HTTP/1.1" 200 OK
Worker: http://localhost:8001, Running: 1.0, Waiting: 80.0
Worker: http://localhost:8001, qlen: 1.0
Worker: http://localhost:8001, Tokens: 165300.0
Worker: http://localhost:8002, Running: 1.0, Waiting: 54.0
Worker: http://localhost:8002, qlen: 1.0
Worker: http://localhost:8002, Tokens: 152204.0
Selected worker: http://localhost:8002
INFO:     127.0.0.1:38568 - "POST /v1/completions HTTP/1.1" 200 OK
Worker: http://localhost:8001, Running: 1.0, Waiting: 80.0
Worker: http://localhost:8001, qlen: 1.0
Worker: http://localhost:8001, Tokens: 165300.0
Worker: http://localhost:8002, Running: 1.0, Waiting: 54.0
Worker: http://localhost:8002, qlen: 1.0
Worker: http://localhost:8002, Tokens: 152211.0
Selected worker: http://localhost:8001
INFO:     127.0.0.1:38582 - "POST /v1/completions HTTP/1.1" 200 OK
Worker: http://localhost:8001, Running: 1.0, Waiting: 80.0
Worker: http://localhost:8001, qlen: 1.0
Worker: http://localhost:8001, Tokens: 165235.0
Worker: http://localhost:8002, Running: 1.0, Waiting: 54.0
Worker: http://localhost:8002, qlen: 1.0
Worker: http://localhost:8002, Tokens: 150623.0
Selected worker: http://localhost:8002
INFO:     127.0.0.1:38588 - "POST /v1/completions HTTP/1.1" 200 OK
Worker: http://localhost:8001, Running: 1.0, Waiting: 80.0
Worker: http://localhost:8001, qlen: 1.0
Worker: http://localhost:8001, Tokens: 165235.0
Worker: http://localhost:8002, Running: 1.0, Waiting: 33.0
Worker: http://localhost:8002, qlen: 1.0
Worker: http://localhost:8002, Tokens: 172896.0
Selected worker: http://localhost:8001
INFO:     127.0.0.1:38602 - "POST /v1/completions HTTP/1.1" 200 OK
Worker: http://localhost:8001, Running: 1.0, Waiting: 80.0
Worker: http://localhost:8001, qlen: 1.0
Worker: http://localhost:8001, Tokens: 166649.0
Worker: http://localhost:8002, Running: 1.0, Waiting: 33.0
Worker: http://localhost:8002, qlen: 1.0
Worker: http://localhost:8002, Tokens: 172896.0
Selected worker: http://localhost:8002
INFO:     127.0.0.1:38610 - "POST /v1/completions HTTP/1.1" 200 OK
Worker: http://localhost:8001, Running: 1.0, Waiting: 80.0
Worker: http://localhost:8001, qlen: 1.0
Worker: http://localhost:8001, Tokens: 164994.0
Worker: http://localhost:8002, Running: 1.0, Waiting: 33.0
Worker: http://localhost:8002, qlen: 1.0
Worker: http://localhost:8002, Tokens: 170688.0
Selected worker: http://localhost:8001
INFO:     127.0.0.1:38612 - "POST /v1/completions HTTP/1.1" 200 OK
Worker: http://localhost:8001, Running: 1.0, Waiting: 80.0
Worker: http://localhost:8001, qlen: 1.0
Worker: http://localhost:8001, Tokens: 164995.0
Worker: http://localhost:8002, Running: 1.0, Waiting: 33.0
Worker: http://localhost:8002, qlen: 1.0
Worker: http://localhost:8002, Tokens: 170688.0
Selected worker: http://localhost:8001
INFO:     127.0.0.1:38626 - "POST /v1/completions HTTP/1.1" 200 OK
Worker: http://localhost:8001, Running: 1.0, Waiting: 80.0
Worker: http://localhost:8001, qlen: 1.0
Worker: http://localhost:8001, Tokens: 165006.0
Worker: http://localhost:8002, Running: 1.0, Waiting: 33.0
Worker: http://localhost:8002, qlen: 1.0
Worker: http://localhost:8002, Tokens: 170688.0
Selected worker: http://localhost:8002
INFO:     127.0.0.1:38640 - "POST /v1/completions HTTP/1.1" 200 OK
Worker: http://localhost:8001, Running: 1.0, Waiting: 80.0
Worker: http://localhost:8001, qlen: 1.0
Worker: http://localhost:8001, Tokens: 163002.0
Worker: http://localhost:8002, Running: 1.0, Waiting: 33.0
Worker: http://localhost:8002, qlen: 1.0
Worker: http://localhost:8002, Tokens: 169479.0
Selected worker: http://localhost:8001
INFO:     127.0.0.1:38644 - "POST /v1/completions HTTP/1.1" 200 OK
Worker: http://localhost:8001, Running: 1.0, Waiting: 80.0
Worker: http://localhost:8001, qlen: 1.0
Worker: http://localhost:8001, Tokens: 163007.0
Worker: http://localhost:8002, Running: 1.0, Waiting: 33.0
Worker: http://localhost:8002, qlen: 1.0
Worker: http://localhost:8002, Tokens: 169479.0
Selected worker: http://localhost:8001
INFO:     127.0.0.1:38652 - "POST /v1/completions HTTP/1.1" 200 OK
Worker: http://localhost:8001, Running: 1.0, Waiting: 80.0
Worker: http://localhost:8001, qlen: 1.0
Worker: http://localhost:8001, Tokens: 163025.0
Worker: http://localhost:8002, Running: 1.0, Waiting: 33.0
Worker: http://localhost:8002, qlen: 1.0
Worker: http://localhost:8002, Tokens: 169479.0
Selected worker: http://localhost:8002
INFO:     127.0.0.1:38668 - "POST /v1/completions HTTP/1.1" 200 OK
Worker: http://localhost:8001, Running: 1.0, Waiting: 80.0
Worker: http://localhost:8001, qlen: 1.0
Worker: http://localhost:8001, Tokens: 163025.0
Worker: http://localhost:8002, Running: 1.0, Waiting: 33.0
Worker: http://localhost:8002, qlen: 1.0
Worker: http://localhost:8002, Tokens: 168041.0
Selected worker: http://localhost:8001
INFO:     127.0.0.1:38680 - "POST /v1/completions HTTP/1.1" 200 OK
Worker: http://localhost:8001, Running: 1.0, Waiting: 80.0
Worker: http://localhost:8001, qlen: 1.0
Worker: http://localhost:8001, Tokens: 163029.0
Worker: http://localhost:8002, Running: 1.0, Waiting: 33.0
Worker: http://localhost:8002, qlen: 1.0
Worker: http://localhost:8002, Tokens: 168041.0
Selected worker: http://localhost:8002
INFO:     127.0.0.1:38684 - "POST /v1/completions HTTP/1.1" 200 OK
Worker: http://localhost:8001, Running: 1.0, Waiting: 80.0
Worker: http://localhost:8001, qlen: 1.0
Worker: http://localhost:8001, Tokens: 163029.0
Worker: http://localhost:8002, Running: 1.0, Waiting: 33.0
Worker: http://localhost:8002, qlen: 1.0
Worker: http://localhost:8002, Tokens: 168061.0
Selected worker: http://localhost:8001
INFO:     127.0.0.1:38688 - "POST /v1/completions HTTP/1.1" 200 OK
Worker: http://localhost:8001, Running: 1.0, Waiting: 80.0
Worker: http://localhost:8001, qlen: 1.0
Worker: http://localhost:8001, Tokens: 163034.0
Worker: http://localhost:8002, Running: 1.0, Waiting: 33.0
Worker: http://localhost:8002, qlen: 1.0
Worker: http://localhost:8002, Tokens: 168061.0
Selected worker: http://localhost:8001
INFO:     127.0.0.1:38696 - "POST /v1/completions HTTP/1.1" 200 OK
Worker: http://localhost:8001, Running: 1.0, Waiting: 61.0
Worker: http://localhost:8001, qlen: 1.0
Worker: http://localhost:8001, Tokens: 176354.0
Worker: http://localhost:8002, Running: 1.0, Waiting: 33.0
Worker: http://localhost:8002, qlen: 1.0
Worker: http://localhost:8002, Tokens: 166734.0
Selected worker: http://localhost:8001
INFO:     127.0.0.1:38710 - "POST /v1/completions HTTP/1.1" 200 OK
Worker: http://localhost:8001, Running: 1.0, Waiting: 61.0
Worker: http://localhost:8001, qlen: 1.0
Worker: http://localhost:8001, Tokens: 176368.0
Worker: http://localhost:8002, Running: 1.0, Waiting: 33.0
Worker: http://localhost:8002, qlen: 1.0
Worker: http://localhost:8002, Tokens: 166734.0
Selected worker: http://localhost:8002
INFO:     127.0.0.1:38722 - "POST /v1/completions HTTP/1.1" 200 OK
Worker: http://localhost:8001, Running: 1.0, Waiting: 61.0
Worker: http://localhost:8001, qlen: 1.0
Worker: http://localhost:8001, Tokens: 176368.0
Worker: http://localhost:8002, Running: 1.0, Waiting: 33.0
Worker: http://localhost:8002, qlen: 1.0
Worker: http://localhost:8002, Tokens: 168498.0
Selected worker: http://localhost:8001
INFO:     127.0.0.1:38734 - "POST /v1/completions HTTP/1.1" 200 OK
Worker: http://localhost:8001, Running: 1.0, Waiting: 61.0
Worker: http://localhost:8001, qlen: 1.0
Worker: http://localhost:8001, Tokens: 173370.0
Worker: http://localhost:8002, Running: 1.0, Waiting: 33.0
Worker: http://localhost:8002, qlen: 1.0
Worker: http://localhost:8002, Tokens: 167281.0
Selected worker: http://localhost:8002
INFO:     127.0.0.1:38742 - "POST /v1/completions HTTP/1.1" 200 OK
Worker: http://localhost:8001, Running: 1.0, Waiting: 61.0
Worker: http://localhost:8001, qlen: 1.0
Worker: http://localhost:8001, Tokens: 173370.0
Worker: http://localhost:8002, Running: 1.0, Waiting: 33.0
Worker: http://localhost:8002, qlen: 1.0
Worker: http://localhost:8002, Tokens: 167317.0
Selected worker: http://localhost:8001
INFO:     127.0.0.1:38758 - "POST /v1/completions HTTP/1.1" 200 OK
Worker: http://localhost:8001, Running: 1.0, Waiting: 61.0
Worker: http://localhost:8001, qlen: 1.0
Worker: http://localhost:8001, Tokens: 173373.0
Worker: http://localhost:8002, Running: 1.0, Waiting: 33.0
Worker: http://localhost:8002, qlen: 1.0
Worker: http://localhost:8002, Tokens: 167317.0
Selected worker: http://localhost:8001
INFO:     127.0.0.1:38774 - "POST /v1/completions HTTP/1.1" 200 OK
Worker: http://localhost:8001, Running: 1.0, Waiting: 61.0
Worker: http://localhost:8001, qlen: 1.0
Worker: http://localhost:8001, Tokens: 172197.0
Worker: http://localhost:8002, Running: 1.0, Waiting: 33.0
Worker: http://localhost:8002, qlen: 1.0
Worker: http://localhost:8002, Tokens: 167317.0
Selected worker: http://localhost:8002
INFO:     127.0.0.1:38784 - "POST /v1/completions HTTP/1.1" 200 OK
Worker: http://localhost:8001, Running: 1.0, Waiting: 61.0
Worker: http://localhost:8001, qlen: 1.0
Worker: http://localhost:8001, Tokens: 172197.0
Worker: http://localhost:8002, Running: 1.0, Waiting: 33.0
Worker: http://localhost:8002, qlen: 1.0
Worker: http://localhost:8002, Tokens: 167323.0
Selected worker: http://localhost:8001
INFO:     127.0.0.1:38792 - "POST /v1/completions HTTP/1.1" 200 OK
Worker: http://localhost:8001, Running: 1.0, Waiting: 61.0
Worker: http://localhost:8001, qlen: 1.0
Worker: http://localhost:8001, Tokens: 173449.0
Worker: http://localhost:8002, Running: 1.0, Waiting: 33.0
Worker: http://localhost:8002, qlen: 1.0
Worker: http://localhost:8002, Tokens: 167323.0
Selected worker: http://localhost:8002
INFO:     127.0.0.1:38808 - "POST /v1/completions HTTP/1.1" 200 OK
Worker: http://localhost:8001, Running: 1.0, Waiting: 61.0
Worker: http://localhost:8001, qlen: 1.0
Worker: http://localhost:8001, Tokens: 173449.0
Worker: http://localhost:8002, Running: 1.0, Waiting: 33.0
Worker: http://localhost:8002, qlen: 1.0
Worker: http://localhost:8002, Tokens: 167340.0
Selected worker: http://localhost:8001
INFO:     127.0.0.1:38810 - "POST /v1/completions HTTP/1.1" 200 OK
Worker: http://localhost:8001, Running: 1.0, Waiting: 61.0
Worker: http://localhost:8001, qlen: 1.0
Worker: http://localhost:8001, Tokens: 174292.0
Worker: http://localhost:8002, Running: 1.0, Waiting: 33.0
Worker: http://localhost:8002, qlen: 1.0
Worker: http://localhost:8002, Tokens: 167340.0
Selected worker: http://localhost:8001
INFO:     127.0.0.1:38826 - "POST /v1/completions HTTP/1.1" 200 OK
Worker: http://localhost:8001, Running: 1.0, Waiting: 61.0
Worker: http://localhost:8001, qlen: 1.0
Worker: http://localhost:8001, Tokens: 174307.0
Worker: http://localhost:8002, Running: 1.0, Waiting: 33.0
Worker: http://localhost:8002, qlen: 1.0
Worker: http://localhost:8002, Tokens: 167340.0
Selected worker: http://localhost:8001
INFO:     127.0.0.1:38838 - "POST /v1/completions HTTP/1.1" 200 OK
Worker: http://localhost:8001, Running: 1.0, Waiting: 61.0
Worker: http://localhost:8001, qlen: 1.0
Worker: http://localhost:8001, Tokens: 174316.0
Worker: http://localhost:8002, Running: 1.0, Waiting: 6.0
Worker: http://localhost:8002, qlen: 1.0
Worker: http://localhost:8002, Tokens: 183209.0
Selected worker: http://localhost:8001
INFO:     127.0.0.1:38844 - "POST /v1/completions HTTP/1.1" 200 OK
Worker: http://localhost:8001, Running: 1.0, Waiting: 61.0
Worker: http://localhost:8001, qlen: 1.0
Worker: http://localhost:8001, Tokens: 174327.0
Worker: http://localhost:8002, Running: 1.0, Waiting: 6.0
Worker: http://localhost:8002, qlen: 1.0
Worker: http://localhost:8002, Tokens: 183209.0
Selected worker: http://localhost:8001
INFO:     127.0.0.1:38854 - "POST /v1/completions HTTP/1.1" 200 OK
Worker: http://localhost:8001, Running: 1.0, Waiting: 61.0
Worker: http://localhost:8001, qlen: 1.0
Worker: http://localhost:8001, Tokens: 174333.0
Worker: http://localhost:8002, Running: 1.0, Waiting: 6.0
Worker: http://localhost:8002, qlen: 1.0
Worker: http://localhost:8002, Tokens: 178103.0
Selected worker: http://localhost:8002
INFO:     127.0.0.1:38858 - "POST /v1/completions HTTP/1.1" 200 OK
Worker: http://localhost:8001, Running: 1.0, Waiting: 61.0
Worker: http://localhost:8001, qlen: 1.0
Worker: http://localhost:8001, Tokens: 174333.0
Worker: http://localhost:8002, Running: 1.0, Waiting: 6.0
Worker: http://localhost:8002, qlen: 1.0
Worker: http://localhost:8002, Tokens: 179180.0
Selected worker: http://localhost:8002
INFO:     127.0.0.1:38866 - "POST /v1/completions HTTP/1.1" 200 OK
Worker: http://localhost:8001, Running: 1.0, Waiting: 61.0
Worker: http://localhost:8001, qlen: 1.0
Worker: http://localhost:8001, Tokens: 170972.0
Worker: http://localhost:8002, Running: 1.0, Waiting: 6.0
Worker: http://localhost:8002, qlen: 1.0
Worker: http://localhost:8002, Tokens: 179216.0
Selected worker: http://localhost:8002
INFO:     127.0.0.1:38876 - "POST /v1/completions HTTP/1.1" 200 OK
Worker: http://localhost:8001, Running: 1.0, Waiting: 61.0
Worker: http://localhost:8001, qlen: 1.0
Worker: http://localhost:8001, Tokens: 170972.0
Worker: http://localhost:8002, Running: 1.0, Waiting: 6.0
Worker: http://localhost:8002, qlen: 1.0
Worker: http://localhost:8002, Tokens: 177425.0
Selected worker: http://localhost:8002
INFO:     127.0.0.1:38880 - "POST /v1/completions HTTP/1.1" 200 OK
Worker: http://localhost:8001, Running: 1.0, Waiting: 61.0
Worker: http://localhost:8001, qlen: 1.0
Worker: http://localhost:8001, Tokens: 170972.0
Worker: http://localhost:8002, Running: 1.0, Waiting: 6.0
Worker: http://localhost:8002, qlen: 1.0
Worker: http://localhost:8002, Tokens: 177441.0
Selected worker: http://localhost:8002
INFO:     127.0.0.1:38886 - "POST /v1/completions HTTP/1.1" 200 OK
Worker: http://localhost:8001, Running: 1.0, Waiting: 61.0
Worker: http://localhost:8001, qlen: 1.0
Worker: http://localhost:8001, Tokens: 169580.0
Worker: http://localhost:8002, Running: 1.0, Waiting: 6.0
Worker: http://localhost:8002, qlen: 1.0
Worker: http://localhost:8002, Tokens: 177464.0
Selected worker: http://localhost:8001
INFO:     127.0.0.1:38892 - "POST /v1/completions HTTP/1.1" 200 OK
Worker: http://localhost:8001, Running: 1.0, Waiting: 61.0
Worker: http://localhost:8001, qlen: 1.0
Worker: http://localhost:8001, Tokens: 171824.0
Worker: http://localhost:8002, Running: 1.0, Waiting: 6.0
Worker: http://localhost:8002, qlen: 1.0
Worker: http://localhost:8002, Tokens: 177464.0
Selected worker: http://localhost:8002
INFO:     127.0.0.1:38896 - "POST /v1/completions HTTP/1.1" 200 OK
Worker: http://localhost:8001, Running: 1.0, Waiting: 61.0
Worker: http://localhost:8001, qlen: 1.0
Worker: http://localhost:8001, Tokens: 171824.0
Worker: http://localhost:8002, Running: 1.0, Waiting: 6.0
Worker: http://localhost:8002, qlen: 1.0
Worker: http://localhost:8002, Tokens: 177461.0
Selected worker: http://localhost:8001
INFO:     127.0.0.1:38910 - "POST /v1/completions HTTP/1.1" 200 OK
Worker: http://localhost:8001, Running: 1.0, Waiting: 61.0
Worker: http://localhost:8001, qlen: 1.0
Worker: http://localhost:8001, Tokens: 173077.0
Worker: http://localhost:8002, Running: 1.0, Waiting: 6.0
Worker: http://localhost:8002, qlen: 1.0
Worker: http://localhost:8002, Tokens: 177461.0
Selected worker: http://localhost:8001
INFO:     127.0.0.1:38914 - "POST /v1/completions HTTP/1.1" 200 OK
Worker: http://localhost:8001, Running: 1.0, Waiting: 61.0
Worker: http://localhost:8001, qlen: 1.0
Worker: http://localhost:8001, Tokens: 171462.0
Worker: http://localhost:8002, Running: 1.0, Waiting: 6.0
Worker: http://localhost:8002, qlen: 1.0
Worker: http://localhost:8002, Tokens: 177461.0
Selected worker: http://localhost:8001
INFO:     127.0.0.1:38922 - "POST /v1/completions HTTP/1.1" 200 OK
Worker: http://localhost:8001, Running: 1.0, Waiting: 21.0
Worker: http://localhost:8001, qlen: 1.0
Worker: http://localhost:8001, Tokens: 196887.0
Worker: http://localhost:8002, Running: 1.0, Waiting: 6.0
Worker: http://localhost:8002, qlen: 1.0
Worker: http://localhost:8002, Tokens: 177461.0
Selected worker: http://localhost:8001
INFO:     127.0.0.1:38938 - "POST /v1/completions HTTP/1.1" 200 OK
Worker: http://localhost:8001, Running: 1.0, Waiting: 21.0
Worker: http://localhost:8001, qlen: 1.0
Worker: http://localhost:8001, Tokens: 196901.0
Worker: http://localhost:8002, Running: 1.0, Waiting: 6.0
Worker: http://localhost:8002, qlen: 1.0
Worker: http://localhost:8002, Tokens: 177461.0
Selected worker: http://localhost:8001
INFO:     127.0.0.1:38954 - "POST /v1/completions HTTP/1.1" 200 OK
Worker: http://localhost:8001, Running: 1.0, Waiting: 21.0
Worker: http://localhost:8001, qlen: 1.0
Worker: http://localhost:8001, Tokens: 197979.0
Worker: http://localhost:8002, Running: 1.0, Waiting: 6.0
Worker: http://localhost:8002, qlen: 1.0
Worker: http://localhost:8002, Tokens: 177461.0
Selected worker: http://localhost:8001
INFO:     127.0.0.1:38964 - "POST /v1/completions HTTP/1.1" 200 OK
Worker: http://localhost:8001, Running: 1.0, Waiting: 21.0
Worker: http://localhost:8001, qlen: 1.0
Worker: http://localhost:8001, Tokens: 197995.0
Worker: http://localhost:8002, Running: 1.0, Waiting: 6.0
Worker: http://localhost:8002, qlen: 1.0
Worker: http://localhost:8002, Tokens: 177461.0
Selected worker: http://localhost:8001
INFO:     127.0.0.1:38980 - "POST /v1/completions HTTP/1.1" 200 OK
Worker: http://localhost:8001, Running: 1.0, Waiting: 21.0
Worker: http://localhost:8001, qlen: 1.0
Worker: http://localhost:8001, Tokens: 198043.0
Worker: http://localhost:8002, Running: 1.0, Waiting: 6.0
Worker: http://localhost:8002, qlen: 1.0
Worker: http://localhost:8002, Tokens: 177461.0
Selected worker: http://localhost:8001
INFO:     127.0.0.1:38982 - "POST /v1/completions HTTP/1.1" 200 OK
Worker: http://localhost:8001, Running: 1.0, Waiting: 21.0
Worker: http://localhost:8001, qlen: 1.0
Worker: http://localhost:8001, Tokens: 197702.0
Worker: http://localhost:8002, Running: 1.0, Waiting: 6.0
Worker: http://localhost:8002, qlen: 1.0
Worker: http://localhost:8002, Tokens: 177461.0
Selected worker: http://localhost:8002
INFO:     127.0.0.1:38998 - "POST /v1/completions HTTP/1.1" 200 OK
Worker: http://localhost:8001, Running: 1.0, Waiting: 21.0
Worker: http://localhost:8001, qlen: 1.0
Worker: http://localhost:8001, Tokens: 197702.0
Worker: http://localhost:8002, Running: 1.0, Waiting: 6.0
Worker: http://localhost:8002, qlen: 1.0
Worker: http://localhost:8002, Tokens: 177463.0
Selected worker: http://localhost:8001
INFO:     127.0.0.1:39006 - "POST /v1/completions HTTP/1.1" 200 OK
Worker: http://localhost:8001, Running: 1.0, Waiting: 21.0
Worker: http://localhost:8001, qlen: 1.0
Worker: http://localhost:8001, Tokens: 197732.0
Worker: http://localhost:8002, Running: 1.0, Waiting: 6.0
Worker: http://localhost:8002, qlen: 1.0
Worker: http://localhost:8002, Tokens: 177463.0
Selected worker: http://localhost:8001
INFO:     127.0.0.1:39010 - "POST /v1/completions HTTP/1.1" 200 OK
Worker: http://localhost:8001, Running: 1.0, Waiting: 21.0
Worker: http://localhost:8001, qlen: 1.0
Worker: http://localhost:8001, Tokens: 197742.0
Worker: http://localhost:8002, Running: 1.0, Waiting: 6.0
Worker: http://localhost:8002, qlen: 1.0
Worker: http://localhost:8002, Tokens: 177463.0
Selected worker: http://localhost:8002
INFO:     127.0.0.1:39022 - "POST /v1/completions HTTP/1.1" 200 OK
Worker: http://localhost:8001, Running: 1.0, Waiting: 21.0
Worker: http://localhost:8001, qlen: 1.0
Worker: http://localhost:8001, Tokens: 196286.0
Worker: http://localhost:8002, Running: 1.0, Waiting: 6.0
Worker: http://localhost:8002, qlen: 1.0
Worker: http://localhost:8002, Tokens: 177469.0
Selected worker: http://localhost:8001
INFO:     127.0.0.1:39036 - "POST /v1/completions HTTP/1.1" 200 OK
Worker: http://localhost:8001, Running: 1.0, Waiting: 21.0
Worker: http://localhost:8001, qlen: 1.0
Worker: http://localhost:8001, Tokens: 197322.0
Worker: http://localhost:8002, Running: 1.0, Waiting: 6.0
Worker: http://localhost:8002, qlen: 1.0
Worker: http://localhost:8002, Tokens: 177469.0
Selected worker: http://localhost:8002
INFO:     127.0.0.1:39044 - "POST /v1/completions HTTP/1.1" 200 OK
Worker: http://localhost:8001, Running: 1.0, Waiting: 21.0
Worker: http://localhost:8001, qlen: 1.0
Worker: http://localhost:8001, Tokens: 197322.0
Worker: http://localhost:8002, Running: 1.0, Waiting: 6.0
Worker: http://localhost:8002, qlen: 1.0
Worker: http://localhost:8002, Tokens: 177491.0
Selected worker: http://localhost:8001
INFO:     127.0.0.1:39060 - "POST /v1/completions HTTP/1.1" 200 OK
Worker: http://localhost:8001, Running: 1.0, Waiting: 21.0
Worker: http://localhost:8001, qlen: 1.0
Worker: http://localhost:8001, Tokens: 196302.0
Worker: http://localhost:8002, Running: 1.0, Waiting: 2.0
Worker: http://localhost:8002, qlen: 1.0
Worker: http://localhost:8002, Tokens: 192433.0
Selected worker: http://localhost:8002
INFO:     127.0.0.1:39062 - "POST /v1/completions HTTP/1.1" 200 OK
Worker: http://localhost:8001, Running: 1.0, Waiting: 21.0
Worker: http://localhost:8001, qlen: 1.0
Worker: http://localhost:8001, Tokens: 193906.0
Worker: http://localhost:8002, Running: 1.0, Waiting: 2.0
Worker: http://localhost:8002, qlen: 1.0
Worker: http://localhost:8002, Tokens: 191273.0
Selected worker: http://localhost:8002
INFO:     127.0.0.1:39066 - "POST /v1/completions HTTP/1.1" 200 OK
Worker: http://localhost:8001, Running: 1.0, Waiting: 21.0
Worker: http://localhost:8001, qlen: 1.0
Worker: http://localhost:8001, Tokens: 193906.0
Worker: http://localhost:8002, Running: 1.0, Waiting: 2.0
Worker: http://localhost:8002, qlen: 1.0
Worker: http://localhost:8002, Tokens: 192340.0
Selected worker: http://localhost:8002
INFO:     127.0.0.1:39080 - "POST /v1/completions HTTP/1.1" 200 OK
Worker: http://localhost:8001, Running: 1.0, Waiting: 21.0
Worker: http://localhost:8001, qlen: 1.0
Worker: http://localhost:8001, Tokens: 191926.0
Worker: http://localhost:8002, Running: 1.0, Waiting: 2.0
Worker: http://localhost:8002, qlen: 1.0
Worker: http://localhost:8002, Tokens: 193357.0
Selected worker: http://localhost:8002
INFO:     127.0.0.1:39088 - "POST /v1/completions HTTP/1.1" 200 OK
Worker: http://localhost:8001, Running: 1.0, Waiting: 21.0
Worker: http://localhost:8001, qlen: 1.0
Worker: http://localhost:8001, Tokens: 191926.0
Worker: http://localhost:8002, Running: 1.0, Waiting: 2.0
Worker: http://localhost:8002, qlen: 1.0
Worker: http://localhost:8002, Tokens: 193368.0
Selected worker: http://localhost:8001
INFO:     127.0.0.1:39100 - "POST /v1/completions HTTP/1.1" 200 OK
Worker: http://localhost:8001, Running: 1.0, Waiting: 21.0
Worker: http://localhost:8001, qlen: 1.0
Worker: http://localhost:8001, Tokens: 191941.0
Worker: http://localhost:8002, Running: 1.0, Waiting: 2.0
Worker: http://localhost:8002, qlen: 1.0
Worker: http://localhost:8002, Tokens: 193368.0
Selected worker: http://localhost:8001
INFO:     127.0.0.1:39108 - "POST /v1/completions HTTP/1.1" 200 OK
Worker: http://localhost:8001, Running: 1.0, Waiting: 21.0
Worker: http://localhost:8001, qlen: 1.0
Worker: http://localhost:8001, Tokens: 191980.0
Worker: http://localhost:8002, Running: 1.0, Waiting: 2.0
Worker: http://localhost:8002, qlen: 1.0
Worker: http://localhost:8002, Tokens: 193366.0
Selected worker: http://localhost:8002
INFO:     127.0.0.1:39118 - "POST /v1/completions HTTP/1.1" 200 OK
Worker: http://localhost:8001, Running: 1.0, Waiting: 21.0
Worker: http://localhost:8001, qlen: 1.0
Worker: http://localhost:8001, Tokens: 191980.0
Worker: http://localhost:8002, Running: 1.0, Waiting: 2.0
Worker: http://localhost:8002, qlen: 1.0
Worker: http://localhost:8002, Tokens: 193390.0
Selected worker: http://localhost:8001
INFO:     127.0.0.1:39122 - "POST /v1/completions HTTP/1.1" 200 OK
Worker: http://localhost:8001, Running: 1.0, Waiting: 21.0
Worker: http://localhost:8001, qlen: 1.0
Worker: http://localhost:8001, Tokens: 191990.0
Worker: http://localhost:8002, Running: 1.0, Waiting: 2.0
Worker: http://localhost:8002, qlen: 1.0
Worker: http://localhost:8002, Tokens: 193390.0
Selected worker: http://localhost:8001
INFO:     127.0.0.1:39136 - "POST /v1/completions HTTP/1.1" 200 OK
Worker: http://localhost:8001, Running: 1.0, Waiting: 21.0
Worker: http://localhost:8001, qlen: 1.0
Worker: http://localhost:8001, Tokens: 192004.0
Worker: http://localhost:8002, Running: 1.0, Waiting: 2.0
Worker: http://localhost:8002, qlen: 1.0
Worker: http://localhost:8002, Tokens: 193384.0
Selected worker: http://localhost:8001
INFO:     127.0.0.1:39140 - "POST /v1/completions HTTP/1.1" 200 OK
Worker: http://localhost:8001, Running: 1.0, Waiting: 21.0
Worker: http://localhost:8001, qlen: 1.0
Worker: http://localhost:8001, Tokens: 190575.0
Worker: http://localhost:8002, Running: 1.0, Waiting: 2.0
Worker: http://localhost:8002, qlen: 1.0
Worker: http://localhost:8002, Tokens: 193384.0
Selected worker: http://localhost:8001
INFO:     127.0.0.1:39148 - "POST /v1/completions HTTP/1.1" 200 OK
Worker: http://localhost:8001, Running: 1.0, Waiting: 21.0
Worker: http://localhost:8001, qlen: 1.0
Worker: http://localhost:8001, Tokens: 190584.0
Worker: http://localhost:8002, Running: 1.0, Waiting: 2.0
Worker: http://localhost:8002, qlen: 1.0
Worker: http://localhost:8002, Tokens: 193362.0
Selected worker: http://localhost:8002
INFO:     127.0.0.1:39160 - "POST /v1/completions HTTP/1.1" 200 OK
Worker: http://localhost:8001, Running: 1.0, Waiting: 19.0
Worker: http://localhost:8001, qlen: 1.0
Worker: http://localhost:8001, Tokens: 212292.0
Worker: http://localhost:8002, Running: 1.0, Waiting: 2.0
Worker: http://localhost:8002, qlen: 1.0
Worker: http://localhost:8002, Tokens: 193363.0
Selected worker: http://localhost:8002
INFO:     127.0.0.1:39170 - "POST /v1/completions HTTP/1.1" 200 OK
Worker: http://localhost:8001, Running: 1.0, Waiting: 19.0
Worker: http://localhost:8001, qlen: 1.0
Worker: http://localhost:8001, Tokens: 212292.0
Worker: http://localhost:8002, Running: 1.0, Waiting: 2.0
Worker: http://localhost:8002, qlen: 1.0
Worker: http://localhost:8002, Tokens: 193365.0
Selected worker: http://localhost:8002
INFO:     127.0.0.1:39178 - "POST /v1/completions HTTP/1.1" 200 OK
Worker: http://localhost:8001, Running: 1.0, Waiting: 19.0
Worker: http://localhost:8001, qlen: 1.0
Worker: http://localhost:8001, Tokens: 210225.0
Worker: http://localhost:8002, Running: 1.0, Waiting: 2.0
Worker: http://localhost:8002, qlen: 1.0
Worker: http://localhost:8002, Tokens: 193401.0
Selected worker: http://localhost:8001
INFO:     127.0.0.1:39182 - "POST /v1/completions HTTP/1.1" 200 OK
Worker: http://localhost:8001, Running: 1.0, Waiting: 19.0
Worker: http://localhost:8001, qlen: 1.0
Worker: http://localhost:8001, Tokens: 212158.0
Worker: http://localhost:8002, Running: 1.0, Waiting: 2.0
Worker: http://localhost:8002, qlen: 1.0
Worker: http://localhost:8002, Tokens: 192334.0
Selected worker: http://localhost:8001
INFO:     127.0.0.1:39186 - "POST /v1/completions HTTP/1.1" 200 OK
Worker: http://localhost:8001, Running: 1.0, Waiting: 19.0
Worker: http://localhost:8001, qlen: 1.0
Worker: http://localhost:8001, Tokens: 212186.0
Worker: http://localhost:8002, Running: 1.0, Waiting: 2.0
Worker: http://localhost:8002, qlen: 1.0
Worker: http://localhost:8002, Tokens: 192334.0
Selected worker: http://localhost:8001
INFO:     127.0.0.1:39196 - "POST /v1/completions HTTP/1.1" 200 OK
Worker: http://localhost:8001, Running: 1.0, Waiting: 19.0
Worker: http://localhost:8001, qlen: 1.0
Worker: http://localhost:8001, Tokens: 212200.0
Worker: http://localhost:8002, Running: 1.0, Waiting: 2.0
Worker: http://localhost:8002, qlen: 1.0
Worker: http://localhost:8002, Tokens: 191317.0
Selected worker: http://localhost:8002
INFO:     127.0.0.1:39208 - "POST /v1/completions HTTP/1.1" 200 OK
Worker: http://localhost:8001, Running: 1.0, Waiting: 19.0
Worker: http://localhost:8001, qlen: 1.0
Worker: http://localhost:8001, Tokens: 212200.0
Worker: http://localhost:8002, Running: 1.0, Waiting: 2.0
Worker: http://localhost:8002, qlen: 1.0
Worker: http://localhost:8002, Tokens: 193358.0
Selected worker: http://localhost:8001
INFO:     127.0.0.1:39210 - "POST /v1/completions HTTP/1.1" 200 OK
Worker: http://localhost:8001, Running: 1.0, Waiting: 19.0
Worker: http://localhost:8001, qlen: 1.0
Worker: http://localhost:8001, Tokens: 212210.0
Worker: http://localhost:8002, Running: 1.0, Waiting: 2.0
Worker: http://localhost:8002, qlen: 1.0
Worker: http://localhost:8002, Tokens: 193334.0
Selected worker: http://localhost:8002
INFO:     127.0.0.1:39218 - "POST /v1/completions HTTP/1.1" 200 OK
Worker: http://localhost:8001, Running: 1.0, Waiting: 19.0
Worker: http://localhost:8001, qlen: 1.0
Worker: http://localhost:8001, Tokens: 212210.0
Worker: http://localhost:8002, Running: 1.0, Waiting: 2.0
Worker: http://localhost:8002, qlen: 1.0
Worker: http://localhost:8002, Tokens: 193366.0
Selected worker: http://localhost:8001
INFO:     127.0.0.1:39228 - "POST /v1/completions HTTP/1.1" 200 OK
Worker: http://localhost:8001, Running: 1.0, Waiting: 19.0
Worker: http://localhost:8001, qlen: 1.0
Worker: http://localhost:8001, Tokens: 210982.0
Worker: http://localhost:8002, Running: 1.0, Waiting: 2.0
Worker: http://localhost:8002, qlen: 1.0
Worker: http://localhost:8002, Tokens: 193366.0
Selected worker: http://localhost:8002
INFO:     127.0.0.1:39234 - "POST /v1/completions HTTP/1.1" 200 OK
Worker: http://localhost:8001, Running: 1.0, Waiting: 19.0
Worker: http://localhost:8001, qlen: 1.0
Worker: http://localhost:8001, Tokens: 210982.0
Worker: http://localhost:8002, Running: 1.0, Waiting: 2.0
Worker: http://localhost:8002, qlen: 1.0
Worker: http://localhost:8002, Tokens: 193381.0
Selected worker: http://localhost:8001
INFO:     127.0.0.1:39246 - "POST /v1/completions HTTP/1.1" 200 OK
Worker: http://localhost:8001, Running: 1.0, Waiting: 19.0
Worker: http://localhost:8001, qlen: 1.0
Worker: http://localhost:8001, Tokens: 210990.0
Worker: http://localhost:8002, Running: 1.0, Waiting: 2.0
Worker: http://localhost:8002, qlen: 1.0
Worker: http://localhost:8002, Tokens: 193381.0
Selected worker: http://localhost:8002
INFO:     127.0.0.1:39260 - "POST /v1/completions HTTP/1.1" 200 OK
Worker: http://localhost:8001, Running: 1.0, Waiting: 19.0
Worker: http://localhost:8001, qlen: 1.0
Worker: http://localhost:8001, Tokens: 210990.0
Worker: http://localhost:8002, Running: 0.0, Waiting: 0.0
Worker: http://localhost:8002, qlen: 0.0
Worker: http://localhost:8002, Tokens: 201239.0
Selected worker: http://localhost:8002
INFO:     127.0.0.1:39266 - "POST /v1/completions HTTP/1.1" 200 OK
Worker: http://localhost:8001, Running: 1.0, Waiting: 19.0
Worker: http://localhost:8001, qlen: 1.0
Worker: http://localhost:8001, Tokens: 210990.0
Worker: http://localhost:8002, Running: 0.0, Waiting: 0.0
Worker: http://localhost:8002, qlen: 0.0
Worker: http://localhost:8002, Tokens: 201230.0
Selected worker: http://localhost:8002
INFO:     127.0.0.1:39272 - "POST /v1/completions HTTP/1.1" 200 OK
Worker: http://localhost:8001, Running: 1.0, Waiting: 19.0
Worker: http://localhost:8001, qlen: 1.0
Worker: http://localhost:8001, Tokens: 210990.0
Worker: http://localhost:8002, Running: 0.0, Waiting: 0.0
Worker: http://localhost:8002, qlen: 0.0
Worker: http://localhost:8002, Tokens: 201220.0
Selected worker: http://localhost:8002
INFO:     127.0.0.1:39286 - "POST /v1/completions HTTP/1.1" 200 OK
Worker: http://localhost:8001, Running: 1.0, Waiting: 19.0
Worker: http://localhost:8001, qlen: 1.0
Worker: http://localhost:8001, Tokens: 208342.0
Worker: http://localhost:8002, Running: 0.0, Waiting: 0.0
Worker: http://localhost:8002, qlen: 0.0
Worker: http://localhost:8002, Tokens: 202515.0
Selected worker: http://localhost:8002
INFO:     127.0.0.1:39292 - "POST /v1/completions HTTP/1.1" 200 OK
Worker: http://localhost:8001, Running: 1.0, Waiting: 19.0
Worker: http://localhost:8001, qlen: 1.0
Worker: http://localhost:8001, Tokens: 208342.0
Worker: http://localhost:8002, Running: 0.0, Waiting: 0.0
Worker: http://localhost:8002, qlen: 0.0
Worker: http://localhost:8002, Tokens: 202540.0
Selected worker: http://localhost:8002
INFO:     127.0.0.1:39294 - "POST /v1/completions HTTP/1.1" 200 OK
Worker: http://localhost:8001, Running: 1.0, Waiting: 19.0
Worker: http://localhost:8001, qlen: 1.0
Worker: http://localhost:8001, Tokens: 208342.0
Worker: http://localhost:8002, Running: 0.0, Waiting: 0.0
Worker: http://localhost:8002, qlen: 0.0
Worker: http://localhost:8002, Tokens: 202549.0
Selected worker: http://localhost:8002
INFO:     127.0.0.1:39300 - "POST /v1/completions HTTP/1.1" 200 OK
Worker: http://localhost:8001, Running: 1.0, Waiting: 19.0
Worker: http://localhost:8001, qlen: 1.0
Worker: http://localhost:8001, Tokens: 208342.0
Worker: http://localhost:8002, Running: 0.0, Waiting: 0.0
Worker: http://localhost:8002, qlen: 0.0
Worker: http://localhost:8002, Tokens: 202554.0
Selected worker: http://localhost:8002
INFO:     127.0.0.1:39312 - "POST /v1/completions HTTP/1.1" 200 OK
Worker: http://localhost:8001, Running: 1.0, Waiting: 19.0
Worker: http://localhost:8001, qlen: 1.0
Worker: http://localhost:8001, Tokens: 206098.0
Worker: http://localhost:8002, Running: 0.0, Waiting: 0.0
Worker: http://localhost:8002, qlen: 0.0
Worker: http://localhost:8002, Tokens: 202572.0
Selected worker: http://localhost:8002
INFO:     127.0.0.1:39318 - "POST /v1/completions HTTP/1.1" 200 OK
Worker: http://localhost:8001, Running: 1.0, Waiting: 19.0
Worker: http://localhost:8001, qlen: 1.0
Worker: http://localhost:8001, Tokens: 206098.0
Worker: http://localhost:8002, Running: 0.0, Waiting: 0.0
Worker: http://localhost:8002, qlen: 0.0
Worker: http://localhost:8002, Tokens: 204710.0
Selected worker: http://localhost:8002
INFO:     127.0.0.1:39322 - "POST /v1/completions HTTP/1.1" 200 OK
Worker: http://localhost:8001, Running: 1.0, Waiting: 19.0
Worker: http://localhost:8001, qlen: 1.0
Worker: http://localhost:8001, Tokens: 206098.0
Worker: http://localhost:8002, Running: 0.0, Waiting: 0.0
Worker: http://localhost:8002, qlen: 0.0
Worker: http://localhost:8002, Tokens: 204719.0
Selected worker: http://localhost:8002
INFO:     127.0.0.1:39326 - "POST /v1/completions HTTP/1.1" 200 OK
Worker: http://localhost:8001, Running: 1.0, Waiting: 19.0
Worker: http://localhost:8001, qlen: 1.0
Worker: http://localhost:8001, Tokens: 204804.0
Worker: http://localhost:8002, Running: 0.0, Waiting: 0.0
Worker: http://localhost:8002, qlen: 0.0
Worker: http://localhost:8002, Tokens: 204737.0
Selected worker: http://localhost:8002
INFO:     127.0.0.1:39332 - "POST /v1/completions HTTP/1.1" 200 OK
Worker: http://localhost:8001, Running: 1.0, Waiting: 19.0
Worker: http://localhost:8001, qlen: 1.0
Worker: http://localhost:8001, Tokens: 204804.0
Worker: http://localhost:8002, Running: 0.0, Waiting: 0.0
Worker: http://localhost:8002, qlen: 0.0
Worker: http://localhost:8002, Tokens: 204163.0
Selected worker: http://localhost:8002
INFO:     127.0.0.1:39344 - "POST /v1/completions HTTP/1.1" 200 OK
Worker: http://localhost:8001, Running: 1.0, Waiting: 17.0
Worker: http://localhost:8001, qlen: 1.0
Worker: http://localhost:8001, Tokens: 226510.0
Worker: http://localhost:8002, Running: 0.0, Waiting: 0.0
Worker: http://localhost:8002, qlen: 0.0
Worker: http://localhost:8002, Tokens: 204159.0
Selected worker: http://localhost:8002
INFO:     127.0.0.1:39360 - "POST /v1/completions HTTP/1.1" 200 OK
Worker: http://localhost:8001, Running: 1.0, Waiting: 17.0
Worker: http://localhost:8001, qlen: 1.0
Worker: http://localhost:8001, Tokens: 226510.0
Worker: http://localhost:8002, Running: 0.0, Waiting: 0.0
Worker: http://localhost:8002, qlen: 0.0
Worker: http://localhost:8002, Tokens: 205971.0
Selected worker: http://localhost:8002
INFO:     127.0.0.1:39372 - "POST /v1/completions HTTP/1.1" 200 OK
Worker: http://localhost:8001, Running: 1.0, Waiting: 17.0
Worker: http://localhost:8001, qlen: 1.0
Worker: http://localhost:8001, Tokens: 225368.0
Worker: http://localhost:8002, Running: 0.0, Waiting: 0.0
Worker: http://localhost:8002, qlen: 0.0
Worker: http://localhost:8002, Tokens: 205949.0
Selected worker: http://localhost:8002
INFO:     127.0.0.1:39384 - "POST /v1/completions HTTP/1.1" 200 OK
Worker: http://localhost:8001, Running: 1.0, Waiting: 17.0
Worker: http://localhost:8001, qlen: 1.0
Worker: http://localhost:8001, Tokens: 225368.0
Worker: http://localhost:8002, Running: 0.0, Waiting: 0.0
Worker: http://localhost:8002, qlen: 0.0
Worker: http://localhost:8002, Tokens: 209085.0
Selected worker: http://localhost:8002
INFO:     127.0.0.1:39398 - "POST /v1/completions HTTP/1.1" 200 OK
Worker: http://localhost:8001, Running: 1.0, Waiting: 17.0
Worker: http://localhost:8001, qlen: 1.0
Worker: http://localhost:8001, Tokens: 225368.0
Worker: http://localhost:8002, Running: 0.0, Waiting: 0.0
Worker: http://localhost:8002, qlen: 0.0
Worker: http://localhost:8002, Tokens: 207793.0
Selected worker: http://localhost:8002
INFO:     127.0.0.1:39404 - "POST /v1/completions HTTP/1.1" 200 OK
Worker: http://localhost:8001, Running: 1.0, Waiting: 17.0
Worker: http://localhost:8001, qlen: 1.0
Worker: http://localhost:8001, Tokens: 223176.0
Worker: http://localhost:8002, Running: 0.0, Waiting: 0.0
Worker: http://localhost:8002, qlen: 0.0
Worker: http://localhost:8002, Tokens: 209196.0
Selected worker: http://localhost:8002
INFO:     127.0.0.1:39408 - "POST /v1/completions HTTP/1.1" 200 OK
Worker: http://localhost:8001, Running: 1.0, Waiting: 17.0
Worker: http://localhost:8001, qlen: 1.0
Worker: http://localhost:8001, Tokens: 223176.0
Worker: http://localhost:8002, Running: 0.0, Waiting: 0.0
Worker: http://localhost:8002, qlen: 0.0
Worker: http://localhost:8002, Tokens: 209194.0
Selected worker: http://localhost:8002
INFO:     127.0.0.1:39420 - "POST /v1/completions HTTP/1.1" 200 OK
Worker: http://localhost:8001, Running: 1.0, Waiting: 17.0
Worker: http://localhost:8001, qlen: 1.0
Worker: http://localhost:8001, Tokens: 223176.0
Worker: http://localhost:8002, Running: 0.0, Waiting: 0.0
Worker: http://localhost:8002, qlen: 0.0
Worker: http://localhost:8002, Tokens: 209189.0
Selected worker: http://localhost:8002
INFO:     127.0.0.1:39432 - "POST /v1/completions HTTP/1.1" 200 OK
Worker: http://localhost:8001, Running: 1.0, Waiting: 17.0
Worker: http://localhost:8001, qlen: 1.0
Worker: http://localhost:8001, Tokens: 223176.0
Worker: http://localhost:8002, Running: 0.0, Waiting: 0.0
Worker: http://localhost:8002, qlen: 0.0
Worker: http://localhost:8002, Tokens: 209190.0
Selected worker: http://localhost:8002
INFO:     127.0.0.1:39434 - "POST /v1/completions HTTP/1.1" 200 OK
Worker: http://localhost:8001, Running: 1.0, Waiting: 17.0
Worker: http://localhost:8001, qlen: 1.0
Worker: http://localhost:8001, Tokens: 223176.0
Worker: http://localhost:8002, Running: 0.0, Waiting: 0.0
Worker: http://localhost:8002, qlen: 0.0
Worker: http://localhost:8002, Tokens: 209195.0
Selected worker: http://localhost:8002
INFO:     127.0.0.1:39442 - "POST /v1/completions HTTP/1.1" 200 OK
Worker: http://localhost:8001, Running: 1.0, Waiting: 17.0
Worker: http://localhost:8001, qlen: 1.0
Worker: http://localhost:8001, Tokens: 223176.0
Worker: http://localhost:8002, Running: 0.0, Waiting: 0.0
Worker: http://localhost:8002, qlen: 0.0
Worker: http://localhost:8002, Tokens: 209224.0
Selected worker: http://localhost:8002
INFO:     127.0.0.1:39446 - "POST /v1/completions HTTP/1.1" 200 OK
Worker: http://localhost:8001, Running: 1.0, Waiting: 17.0
Worker: http://localhost:8001, qlen: 1.0
Worker: http://localhost:8001, Tokens: 223176.0
Worker: http://localhost:8002, Running: 0.0, Waiting: 0.0
Worker: http://localhost:8002, qlen: 0.0
Worker: http://localhost:8002, Tokens: 209231.0
Selected worker: http://localhost:8002
INFO:     127.0.0.1:39458 - "POST /v1/completions HTTP/1.1" 200 OK
Worker: http://localhost:8001, Running: 1.0, Waiting: 17.0
Worker: http://localhost:8001, qlen: 1.0
Worker: http://localhost:8001, Tokens: 222006.0
Worker: http://localhost:8002, Running: 1.0, Waiting: 0.0
Worker: http://localhost:8002, qlen: 1.0
Worker: http://localhost:8002, Tokens: 205764.0
Selected worker: http://localhost:8002
INFO:     127.0.0.1:39460 - "POST /v1/completions HTTP/1.1" 200 OK
Worker: http://localhost:8001, Running: 1.0, Waiting: 17.0
Worker: http://localhost:8001, qlen: 1.0
Worker: http://localhost:8001, Tokens: 222006.0
Worker: http://localhost:8002, Running: 1.0, Waiting: 0.0
Worker: http://localhost:8002, qlen: 1.0
Worker: http://localhost:8002, Tokens: 207151.0
Selected worker: http://localhost:8001
INFO:     127.0.0.1:39472 - "POST /v1/completions HTTP/1.1" 200 OK
Worker: http://localhost:8001, Running: 1.0, Waiting: 17.0
Worker: http://localhost:8001, qlen: 1.0
Worker: http://localhost:8001, Tokens: 220000.0
Worker: http://localhost:8002, Running: 1.0, Waiting: 0.0
Worker: http://localhost:8002, qlen: 1.0
Worker: http://localhost:8002, Tokens: 207151.0
Selected worker: http://localhost:8001
INFO:     127.0.0.1:39486 - "POST /v1/completions HTTP/1.1" 200 OK
Worker: http://localhost:8001, Running: 1.0, Waiting: 17.0
Worker: http://localhost:8001, qlen: 1.0
Worker: http://localhost:8001, Tokens: 220028.0
Worker: http://localhost:8002, Running: 1.0, Waiting: 0.0
Worker: http://localhost:8002, qlen: 1.0
Worker: http://localhost:8002, Tokens: 204986.0
Selected worker: http://localhost:8001
INFO:     127.0.0.1:39500 - "POST /v1/completions HTTP/1.1" 200 OK
Worker: http://localhost:8001, Running: 1.0, Waiting: 17.0
Worker: http://localhost:8001, qlen: 1.0
Worker: http://localhost:8001, Tokens: 220041.0
Worker: http://localhost:8002, Running: 1.0, Waiting: 0.0
Worker: http://localhost:8002, qlen: 1.0
Worker: http://localhost:8002, Tokens: 204986.0
Selected worker: http://localhost:8002
INFO:     127.0.0.1:39510 - "POST /v1/completions HTTP/1.1" 200 OK
Worker: http://localhost:8001, Running: 1.0, Waiting: 17.0
Worker: http://localhost:8001, qlen: 1.0
Worker: http://localhost:8001, Tokens: 220041.0
Worker: http://localhost:8002, Running: 1.0, Waiting: 0.0
Worker: http://localhost:8002, qlen: 1.0
Worker: http://localhost:8002, Tokens: 203473.0
Selected worker: http://localhost:8001
INFO:     127.0.0.1:39518 - "POST /v1/completions HTTP/1.1" 200 OK
Worker: http://localhost:8001, Running: 1.0, Waiting: 17.0
Worker: http://localhost:8001, qlen: 1.0
Worker: http://localhost:8001, Tokens: 220061.0
Worker: http://localhost:8002, Running: 1.0, Waiting: 0.0
Worker: http://localhost:8002, qlen: 1.0
Worker: http://localhost:8002, Tokens: 203473.0
Selected worker: http://localhost:8002
INFO:     127.0.0.1:39524 - "POST /v1/completions HTTP/1.1" 200 OK
Worker: http://localhost:8001, Running: 1.0, Waiting: 17.0
Worker: http://localhost:8001, qlen: 1.0
Worker: http://localhost:8001, Tokens: 220061.0
Worker: http://localhost:8002, Running: 1.0, Waiting: 0.0
Worker: http://localhost:8002, qlen: 1.0
Worker: http://localhost:8002, Tokens: 203516.0
Selected worker: http://localhost:8002
INFO:     127.0.0.1:39540 - "POST /v1/completions HTTP/1.1" 200 OK
Worker: http://localhost:8001, Running: 1.0, Waiting: 17.0
Worker: http://localhost:8001, qlen: 1.0
Worker: http://localhost:8001, Tokens: 220061.0
Worker: http://localhost:8002, Running: 1.0, Waiting: 0.0
Worker: http://localhost:8002, qlen: 1.0
Worker: http://localhost:8002, Tokens: 203525.0
Selected worker: http://localhost:8002
INFO:     127.0.0.1:39550 - "POST /v1/completions HTTP/1.1" 200 OK
Worker: http://localhost:8001, Running: 1.0, Waiting: 17.0
Worker: http://localhost:8001, qlen: 1.0
Worker: http://localhost:8001, Tokens: 220061.0
Worker: http://localhost:8002, Running: 1.0, Waiting: 0.0
Worker: http://localhost:8002, qlen: 1.0
Worker: http://localhost:8002, Tokens: 201726.0
Selected worker: http://localhost:8002
INFO:     127.0.0.1:39564 - "POST /v1/completions HTTP/1.1" 200 OK
Worker: http://localhost:8001, Running: 1.0, Waiting: 17.0
Worker: http://localhost:8001, qlen: 1.0
Worker: http://localhost:8001, Tokens: 220061.0
Worker: http://localhost:8002, Running: 1.0, Waiting: 0.0
Worker: http://localhost:8002, qlen: 1.0
Worker: http://localhost:8002, Tokens: 201747.0
Selected worker: http://localhost:8002
INFO:     127.0.0.1:39566 - "POST /v1/completions HTTP/1.1" 200 OK
Worker: http://localhost:8001, Running: 1.0, Waiting: 17.0
Worker: http://localhost:8001, qlen: 1.0
Worker: http://localhost:8001, Tokens: 220061.0
Worker: http://localhost:8002, Running: 1.0, Waiting: 0.0
Worker: http://localhost:8002, qlen: 1.0
Worker: http://localhost:8002, Tokens: 201755.0
Selected worker: http://localhost:8001
INFO:     127.0.0.1:39576 - "POST /v1/completions HTTP/1.1" 200 OK
Worker: http://localhost:8001, Running: 0.0, Waiting: 0.0
Worker: http://localhost:8001, qlen: 0.0
Worker: http://localhost:8001, Tokens: 236867.0
Worker: http://localhost:8002, Running: 1.0, Waiting: 0.0
Worker: http://localhost:8002, qlen: 1.0
Worker: http://localhost:8002, Tokens: 201755.0
Selected worker: http://localhost:8001
INFO:     127.0.0.1:39592 - "POST /v1/completions HTTP/1.1" 200 OK
Worker: http://localhost:8001, Running: 0.0, Waiting: 0.0
Worker: http://localhost:8001, qlen: 0.0
Worker: http://localhost:8001, Tokens: 238429.0
Worker: http://localhost:8002, Running: 1.0, Waiting: 0.0
Worker: http://localhost:8002, qlen: 1.0
Worker: http://localhost:8002, Tokens: 201755.0
Selected worker: http://localhost:8001
INFO:     127.0.0.1:39600 - "POST /v1/completions HTTP/1.1" 200 OK
Worker: http://localhost:8001, Running: 0.0, Waiting: 0.0
Worker: http://localhost:8001, qlen: 0.0
Worker: http://localhost:8001, Tokens: 238462.0
Worker: http://localhost:8002, Running: 1.0, Waiting: 0.0
Worker: http://localhost:8002, qlen: 1.0
Worker: http://localhost:8002, Tokens: 201755.0
Selected worker: http://localhost:8001
INFO:     127.0.0.1:39608 - "POST /v1/completions HTTP/1.1" 200 OK
Worker: http://localhost:8001, Running: 0.0, Waiting: 0.0
Worker: http://localhost:8001, qlen: 0.0
Worker: http://localhost:8001, Tokens: 238440.0
Worker: http://localhost:8002, Running: 1.0, Waiting: 0.0
Worker: http://localhost:8002, qlen: 1.0
Worker: http://localhost:8002, Tokens: 201755.0
Selected worker: http://localhost:8001
INFO:     127.0.0.1:39624 - "POST /v1/completions HTTP/1.1" 200 OK
Worker: http://localhost:8001, Running: 0.0, Waiting: 0.0
Worker: http://localhost:8001, qlen: 0.0
Worker: http://localhost:8001, Tokens: 238435.0
Worker: http://localhost:8002, Running: 1.0, Waiting: 0.0
Worker: http://localhost:8002, qlen: 1.0
Worker: http://localhost:8002, Tokens: 198616.0
Selected worker: http://localhost:8001
INFO:     127.0.0.1:39640 - "POST /v1/completions HTTP/1.1" 200 OK
Worker: http://localhost:8001, Running: 0.0, Waiting: 0.0
Worker: http://localhost:8001, qlen: 0.0
Worker: http://localhost:8001, Tokens: 238441.0
Worker: http://localhost:8002, Running: 1.0, Waiting: 0.0
Worker: http://localhost:8002, qlen: 1.0
Worker: http://localhost:8002, Tokens: 198616.0
Selected worker: http://localhost:8001
INFO:     127.0.0.1:39656 - "POST /v1/completions HTTP/1.1" 200 OK
Worker: http://localhost:8001, Running: 0.0, Waiting: 0.0
Worker: http://localhost:8001, qlen: 0.0
Worker: http://localhost:8001, Tokens: 238453.0
Worker: http://localhost:8002, Running: 1.0, Waiting: 0.0
Worker: http://localhost:8002, qlen: 1.0
Worker: http://localhost:8002, Tokens: 198616.0
Selected worker: http://localhost:8001
INFO:     127.0.0.1:39660 - "POST /v1/completions HTTP/1.1" 200 OK
Worker: http://localhost:8001, Running: 0.0, Waiting: 0.0
Worker: http://localhost:8001, qlen: 0.0
Worker: http://localhost:8001, Tokens: 238479.0
Worker: http://localhost:8002, Running: 1.0, Waiting: 0.0
Worker: http://localhost:8002, qlen: 1.0
Worker: http://localhost:8002, Tokens: 198616.0
Selected worker: http://localhost:8001
INFO:     127.0.0.1:39676 - "POST /v1/completions HTTP/1.1" 200 OK
Worker: http://localhost:8001, Running: 0.0, Waiting: 0.0
Worker: http://localhost:8001, qlen: 0.0
Worker: http://localhost:8001, Tokens: 238485.0
Worker: http://localhost:8002, Running: 1.0, Waiting: 0.0
Worker: http://localhost:8002, qlen: 1.0
Worker: http://localhost:8002, Tokens: 195660.0
Selected worker: http://localhost:8001
INFO:     127.0.0.1:39682 - "POST /v1/completions HTTP/1.1" 200 OK
Worker: http://localhost:8001, Running: 0.0, Waiting: 0.0
Worker: http://localhost:8001, qlen: 0.0
Worker: http://localhost:8001, Tokens: 238486.0
Worker: http://localhost:8002, Running: 1.0, Waiting: 0.0
Worker: http://localhost:8002, qlen: 1.0
Worker: http://localhost:8002, Tokens: 195620.0
Selected worker: http://localhost:8001
INFO:     127.0.0.1:39684 - "POST /v1/completions HTTP/1.1" 200 OK
Worker: http://localhost:8001, Running: 0.0, Waiting: 0.0
Worker: http://localhost:8001, qlen: 0.0
Worker: http://localhost:8001, Tokens: 238494.0
Worker: http://localhost:8002, Running: 1.0, Waiting: 0.0
Worker: http://localhost:8002, qlen: 1.0
Worker: http://localhost:8002, Tokens: 195599.0
Selected worker: http://localhost:8001
INFO:     127.0.0.1:39690 - "POST /v1/completions HTTP/1.1" 200 OK
Worker: http://localhost:8001, Running: 0.0, Waiting: 0.0
Worker: http://localhost:8001, qlen: 0.0
Worker: http://localhost:8001, Tokens: 238504.0
Worker: http://localhost:8002, Running: 1.0, Waiting: 0.0
Worker: http://localhost:8002, qlen: 1.0
Worker: http://localhost:8002, Tokens: 195591.0
Selected worker: http://localhost:8001
INFO:     127.0.0.1:39696 - "POST /v1/completions HTTP/1.1" 200 OK
Worker: http://localhost:8001, Running: 0.0, Waiting: 0.0
Worker: http://localhost:8001, qlen: 0.0
Worker: http://localhost:8001, Tokens: 238522.0
Worker: http://localhost:8002, Running: 0.0, Waiting: 0.0
Worker: http://localhost:8002, qlen: 0.0
Worker: http://localhost:8002, Tokens: 220293.0
Selected worker: http://localhost:8001
INFO:     127.0.0.1:39710 - "POST /v1/completions HTTP/1.1" 200 OK
Worker: http://localhost:8001, Running: 0.0, Waiting: 0.0
Worker: http://localhost:8001, qlen: 0.0
Worker: http://localhost:8001, Tokens: 238530.0
Worker: http://localhost:8002, Running: 0.0, Waiting: 0.0
Worker: http://localhost:8002, qlen: 0.0
Worker: http://localhost:8002, Tokens: 220293.0
Selected worker: http://localhost:8001
INFO:     127.0.0.1:39726 - "POST /v1/completions HTTP/1.1" 200 OK
Worker: http://localhost:8001, Running: 0.0, Waiting: 0.0
Worker: http://localhost:8001, qlen: 0.0
Worker: http://localhost:8001, Tokens: 238552.0
Worker: http://localhost:8002, Running: 0.0, Waiting: 0.0
Worker: http://localhost:8002, qlen: 0.0
Worker: http://localhost:8002, Tokens: 220293.0
Selected worker: http://localhost:8002
INFO:     127.0.0.1:39728 - "POST /v1/completions HTTP/1.1" 200 OK
Worker: http://localhost:8001, Running: 0.0, Waiting: 0.0
Worker: http://localhost:8001, qlen: 0.0
Worker: http://localhost:8001, Tokens: 238552.0
Worker: http://localhost:8002, Running: 0.0, Waiting: 0.0
Worker: http://localhost:8002, qlen: 0.0
Worker: http://localhost:8002, Tokens: 220301.0
Selected worker: http://localhost:8001
INFO:     127.0.0.1:39738 - "POST /v1/completions HTTP/1.1" 200 OK
Worker: http://localhost:8001, Running: 0.0, Waiting: 0.0
Worker: http://localhost:8001, qlen: 0.0
Worker: http://localhost:8001, Tokens: 238593.0
Worker: http://localhost:8002, Running: 0.0, Waiting: 0.0
Worker: http://localhost:8002, qlen: 0.0
Worker: http://localhost:8002, Tokens: 220301.0
Selected worker: http://localhost:8002
INFO:     127.0.0.1:39746 - "POST /v1/completions HTTP/1.1" 200 OK
Worker: http://localhost:8001, Running: 0.0, Waiting: 0.0
Worker: http://localhost:8001, qlen: 0.0
Worker: http://localhost:8001, Tokens: 238593.0
Worker: http://localhost:8002, Running: 0.0, Waiting: 0.0
Worker: http://localhost:8002, qlen: 0.0
Worker: http://localhost:8002, Tokens: 220330.0
Selected worker: http://localhost:8002
INFO:     127.0.0.1:39758 - "POST /v1/completions HTTP/1.1" 200 OK
Worker: http://localhost:8001, Running: 0.0, Waiting: 0.0
Worker: http://localhost:8001, qlen: 0.0
Worker: http://localhost:8001, Tokens: 236832.0
Worker: http://localhost:8002, Running: 0.0, Waiting: 0.0
Worker: http://localhost:8002, qlen: 0.0
Worker: http://localhost:8002, Tokens: 220334.0
Selected worker: http://localhost:8002
INFO:     127.0.0.1:39762 - "POST /v1/completions HTTP/1.1" 200 OK
Worker: http://localhost:8001, Running: 0.0, Waiting: 0.0
Worker: http://localhost:8001, qlen: 0.0
Worker: http://localhost:8001, Tokens: 235148.0
Worker: http://localhost:8002, Running: 0.0, Waiting: 0.0
Worker: http://localhost:8002, qlen: 0.0
Worker: http://localhost:8002, Tokens: 220341.0
Selected worker: http://localhost:8001
INFO:     127.0.0.1:39766 - "POST /v1/completions HTTP/1.1" 200 OK
Worker: http://localhost:8001, Running: 0.0, Waiting: 0.0
Worker: http://localhost:8001, qlen: 0.0
Worker: http://localhost:8001, Tokens: 235148.0
Worker: http://localhost:8002, Running: 0.0, Waiting: 0.0
Worker: http://localhost:8002, qlen: 0.0
Worker: http://localhost:8002, Tokens: 220341.0
Selected worker: http://localhost:8001
INFO:     127.0.0.1:39776 - "POST /v1/completions HTTP/1.1" 200 OK
Worker: http://localhost:8001, Running: 0.0, Waiting: 0.0
Worker: http://localhost:8001, qlen: 0.0
Worker: http://localhost:8001, Tokens: 236524.0
Worker: http://localhost:8002, Running: 0.0, Waiting: 0.0
Worker: http://localhost:8002, qlen: 0.0
Worker: http://localhost:8002, Tokens: 220341.0
Selected worker: http://localhost:8002
INFO:     127.0.0.1:39782 - "POST /v1/completions HTTP/1.1" 200 OK
Worker: http://localhost:8001, Running: 0.0, Waiting: 0.0
Worker: http://localhost:8001, qlen: 0.0
Worker: http://localhost:8001, Tokens: 236516.0
Worker: http://localhost:8002, Running: 0.0, Waiting: 0.0
Worker: http://localhost:8002, qlen: 0.0
Worker: http://localhost:8002, Tokens: 220357.0
Selected worker: http://localhost:8001
INFO:     127.0.0.1:39786 - "POST /v1/completions HTTP/1.1" 200 OK
Worker: http://localhost:8001, Running: 0.0, Waiting: 0.0
Worker: http://localhost:8001, qlen: 0.0
Worker: http://localhost:8001, Tokens: 236522.0
Worker: http://localhost:8002, Running: 0.0, Waiting: 0.0
Worker: http://localhost:8002, qlen: 0.0
Worker: http://localhost:8002, Tokens: 220357.0
Selected worker: http://localhost:8001
INFO:     127.0.0.1:39792 - "POST /v1/completions HTTP/1.1" 200 OK
Worker: http://localhost:8001, Running: 0.0, Waiting: 0.0
Worker: http://localhost:8001, qlen: 0.0
Worker: http://localhost:8001, Tokens: 241399.0
Worker: http://localhost:8002, Running: 0.0, Waiting: 0.0
Worker: http://localhost:8002, qlen: 0.0
Worker: http://localhost:8002, Tokens: 220357.0
Selected worker: http://localhost:8001
INFO:     127.0.0.1:39802 - "POST /v1/completions HTTP/1.1" 200 OK
Worker: http://localhost:8001, Running: 0.0, Waiting: 0.0
Worker: http://localhost:8001, qlen: 0.0
Worker: http://localhost:8001, Tokens: 241407.0
Worker: http://localhost:8002, Running: 0.0, Waiting: 0.0
Worker: http://localhost:8002, qlen: 0.0
Worker: http://localhost:8002, Tokens: 220357.0
Selected worker: http://localhost:8002
INFO:     127.0.0.1:39814 - "POST /v1/completions HTTP/1.1" 200 OK
