/home/jrxing/rayLearning/python/throught_aware_router_demo/router.py:293: DeprecationWarning: 
        on_event is deprecated, use lifespan event handlers instead.

        Read more about it in the
        [FastAPI docs for Lifespan Events](https://fastapi.tiangolo.com/advanced/events/).
        
  @app.on_event("shutdown")
/home/jrxing/rayLearning/python/throught_aware_router_demo/router.py:312: DeprecationWarning: 
        on_event is deprecated, use lifespan event handlers instead.

        Read more about it in the
        [FastAPI docs for Lifespan Events](https://fastapi.tiangolo.com/advanced/events/).
        
  @app.on_event("startup")
INFO:     Started server process [35851]
INFO:     Waiting for application startup.
INFO:     Application startup complete.
INFO:     Uvicorn running on http://0.0.0.0:8000 (Press CTRL+C to quit)
Initialized with strategy: round_robin
Worker: http://localhost:8001, Tokens: 0.0
Worker: http://localhost:8002, Tokens: 0.0
Selected worker: http://localhost:8001
INFO:     127.0.0.1:47928 - "GET /v1/models HTTP/1.1" 200 OK
Worker: http://localhost:8001, Tokens: 0.0
Worker: http://localhost:8002, Tokens: 0.0
Selected worker: http://localhost:8002
INFO:     127.0.0.1:38554 - "POST /v1/completions HTTP/1.1" 200 OK
Worker: http://localhost:8001, Tokens: 0.0
Worker: http://localhost:8002, Tokens: 1833.0
Selected worker: http://localhost:8001
Worker: http://localhost:8001, Tokens: 12.0
Worker: http://localhost:8002, Tokens: 1833.0
Selected worker: http://localhost:8002
Worker: http://localhost:8001, Tokens: 12.0
Worker: http://localhost:8002, Tokens: 1838.0
Selected worker: http://localhost:8001
Worker: http://localhost:8001, Tokens: 2065.0
Worker: http://localhost:8002, Tokens: 1838.0
Selected worker: http://localhost:8002
Worker: http://localhost:8001, Tokens: 2065.0
Worker: http://localhost:8002, Tokens: 1846.0
Selected worker: http://localhost:8001
Worker: http://localhost:8001, Tokens: 3374.0
Worker: http://localhost:8002, Tokens: 1846.0
Selected worker: http://localhost:8002
Worker: http://localhost:8001, Tokens: 3374.0
Worker: http://localhost:8002, Tokens: 3052.0
Selected worker: http://localhost:8001
Worker: http://localhost:8001, Tokens: 3413.0
Worker: http://localhost:8002, Tokens: 3052.0
Selected worker: http://localhost:8002
Worker: http://localhost:8001, Tokens: 3413.0
Worker: http://localhost:8002, Tokens: 3065.0
Selected worker: http://localhost:8001
Worker: http://localhost:8001, Tokens: 3420.0
Worker: http://localhost:8002, Tokens: 3065.0
Selected worker: http://localhost:8002
Worker: http://localhost:8001, Tokens: 3420.0
Worker: http://localhost:8002, Tokens: 3078.0
Selected worker: http://localhost:8001
Worker: http://localhost:8001, Tokens: 3438.0
Worker: http://localhost:8002, Tokens: 3078.0
Selected worker: http://localhost:8002
Worker: http://localhost:8001, Tokens: 3438.0
Worker: http://localhost:8002, Tokens: 3120.0
Selected worker: http://localhost:8001
Worker: http://localhost:8001, Tokens: 4614.0
Worker: http://localhost:8002, Tokens: 3120.0
Selected worker: http://localhost:8002
Worker: http://localhost:8001, Tokens: 4614.0
Worker: http://localhost:8002, Tokens: 6177.0
Selected worker: http://localhost:8001
Worker: http://localhost:8001, Tokens: 5833.0
Worker: http://localhost:8002, Tokens: 6177.0
Selected worker: http://localhost:8002
Worker: http://localhost:8001, Tokens: 5833.0
Worker: http://localhost:8002, Tokens: 6207.0
Selected worker: http://localhost:8001
Worker: http://localhost:8001, Tokens: 5855.0
Worker: http://localhost:8002, Tokens: 6207.0
Selected worker: http://localhost:8002
Worker: http://localhost:8001, Tokens: 5855.0
Worker: http://localhost:8002, Tokens: 6216.0
Selected worker: http://localhost:8001
Worker: http://localhost:8001, Tokens: 5879.0
Worker: http://localhost:8002, Tokens: 6216.0
Selected worker: http://localhost:8002
Worker: http://localhost:8001, Tokens: 5879.0
Worker: http://localhost:8002, Tokens: 6223.0
Selected worker: http://localhost:8001
Worker: http://localhost:8001, Tokens: 7879.0
Worker: http://localhost:8002, Tokens: 6223.0
Selected worker: http://localhost:8002
Worker: http://localhost:8001, Tokens: 7879.0
Worker: http://localhost:8002, Tokens: 8146.0
Selected worker: http://localhost:8001
Worker: http://localhost:8001, Tokens: 7888.0
Worker: http://localhost:8002, Tokens: 8146.0
Selected worker: http://localhost:8002
Worker: http://localhost:8001, Tokens: 7888.0
Worker: http://localhost:8002, Tokens: 8152.0
Selected worker: http://localhost:8001
Worker: http://localhost:8001, Tokens: 7932.0
Worker: http://localhost:8002, Tokens: 8152.0
Selected worker: http://localhost:8002
Worker: http://localhost:8001, Tokens: 7932.0
Worker: http://localhost:8002, Tokens: 8159.0
Selected worker: http://localhost:8001
Worker: http://localhost:8001, Tokens: 7968.0
Worker: http://localhost:8002, Tokens: 8159.0
Selected worker: http://localhost:8002
Worker: http://localhost:8001, Tokens: 7968.0
Worker: http://localhost:8002, Tokens: 8180.0
Selected worker: http://localhost:8001
Worker: http://localhost:8001, Tokens: 9257.0
Worker: http://localhost:8002, Tokens: 8180.0
Selected worker: http://localhost:8002
Worker: http://localhost:8001, Tokens: 9257.0
Worker: http://localhost:8002, Tokens: 8182.0
Selected worker: http://localhost:8001
Worker: http://localhost:8001, Tokens: 9269.0
Worker: http://localhost:8002, Tokens: 8182.0
Selected worker: http://localhost:8002
Worker: http://localhost:8001, Tokens: 9269.0
Worker: http://localhost:8002, Tokens: 8188.0
Selected worker: http://localhost:8001
Worker: http://localhost:8001, Tokens: 9279.0
Worker: http://localhost:8002, Tokens: 8188.0
Selected worker: http://localhost:8002
Worker: http://localhost:8001, Tokens: 9279.0
Worker: http://localhost:8002, Tokens: 9421.0
Selected worker: http://localhost:8001
Worker: http://localhost:8001, Tokens: 9291.0
Worker: http://localhost:8002, Tokens: 9421.0
Selected worker: http://localhost:8002
Worker: http://localhost:8001, Tokens: 9291.0
Worker: http://localhost:8002, Tokens: 9424.0
Selected worker: http://localhost:8001
Worker: http://localhost:8001, Tokens: 9311.0
Worker: http://localhost:8002, Tokens: 9424.0
Selected worker: http://localhost:8002
Worker: http://localhost:8001, Tokens: 9311.0
Worker: http://localhost:8002, Tokens: 9451.0
Selected worker: http://localhost:8001
Worker: http://localhost:8001, Tokens: 9318.0
Worker: http://localhost:8002, Tokens: 9451.0
Selected worker: http://localhost:8002
Worker: http://localhost:8001, Tokens: 9318.0
Worker: http://localhost:8002, Tokens: 11241.0
Selected worker: http://localhost:8001
Worker: http://localhost:8001, Tokens: 9327.0
Worker: http://localhost:8002, Tokens: 11241.0
Selected worker: http://localhost:8002
Worker: http://localhost:8001, Tokens: 9327.0
Worker: http://localhost:8002, Tokens: 11259.0
Selected worker: http://localhost:8001
Worker: http://localhost:8001, Tokens: 9358.0
Worker: http://localhost:8002, Tokens: 11259.0
Selected worker: http://localhost:8002
Worker: http://localhost:8001, Tokens: 9358.0
Worker: http://localhost:8002, Tokens: 11273.0
Selected worker: http://localhost:8001
Worker: http://localhost:8001, Tokens: 9378.0
Worker: http://localhost:8002, Tokens: 11273.0
Selected worker: http://localhost:8002
Worker: http://localhost:8001, Tokens: 9378.0
Worker: http://localhost:8002, Tokens: 12743.0
Selected worker: http://localhost:8001
Worker: http://localhost:8001, Tokens: 9388.0
Worker: http://localhost:8002, Tokens: 12743.0
Selected worker: http://localhost:8002
Worker: http://localhost:8001, Tokens: 9388.0
Worker: http://localhost:8002, Tokens: 12746.0
Selected worker: http://localhost:8001
Worker: http://localhost:8001, Tokens: 9396.0
Worker: http://localhost:8002, Tokens: 12746.0
Selected worker: http://localhost:8002
Worker: http://localhost:8001, Tokens: 9396.0
Worker: http://localhost:8002, Tokens: 14285.0
Selected worker: http://localhost:8001
Worker: http://localhost:8001, Tokens: 11554.0
Worker: http://localhost:8002, Tokens: 14285.0
Selected worker: http://localhost:8002
Worker: http://localhost:8001, Tokens: 11554.0
Worker: http://localhost:8002, Tokens: 14290.0
Selected worker: http://localhost:8001
Worker: http://localhost:8001, Tokens: 11575.0
Worker: http://localhost:8002, Tokens: 14290.0
Selected worker: http://localhost:8002
Worker: http://localhost:8001, Tokens: 11575.0
Worker: http://localhost:8002, Tokens: 14309.0
Selected worker: http://localhost:8001
Worker: http://localhost:8001, Tokens: 11594.0
Worker: http://localhost:8002, Tokens: 14309.0
Selected worker: http://localhost:8002
Worker: http://localhost:8001, Tokens: 11594.0
Worker: http://localhost:8002, Tokens: 14327.0
Selected worker: http://localhost:8001
Worker: http://localhost:8001, Tokens: 11619.0
Worker: http://localhost:8002, Tokens: 14327.0
Selected worker: http://localhost:8002
Worker: http://localhost:8001, Tokens: 11619.0
Worker: http://localhost:8002, Tokens: 14338.0
Selected worker: http://localhost:8001
Worker: http://localhost:8001, Tokens: 11632.0
Worker: http://localhost:8002, Tokens: 14338.0
Selected worker: http://localhost:8002
Worker: http://localhost:8001, Tokens: 11632.0
Worker: http://localhost:8002, Tokens: 14369.0
Selected worker: http://localhost:8001
Worker: http://localhost:8001, Tokens: 11647.0
Worker: http://localhost:8002, Tokens: 14369.0
Selected worker: http://localhost:8002
Worker: http://localhost:8001, Tokens: 11647.0
Worker: http://localhost:8002, Tokens: 14377.0
Selected worker: http://localhost:8001
Worker: http://localhost:8001, Tokens: 11665.0
Worker: http://localhost:8002, Tokens: 14377.0
Selected worker: http://localhost:8002
Worker: http://localhost:8001, Tokens: 11665.0
Worker: http://localhost:8002, Tokens: 14388.0
Selected worker: http://localhost:8001
Worker: http://localhost:8001, Tokens: 11668.0
Worker: http://localhost:8002, Tokens: 14388.0
Selected worker: http://localhost:8002
Worker: http://localhost:8001, Tokens: 11668.0
Worker: http://localhost:8002, Tokens: 14406.0
Selected worker: http://localhost:8001
Worker: http://localhost:8001, Tokens: 11692.0
Worker: http://localhost:8002, Tokens: 14406.0
Selected worker: http://localhost:8002
Worker: http://localhost:8001, Tokens: 11692.0
Worker: http://localhost:8002, Tokens: 14415.0
Selected worker: http://localhost:8001
Worker: http://localhost:8001, Tokens: 11698.0
Worker: http://localhost:8002, Tokens: 14415.0
Selected worker: http://localhost:8002
Worker: http://localhost:8001, Tokens: 11698.0
Worker: http://localhost:8002, Tokens: 14442.0
Selected worker: http://localhost:8001
Worker: http://localhost:8001, Tokens: 11698.0
Worker: http://localhost:8002, Tokens: 14442.0
Selected worker: http://localhost:8002
Worker: http://localhost:8001, Tokens: 11698.0
Worker: http://localhost:8002, Tokens: 14444.0
Selected worker: http://localhost:8001
Worker: http://localhost:8001, Tokens: 11705.0
Worker: http://localhost:8002, Tokens: 14444.0
Selected worker: http://localhost:8002
Worker: http://localhost:8001, Tokens: 11705.0
Worker: http://localhost:8002, Tokens: 14469.0
Selected worker: http://localhost:8001
Worker: http://localhost:8001, Tokens: 11711.0
Worker: http://localhost:8002, Tokens: 14469.0
Selected worker: http://localhost:8002
Worker: http://localhost:8001, Tokens: 11711.0
Worker: http://localhost:8002, Tokens: 14485.0
Selected worker: http://localhost:8001
Worker: http://localhost:8001, Tokens: 11758.0
Worker: http://localhost:8002, Tokens: 14485.0
Selected worker: http://localhost:8002
Worker: http://localhost:8001, Tokens: 11758.0
Worker: http://localhost:8002, Tokens: 14521.0
Selected worker: http://localhost:8001
Worker: http://localhost:8001, Tokens: 11765.0
Worker: http://localhost:8002, Tokens: 14521.0
Selected worker: http://localhost:8002
Worker: http://localhost:8001, Tokens: 11765.0
Worker: http://localhost:8002, Tokens: 15863.0
Selected worker: http://localhost:8001
Worker: http://localhost:8001, Tokens: 11786.0
Worker: http://localhost:8002, Tokens: 15863.0
Selected worker: http://localhost:8002
Worker: http://localhost:8001, Tokens: 11786.0
Worker: http://localhost:8002, Tokens: 16966.0
Selected worker: http://localhost:8001
Worker: http://localhost:8001, Tokens: 11793.0
Worker: http://localhost:8002, Tokens: 16966.0
Selected worker: http://localhost:8002
Worker: http://localhost:8001, Tokens: 11793.0
Worker: http://localhost:8002, Tokens: 16991.0
Selected worker: http://localhost:8001
Worker: http://localhost:8001, Tokens: 11800.0
Worker: http://localhost:8002, Tokens: 16991.0
Selected worker: http://localhost:8002
Worker: http://localhost:8001, Tokens: 11800.0
Worker: http://localhost:8002, Tokens: 18851.0
Selected worker: http://localhost:8001
Worker: http://localhost:8001, Tokens: 14085.0
Worker: http://localhost:8002, Tokens: 18851.0
Selected worker: http://localhost:8002
Worker: http://localhost:8001, Tokens: 14085.0
Worker: http://localhost:8002, Tokens: 18859.0
Selected worker: http://localhost:8001
Worker: http://localhost:8001, Tokens: 15661.0
Worker: http://localhost:8002, Tokens: 18859.0
Selected worker: http://localhost:8002
Worker: http://localhost:8001, Tokens: 15661.0
Worker: http://localhost:8002, Tokens: 18902.0
Selected worker: http://localhost:8001
Worker: http://localhost:8001, Tokens: 15662.0
Worker: http://localhost:8002, Tokens: 18902.0
Selected worker: http://localhost:8002
Worker: http://localhost:8001, Tokens: 15662.0
Worker: http://localhost:8002, Tokens: 18909.0
Selected worker: http://localhost:8001
Worker: http://localhost:8001, Tokens: 15691.0
Worker: http://localhost:8002, Tokens: 18909.0
Selected worker: http://localhost:8002
Worker: http://localhost:8001, Tokens: 15691.0
Worker: http://localhost:8002, Tokens: 18956.0
Selected worker: http://localhost:8001
Worker: http://localhost:8001, Tokens: 16744.0
Worker: http://localhost:8002, Tokens: 18956.0
Selected worker: http://localhost:8002
Worker: http://localhost:8001, Tokens: 16744.0
Worker: http://localhost:8002, Tokens: 18976.0
Selected worker: http://localhost:8001
Worker: http://localhost:8001, Tokens: 16767.0
Worker: http://localhost:8002, Tokens: 18976.0
Selected worker: http://localhost:8002
Worker: http://localhost:8001, Tokens: 16767.0
Worker: http://localhost:8002, Tokens: 19024.0
Selected worker: http://localhost:8001
Worker: http://localhost:8001, Tokens: 16775.0
Worker: http://localhost:8002, Tokens: 19024.0
Selected worker: http://localhost:8002
Worker: http://localhost:8001, Tokens: 16775.0
Worker: http://localhost:8002, Tokens: 19043.0
Selected worker: http://localhost:8001
Worker: http://localhost:8001, Tokens: 16784.0
Worker: http://localhost:8002, Tokens: 19043.0
Selected worker: http://localhost:8002
Worker: http://localhost:8001, Tokens: 16784.0
Worker: http://localhost:8002, Tokens: 19055.0
Selected worker: http://localhost:8001
Worker: http://localhost:8001, Tokens: 19231.0
Worker: http://localhost:8002, Tokens: 19055.0
Selected worker: http://localhost:8002
Worker: http://localhost:8001, Tokens: 19231.0
Worker: http://localhost:8002, Tokens: 20194.0
Selected worker: http://localhost:8001
Worker: http://localhost:8001, Tokens: 19239.0
Worker: http://localhost:8002, Tokens: 20194.0
Selected worker: http://localhost:8002
Worker: http://localhost:8001, Tokens: 19239.0
Worker: http://localhost:8002, Tokens: 20199.0
Selected worker: http://localhost:8001
Worker: http://localhost:8001, Tokens: 19249.0
Worker: http://localhost:8002, Tokens: 20199.0
Selected worker: http://localhost:8002
Worker: http://localhost:8001, Tokens: 19249.0
Worker: http://localhost:8002, Tokens: 20218.0
Selected worker: http://localhost:8001
Worker: http://localhost:8001, Tokens: 19250.0
Worker: http://localhost:8002, Tokens: 20218.0
Selected worker: http://localhost:8002
Worker: http://localhost:8001, Tokens: 19250.0
Worker: http://localhost:8002, Tokens: 20220.0
Selected worker: http://localhost:8001
Worker: http://localhost:8001, Tokens: 19274.0
Worker: http://localhost:8002, Tokens: 20220.0
Selected worker: http://localhost:8002
Worker: http://localhost:8001, Tokens: 19274.0
Worker: http://localhost:8002, Tokens: 21532.0
Selected worker: http://localhost:8001
Worker: http://localhost:8001, Tokens: 19275.0
Worker: http://localhost:8002, Tokens: 21532.0
Selected worker: http://localhost:8002
Worker: http://localhost:8001, Tokens: 19275.0
Worker: http://localhost:8002, Tokens: 21537.0
Selected worker: http://localhost:8001
Worker: http://localhost:8001, Tokens: 19300.0
Worker: http://localhost:8002, Tokens: 21537.0
Selected worker: http://localhost:8002
Worker: http://localhost:8001, Tokens: 19300.0
Worker: http://localhost:8002, Tokens: 21545.0
Selected worker: http://localhost:8001
Worker: http://localhost:8001, Tokens: 20548.0
Worker: http://localhost:8002, Tokens: 21545.0
Selected worker: http://localhost:8002
Worker: http://localhost:8001, Tokens: 20548.0
Worker: http://localhost:8002, Tokens: 21551.0
Selected worker: http://localhost:8001
Worker: http://localhost:8001, Tokens: 20549.0
Worker: http://localhost:8002, Tokens: 21551.0
Selected worker: http://localhost:8002
Worker: http://localhost:8001, Tokens: 20549.0
Worker: http://localhost:8002, Tokens: 21557.0
Selected worker: http://localhost:8001
Worker: http://localhost:8001, Tokens: 20571.0
Worker: http://localhost:8002, Tokens: 21557.0
Selected worker: http://localhost:8002
Worker: http://localhost:8001, Tokens: 20571.0
Worker: http://localhost:8002, Tokens: 24061.0
Selected worker: http://localhost:8001
Worker: http://localhost:8001, Tokens: 20582.0
Worker: http://localhost:8002, Tokens: 24061.0
Selected worker: http://localhost:8002
Worker: http://localhost:8001, Tokens: 20582.0
Worker: http://localhost:8002, Tokens: 24103.0
Selected worker: http://localhost:8001
Worker: http://localhost:8001, Tokens: 20591.0
Worker: http://localhost:8002, Tokens: 24103.0
Selected worker: http://localhost:8002
Worker: http://localhost:8001, Tokens: 20591.0
Worker: http://localhost:8002, Tokens: 24134.0
Selected worker: http://localhost:8001
Worker: http://localhost:8001, Tokens: 20607.0
Worker: http://localhost:8002, Tokens: 24134.0
Selected worker: http://localhost:8002
Worker: http://localhost:8001, Tokens: 20607.0
Worker: http://localhost:8002, Tokens: 24141.0
Selected worker: http://localhost:8001
Worker: http://localhost:8001, Tokens: 21730.0
Worker: http://localhost:8002, Tokens: 24141.0
Selected worker: http://localhost:8002
Worker: http://localhost:8001, Tokens: 21730.0
Worker: http://localhost:8002, Tokens: 24142.0
Selected worker: http://localhost:8001
Worker: http://localhost:8001, Tokens: 23798.0
Worker: http://localhost:8002, Tokens: 24142.0
Selected worker: http://localhost:8002
Worker: http://localhost:8001, Tokens: 23798.0
Worker: http://localhost:8002, Tokens: 24154.0
Selected worker: http://localhost:8001
Worker: http://localhost:8001, Tokens: 23807.0
Worker: http://localhost:8002, Tokens: 24154.0
Selected worker: http://localhost:8002
Worker: http://localhost:8001, Tokens: 23807.0
Worker: http://localhost:8002, Tokens: 24164.0
Selected worker: http://localhost:8001
Worker: http://localhost:8001, Tokens: 23822.0
Worker: http://localhost:8002, Tokens: 24164.0
Selected worker: http://localhost:8002
Worker: http://localhost:8001, Tokens: 23822.0
Worker: http://localhost:8002, Tokens: 24169.0
Selected worker: http://localhost:8001
Worker: http://localhost:8001, Tokens: 23848.0
Worker: http://localhost:8002, Tokens: 24169.0
Selected worker: http://localhost:8002
Worker: http://localhost:8001, Tokens: 23848.0
Worker: http://localhost:8002, Tokens: 26349.0
Selected worker: http://localhost:8001
Worker: http://localhost:8001, Tokens: 26625.0
Worker: http://localhost:8002, Tokens: 26349.0
Selected worker: http://localhost:8002
Worker: http://localhost:8001, Tokens: 26625.0
Worker: http://localhost:8002, Tokens: 26380.0
Selected worker: http://localhost:8001
Worker: http://localhost:8001, Tokens: 26634.0
Worker: http://localhost:8002, Tokens: 26380.0
Selected worker: http://localhost:8002
Worker: http://localhost:8001, Tokens: 26634.0
Worker: http://localhost:8002, Tokens: 26389.0
Selected worker: http://localhost:8001
Worker: http://localhost:8001, Tokens: 26655.0
Worker: http://localhost:8002, Tokens: 26389.0
Selected worker: http://localhost:8002
Worker: http://localhost:8001, Tokens: 26655.0
Worker: http://localhost:8002, Tokens: 26413.0
Selected worker: http://localhost:8001
Worker: http://localhost:8001, Tokens: 26661.0
Worker: http://localhost:8002, Tokens: 26413.0
Selected worker: http://localhost:8002
Worker: http://localhost:8001, Tokens: 26661.0
Worker: http://localhost:8002, Tokens: 26425.0
Selected worker: http://localhost:8001
Worker: http://localhost:8001, Tokens: 26669.0
Worker: http://localhost:8002, Tokens: 26425.0
Selected worker: http://localhost:8002
Worker: http://localhost:8001, Tokens: 26669.0
Worker: http://localhost:8002, Tokens: 26437.0
Selected worker: http://localhost:8001
Worker: http://localhost:8001, Tokens: 26716.0
Worker: http://localhost:8002, Tokens: 26437.0
Selected worker: http://localhost:8002
Worker: http://localhost:8001, Tokens: 26716.0
Worker: http://localhost:8002, Tokens: 26455.0
Selected worker: http://localhost:8001
Worker: http://localhost:8001, Tokens: 28794.0
Worker: http://localhost:8002, Tokens: 26455.0
Selected worker: http://localhost:8002
Worker: http://localhost:8001, Tokens: 28794.0
Worker: http://localhost:8002, Tokens: 26462.0
Selected worker: http://localhost:8001
Worker: http://localhost:8001, Tokens: 28800.0
Worker: http://localhost:8002, Tokens: 26462.0
Selected worker: http://localhost:8002
Worker: http://localhost:8001, Tokens: 28800.0
Worker: http://localhost:8002, Tokens: 26480.0
Selected worker: http://localhost:8001
Worker: http://localhost:8001, Tokens: 28815.0
Worker: http://localhost:8002, Tokens: 26480.0
Selected worker: http://localhost:8002
Worker: http://localhost:8001, Tokens: 28815.0
Worker: http://localhost:8002, Tokens: 26483.0
Selected worker: http://localhost:8001
Worker: http://localhost:8001, Tokens: 28820.0
Worker: http://localhost:8002, Tokens: 26483.0
Selected worker: http://localhost:8002
Worker: http://localhost:8001, Tokens: 28820.0
Worker: http://localhost:8002, Tokens: 26520.0
Selected worker: http://localhost:8001
Worker: http://localhost:8001, Tokens: 30476.0
Worker: http://localhost:8002, Tokens: 26520.0
Selected worker: http://localhost:8002
Worker: http://localhost:8001, Tokens: 30476.0
Worker: http://localhost:8002, Tokens: 26538.0
Selected worker: http://localhost:8001
Worker: http://localhost:8001, Tokens: 30490.0
Worker: http://localhost:8002, Tokens: 26538.0
Selected worker: http://localhost:8002
Worker: http://localhost:8001, Tokens: 30490.0
Worker: http://localhost:8002, Tokens: 26542.0
Selected worker: http://localhost:8001
Worker: http://localhost:8001, Tokens: 30536.0
Worker: http://localhost:8002, Tokens: 26542.0
Selected worker: http://localhost:8002
Worker: http://localhost:8001, Tokens: 30536.0
Worker: http://localhost:8002, Tokens: 28358.0
Selected worker: http://localhost:8001
Worker: http://localhost:8001, Tokens: 30544.0
Worker: http://localhost:8002, Tokens: 28358.0
Selected worker: http://localhost:8002
Worker: http://localhost:8001, Tokens: 30544.0
Worker: http://localhost:8002, Tokens: 28371.0
Selected worker: http://localhost:8001
Worker: http://localhost:8001, Tokens: 30553.0
Worker: http://localhost:8002, Tokens: 28371.0
Selected worker: http://localhost:8002
Worker: http://localhost:8001, Tokens: 30553.0
Worker: http://localhost:8002, Tokens: 29647.0
Selected worker: http://localhost:8001
Worker: http://localhost:8001, Tokens: 30565.0
Worker: http://localhost:8002, Tokens: 29647.0
Selected worker: http://localhost:8002
Worker: http://localhost:8001, Tokens: 30565.0
Worker: http://localhost:8002, Tokens: 29653.0
Selected worker: http://localhost:8001
Worker: http://localhost:8001, Tokens: 30580.0
Worker: http://localhost:8002, Tokens: 29653.0
Selected worker: http://localhost:8002
Worker: http://localhost:8001, Tokens: 30580.0
Worker: http://localhost:8002, Tokens: 32374.0
Selected worker: http://localhost:8001
Worker: http://localhost:8001, Tokens: 30590.0
Worker: http://localhost:8002, Tokens: 32374.0
Selected worker: http://localhost:8002
Worker: http://localhost:8001, Tokens: 30590.0
Worker: http://localhost:8002, Tokens: 32394.0
Selected worker: http://localhost:8001
Worker: http://localhost:8001, Tokens: 30605.0
Worker: http://localhost:8002, Tokens: 32394.0
Selected worker: http://localhost:8002
Worker: http://localhost:8001, Tokens: 30605.0
Worker: http://localhost:8002, Tokens: 32401.0
Selected worker: http://localhost:8001
Worker: http://localhost:8001, Tokens: 30613.0
Worker: http://localhost:8002, Tokens: 32401.0
Selected worker: http://localhost:8002
Worker: http://localhost:8001, Tokens: 30613.0
Worker: http://localhost:8002, Tokens: 32431.0
Selected worker: http://localhost:8001
Worker: http://localhost:8001, Tokens: 30629.0
Worker: http://localhost:8002, Tokens: 32431.0
Selected worker: http://localhost:8002
Worker: http://localhost:8001, Tokens: 30629.0
Worker: http://localhost:8002, Tokens: 32454.0
Selected worker: http://localhost:8001
Worker: http://localhost:8001, Tokens: 30649.0
Worker: http://localhost:8002, Tokens: 32454.0
Selected worker: http://localhost:8002
Worker: http://localhost:8001, Tokens: 30649.0
Worker: http://localhost:8002, Tokens: 32467.0
Selected worker: http://localhost:8001
Worker: http://localhost:8001, Tokens: 31843.0
Worker: http://localhost:8002, Tokens: 32467.0
Selected worker: http://localhost:8002
Worker: http://localhost:8001, Tokens: 31843.0
Worker: http://localhost:8002, Tokens: 32487.0
Selected worker: http://localhost:8001
Worker: http://localhost:8001, Tokens: 31877.0
Worker: http://localhost:8002, Tokens: 32487.0
Selected worker: http://localhost:8002
Worker: http://localhost:8001, Tokens: 31877.0
Worker: http://localhost:8002, Tokens: 32499.0
Selected worker: http://localhost:8001
Worker: http://localhost:8001, Tokens: 31881.0
Worker: http://localhost:8002, Tokens: 32499.0
Selected worker: http://localhost:8002
Worker: http://localhost:8001, Tokens: 31881.0
Worker: http://localhost:8002, Tokens: 32508.0
Selected worker: http://localhost:8001
Worker: http://localhost:8001, Tokens: 31896.0
Worker: http://localhost:8002, Tokens: 32508.0
Selected worker: http://localhost:8002
Worker: http://localhost:8001, Tokens: 31896.0
Worker: http://localhost:8002, Tokens: 32543.0
Selected worker: http://localhost:8001
Worker: http://localhost:8001, Tokens: 31915.0
Worker: http://localhost:8002, Tokens: 32543.0
Selected worker: http://localhost:8002
Worker: http://localhost:8001, Tokens: 31915.0
Worker: http://localhost:8002, Tokens: 32550.0
Selected worker: http://localhost:8001
Worker: http://localhost:8001, Tokens: 33583.0
Worker: http://localhost:8002, Tokens: 32550.0
Selected worker: http://localhost:8002
Worker: http://localhost:8001, Tokens: 33583.0
Worker: http://localhost:8002, Tokens: 32568.0
Selected worker: http://localhost:8001
Worker: http://localhost:8001, Tokens: 33600.0
Worker: http://localhost:8002, Tokens: 32568.0
Selected worker: http://localhost:8002
Worker: http://localhost:8001, Tokens: 33600.0
Worker: http://localhost:8002, Tokens: 32612.0
Selected worker: http://localhost:8001
Worker: http://localhost:8001, Tokens: 34673.0
Worker: http://localhost:8002, Tokens: 32612.0
Selected worker: http://localhost:8002
Worker: http://localhost:8001, Tokens: 34673.0
Worker: http://localhost:8002, Tokens: 33754.0
Selected worker: http://localhost:8001
Worker: http://localhost:8001, Tokens: 34682.0
Worker: http://localhost:8002, Tokens: 33754.0
Selected worker: http://localhost:8002
Worker: http://localhost:8001, Tokens: 34682.0
Worker: http://localhost:8002, Tokens: 33777.0
Selected worker: http://localhost:8001
Worker: http://localhost:8001, Tokens: 37467.0
Worker: http://localhost:8002, Tokens: 33777.0
Selected worker: http://localhost:8002
Worker: http://localhost:8001, Tokens: 37467.0
Worker: http://localhost:8002, Tokens: 33818.0
Selected worker: http://localhost:8001
Worker: http://localhost:8001, Tokens: 37482.0
Worker: http://localhost:8002, Tokens: 33818.0
Selected worker: http://localhost:8002
Worker: http://localhost:8001, Tokens: 37482.0
Worker: http://localhost:8002, Tokens: 33838.0
Selected worker: http://localhost:8001
Worker: http://localhost:8001, Tokens: 37524.0
Worker: http://localhost:8002, Tokens: 33838.0
Selected worker: http://localhost:8002
Worker: http://localhost:8001, Tokens: 37524.0
Worker: http://localhost:8002, Tokens: 33849.0
Selected worker: http://localhost:8001
Worker: http://localhost:8001, Tokens: 37537.0
Worker: http://localhost:8002, Tokens: 33849.0
Selected worker: http://localhost:8002
Worker: http://localhost:8001, Tokens: 37537.0
Worker: http://localhost:8002, Tokens: 33857.0
Selected worker: http://localhost:8001
Worker: http://localhost:8001, Tokens: 37550.0
Worker: http://localhost:8002, Tokens: 33857.0
Selected worker: http://localhost:8002
Worker: http://localhost:8001, Tokens: 37550.0
Worker: http://localhost:8002, Tokens: 33891.0
Selected worker: http://localhost:8001
Worker: http://localhost:8001, Tokens: 37557.0
Worker: http://localhost:8002, Tokens: 33891.0
Selected worker: http://localhost:8002
Worker: http://localhost:8001, Tokens: 37557.0
Worker: http://localhost:8002, Tokens: 33900.0
Selected worker: http://localhost:8001
Worker: http://localhost:8001, Tokens: 38821.0
Worker: http://localhost:8002, Tokens: 33900.0
Selected worker: http://localhost:8002
Worker: http://localhost:8001, Tokens: 38821.0
Worker: http://localhost:8002, Tokens: 33906.0
Selected worker: http://localhost:8001
Worker: http://localhost:8001, Tokens: 38832.0
Worker: http://localhost:8002, Tokens: 33906.0
Selected worker: http://localhost:8002
Worker: http://localhost:8001, Tokens: 38832.0
Worker: http://localhost:8002, Tokens: 33918.0
Selected worker: http://localhost:8001
Worker: http://localhost:8001, Tokens: 38837.0
Worker: http://localhost:8002, Tokens: 33918.0
Selected worker: http://localhost:8002
Worker: http://localhost:8001, Tokens: 38837.0
Worker: http://localhost:8002, Tokens: 33920.0
Selected worker: http://localhost:8001
Worker: http://localhost:8001, Tokens: 38855.0
Worker: http://localhost:8002, Tokens: 33920.0
Selected worker: http://localhost:8002
Worker: http://localhost:8001, Tokens: 38855.0
Worker: http://localhost:8002, Tokens: 33940.0
Selected worker: http://localhost:8001
Worker: http://localhost:8001, Tokens: 38864.0
Worker: http://localhost:8002, Tokens: 33940.0
Selected worker: http://localhost:8002
Worker: http://localhost:8001, Tokens: 38864.0
Worker: http://localhost:8002, Tokens: 33956.0
Selected worker: http://localhost:8001
Worker: http://localhost:8001, Tokens: 38876.0
Worker: http://localhost:8002, Tokens: 33956.0
Selected worker: http://localhost:8002
Worker: http://localhost:8001, Tokens: 38876.0
Worker: http://localhost:8002, Tokens: 33968.0
Selected worker: http://localhost:8001
Worker: http://localhost:8001, Tokens: 40368.0
Worker: http://localhost:8002, Tokens: 33968.0
Selected worker: http://localhost:8002
Worker: http://localhost:8001, Tokens: 40368.0
Worker: http://localhost:8002, Tokens: 33973.0
Selected worker: http://localhost:8001
Worker: http://localhost:8001, Tokens: 40401.0
Worker: http://localhost:8002, Tokens: 33973.0
Selected worker: http://localhost:8002
Worker: http://localhost:8001, Tokens: 40401.0
Worker: http://localhost:8002, Tokens: 33990.0
Selected worker: http://localhost:8001
Worker: http://localhost:8001, Tokens: 40403.0
Worker: http://localhost:8002, Tokens: 33990.0
Selected worker: http://localhost:8002
Worker: http://localhost:8001, Tokens: 40403.0
Worker: http://localhost:8002, Tokens: 33997.0
Selected worker: http://localhost:8001
Worker: http://localhost:8001, Tokens: 40410.0
Worker: http://localhost:8002, Tokens: 33997.0
Selected worker: http://localhost:8002
Worker: http://localhost:8001, Tokens: 40410.0
Worker: http://localhost:8002, Tokens: 34046.0
Selected worker: http://localhost:8001
Worker: http://localhost:8001, Tokens: 40420.0
Worker: http://localhost:8002, Tokens: 34046.0
Selected worker: http://localhost:8002
Worker: http://localhost:8001, Tokens: 40420.0
Worker: http://localhost:8002, Tokens: 34074.0
Selected worker: http://localhost:8001
Worker: http://localhost:8001, Tokens: 40464.0
Worker: http://localhost:8002, Tokens: 34074.0
Selected worker: http://localhost:8002
Worker: http://localhost:8001, Tokens: 40464.0
Worker: http://localhost:8002, Tokens: 35520.0
Selected worker: http://localhost:8001
Worker: http://localhost:8001, Tokens: 40487.0
Worker: http://localhost:8002, Tokens: 35520.0
Selected worker: http://localhost:8002
Worker: http://localhost:8001, Tokens: 40487.0
Worker: http://localhost:8002, Tokens: 35538.0
Selected worker: http://localhost:8001
Worker: http://localhost:8001, Tokens: 41682.0
Worker: http://localhost:8002, Tokens: 35538.0
Selected worker: http://localhost:8002
Worker: http://localhost:8001, Tokens: 41682.0
Worker: http://localhost:8002, Tokens: 35545.0
Selected worker: http://localhost:8001
Worker: http://localhost:8001, Tokens: 41699.0
Worker: http://localhost:8002, Tokens: 35545.0
Selected worker: http://localhost:8002
Worker: http://localhost:8001, Tokens: 41699.0
Worker: http://localhost:8002, Tokens: 35554.0
Selected worker: http://localhost:8001
Worker: http://localhost:8001, Tokens: 41721.0
Worker: http://localhost:8002, Tokens: 35554.0
Selected worker: http://localhost:8002
Worker: http://localhost:8001, Tokens: 41721.0
Worker: http://localhost:8002, Tokens: 35570.0
Selected worker: http://localhost:8001
Worker: http://localhost:8001, Tokens: 41722.0
Worker: http://localhost:8002, Tokens: 35570.0
Selected worker: http://localhost:8002
Worker: http://localhost:8001, Tokens: 41722.0
Worker: http://localhost:8002, Tokens: 36868.0
Selected worker: http://localhost:8001
Worker: http://localhost:8001, Tokens: 41760.0
Worker: http://localhost:8002, Tokens: 36868.0
Selected worker: http://localhost:8002
Worker: http://localhost:8001, Tokens: 41760.0
Worker: http://localhost:8002, Tokens: 38560.0
Selected worker: http://localhost:8001
Worker: http://localhost:8001, Tokens: 41768.0
Worker: http://localhost:8002, Tokens: 38560.0
Selected worker: http://localhost:8002
Worker: http://localhost:8001, Tokens: 41768.0
Worker: http://localhost:8002, Tokens: 38569.0
Selected worker: http://localhost:8001
Worker: http://localhost:8001, Tokens: 41817.0
Worker: http://localhost:8002, Tokens: 38569.0
Selected worker: http://localhost:8002
Worker: http://localhost:8001, Tokens: 41817.0
Worker: http://localhost:8002, Tokens: 38583.0
Selected worker: http://localhost:8001
Worker: http://localhost:8001, Tokens: 41834.0
Worker: http://localhost:8002, Tokens: 38583.0
Selected worker: http://localhost:8002
Worker: http://localhost:8001, Tokens: 41834.0
Worker: http://localhost:8002, Tokens: 38584.0
Selected worker: http://localhost:8001
Worker: http://localhost:8001, Tokens: 41848.0
Worker: http://localhost:8002, Tokens: 38584.0
Selected worker: http://localhost:8002
INFO:     127.0.0.1:40062 - "POST /v1/completions HTTP/1.1" 200 OK
INFO:     127.0.0.1:39020 - "POST /v1/completions HTTP/1.1" 200 OK
INFO:     127.0.0.1:39036 - "POST /v1/completions HTTP/1.1" 200 OK
INFO:     127.0.0.1:39044 - "POST /v1/completions HTTP/1.1" 200 OK
INFO:     127.0.0.1:39048 - "POST /v1/completions HTTP/1.1" 200 OK
INFO:     127.0.0.1:39058 - "POST /v1/completions HTTP/1.1" 200 OK
INFO:     127.0.0.1:39062 - "POST /v1/completions HTTP/1.1" 200 OK
INFO:     127.0.0.1:39078 - "POST /v1/completions HTTP/1.1" 200 OK
INFO:     127.0.0.1:39082 - "POST /v1/completions HTTP/1.1" 200 OK
INFO:     127.0.0.1:39094 - "POST /v1/completions HTTP/1.1" 200 OK
INFO:     127.0.0.1:39108 - "POST /v1/completions HTTP/1.1" 200 OK
INFO:     127.0.0.1:39124 - "POST /v1/completions HTTP/1.1" 200 OK
INFO:     127.0.0.1:39126 - "POST /v1/completions HTTP/1.1" 200 OK
INFO:     127.0.0.1:39136 - "POST /v1/completions HTTP/1.1" 200 OK
INFO:     127.0.0.1:39152 - "POST /v1/completions HTTP/1.1" 200 OK
INFO:     127.0.0.1:39160 - "POST /v1/completions HTTP/1.1" 200 OK
INFO:     127.0.0.1:39164 - "POST /v1/completions HTTP/1.1" 200 OK
INFO:     127.0.0.1:39174 - "POST /v1/completions HTTP/1.1" 200 OK
INFO:     127.0.0.1:39190 - "POST /v1/completions HTTP/1.1" 200 OK
INFO:     127.0.0.1:39192 - "POST /v1/completions HTTP/1.1" 200 OK
INFO:     127.0.0.1:39206 - "POST /v1/completions HTTP/1.1" 200 OK
INFO:     127.0.0.1:39214 - "POST /v1/completions HTTP/1.1" 200 OK
INFO:     127.0.0.1:39216 - "POST /v1/completions HTTP/1.1" 200 OK
INFO:     127.0.0.1:39232 - "POST /v1/completions HTTP/1.1" 200 OK
INFO:     127.0.0.1:39238 - "POST /v1/completions HTTP/1.1" 200 OK
INFO:     127.0.0.1:39248 - "POST /v1/completions HTTP/1.1" 200 OK
INFO:     127.0.0.1:39252 - "POST /v1/completions HTTP/1.1" 200 OK
INFO:     127.0.0.1:39268 - "POST /v1/completions HTTP/1.1" 200 OK
INFO:     127.0.0.1:39274 - "POST /v1/completions HTTP/1.1" 200 OK
INFO:     127.0.0.1:39278 - "POST /v1/completions HTTP/1.1" 200 OK
INFO:     127.0.0.1:39282 - "POST /v1/completions HTTP/1.1" 200 OK
INFO:     127.0.0.1:39298 - "POST /v1/completions HTTP/1.1" 200 OK
INFO:     127.0.0.1:39306 - "POST /v1/completions HTTP/1.1" 200 OK
INFO:     127.0.0.1:39314 - "POST /v1/completions HTTP/1.1" 200 OK
INFO:     127.0.0.1:39322 - "POST /v1/completions HTTP/1.1" 200 OK
INFO:     127.0.0.1:39324 - "POST /v1/completions HTTP/1.1" 200 OK
INFO:     127.0.0.1:39326 - "POST /v1/completions HTTP/1.1" 200 OK
INFO:     127.0.0.1:39334 - "POST /v1/completions HTTP/1.1" 200 OK
INFO:     127.0.0.1:39344 - "POST /v1/completions HTTP/1.1" 200 OK
INFO:     127.0.0.1:39360 - "POST /v1/completions HTTP/1.1" 200 OK
INFO:     127.0.0.1:39364 - "POST /v1/completions HTTP/1.1" 200 OK
INFO:     127.0.0.1:39376 - "POST /v1/completions HTTP/1.1" 200 OK
INFO:     127.0.0.1:39388 - "POST /v1/completions HTTP/1.1" 200 OK
INFO:     127.0.0.1:39402 - "POST /v1/completions HTTP/1.1" 200 OK
INFO:     127.0.0.1:39410 - "POST /v1/completions HTTP/1.1" 200 OK
INFO:     127.0.0.1:39426 - "POST /v1/completions HTTP/1.1" 200 OK
INFO:     127.0.0.1:39432 - "POST /v1/completions HTTP/1.1" 200 OK
INFO:     127.0.0.1:39440 - "POST /v1/completions HTTP/1.1" 200 OK
INFO:     127.0.0.1:39452 - "POST /v1/completions HTTP/1.1" 200 OK
INFO:     127.0.0.1:39460 - "POST /v1/completions HTTP/1.1" 200 OK
INFO:     127.0.0.1:39476 - "POST /v1/completions HTTP/1.1" 200 OK
INFO:     127.0.0.1:39480 - "POST /v1/completions HTTP/1.1" 200 OK
INFO:     127.0.0.1:39488 - "POST /v1/completions HTTP/1.1" 200 OK
INFO:     127.0.0.1:39492 - "POST /v1/completions HTTP/1.1" 200 OK
INFO:     127.0.0.1:39494 - "POST /v1/completions HTTP/1.1" 200 OK
INFO:     127.0.0.1:39496 - "POST /v1/completions HTTP/1.1" 200 OK
INFO:     127.0.0.1:39498 - "POST /v1/completions HTTP/1.1" 200 OK
INFO:     127.0.0.1:39504 - "POST /v1/completions HTTP/1.1" 200 OK
INFO:     127.0.0.1:39510 - "POST /v1/completions HTTP/1.1" 200 OK
INFO:     127.0.0.1:39520 - "POST /v1/completions HTTP/1.1" 200 OK
INFO:     127.0.0.1:39528 - "POST /v1/completions HTTP/1.1" 200 OK
INFO:     127.0.0.1:39538 - "POST /v1/completions HTTP/1.1" 200 OK
INFO:     127.0.0.1:39540 - "POST /v1/completions HTTP/1.1" 200 OK
INFO:     127.0.0.1:39554 - "POST /v1/completions HTTP/1.1" 200 OK
INFO:     127.0.0.1:39558 - "POST /v1/completions HTTP/1.1" 200 OK
INFO:     127.0.0.1:39572 - "POST /v1/completions HTTP/1.1" 200 OK
INFO:     127.0.0.1:39584 - "POST /v1/completions HTTP/1.1" 200 OK
INFO:     127.0.0.1:39588 - "POST /v1/completions HTTP/1.1" 200 OK
INFO:     127.0.0.1:39602 - "POST /v1/completions HTTP/1.1" 200 OK
INFO:     127.0.0.1:39618 - "POST /v1/completions HTTP/1.1" 200 OK
INFO:     127.0.0.1:39628 - "POST /v1/completions HTTP/1.1" 200 OK
INFO:     127.0.0.1:39636 - "POST /v1/completions HTTP/1.1" 200 OK
INFO:     127.0.0.1:39642 - "POST /v1/completions HTTP/1.1" 200 OK
INFO:     127.0.0.1:39652 - "POST /v1/completions HTTP/1.1" 200 OK
INFO:     127.0.0.1:39654 - "POST /v1/completions HTTP/1.1" 200 OK
INFO:     127.0.0.1:39656 - "POST /v1/completions HTTP/1.1" 200 OK
INFO:     127.0.0.1:39666 - "POST /v1/completions HTTP/1.1" 200 OK
INFO:     127.0.0.1:39682 - "POST /v1/completions HTTP/1.1" 200 OK
INFO:     127.0.0.1:39690 - "POST /v1/completions HTTP/1.1" 200 OK
INFO:     127.0.0.1:39702 - "POST /v1/completions HTTP/1.1" 200 OK
INFO:     127.0.0.1:39712 - "POST /v1/completions HTTP/1.1" 200 OK
INFO:     127.0.0.1:39724 - "POST /v1/completions HTTP/1.1" 200 OK
INFO:     127.0.0.1:39738 - "POST /v1/completions HTTP/1.1" 200 OK
INFO:     127.0.0.1:39750 - "POST /v1/completions HTTP/1.1" 200 OK
INFO:     127.0.0.1:39764 - "POST /v1/completions HTTP/1.1" 200 OK
INFO:     127.0.0.1:39768 - "POST /v1/completions HTTP/1.1" 200 OK
INFO:     127.0.0.1:39772 - "POST /v1/completions HTTP/1.1" 200 OK
INFO:     127.0.0.1:39782 - "POST /v1/completions HTTP/1.1" 200 OK
INFO:     127.0.0.1:39788 - "POST /v1/completions HTTP/1.1" 200 OK
INFO:     127.0.0.1:39796 - "POST /v1/completions HTTP/1.1" 200 OK
INFO:     127.0.0.1:39812 - "POST /v1/completions HTTP/1.1" 200 OK
INFO:     127.0.0.1:39826 - "POST /v1/completions HTTP/1.1" 200 OK
INFO:     127.0.0.1:39828 - "POST /v1/completions HTTP/1.1" 200 OK
INFO:     127.0.0.1:39838 - "POST /v1/completions HTTP/1.1" 200 OK
INFO:     127.0.0.1:39844 - "POST /v1/completions HTTP/1.1" 200 OK
INFO:     127.0.0.1:39858 - "POST /v1/completions HTTP/1.1" 200 OK
INFO:     127.0.0.1:39862 - "POST /v1/completions HTTP/1.1" 200 OK
INFO:     127.0.0.1:39870 - "POST /v1/completions HTTP/1.1" 200 OK
INFO:     127.0.0.1:39874 - "POST /v1/completions HTTP/1.1" 200 OK
INFO:     127.0.0.1:39882 - "POST /v1/completions HTTP/1.1" 200 OK
INFO:     127.0.0.1:39886 - "POST /v1/completions HTTP/1.1" 200 OK
INFO:     127.0.0.1:39892 - "POST /v1/completions HTTP/1.1" 200 OK
INFO:     127.0.0.1:39908 - "POST /v1/completions HTTP/1.1" 200 OK
INFO:     127.0.0.1:39922 - "POST /v1/completions HTTP/1.1" 200 OK
INFO:     127.0.0.1:39932 - "POST /v1/completions HTTP/1.1" 200 OK
INFO:     127.0.0.1:39934 - "POST /v1/completions HTTP/1.1" 200 OK
INFO:     127.0.0.1:39942 - "POST /v1/completions HTTP/1.1" 200 OK
INFO:     127.0.0.1:39956 - "POST /v1/completions HTTP/1.1" 200 OK
INFO:     127.0.0.1:39968 - "POST /v1/completions HTTP/1.1" 200 OK
INFO:     127.0.0.1:39974 - "POST /v1/completions HTTP/1.1" 200 OK
INFO:     127.0.0.1:39982 - "POST /v1/completions HTTP/1.1" 200 OK
INFO:     127.0.0.1:39986 - "POST /v1/completions HTTP/1.1" 200 OK
INFO:     127.0.0.1:39988 - "POST /v1/completions HTTP/1.1" 200 OK
INFO:     127.0.0.1:40004 - "POST /v1/completions HTTP/1.1" 200 OK
INFO:     127.0.0.1:40018 - "POST /v1/completions HTTP/1.1" 200 OK
INFO:     127.0.0.1:40030 - "POST /v1/completions HTTP/1.1" 200 OK
INFO:     127.0.0.1:40040 - "POST /v1/completions HTTP/1.1" 200 OK
INFO:     127.0.0.1:40056 - "POST /v1/completions HTTP/1.1" 200 OK
INFO:     127.0.0.1:40058 - "POST /v1/completions HTTP/1.1" 200 OK
INFO:     127.0.0.1:40060 - "POST /v1/completions HTTP/1.1" 200 OK
INFO:     127.0.0.1:40078 - "POST /v1/completions HTTP/1.1" 200 OK
INFO:     127.0.0.1:40080 - "POST /v1/completions HTTP/1.1" 200 OK
INFO:     127.0.0.1:40086 - "POST /v1/completions HTTP/1.1" 200 OK
INFO:     127.0.0.1:40092 - "POST /v1/completions HTTP/1.1" 200 OK
INFO:     127.0.0.1:40106 - "POST /v1/completions HTTP/1.1" 200 OK
INFO:     127.0.0.1:40118 - "POST /v1/completions HTTP/1.1" 200 OK
INFO:     127.0.0.1:40126 - "POST /v1/completions HTTP/1.1" 200 OK
INFO:     127.0.0.1:40136 - "POST /v1/completions HTTP/1.1" 200 OK
INFO:     127.0.0.1:40148 - "POST /v1/completions HTTP/1.1" 200 OK
INFO:     127.0.0.1:40150 - "POST /v1/completions HTTP/1.1" 200 OK
INFO:     127.0.0.1:40158 - "POST /v1/completions HTTP/1.1" 200 OK
INFO:     127.0.0.1:40166 - "POST /v1/completions HTTP/1.1" 200 OK
INFO:     127.0.0.1:40182 - "POST /v1/completions HTTP/1.1" 200 OK
INFO:     127.0.0.1:40198 - "POST /v1/completions HTTP/1.1" 200 OK
INFO:     127.0.0.1:40204 - "POST /v1/completions HTTP/1.1" 200 OK
INFO:     127.0.0.1:40212 - "POST /v1/completions HTTP/1.1" 200 OK
INFO:     127.0.0.1:40220 - "POST /v1/completions HTTP/1.1" 200 OK
INFO:     127.0.0.1:40236 - "POST /v1/completions HTTP/1.1" 200 OK
INFO:     127.0.0.1:40244 - "POST /v1/completions HTTP/1.1" 200 OK
INFO:     127.0.0.1:40250 - "POST /v1/completions HTTP/1.1" 200 OK
INFO:     127.0.0.1:40258 - "POST /v1/completions HTTP/1.1" 200 OK
INFO:     127.0.0.1:40262 - "POST /v1/completions HTTP/1.1" 200 OK
INFO:     127.0.0.1:40270 - "POST /v1/completions HTTP/1.1" 200 OK
INFO:     127.0.0.1:40272 - "POST /v1/completions HTTP/1.1" 200 OK
INFO:     127.0.0.1:40274 - "POST /v1/completions HTTP/1.1" 200 OK
INFO:     127.0.0.1:40282 - "POST /v1/completions HTTP/1.1" 200 OK
INFO:     127.0.0.1:40294 - "POST /v1/completions HTTP/1.1" 200 OK
INFO:     127.0.0.1:40302 - "POST /v1/completions HTTP/1.1" 200 OK
INFO:     127.0.0.1:40306 - "POST /v1/completions HTTP/1.1" 200 OK
INFO:     127.0.0.1:40308 - "POST /v1/completions HTTP/1.1" 200 OK
INFO:     127.0.0.1:40324 - "POST /v1/completions HTTP/1.1" 200 OK
INFO:     127.0.0.1:40334 - "POST /v1/completions HTTP/1.1" 200 OK
INFO:     127.0.0.1:40350 - "POST /v1/completions HTTP/1.1" 200 OK
INFO:     127.0.0.1:40354 - "POST /v1/completions HTTP/1.1" 200 OK
INFO:     127.0.0.1:40364 - "POST /v1/completions HTTP/1.1" 200 OK
INFO:     127.0.0.1:40366 - "POST /v1/completions HTTP/1.1" 200 OK
INFO:     127.0.0.1:40382 - "POST /v1/completions HTTP/1.1" 200 OK
INFO:     127.0.0.1:40396 - "POST /v1/completions HTTP/1.1" 200 OK
INFO:     127.0.0.1:40402 - "POST /v1/completions HTTP/1.1" 200 OK
INFO:     127.0.0.1:40414 - "POST /v1/completions HTTP/1.1" 200 OK
INFO:     127.0.0.1:40428 - "POST /v1/completions HTTP/1.1" 200 OK
INFO:     127.0.0.1:40444 - "POST /v1/completions HTTP/1.1" 200 OK
INFO:     127.0.0.1:40460 - "POST /v1/completions HTTP/1.1" 200 OK
INFO:     127.0.0.1:40472 - "POST /v1/completions HTTP/1.1" 200 OK
INFO:     127.0.0.1:40486 - "POST /v1/completions HTTP/1.1" 200 OK
INFO:     127.0.0.1:40490 - "POST /v1/completions HTTP/1.1" 200 OK
INFO:     127.0.0.1:40504 - "POST /v1/completions HTTP/1.1" 200 OK
INFO:     127.0.0.1:40516 - "POST /v1/completions HTTP/1.1" 200 OK
INFO:     127.0.0.1:40528 - "POST /v1/completions HTTP/1.1" 200 OK
INFO:     127.0.0.1:40540 - "POST /v1/completions HTTP/1.1" 200 OK
INFO:     127.0.0.1:40542 - "POST /v1/completions HTTP/1.1" 200 OK
INFO:     127.0.0.1:40550 - "POST /v1/completions HTTP/1.1" 200 OK
INFO:     127.0.0.1:40560 - "POST /v1/completions HTTP/1.1" 200 OK
INFO:     127.0.0.1:40564 - "POST /v1/completions HTTP/1.1" 200 OK
INFO:     127.0.0.1:40572 - "POST /v1/completions HTTP/1.1" 200 OK
INFO:     127.0.0.1:40574 - "POST /v1/completions HTTP/1.1" 200 OK
INFO:     127.0.0.1:40586 - "POST /v1/completions HTTP/1.1" 200 OK
INFO:     127.0.0.1:40588 - "POST /v1/completions HTTP/1.1" 200 OK
INFO:     127.0.0.1:40592 - "POST /v1/completions HTTP/1.1" 200 OK
INFO:     127.0.0.1:40600 - "POST /v1/completions HTTP/1.1" 200 OK
INFO:     127.0.0.1:40612 - "POST /v1/completions HTTP/1.1" 200 OK
INFO:     127.0.0.1:40624 - "POST /v1/completions HTTP/1.1" 200 OK
INFO:     127.0.0.1:40632 - "POST /v1/completions HTTP/1.1" 200 OK
INFO:     127.0.0.1:40646 - "POST /v1/completions HTTP/1.1" 200 OK
INFO:     127.0.0.1:40652 - "POST /v1/completions HTTP/1.1" 200 OK
INFO:     127.0.0.1:40664 - "POST /v1/completions HTTP/1.1" 200 OK
INFO:     127.0.0.1:40672 - "POST /v1/completions HTTP/1.1" 200 OK
INFO:     127.0.0.1:40684 - "POST /v1/completions HTTP/1.1" 200 OK
INFO:     127.0.0.1:40690 - "POST /v1/completions HTTP/1.1" 200 OK
INFO:     127.0.0.1:40702 - "POST /v1/completions HTTP/1.1" 200 OK
INFO:     127.0.0.1:40708 - "POST /v1/completions HTTP/1.1" 200 OK
INFO:     127.0.0.1:40714 - "POST /v1/completions HTTP/1.1" 200 OK
INFO:     127.0.0.1:40718 - "POST /v1/completions HTTP/1.1" 200 OK
INFO:     127.0.0.1:40720 - "POST /v1/completions HTTP/1.1" 200 OK
INFO:     127.0.0.1:40722 - "POST /v1/completions HTTP/1.1" 200 OK
INFO:     127.0.0.1:40732 - "POST /v1/completions HTTP/1.1" 200 OK
INFO:     127.0.0.1:40744 - "POST /v1/completions HTTP/1.1" 200 OK
INFO:     127.0.0.1:40758 - "POST /v1/completions HTTP/1.1" 200 OK
INFO:     127.0.0.1:40774 - "POST /v1/completions HTTP/1.1" 200 OK
INFO:     127.0.0.1:40784 - "POST /v1/completions HTTP/1.1" 200 OK
INFO:     127.0.0.1:40790 - "POST /v1/completions HTTP/1.1" 200 OK
INFO:     127.0.0.1:40792 - "POST /v1/completions HTTP/1.1" 200 OK
INFO:     127.0.0.1:40806 - "POST /v1/completions HTTP/1.1" 200 OK
INFO:     127.0.0.1:40810 - "POST /v1/completions HTTP/1.1" 200 OK
INFO:     127.0.0.1:40824 - "POST /v1/completions HTTP/1.1" 200 OK
INFO:     127.0.0.1:40840 - "POST /v1/completions HTTP/1.1" 200 OK
INFO:     127.0.0.1:40856 - "POST /v1/completions HTTP/1.1" 200 OK
INFO:     127.0.0.1:40862 - "POST /v1/completions HTTP/1.1" 200 OK
INFO:     127.0.0.1:40870 - "POST /v1/completions HTTP/1.1" 200 OK
INFO:     127.0.0.1:40886 - "POST /v1/completions HTTP/1.1" 200 OK
INFO:     127.0.0.1:40890 - "POST /v1/completions HTTP/1.1" 200 OK
INFO:     127.0.0.1:40906 - "POST /v1/completions HTTP/1.1" 200 OK
INFO:     127.0.0.1:38566 - "POST /v1/completions HTTP/1.1" 200 OK
INFO:     127.0.0.1:38582 - "POST /v1/completions HTTP/1.1" 200 OK
INFO:     127.0.0.1:38596 - "POST /v1/completions HTTP/1.1" 200 OK
INFO:     127.0.0.1:38612 - "POST /v1/completions HTTP/1.1" 200 OK
INFO:     127.0.0.1:38626 - "POST /v1/completions HTTP/1.1" 200 OK
INFO:     127.0.0.1:38634 - "POST /v1/completions HTTP/1.1" 200 OK
INFO:     127.0.0.1:38650 - "POST /v1/completions HTTP/1.1" 200 OK
INFO:     127.0.0.1:38664 - "POST /v1/completions HTTP/1.1" 200 OK
INFO:     127.0.0.1:38666 - "POST /v1/completions HTTP/1.1" 200 OK
INFO:     127.0.0.1:38682 - "POST /v1/completions HTTP/1.1" 200 OK
INFO:     127.0.0.1:38696 - "POST /v1/completions HTTP/1.1" 200 OK
INFO:     127.0.0.1:38708 - "POST /v1/completions HTTP/1.1" 200 OK
INFO:     127.0.0.1:38720 - "POST /v1/completions HTTP/1.1" 200 OK
INFO:     127.0.0.1:38732 - "POST /v1/completions HTTP/1.1" 200 OK
INFO:     127.0.0.1:38748 - "POST /v1/completions HTTP/1.1" 200 OK
INFO:     127.0.0.1:38758 - "POST /v1/completions HTTP/1.1" 200 OK
INFO:     127.0.0.1:38772 - "POST /v1/completions HTTP/1.1" 200 OK
INFO:     127.0.0.1:38784 - "POST /v1/completions HTTP/1.1" 200 OK
INFO:     127.0.0.1:38792 - "POST /v1/completions HTTP/1.1" 200 OK
INFO:     127.0.0.1:38794 - "POST /v1/completions HTTP/1.1" 200 OK
INFO:     127.0.0.1:38804 - "POST /v1/completions HTTP/1.1" 200 OK
INFO:     127.0.0.1:38814 - "POST /v1/completions HTTP/1.1" 200 OK
INFO:     127.0.0.1:38818 - "POST /v1/completions HTTP/1.1" 200 OK
INFO:     127.0.0.1:38828 - "POST /v1/completions HTTP/1.1" 200 OK
INFO:     127.0.0.1:38842 - "POST /v1/completions HTTP/1.1" 200 OK
INFO:     127.0.0.1:38844 - "POST /v1/completions HTTP/1.1" 200 OK
INFO:     127.0.0.1:38850 - "POST /v1/completions HTTP/1.1" 200 OK
INFO:     127.0.0.1:38852 - "POST /v1/completions HTTP/1.1" 200 OK
INFO:     127.0.0.1:38864 - "POST /v1/completions HTTP/1.1" 200 OK
INFO:     127.0.0.1:38872 - "POST /v1/completions HTTP/1.1" 200 OK
INFO:     127.0.0.1:38876 - "POST /v1/completions HTTP/1.1" 200 OK
INFO:     127.0.0.1:38886 - "POST /v1/completions HTTP/1.1" 200 OK
INFO:     127.0.0.1:38894 - "POST /v1/completions HTTP/1.1" 200 OK
INFO:     127.0.0.1:38902 - "POST /v1/completions HTTP/1.1" 200 OK
INFO:     127.0.0.1:38904 - "POST /v1/completions HTTP/1.1" 200 OK
INFO:     127.0.0.1:38910 - "POST /v1/completions HTTP/1.1" 200 OK
INFO:     127.0.0.1:38914 - "POST /v1/completions HTTP/1.1" 200 OK
INFO:     127.0.0.1:38928 - "POST /v1/completions HTTP/1.1" 200 OK
INFO:     127.0.0.1:38942 - "POST /v1/completions HTTP/1.1" 200 OK
INFO:     127.0.0.1:38958 - "POST /v1/completions HTTP/1.1" 200 OK
INFO:     127.0.0.1:38974 - "POST /v1/completions HTTP/1.1" 200 OK
INFO:     127.0.0.1:38990 - "POST /v1/completions HTTP/1.1" 200 OK
INFO:     127.0.0.1:38992 - "POST /v1/completions HTTP/1.1" 200 OK
INFO:     127.0.0.1:39006 - "POST /v1/completions HTTP/1.1" 200 OK
Worker: http://localhost:8001, Tokens: 0.0
Worker: http://localhost:8002, Tokens: 1828.0
Selected worker: http://localhost:8001
INFO:     127.0.0.1:44752 - "POST /v1/completions HTTP/1.1" 200 OK
Worker: http://localhost:8001, Tokens: -12.0
Worker: http://localhost:8002, Tokens: 1820.0
Selected worker: http://localhost:8002
INFO:     127.0.0.1:44768 - "POST /v1/completions HTTP/1.1" 200 OK
Worker: http://localhost:8001, Tokens: -12.0
Worker: http://localhost:8002, Tokens: 1857.0
Selected worker: http://localhost:8001
INFO:     127.0.0.1:44780 - "POST /v1/completions HTTP/1.1" 200 OK
Worker: http://localhost:8001, Tokens: -1368.0
Worker: http://localhost:8002, Tokens: 1857.0
Selected worker: http://localhost:8002
INFO:     127.0.0.1:44784 - "POST /v1/completions HTTP/1.1" 200 OK
Worker: http://localhost:8001, Tokens: -2491.0
Worker: http://localhost:8002, Tokens: 5468.0
Selected worker: http://localhost:8001
Worker: http://localhost:8001, Tokens: -2484.0
Worker: http://localhost:8002, Tokens: 5468.0
Selected worker: http://localhost:8002
Worker: http://localhost:8001, Tokens: -2484.0
Worker: http://localhost:8002, Tokens: 5478.0
Selected worker: http://localhost:8001
Worker: http://localhost:8001, Tokens: -2444.0
Worker: http://localhost:8002, Tokens: 5478.0
Selected worker: http://localhost:8002
Worker: http://localhost:8001, Tokens: -2444.0
Worker: http://localhost:8002, Tokens: 5490.0
Selected worker: http://localhost:8001
Worker: http://localhost:8001, Tokens: -2407.0
Worker: http://localhost:8002, Tokens: 5490.0
Selected worker: http://localhost:8002
Worker: http://localhost:8001, Tokens: -2407.0
Worker: http://localhost:8002, Tokens: 5497.0
Selected worker: http://localhost:8001
INFO:     127.0.0.1:44792 - "POST /v1/completions HTTP/1.1" 200 OK
INFO:     127.0.0.1:44800 - "POST /v1/completions HTTP/1.1" 200 OK
INFO:     127.0.0.1:44806 - "POST /v1/completions HTTP/1.1" 200 OK
INFO:     127.0.0.1:44810 - "POST /v1/completions HTTP/1.1" 200 OK
INFO:     127.0.0.1:44818 - "POST /v1/completions HTTP/1.1" 200 OK
INFO:     127.0.0.1:44826 - "POST /v1/completions HTTP/1.1" 200 OK
INFO:     127.0.0.1:44832 - "POST /v1/completions HTTP/1.1" 200 OK
Worker: http://localhost:8001, Tokens: -2386.0
Worker: http://localhost:8002, Tokens: 5497.0
Selected worker: http://localhost:8002
INFO:     127.0.0.1:44840 - "POST /v1/completions HTTP/1.1" 200 OK
Worker: http://localhost:8001, Tokens: -2386.0
Worker: http://localhost:8002, Tokens: 5542.0
Selected worker: http://localhost:8001
INFO:     127.0.0.1:44844 - "POST /v1/completions HTTP/1.1" 200 OK
Worker: http://localhost:8001, Tokens: -3069.0
Worker: http://localhost:8002, Tokens: 474.0
Selected worker: http://localhost:8002
INFO:     127.0.0.1:44846 - "POST /v1/completions HTTP/1.1" 200 OK
Worker: http://localhost:8001, Tokens: -5937.0
Worker: http://localhost:8002, Tokens: 486.0
Selected worker: http://localhost:8001
INFO:     127.0.0.1:44850 - "POST /v1/completions HTTP/1.1" 200 OK
Worker: http://localhost:8001, Tokens: -5915.0
Worker: http://localhost:8002, Tokens: 486.0
Selected worker: http://localhost:8002
INFO:     127.0.0.1:44858 - "POST /v1/completions HTTP/1.1" 200 OK
Worker: http://localhost:8001, Tokens: -5915.0
Worker: http://localhost:8002, Tokens: -776.0
Selected worker: http://localhost:8001
INFO:     127.0.0.1:44862 - "POST /v1/completions HTTP/1.1" 200 OK
Worker: http://localhost:8001, Tokens: -5913.0
Worker: http://localhost:8002, Tokens: -776.0
Selected worker: http://localhost:8002
INFO:     127.0.0.1:44876 - "POST /v1/completions HTTP/1.1" 200 OK
Worker: http://localhost:8001, Tokens: -8017.0
Worker: http://localhost:8002, Tokens: -737.0
Selected worker: http://localhost:8001
INFO:     127.0.0.1:44892 - "POST /v1/completions HTTP/1.1" 200 OK
Worker: http://localhost:8001, Tokens: -8006.0
Worker: http://localhost:8002, Tokens: -737.0
Selected worker: http://localhost:8002
INFO:     127.0.0.1:44908 - "POST /v1/completions HTTP/1.1" 200 OK
Worker: http://localhost:8001, Tokens: 12131.0
Worker: http://localhost:8002, Tokens: -2526.0
Selected worker: http://localhost:8001
INFO:     127.0.0.1:44910 - "POST /v1/completions HTTP/1.1" 200 OK
Worker: http://localhost:8001, Tokens: 10347.0
Worker: http://localhost:8002, Tokens: -2526.0
Selected worker: http://localhost:8002
INFO:     127.0.0.1:44914 - "POST /v1/completions HTTP/1.1" 200 OK
Worker: http://localhost:8001, Tokens: 10347.0
Worker: http://localhost:8002, Tokens: -1053.0
Selected worker: http://localhost:8001
INFO:     127.0.0.1:44920 - "POST /v1/completions HTTP/1.1" 200 OK
Worker: http://localhost:8001, Tokens: 11962.0
Worker: http://localhost:8002, Tokens: -2526.0
Selected worker: http://localhost:8002
INFO:     127.0.0.1:44928 - "POST /v1/completions HTTP/1.1" 200 OK
Worker: http://localhost:8001, Tokens: 11962.0
Worker: http://localhost:8002, Tokens: -352.0
Selected worker: http://localhost:8001
INFO:     127.0.0.1:44934 - "POST /v1/completions HTTP/1.1" 200 OK
Worker: http://localhost:8001, Tokens: 13261.0
Worker: http://localhost:8002, Tokens: -352.0
Selected worker: http://localhost:8002
INFO:     127.0.0.1:44948 - "POST /v1/completions HTTP/1.1" 200 OK
Worker: http://localhost:8001, Tokens: 13261.0
Worker: http://localhost:8002, Tokens: -317.0
Selected worker: http://localhost:8001
INFO:     127.0.0.1:44956 - "POST /v1/completions HTTP/1.1" 200 OK
Worker: http://localhost:8001, Tokens: 11234.0
Worker: http://localhost:8002, Tokens: -317.0
Selected worker: http://localhost:8002
INFO:     127.0.0.1:44960 - "POST /v1/completions HTTP/1.1" 200 OK
Worker: http://localhost:8001, Tokens: 11234.0
Worker: http://localhost:8002, Tokens: -294.0
Selected worker: http://localhost:8001
INFO:     127.0.0.1:44976 - "POST /v1/completions HTTP/1.1" 200 OK
Worker: http://localhost:8001, Tokens: 12236.0
Worker: http://localhost:8002, Tokens: -2069.0
Selected worker: http://localhost:8002
INFO:     127.0.0.1:44978 - "POST /v1/completions HTTP/1.1" 200 OK
Worker: http://localhost:8001, Tokens: 12236.0
Worker: http://localhost:8002, Tokens: -455.0
Selected worker: http://localhost:8001
INFO:     127.0.0.1:44988 - "POST /v1/completions HTTP/1.1" 200 OK
Worker: http://localhost:8001, Tokens: 9696.0
Worker: http://localhost:8002, Tokens: -455.0
Selected worker: http://localhost:8002
INFO:     127.0.0.1:44994 - "POST /v1/completions HTTP/1.1" 200 OK
Worker: http://localhost:8001, Tokens: 9696.0
Worker: http://localhost:8002, Tokens: 20107.0
Selected worker: http://localhost:8001
INFO:     127.0.0.1:44998 - "POST /v1/completions HTTP/1.1" 200 OK
Worker: http://localhost:8001, Tokens: 10932.0
Worker: http://localhost:8002, Tokens: 20107.0
Selected worker: http://localhost:8002
INFO:     127.0.0.1:45014 - "POST /v1/completions HTTP/1.1" 200 OK
Worker: http://localhost:8001, Tokens: 9667.0
Worker: http://localhost:8002, Tokens: 20112.0
Selected worker: http://localhost:8001
INFO:     127.0.0.1:45028 - "POST /v1/completions HTTP/1.1" 200 OK
Worker: http://localhost:8001, Tokens: 9674.0
Worker: http://localhost:8002, Tokens: 18984.0
Selected worker: http://localhost:8002
INFO:     127.0.0.1:45038 - "POST /v1/completions HTTP/1.1" 200 OK
Worker: http://localhost:8001, Tokens: 9674.0
Worker: http://localhost:8002, Tokens: 18997.0
Selected worker: http://localhost:8001
INFO:     127.0.0.1:45044 - "POST /v1/completions HTTP/1.1" 200 OK
Worker: http://localhost:8001, Tokens: 9680.0
Worker: http://localhost:8002, Tokens: 18997.0
Selected worker: http://localhost:8002
INFO:     127.0.0.1:45060 - "POST /v1/completions HTTP/1.1" 200 OK
Worker: http://localhost:8001, Tokens: 9680.0
Worker: http://localhost:8002, Tokens: 18031.0
Selected worker: http://localhost:8001
INFO:     127.0.0.1:45070 - "POST /v1/completions HTTP/1.1" 200 OK
Worker: http://localhost:8001, Tokens: 11382.0
Worker: http://localhost:8002, Tokens: 18031.0
Selected worker: http://localhost:8002
INFO:     127.0.0.1:45072 - "POST /v1/completions HTTP/1.1" 200 OK
Worker: http://localhost:8001, Tokens: 7873.0
Worker: http://localhost:8002, Tokens: 18044.0
Selected worker: http://localhost:8001
INFO:     127.0.0.1:45076 - "POST /v1/completions HTTP/1.1" 200 OK
Worker: http://localhost:8001, Tokens: 7879.0
Worker: http://localhost:8002, Tokens: 18044.0
Selected worker: http://localhost:8002
INFO:     127.0.0.1:45090 - "POST /v1/completions HTTP/1.1" 200 OK
Worker: http://localhost:8001, Tokens: 7879.0
Worker: http://localhost:8002, Tokens: 16910.0
Selected worker: http://localhost:8001
INFO:     127.0.0.1:45106 - "POST /v1/completions HTTP/1.1" 200 OK
Worker: http://localhost:8001, Tokens: 7899.0
Worker: http://localhost:8002, Tokens: 16910.0
Selected worker: http://localhost:8002
INFO:     127.0.0.1:45114 - "POST /v1/completions HTTP/1.1" 200 OK
Worker: http://localhost:8001, Tokens: 26701.0
Worker: http://localhost:8002, Tokens: 16924.0
Selected worker: http://localhost:8001
INFO:     127.0.0.1:45124 - "POST /v1/completions HTTP/1.1" 200 OK
Worker: http://localhost:8001, Tokens: 26705.0
Worker: http://localhost:8002, Tokens: 15587.0
Selected worker: http://localhost:8002
INFO:     127.0.0.1:45130 - "POST /v1/completions HTTP/1.1" 200 OK
Worker: http://localhost:8001, Tokens: 26705.0
Worker: http://localhost:8002, Tokens: 15602.0
Selected worker: http://localhost:8001
INFO:     127.0.0.1:45146 - "POST /v1/completions HTTP/1.1" 200 OK
Worker: http://localhost:8001, Tokens: 24321.0
Worker: http://localhost:8002, Tokens: 15602.0
Selected worker: http://localhost:8002
INFO:     127.0.0.1:45160 - "POST /v1/completions HTTP/1.1" 200 OK
Worker: http://localhost:8001, Tokens: 24321.0
Worker: http://localhost:8002, Tokens: 15624.0
Selected worker: http://localhost:8001
INFO:     127.0.0.1:45172 - "POST /v1/completions HTTP/1.1" 200 OK
Worker: http://localhost:8001, Tokens: 24335.0
Worker: http://localhost:8002, Tokens: 15624.0
Selected worker: http://localhost:8002
INFO:     127.0.0.1:45184 - "POST /v1/completions HTTP/1.1" 200 OK
Worker: http://localhost:8001, Tokens: 24335.0
Worker: http://localhost:8002, Tokens: 15634.0
Selected worker: http://localhost:8001
INFO:     127.0.0.1:45192 - "POST /v1/completions HTTP/1.1" 200 OK
Worker: http://localhost:8001, Tokens: 25411.0
Worker: http://localhost:8002, Tokens: 13022.0
Selected worker: http://localhost:8002
INFO:     127.0.0.1:45198 - "POST /v1/completions HTTP/1.1" 200 OK
Worker: http://localhost:8001, Tokens: 25411.0
Worker: http://localhost:8002, Tokens: 13031.0
Selected worker: http://localhost:8001
INFO:     127.0.0.1:45214 - "POST /v1/completions HTTP/1.1" 200 OK
Worker: http://localhost:8001, Tokens: 23135.0
Worker: http://localhost:8002, Tokens: 13031.0
Selected worker: http://localhost:8002
INFO:     127.0.0.1:45226 - "POST /v1/completions HTTP/1.1" 200 OK
Worker: http://localhost:8001, Tokens: 23135.0
Worker: http://localhost:8002, Tokens: 13034.0
Selected worker: http://localhost:8001
INFO:     127.0.0.1:45230 - "POST /v1/completions HTTP/1.1" 200 OK
Worker: http://localhost:8001, Tokens: 23173.0
Worker: http://localhost:8002, Tokens: 13034.0
Selected worker: http://localhost:8002
INFO:     127.0.0.1:45240 - "POST /v1/completions HTTP/1.1" 200 OK
Worker: http://localhost:8001, Tokens: 23173.0
Worker: http://localhost:8002, Tokens: 35855.0
Selected worker: http://localhost:8001
INFO:     127.0.0.1:45250 - "POST /v1/completions HTTP/1.1" 200 OK
Worker: http://localhost:8001, Tokens: 21597.0
Worker: http://localhost:8002, Tokens: 35855.0
Selected worker: http://localhost:8002
INFO:     127.0.0.1:45258 - "POST /v1/completions HTTP/1.1" 200 OK
Worker: http://localhost:8001, Tokens: 21597.0
Worker: http://localhost:8002, Tokens: 35224.0
Selected worker: http://localhost:8001
INFO:     127.0.0.1:45272 - "POST /v1/completions HTTP/1.1" 200 OK
Worker: http://localhost:8001, Tokens: 20533.0
Worker: http://localhost:8002, Tokens: 35224.0
Selected worker: http://localhost:8002
INFO:     127.0.0.1:45280 - "POST /v1/completions HTTP/1.1" 200 OK
Worker: http://localhost:8001, Tokens: 20533.0
Worker: http://localhost:8002, Tokens: 35240.0
Selected worker: http://localhost:8001
INFO:     127.0.0.1:45288 - "POST /v1/completions HTTP/1.1" 200 OK
Worker: http://localhost:8001, Tokens: 20549.0
Worker: http://localhost:8002, Tokens: 32129.0
Selected worker: http://localhost:8002
INFO:     127.0.0.1:45304 - "POST /v1/completions HTTP/1.1" 200 OK
Worker: http://localhost:8001, Tokens: 18058.0
Worker: http://localhost:8002, Tokens: 32136.0
Selected worker: http://localhost:8001
INFO:     127.0.0.1:45310 - "POST /v1/completions HTTP/1.1" 200 OK
Worker: http://localhost:8001, Tokens: 18066.0
Worker: http://localhost:8002, Tokens: 32136.0
Selected worker: http://localhost:8002
INFO:     127.0.0.1:45316 - "POST /v1/completions HTTP/1.1" 200 OK
Worker: http://localhost:8001, Tokens: 18066.0
Worker: http://localhost:8002, Tokens: 33691.0
Selected worker: http://localhost:8001
INFO:     127.0.0.1:45318 - "POST /v1/completions HTTP/1.1" 200 OK
Worker: http://localhost:8001, Tokens: 18077.0
Worker: http://localhost:8002, Tokens: 33691.0
Selected worker: http://localhost:8002
INFO:     127.0.0.1:45328 - "POST /v1/completions HTTP/1.1" 200 OK
Worker: http://localhost:8001, Tokens: 16811.0
Worker: http://localhost:8002, Tokens: 33701.0
Selected worker: http://localhost:8001
INFO:     127.0.0.1:45332 - "POST /v1/completions HTTP/1.1" 200 OK
Worker: http://localhost:8001, Tokens: 17945.0
Worker: http://localhost:8002, Tokens: 30742.0
Selected worker: http://localhost:8002
INFO:     127.0.0.1:45342 - "POST /v1/completions HTTP/1.1" 200 OK
Worker: http://localhost:8001, Tokens: 41826.0
Worker: http://localhost:8002, Tokens: 30743.0
Selected worker: http://localhost:8001
INFO:     127.0.0.1:45350 - "POST /v1/completions HTTP/1.1" 200 OK
Worker: http://localhost:8001, Tokens: 41846.0
Worker: http://localhost:8002, Tokens: 30743.0
Selected worker: http://localhost:8002
INFO:     127.0.0.1:45352 - "POST /v1/completions HTTP/1.1" 200 OK
Worker: http://localhost:8001, Tokens: 41846.0
Worker: http://localhost:8002, Tokens: 30762.0
Selected worker: http://localhost:8001
INFO:     127.0.0.1:45354 - "POST /v1/completions HTTP/1.1" 200 OK
Worker: http://localhost:8001, Tokens: 42854.0
Worker: http://localhost:8002, Tokens: 29300.0
Selected worker: http://localhost:8002
INFO:     127.0.0.1:45358 - "POST /v1/completions HTTP/1.1" 200 OK
Worker: http://localhost:8001, Tokens: 40087.0
Worker: http://localhost:8002, Tokens: 31317.0
Selected worker: http://localhost:8001
INFO:     127.0.0.1:45370 - "POST /v1/completions HTTP/1.1" 200 OK
Worker: http://localhost:8001, Tokens: 40092.0
Worker: http://localhost:8002, Tokens: 29821.0
Selected worker: http://localhost:8002
INFO:     127.0.0.1:45380 - "POST /v1/completions HTTP/1.1" 200 OK
Worker: http://localhost:8001, Tokens: 40092.0
Worker: http://localhost:8002, Tokens: 29829.0
Selected worker: http://localhost:8001
INFO:     127.0.0.1:45390 - "POST /v1/completions HTTP/1.1" 200 OK
Worker: http://localhost:8001, Tokens: 40109.0
Worker: http://localhost:8002, Tokens: 29829.0
Selected worker: http://localhost:8002
INFO:     127.0.0.1:45392 - "POST /v1/completions HTTP/1.1" 200 OK
Worker: http://localhost:8001, Tokens: 40109.0
Worker: http://localhost:8002, Tokens: 29834.0
Selected worker: http://localhost:8001
INFO:     127.0.0.1:45398 - "POST /v1/completions HTTP/1.1" 200 OK
Worker: http://localhost:8001, Tokens: 40151.0
Worker: http://localhost:8002, Tokens: 28536.0
Selected worker: http://localhost:8002
INFO:     127.0.0.1:45406 - "POST /v1/completions HTTP/1.1" 200 OK
Worker: http://localhost:8001, Tokens: 40151.0
Worker: http://localhost:8002, Tokens: 28547.0
Selected worker: http://localhost:8001
INFO:     127.0.0.1:45410 - "POST /v1/completions HTTP/1.1" 200 OK
Worker: http://localhost:8001, Tokens: 37317.0
Worker: http://localhost:8002, Tokens: 28547.0
Selected worker: http://localhost:8002
INFO:     127.0.0.1:45412 - "POST /v1/completions HTTP/1.1" 200 OK
Worker: http://localhost:8001, Tokens: 37317.0
Worker: http://localhost:8002, Tokens: 49439.0
Selected worker: http://localhost:8001
INFO:     127.0.0.1:45426 - "POST /v1/completions HTTP/1.1" 200 OK
Worker: http://localhost:8001, Tokens: 37323.0
Worker: http://localhost:8002, Tokens: 49439.0
Selected worker: http://localhost:8002
INFO:     127.0.0.1:45436 - "POST /v1/completions HTTP/1.1" 200 OK
Worker: http://localhost:8001, Tokens: 36004.0
Worker: http://localhost:8002, Tokens: 49460.0
Selected worker: http://localhost:8001
INFO:     127.0.0.1:45444 - "POST /v1/completions HTTP/1.1" 200 OK
Worker: http://localhost:8001, Tokens: 37032.0
Worker: http://localhost:8002, Tokens: 47987.0
Selected worker: http://localhost:8002
INFO:     127.0.0.1:45450 - "POST /v1/completions HTTP/1.1" 200 OK
Worker: http://localhost:8001, Tokens: 37032.0
Worker: http://localhost:8002, Tokens: 47990.0
Selected worker: http://localhost:8001
INFO:     127.0.0.1:45466 - "POST /v1/completions HTTP/1.1" 200 OK
Worker: http://localhost:8001, Tokens: 37044.0
Worker: http://localhost:8002, Tokens: 47990.0
Selected worker: http://localhost:8002
INFO:     127.0.0.1:45468 - "POST /v1/completions HTTP/1.1" 200 OK
Worker: http://localhost:8001, Tokens: 37044.0
Worker: http://localhost:8002, Tokens: 45767.0
Selected worker: http://localhost:8001
INFO:     127.0.0.1:45476 - "POST /v1/completions HTTP/1.1" 200 OK
Worker: http://localhost:8001, Tokens: 37052.0
Worker: http://localhost:8002, Tokens: 45767.0
Selected worker: http://localhost:8002
INFO:     127.0.0.1:45484 - "POST /v1/completions HTTP/1.1" 200 OK
Worker: http://localhost:8001, Tokens: 37052.0
Worker: http://localhost:8002, Tokens: 47377.0
Selected worker: http://localhost:8001
INFO:     127.0.0.1:45496 - "POST /v1/completions HTTP/1.1" 200 OK
Worker: http://localhost:8001, Tokens: 36702.0
Worker: http://localhost:8002, Tokens: 45723.0
Selected worker: http://localhost:8002
INFO:     127.0.0.1:45502 - "POST /v1/completions HTTP/1.1" 200 OK
Worker: http://localhost:8001, Tokens: 36702.0
Worker: http://localhost:8002, Tokens: 47044.0
Selected worker: http://localhost:8001
INFO:     127.0.0.1:45518 - "POST /v1/completions HTTP/1.1" 200 OK
Worker: http://localhost:8001, Tokens: 36707.0
Worker: http://localhost:8002, Tokens: 47044.0
Selected worker: http://localhost:8002
INFO:     127.0.0.1:45530 - "POST /v1/completions HTTP/1.1" 200 OK
Worker: http://localhost:8001, Tokens: 55330.0
Worker: http://localhost:8002, Tokens: 47078.0
Selected worker: http://localhost:8001
INFO:     127.0.0.1:45542 - "POST /v1/completions HTTP/1.1" 200 OK
Worker: http://localhost:8001, Tokens: 56498.0
Worker: http://localhost:8002, Tokens: 45861.0
Selected worker: http://localhost:8002
INFO:     127.0.0.1:45546 - "POST /v1/completions HTTP/1.1" 200 OK
Worker: http://localhost:8001, Tokens: 56498.0
Worker: http://localhost:8002, Tokens: 47419.0
Selected worker: http://localhost:8001
INFO:     127.0.0.1:45556 - "POST /v1/completions HTTP/1.1" 200 OK
Worker: http://localhost:8001, Tokens: 54961.0
Worker: http://localhost:8002, Tokens: 45654.0
Selected worker: http://localhost:8002
INFO:     127.0.0.1:45568 - "POST /v1/completions HTTP/1.1" 200 OK
Worker: http://localhost:8001, Tokens: 54961.0
Worker: http://localhost:8002, Tokens: 45658.0
Selected worker: http://localhost:8001
INFO:     127.0.0.1:45576 - "POST /v1/completions HTTP/1.1" 200 OK
Worker: http://localhost:8001, Tokens: 55004.0
Worker: http://localhost:8002, Tokens: 45658.0
Selected worker: http://localhost:8002
INFO:     127.0.0.1:45586 - "POST /v1/completions HTTP/1.1" 200 OK
Worker: http://localhost:8001, Tokens: 53525.0
Worker: http://localhost:8002, Tokens: 44082.0
Selected worker: http://localhost:8001
INFO:     127.0.0.1:45588 - "POST /v1/completions HTTP/1.1" 200 OK
Worker: http://localhost:8001, Tokens: 53550.0
Worker: http://localhost:8002, Tokens: 44082.0
Selected worker: http://localhost:8002
INFO:     127.0.0.1:45590 - "POST /v1/completions HTTP/1.1" 200 OK
Worker: http://localhost:8001, Tokens: 53550.0
Worker: http://localhost:8002, Tokens: 44089.0
Selected worker: http://localhost:8001
INFO:     127.0.0.1:45594 - "POST /v1/completions HTTP/1.1" 200 OK
Worker: http://localhost:8001, Tokens: 51947.0
Worker: http://localhost:8002, Tokens: 44089.0
Selected worker: http://localhost:8002
INFO:     127.0.0.1:45600 - "POST /v1/completions HTTP/1.1" 200 OK
Worker: http://localhost:8001, Tokens: 51947.0
Worker: http://localhost:8002, Tokens: 43419.0
Selected worker: http://localhost:8001
INFO:     127.0.0.1:45616 - "POST /v1/completions HTTP/1.1" 200 OK
Worker: http://localhost:8001, Tokens: 53474.0
Worker: http://localhost:8002, Tokens: 43419.0
Selected worker: http://localhost:8002
INFO:     127.0.0.1:45628 - "POST /v1/completions HTTP/1.1" 200 OK
Worker: http://localhost:8001, Tokens: 53474.0
Worker: http://localhost:8002, Tokens: 69482.0
Selected worker: http://localhost:8001
INFO:     127.0.0.1:45632 - "POST /v1/completions HTTP/1.1" 200 OK
Worker: http://localhost:8001, Tokens: 51152.0
Worker: http://localhost:8002, Tokens: 69482.0
Selected worker: http://localhost:8002
INFO:     127.0.0.1:45636 - "POST /v1/completions HTTP/1.1" 200 OK
Worker: http://localhost:8001, Tokens: 51152.0
Worker: http://localhost:8002, Tokens: 69499.0
Selected worker: http://localhost:8001
INFO:     127.0.0.1:45638 - "POST /v1/completions HTTP/1.1" 200 OK
Worker: http://localhost:8001, Tokens: 49923.0
Worker: http://localhost:8002, Tokens: 66534.0
Selected worker: http://localhost:8002
INFO:     127.0.0.1:45646 - "POST /v1/completions HTTP/1.1" 200 OK
Worker: http://localhost:8001, Tokens: 49923.0
Worker: http://localhost:8002, Tokens: 67632.0
Selected worker: http://localhost:8001
INFO:     127.0.0.1:45660 - "POST /v1/completions HTTP/1.1" 200 OK
Worker: http://localhost:8001, Tokens: 50967.0
Worker: http://localhost:8002, Tokens: 67632.0
Selected worker: http://localhost:8002
INFO:     127.0.0.1:45672 - "POST /v1/completions HTTP/1.1" 200 OK
Worker: http://localhost:8001, Tokens: 50967.0
Worker: http://localhost:8002, Tokens: 67661.0
Selected worker: http://localhost:8001
INFO:     127.0.0.1:45674 - "POST /v1/completions HTTP/1.1" 200 OK
Worker: http://localhost:8001, Tokens: 52029.0
Worker: http://localhost:8002, Tokens: 67661.0
Selected worker: http://localhost:8002
INFO:     127.0.0.1:45682 - "POST /v1/completions HTTP/1.1" 200 OK
Worker: http://localhost:8001, Tokens: 52029.0
Worker: http://localhost:8002, Tokens: 66116.0
Selected worker: http://localhost:8001
INFO:     127.0.0.1:45698 - "POST /v1/completions HTTP/1.1" 200 OK
Worker: http://localhost:8001, Tokens: 52030.0
Worker: http://localhost:8002, Tokens: 66116.0
Selected worker: http://localhost:8002
INFO:     127.0.0.1:45702 - "POST /v1/completions HTTP/1.1" 200 OK
Worker: http://localhost:8001, Tokens: 52030.0
Worker: http://localhost:8002, Tokens: 66145.0
Selected worker: http://localhost:8001
INFO:     127.0.0.1:45714 - "POST /v1/completions HTTP/1.1" 200 OK
Worker: http://localhost:8001, Tokens: 52063.0
Worker: http://localhost:8002, Tokens: 66145.0
Selected worker: http://localhost:8002
INFO:     127.0.0.1:45718 - "POST /v1/completions HTTP/1.1" 200 OK
Worker: http://localhost:8001, Tokens: 67594.0
Worker: http://localhost:8002, Tokens: 64710.0
Selected worker: http://localhost:8001
INFO:     127.0.0.1:45734 - "POST /v1/completions HTTP/1.1" 200 OK
Worker: http://localhost:8001, Tokens: 67614.0
Worker: http://localhost:8002, Tokens: 64710.0
Selected worker: http://localhost:8002
INFO:     127.0.0.1:45740 - "POST /v1/completions HTTP/1.1" 200 OK
Worker: http://localhost:8001, Tokens: 67614.0
Worker: http://localhost:8002, Tokens: 65997.0
Selected worker: http://localhost:8001
INFO:     127.0.0.1:45750 - "POST /v1/completions HTTP/1.1" 200 OK
Worker: http://localhost:8001, Tokens: 66555.0
Worker: http://localhost:8002, Tokens: 65997.0
Selected worker: http://localhost:8002
INFO:     127.0.0.1:45764 - "POST /v1/completions HTTP/1.1" 200 OK
Worker: http://localhost:8001, Tokens: 66555.0
Worker: http://localhost:8002, Tokens: 66002.0
Selected worker: http://localhost:8001
INFO:     127.0.0.1:45774 - "POST /v1/completions HTTP/1.1" 200 OK
Worker: http://localhost:8001, Tokens: 66558.0
Worker: http://localhost:8002, Tokens: 66002.0
Selected worker: http://localhost:8002
INFO:     127.0.0.1:45786 - "POST /v1/completions HTTP/1.1" 200 OK
Worker: http://localhost:8001, Tokens: 65439.0
Worker: http://localhost:8002, Tokens: 64886.0
Selected worker: http://localhost:8001
INFO:     127.0.0.1:45790 - "POST /v1/completions HTTP/1.1" 200 OK
Worker: http://localhost:8001, Tokens: 66576.0
Worker: http://localhost:8002, Tokens: 64886.0
Selected worker: http://localhost:8002
INFO:     127.0.0.1:45806 - "POST /v1/completions HTTP/1.1" 200 OK
Worker: http://localhost:8001, Tokens: 66576.0
Worker: http://localhost:8002, Tokens: 66066.0
Selected worker: http://localhost:8001
INFO:     127.0.0.1:45822 - "POST /v1/completions HTTP/1.1" 200 OK
Worker: http://localhost:8001, Tokens: 65712.0
Worker: http://localhost:8002, Tokens: 66066.0
Selected worker: http://localhost:8002
INFO:     127.0.0.1:45838 - "POST /v1/completions HTTP/1.1" 200 OK
Worker: http://localhost:8001, Tokens: 65712.0
Worker: http://localhost:8002, Tokens: 67906.0
Selected worker: http://localhost:8001
INFO:     127.0.0.1:45848 - "POST /v1/completions HTTP/1.1" 200 OK
Worker: http://localhost:8001, Tokens: 65717.0
Worker: http://localhost:8002, Tokens: 67906.0
Selected worker: http://localhost:8002
INFO:     127.0.0.1:45854 - "POST /v1/completions HTTP/1.1" 200 OK
Worker: http://localhost:8001, Tokens: 65717.0
Worker: http://localhost:8002, Tokens: 79123.0
Selected worker: http://localhost:8001
INFO:     127.0.0.1:45858 - "POST /v1/completions HTTP/1.1" 200 OK
Worker: http://localhost:8001, Tokens: 67064.0
Worker: http://localhost:8002, Tokens: 79123.0
Selected worker: http://localhost:8002
INFO:     127.0.0.1:45868 - "POST /v1/completions HTTP/1.1" 200 OK
Worker: http://localhost:8001, Tokens: 67064.0
Worker: http://localhost:8002, Tokens: 79144.0
Selected worker: http://localhost:8001
INFO:     127.0.0.1:45882 - "POST /v1/completions HTTP/1.1" 200 OK
Worker: http://localhost:8001, Tokens: 65507.0
Worker: http://localhost:8002, Tokens: 79144.0
Selected worker: http://localhost:8002
INFO:     127.0.0.1:45884 - "POST /v1/completions HTTP/1.1" 200 OK
Worker: http://localhost:8001, Tokens: 65507.0
Worker: http://localhost:8002, Tokens: 79825.0
Selected worker: http://localhost:8001
INFO:     127.0.0.1:45892 - "POST /v1/completions HTTP/1.1" 200 OK
Worker: http://localhost:8001, Tokens: 65550.0
Worker: http://localhost:8002, Tokens: 79825.0
Selected worker: http://localhost:8002
INFO:     127.0.0.1:45894 - "POST /v1/completions HTTP/1.1" 200 OK
Worker: http://localhost:8001, Tokens: 65550.0
Worker: http://localhost:8002, Tokens: 79832.0
Selected worker: http://localhost:8001
INFO:     127.0.0.1:45902 - "POST /v1/completions HTTP/1.1" 200 OK
Worker: http://localhost:8001, Tokens: 64540.0
Worker: http://localhost:8002, Tokens: 79832.0
Selected worker: http://localhost:8002
INFO:     127.0.0.1:45910 - "POST /v1/completions HTTP/1.1" 200 OK
Worker: http://localhost:8001, Tokens: 64540.0
Worker: http://localhost:8002, Tokens: 79835.0
Selected worker: http://localhost:8001
INFO:     127.0.0.1:45914 - "POST /v1/completions HTTP/1.1" 200 OK
Worker: http://localhost:8001, Tokens: 66141.0
Worker: http://localhost:8002, Tokens: 79835.0
Selected worker: http://localhost:8002
INFO:     127.0.0.1:45924 - "POST /v1/completions HTTP/1.1" 200 OK
Worker: http://localhost:8001, Tokens: 63710.0
Worker: http://localhost:8002, Tokens: 78642.0
Selected worker: http://localhost:8001
INFO:     127.0.0.1:45928 - "POST /v1/completions HTTP/1.1" 200 OK
Worker: http://localhost:8001, Tokens: 63723.0
Worker: http://localhost:8002, Tokens: 78642.0
Selected worker: http://localhost:8002
INFO:     127.0.0.1:45934 - "POST /v1/completions HTTP/1.1" 200 OK
Worker: http://localhost:8001, Tokens: 90306.0
Worker: http://localhost:8002, Tokens: 80186.0
Selected worker: http://localhost:8001
INFO:     127.0.0.1:45950 - "POST /v1/completions HTTP/1.1" 200 OK
Worker: http://localhost:8001, Tokens: 90318.0
Worker: http://localhost:8002, Tokens: 80186.0
Selected worker: http://localhost:8002
INFO:     127.0.0.1:45952 - "POST /v1/completions HTTP/1.1" 200 OK
Worker: http://localhost:8001, Tokens: 89181.0
Worker: http://localhost:8002, Tokens: 80199.0
Selected worker: http://localhost:8001
INFO:     127.0.0.1:45964 - "POST /v1/completions HTTP/1.1" 200 OK
Worker: http://localhost:8001, Tokens: 89200.0
Worker: http://localhost:8002, Tokens: 80199.0
Selected worker: http://localhost:8002
INFO:     127.0.0.1:45980 - "POST /v1/completions HTTP/1.1" 200 OK
Worker: http://localhost:8001, Tokens: 87745.0
Worker: http://localhost:8002, Tokens: 77053.0
Selected worker: http://localhost:8001
INFO:     127.0.0.1:45984 - "POST /v1/completions HTTP/1.1" 200 OK
Worker: http://localhost:8001, Tokens: 87752.0
Worker: http://localhost:8002, Tokens: 77053.0
Selected worker: http://localhost:8002
INFO:     127.0.0.1:45996 - "POST /v1/completions HTTP/1.1" 200 OK
Worker: http://localhost:8001, Tokens: 87752.0
Worker: http://localhost:8002, Tokens: 78239.0
Selected worker: http://localhost:8001
INFO:     127.0.0.1:46006 - "POST /v1/completions HTTP/1.1" 200 OK
Worker: http://localhost:8001, Tokens: 87768.0
Worker: http://localhost:8002, Tokens: 78239.0
Selected worker: http://localhost:8002
INFO:     127.0.0.1:46020 - "POST /v1/completions HTTP/1.1" 200 OK
Worker: http://localhost:8001, Tokens: 87768.0
Worker: http://localhost:8002, Tokens: 77810.0
Selected worker: http://localhost:8001
INFO:     127.0.0.1:46034 - "POST /v1/completions HTTP/1.1" 200 OK
Worker: http://localhost:8001, Tokens: 85066.0
Worker: http://localhost:8002, Tokens: 77807.0
Selected worker: http://localhost:8002
INFO:     127.0.0.1:46050 - "POST /v1/completions HTTP/1.1" 200 OK
Worker: http://localhost:8001, Tokens: 85066.0
Worker: http://localhost:8002, Tokens: 77802.0
Selected worker: http://localhost:8001
INFO:     127.0.0.1:46052 - "POST /v1/completions HTTP/1.1" 200 OK
Worker: http://localhost:8001, Tokens: 85109.0
Worker: http://localhost:8002, Tokens: 77802.0
Selected worker: http://localhost:8002
INFO:     127.0.0.1:46068 - "POST /v1/completions HTTP/1.1" 200 OK
Worker: http://localhost:8001, Tokens: 85109.0
Worker: http://localhost:8002, Tokens: 89888.0
Selected worker: http://localhost:8001
INFO:     127.0.0.1:46084 - "POST /v1/completions HTTP/1.1" 200 OK
Worker: http://localhost:8001, Tokens: 83489.0
Worker: http://localhost:8002, Tokens: 89888.0
Selected worker: http://localhost:8002
INFO:     127.0.0.1:46098 - "POST /v1/completions HTTP/1.1" 200 OK
Worker: http://localhost:8001, Tokens: 83489.0
Worker: http://localhost:8002, Tokens: 89902.0
Selected worker: http://localhost:8001
INFO:     127.0.0.1:46100 - "POST /v1/completions HTTP/1.1" 200 OK
Worker: http://localhost:8001, Tokens: 83496.0
Worker: http://localhost:8002, Tokens: 88345.0
Selected worker: http://localhost:8002
INFO:     127.0.0.1:46112 - "POST /v1/completions HTTP/1.1" 200 OK
Worker: http://localhost:8001, Tokens: 83496.0
Worker: http://localhost:8002, Tokens: 91056.0
Selected worker: http://localhost:8001
INFO:     127.0.0.1:46124 - "POST /v1/completions HTTP/1.1" 200 OK
Worker: http://localhost:8001, Tokens: 83496.0
Worker: http://localhost:8002, Tokens: 91056.0
Selected worker: http://localhost:8002
INFO:     127.0.0.1:46132 - "POST /v1/completions HTTP/1.1" 200 OK
Worker: http://localhost:8001, Tokens: 83496.0
Worker: http://localhost:8002, Tokens: 92069.0
Selected worker: http://localhost:8001
INFO:     127.0.0.1:46140 - "POST /v1/completions HTTP/1.1" 200 OK
Worker: http://localhost:8001, Tokens: 83497.0
Worker: http://localhost:8002, Tokens: 92069.0
Selected worker: http://localhost:8002
INFO:     127.0.0.1:46156 - "POST /v1/completions HTTP/1.1" 200 OK
Worker: http://localhost:8001, Tokens: 83497.0
Worker: http://localhost:8002, Tokens: 93926.0
Selected worker: http://localhost:8001
INFO:     127.0.0.1:46164 - "POST /v1/completions HTTP/1.1" 200 OK
Worker: http://localhost:8001, Tokens: 83545.0
Worker: http://localhost:8002, Tokens: 93926.0
Selected worker: http://localhost:8002
INFO:     127.0.0.1:46174 - "POST /v1/completions HTTP/1.1" 200 OK
Worker: http://localhost:8001, Tokens: 83545.0
Worker: http://localhost:8002, Tokens: 93933.0
Selected worker: http://localhost:8001
INFO:     127.0.0.1:46186 - "POST /v1/completions HTTP/1.1" 200 OK
Worker: http://localhost:8001, Tokens: 83510.0
Worker: http://localhost:8002, Tokens: 93933.0
Selected worker: http://localhost:8002
INFO:     127.0.0.1:46196 - "POST /v1/completions HTTP/1.1" 200 OK
Worker: http://localhost:8001, Tokens: 99880.0
Worker: http://localhost:8002, Tokens: 93953.0
Selected worker: http://localhost:8001
INFO:     127.0.0.1:46210 - "POST /v1/completions HTTP/1.1" 200 OK
Worker: http://localhost:8001, Tokens: 99884.0
Worker: http://localhost:8002, Tokens: 93953.0
Selected worker: http://localhost:8002
INFO:     127.0.0.1:46218 - "POST /v1/completions HTTP/1.1" 200 OK
Worker: http://localhost:8001, Tokens: 99884.0
Worker: http://localhost:8002, Tokens: 93965.0
Selected worker: http://localhost:8001
INFO:     127.0.0.1:46228 - "POST /v1/completions HTTP/1.1" 200 OK
Worker: http://localhost:8001, Tokens: 101109.0
Worker: http://localhost:8002, Tokens: 93965.0
Selected worker: http://localhost:8002
INFO:     127.0.0.1:46230 - "POST /v1/completions HTTP/1.1" 200 OK
Worker: http://localhost:8001, Tokens: 101109.0
Worker: http://localhost:8002, Tokens: 93975.0
Selected worker: http://localhost:8001
INFO:     127.0.0.1:46238 - "POST /v1/completions HTTP/1.1" 200 OK
Worker: http://localhost:8001, Tokens: 101126.0
Worker: http://localhost:8002, Tokens: 93975.0
Selected worker: http://localhost:8002
INFO:     127.0.0.1:46244 - "POST /v1/completions HTTP/1.1" 200 OK
Worker: http://localhost:8001, Tokens: 101126.0
Worker: http://localhost:8002, Tokens: 93978.0
Selected worker: http://localhost:8001
INFO:     127.0.0.1:46246 - "POST /v1/completions HTTP/1.1" 200 OK
Worker: http://localhost:8001, Tokens: 101126.0
Worker: http://localhost:8002, Tokens: 93978.0
Selected worker: http://localhost:8002
INFO:     127.0.0.1:46248 - "POST /v1/completions HTTP/1.1" 200 OK
Worker: http://localhost:8001, Tokens: 101126.0
Worker: http://localhost:8002, Tokens: 92796.0
Selected worker: http://localhost:8001
INFO:     127.0.0.1:46254 - "POST /v1/completions HTTP/1.1" 200 OK
Worker: http://localhost:8001, Tokens: 101084.0
Worker: http://localhost:8002, Tokens: 92796.0
Selected worker: http://localhost:8002
INFO:     127.0.0.1:46258 - "POST /v1/completions HTTP/1.1" 200 OK
Worker: http://localhost:8001, Tokens: 101084.0
Worker: http://localhost:8002, Tokens: 92810.0
Selected worker: http://localhost:8001
INFO:     127.0.0.1:46260 - "POST /v1/completions HTTP/1.1" 200 OK
Worker: http://localhost:8001, Tokens: 102188.0
Worker: http://localhost:8002, Tokens: 92810.0
Selected worker: http://localhost:8002
INFO:     127.0.0.1:46270 - "POST /v1/completions HTTP/1.1" 200 OK
Worker: http://localhost:8001, Tokens: 102188.0
Worker: http://localhost:8002, Tokens: 100180.0
Selected worker: http://localhost:8001
INFO:     127.0.0.1:46278 - "POST /v1/completions HTTP/1.1" 200 OK
Worker: http://localhost:8001, Tokens: 103218.0
Worker: http://localhost:8002, Tokens: 100180.0
Selected worker: http://localhost:8002
INFO:     127.0.0.1:46290 - "POST /v1/completions HTTP/1.1" 200 OK
Worker: http://localhost:8001, Tokens: 103218.0
Worker: http://localhost:8002, Tokens: 101507.0
Selected worker: http://localhost:8001
INFO:     127.0.0.1:46300 - "POST /v1/completions HTTP/1.1" 200 OK
Worker: http://localhost:8001, Tokens: 103230.0
Worker: http://localhost:8002, Tokens: 101507.0
Selected worker: http://localhost:8002
INFO:     127.0.0.1:46314 - "POST /v1/completions HTTP/1.1" 200 OK
Worker: http://localhost:8001, Tokens: 101979.0
Worker: http://localhost:8002, Tokens: 101517.0
Selected worker: http://localhost:8001
INFO:     127.0.0.1:46328 - "POST /v1/completions HTTP/1.1" 200 OK
Worker: http://localhost:8001, Tokens: 101976.0
Worker: http://localhost:8002, Tokens: 101517.0
Selected worker: http://localhost:8002
INFO:     127.0.0.1:46344 - "POST /v1/completions HTTP/1.1" 200 OK
Worker: http://localhost:8001, Tokens: 101976.0
Worker: http://localhost:8002, Tokens: 99914.0
Selected worker: http://localhost:8001
INFO:     127.0.0.1:46360 - "POST /v1/completions HTTP/1.1" 200 OK
Worker: http://localhost:8001, Tokens: 101961.0
Worker: http://localhost:8002, Tokens: 99914.0
Selected worker: http://localhost:8002
INFO:     127.0.0.1:46370 - "POST /v1/completions HTTP/1.1" 200 OK
Worker: http://localhost:8001, Tokens: 101961.0
Worker: http://localhost:8002, Tokens: 99958.0
Selected worker: http://localhost:8001
INFO:     127.0.0.1:46376 - "POST /v1/completions HTTP/1.1" 200 OK
Worker: http://localhost:8001, Tokens: 101969.0
Worker: http://localhost:8002, Tokens: 99958.0
Selected worker: http://localhost:8002
INFO:     127.0.0.1:46388 - "POST /v1/completions HTTP/1.1" 200 OK
Worker: http://localhost:8001, Tokens: 101969.0
Worker: http://localhost:8002, Tokens: 101828.0
Selected worker: http://localhost:8001
INFO:     127.0.0.1:46390 - "POST /v1/completions HTTP/1.1" 200 OK
Worker: http://localhost:8001, Tokens: 101994.0
Worker: http://localhost:8002, Tokens: 101828.0
Selected worker: http://localhost:8002
INFO:     127.0.0.1:46402 - "POST /v1/completions HTTP/1.1" 200 OK
Worker: http://localhost:8001, Tokens: 101709.0
Worker: http://localhost:8002, Tokens: 102883.0
Selected worker: http://localhost:8001
INFO:     127.0.0.1:46404 - "POST /v1/completions HTTP/1.1" 200 OK
Worker: http://localhost:8001, Tokens: 99562.0
Worker: http://localhost:8002, Tokens: 100151.0
Selected worker: http://localhost:8002
INFO:     127.0.0.1:46410 - "POST /v1/completions HTTP/1.1" 200 OK
Worker: http://localhost:8001, Tokens: 99562.0
Worker: http://localhost:8002, Tokens: 99150.0
Selected worker: http://localhost:8001
INFO:     127.0.0.1:46424 - "POST /v1/completions HTTP/1.1" 200 OK
Worker: http://localhost:8001, Tokens: 99588.0
Worker: http://localhost:8002, Tokens: 99150.0
Selected worker: http://localhost:8002
INFO:     127.0.0.1:46438 - "POST /v1/completions HTTP/1.1" 200 OK
Worker: http://localhost:8001, Tokens: 99588.0
Worker: http://localhost:8002, Tokens: 99155.0
Selected worker: http://localhost:8001
INFO:     127.0.0.1:46448 - "POST /v1/completions HTTP/1.1" 200 OK
Worker: http://localhost:8001, Tokens: 99599.0
Worker: http://localhost:8002, Tokens: 95853.0
Selected worker: http://localhost:8002
INFO:     127.0.0.1:46464 - "POST /v1/completions HTTP/1.1" 200 OK
Worker: http://localhost:8001, Tokens: 99599.0
Worker: http://localhost:8002, Tokens: 95832.0
Selected worker: http://localhost:8001
INFO:     127.0.0.1:46468 - "POST /v1/completions HTTP/1.1" 200 OK
Worker: http://localhost:8001, Tokens: 99606.0
Worker: http://localhost:8002, Tokens: 95832.0
Selected worker: http://localhost:8002
INFO:     127.0.0.1:46480 - "POST /v1/completions HTTP/1.1" 200 OK
Worker: http://localhost:8001, Tokens: 99606.0
Worker: http://localhost:8002, Tokens: 95796.0
Selected worker: http://localhost:8001
INFO:     127.0.0.1:46488 - "POST /v1/completions HTTP/1.1" 200 OK
Worker: http://localhost:8001, Tokens: 99601.0
Worker: http://localhost:8002, Tokens: 95796.0
Selected worker: http://localhost:8002
INFO:     127.0.0.1:46504 - "POST /v1/completions HTTP/1.1" 200 OK
Worker: http://localhost:8001, Tokens: 99601.0
Worker: http://localhost:8002, Tokens: 95830.0
Selected worker: http://localhost:8001
INFO:     127.0.0.1:46514 - "POST /v1/completions HTTP/1.1" 200 OK
Worker: http://localhost:8001, Tokens: 99623.0
Worker: http://localhost:8002, Tokens: 95830.0
Selected worker: http://localhost:8002
INFO:     127.0.0.1:46530 - "POST /v1/completions HTTP/1.1" 200 OK
Worker: http://localhost:8001, Tokens: 99623.0
Worker: http://localhost:8002, Tokens: 115162.0
Selected worker: http://localhost:8001
INFO:     127.0.0.1:46540 - "POST /v1/completions HTTP/1.1" 200 OK
Worker: http://localhost:8001, Tokens: 100874.0
Worker: http://localhost:8002, Tokens: 115162.0
Selected worker: http://localhost:8002
INFO:     127.0.0.1:46548 - "POST /v1/completions HTTP/1.1" 200 OK
Worker: http://localhost:8001, Tokens: 100874.0
Worker: http://localhost:8002, Tokens: 116421.0
Selected worker: http://localhost:8001
INFO:     127.0.0.1:46558 - "POST /v1/completions HTTP/1.1" 200 OK
Worker: http://localhost:8001, Tokens: 100841.0
Worker: http://localhost:8002, Tokens: 113496.0
Selected worker: http://localhost:8002
INFO:     127.0.0.1:46572 - "POST /v1/completions HTTP/1.1" 200 OK
Worker: http://localhost:8001, Tokens: 100841.0
Worker: http://localhost:8002, Tokens: 113486.0
Selected worker: http://localhost:8001
INFO:     127.0.0.1:46586 - "POST /v1/completions HTTP/1.1" 200 OK
Worker: http://localhost:8001, Tokens: 100827.0
Worker: http://localhost:8002, Tokens: 113486.0
Selected worker: http://localhost:8002
INFO:     127.0.0.1:46588 - "POST /v1/completions HTTP/1.1" 200 OK
Worker: http://localhost:8001, Tokens: 100827.0
Worker: http://localhost:8002, Tokens: 113510.0
Selected worker: http://localhost:8001
INFO:     127.0.0.1:46592 - "POST /v1/completions HTTP/1.1" 200 OK
Worker: http://localhost:8001, Tokens: 100825.0
Worker: http://localhost:8002, Tokens: 113510.0
Selected worker: http://localhost:8002
INFO:     127.0.0.1:46594 - "POST /v1/completions HTTP/1.1" 200 OK
Worker: http://localhost:8001, Tokens: 100825.0
Worker: http://localhost:8002, Tokens: 113517.0
Selected worker: http://localhost:8001
INFO:     127.0.0.1:46610 - "POST /v1/completions HTTP/1.1" 200 OK
Worker: http://localhost:8001, Tokens: 100821.0
Worker: http://localhost:8002, Tokens: 113517.0
Selected worker: http://localhost:8002
INFO:     127.0.0.1:46612 - "POST /v1/completions HTTP/1.1" 200 OK
Worker: http://localhost:8001, Tokens: 100821.0
Worker: http://localhost:8002, Tokens: 113504.0
Selected worker: http://localhost:8001
INFO:     127.0.0.1:46620 - "POST /v1/completions HTTP/1.1" 200 OK
Worker: http://localhost:8001, Tokens: 100780.0
Worker: http://localhost:8002, Tokens: 113504.0
Selected worker: http://localhost:8002
INFO:     127.0.0.1:46626 - "POST /v1/completions HTTP/1.1" 200 OK
Worker: http://localhost:8001, Tokens: 104631.0
Worker: http://localhost:8002, Tokens: 114579.0
Selected worker: http://localhost:8001
INFO:     127.0.0.1:46638 - "POST /v1/completions HTTP/1.1" 200 OK
Worker: http://localhost:8001, Tokens: 104651.0
Worker: http://localhost:8002, Tokens: 114579.0
Selected worker: http://localhost:8002
INFO:     127.0.0.1:46642 - "POST /v1/completions HTTP/1.1" 200 OK
Worker: http://localhost:8001, Tokens: 104651.0
Worker: http://localhost:8002, Tokens: 114604.0
Selected worker: http://localhost:8001
INFO:     127.0.0.1:46654 - "POST /v1/completions HTTP/1.1" 200 OK
Worker: http://localhost:8001, Tokens: 103396.0
Worker: http://localhost:8002, Tokens: 113345.0
Selected worker: http://localhost:8002
INFO:     127.0.0.1:46656 - "POST /v1/completions HTTP/1.1" 200 OK
Worker: http://localhost:8001, Tokens: 103396.0
Worker: http://localhost:8002, Tokens: 113352.0
Selected worker: http://localhost:8001
INFO:     127.0.0.1:46666 - "POST /v1/completions HTTP/1.1" 200 OK
Worker: http://localhost:8001, Tokens: 103403.0
Worker: http://localhost:8002, Tokens: 113352.0
Selected worker: http://localhost:8002
INFO:     127.0.0.1:46680 - "POST /v1/completions HTTP/1.1" 200 OK
Worker: http://localhost:8001, Tokens: 103403.0
Worker: http://localhost:8002, Tokens: 113350.0
Selected worker: http://localhost:8001
INFO:     127.0.0.1:46690 - "POST /v1/completions HTTP/1.1" 200 OK
Worker: http://localhost:8001, Tokens: 105411.0
Worker: http://localhost:8002, Tokens: 113350.0
Selected worker: http://localhost:8002
INFO:     127.0.0.1:46704 - "POST /v1/completions HTTP/1.1" 200 OK
Worker: http://localhost:8001, Tokens: 105411.0
Worker: http://localhost:8002, Tokens: 114450.0
Selected worker: http://localhost:8001
INFO:     127.0.0.1:46708 - "POST /v1/completions HTTP/1.1" 200 OK
Worker: http://localhost:8001, Tokens: 105424.0
Worker: http://localhost:8002, Tokens: 114450.0
Selected worker: http://localhost:8002
INFO:     127.0.0.1:46712 - "POST /v1/completions HTTP/1.1" 200 OK
Worker: http://localhost:8001, Tokens: 105424.0
Worker: http://localhost:8002, Tokens: 114435.0
Selected worker: http://localhost:8001
INFO:     127.0.0.1:46724 - "POST /v1/completions HTTP/1.1" 200 OK
Worker: http://localhost:8001, Tokens: 105439.0
Worker: http://localhost:8002, Tokens: 114435.0
Selected worker: http://localhost:8002
INFO:     127.0.0.1:46738 - "POST /v1/completions HTTP/1.1" 200 OK
Worker: http://localhost:8001, Tokens: 105439.0
Worker: http://localhost:8002, Tokens: 120874.0
Selected worker: http://localhost:8001
INFO:     127.0.0.1:46740 - "POST /v1/completions HTTP/1.1" 200 OK
Worker: http://localhost:8001, Tokens: 107406.0
Worker: http://localhost:8002, Tokens: 120874.0
Selected worker: http://localhost:8002
INFO:     127.0.0.1:46752 - "POST /v1/completions HTTP/1.1" 200 OK
Worker: http://localhost:8001, Tokens: 107406.0
Worker: http://localhost:8002, Tokens: 120886.0
Selected worker: http://localhost:8001
INFO:     127.0.0.1:46762 - "POST /v1/completions HTTP/1.1" 200 OK
Worker: http://localhost:8001, Tokens: 109797.0
Worker: http://localhost:8002, Tokens: 119768.0
Selected worker: http://localhost:8002
INFO:     127.0.0.1:46770 - "POST /v1/completions HTTP/1.1" 200 OK
Worker: http://localhost:8001, Tokens: 109797.0
Worker: http://localhost:8002, Tokens: 122039.0
Selected worker: http://localhost:8001
INFO:     127.0.0.1:46784 - "POST /v1/completions HTTP/1.1" 200 OK
Worker: http://localhost:8001, Tokens: 109806.0
Worker: http://localhost:8002, Tokens: 122039.0
Selected worker: http://localhost:8002
INFO:     127.0.0.1:46786 - "POST /v1/completions HTTP/1.1" 200 OK
Worker: http://localhost:8001, Tokens: 109806.0
Worker: http://localhost:8002, Tokens: 122051.0
Selected worker: http://localhost:8001
INFO:     127.0.0.1:46798 - "POST /v1/completions HTTP/1.1" 200 OK
Worker: http://localhost:8001, Tokens: 109742.0
Worker: http://localhost:8002, Tokens: 122051.0
Selected worker: http://localhost:8002
INFO:     127.0.0.1:46812 - "POST /v1/completions HTTP/1.1" 200 OK
Worker: http://localhost:8001, Tokens: 109742.0
Worker: http://localhost:8002, Tokens: 122061.0
Selected worker: http://localhost:8001
INFO:     127.0.0.1:46826 - "POST /v1/completions HTTP/1.1" 200 OK
Worker: http://localhost:8001, Tokens: 109779.0
Worker: http://localhost:8002, Tokens: 122061.0
Selected worker: http://localhost:8002
INFO:     127.0.0.1:46834 - "POST /v1/completions HTTP/1.1" 200 OK
Worker: http://localhost:8001, Tokens: 109779.0
Worker: http://localhost:8002, Tokens: 122066.0
Selected worker: http://localhost:8001
INFO:     127.0.0.1:46842 - "POST /v1/completions HTTP/1.1" 200 OK
Worker: http://localhost:8001, Tokens: 109785.0
Worker: http://localhost:8002, Tokens: 122066.0
Selected worker: http://localhost:8002
INFO:     127.0.0.1:46846 - "POST /v1/completions HTTP/1.1" 200 OK
Worker: http://localhost:8001, Tokens: 112922.0
Worker: http://localhost:8002, Tokens: 120951.0
Selected worker: http://localhost:8001
INFO:     127.0.0.1:46856 - "POST /v1/completions HTTP/1.1" 200 OK
Worker: http://localhost:8001, Tokens: 112951.0
Worker: http://localhost:8002, Tokens: 120951.0
Selected worker: http://localhost:8002
INFO:     127.0.0.1:46870 - "POST /v1/completions HTTP/1.1" 200 OK
Worker: http://localhost:8001, Tokens: 112951.0
Worker: http://localhost:8002, Tokens: 120949.0
Selected worker: http://localhost:8001
INFO:     127.0.0.1:46882 - "POST /v1/completions HTTP/1.1" 200 OK
Worker: http://localhost:8001, Tokens: 112981.0
Worker: http://localhost:8002, Tokens: 120949.0
Selected worker: http://localhost:8002
INFO:     127.0.0.1:46890 - "POST /v1/completions HTTP/1.1" 200 OK
Worker: http://localhost:8001, Tokens: 112981.0
Worker: http://localhost:8002, Tokens: 120968.0
Selected worker: http://localhost:8001
INFO:     127.0.0.1:46894 - "POST /v1/completions HTTP/1.1" 200 OK
Worker: http://localhost:8001, Tokens: 112996.0
Worker: http://localhost:8002, Tokens: 120968.0
Selected worker: http://localhost:8002
INFO:     127.0.0.1:46902 - "POST /v1/completions HTTP/1.1" 200 OK
Worker: http://localhost:8001, Tokens: 112996.0
Worker: http://localhost:8002, Tokens: 120975.0
Selected worker: http://localhost:8001
INFO:     127.0.0.1:46904 - "POST /v1/completions HTTP/1.1" 200 OK
Worker: http://localhost:8001, Tokens: 111036.0
Worker: http://localhost:8002, Tokens: 120975.0
Selected worker: http://localhost:8002
INFO:     127.0.0.1:46910 - "POST /v1/completions HTTP/1.1" 200 OK
Worker: http://localhost:8001, Tokens: 111036.0
Worker: http://localhost:8002, Tokens: 120996.0
Selected worker: http://localhost:8001
INFO:     127.0.0.1:46926 - "POST /v1/completions HTTP/1.1" 200 OK
Worker: http://localhost:8001, Tokens: 111074.0
Worker: http://localhost:8002, Tokens: 118662.0
Selected worker: http://localhost:8002
INFO:     127.0.0.1:46932 - "POST /v1/completions HTTP/1.1" 200 OK
Worker: http://localhost:8001, Tokens: 108631.0
Worker: http://localhost:8002, Tokens: 118668.0
Selected worker: http://localhost:8001
INFO:     127.0.0.1:46934 - "POST /v1/completions HTTP/1.1" 200 OK
Worker: http://localhost:8001, Tokens: 110060.0
Worker: http://localhost:8002, Tokens: 118668.0
Selected worker: http://localhost:8002
INFO:     127.0.0.1:46944 - "POST /v1/completions HTTP/1.1" 200 OK
Worker: http://localhost:8001, Tokens: 110060.0
Worker: http://localhost:8002, Tokens: 128653.0
Selected worker: http://localhost:8001
INFO:     127.0.0.1:46956 - "POST /v1/completions HTTP/1.1" 200 OK
Worker: http://localhost:8001, Tokens: 110054.0
Worker: http://localhost:8002, Tokens: 128653.0
Selected worker: http://localhost:8002
INFO:     127.0.0.1:46968 - "POST /v1/completions HTTP/1.1" 200 OK
Worker: http://localhost:8001, Tokens: 110054.0
Worker: http://localhost:8002, Tokens: 128656.0
Selected worker: http://localhost:8001
INFO:     127.0.0.1:46972 - "POST /v1/completions HTTP/1.1" 200 OK
Worker: http://localhost:8001, Tokens: 110035.0
Worker: http://localhost:8002, Tokens: 128656.0
Selected worker: http://localhost:8002
INFO:     127.0.0.1:46988 - "POST /v1/completions HTTP/1.1" 200 OK
Worker: http://localhost:8001, Tokens: 110035.0
Worker: http://localhost:8002, Tokens: 128676.0
Selected worker: http://localhost:8001
INFO:     127.0.0.1:46996 - "POST /v1/completions HTTP/1.1" 200 OK
Worker: http://localhost:8001, Tokens: 110040.0
Worker: http://localhost:8002, Tokens: 128676.0
Selected worker: http://localhost:8002
INFO:     127.0.0.1:47002 - "POST /v1/completions HTTP/1.1" 200 OK
Worker: http://localhost:8001, Tokens: 110040.0
Worker: http://localhost:8002, Tokens: 128675.0
Selected worker: http://localhost:8001
INFO:     127.0.0.1:47018 - "POST /v1/completions HTTP/1.1" 200 OK
Worker: http://localhost:8001, Tokens: 110035.0
Worker: http://localhost:8002, Tokens: 128675.0
Selected worker: http://localhost:8002
INFO:     127.0.0.1:47024 - "POST /v1/completions HTTP/1.1" 200 OK
Worker: http://localhost:8001, Tokens: 110035.0
Worker: http://localhost:8002, Tokens: 128674.0
Selected worker: http://localhost:8001
INFO:     127.0.0.1:47028 - "POST /v1/completions HTTP/1.1" 200 OK
Worker: http://localhost:8001, Tokens: 110028.0
Worker: http://localhost:8002, Tokens: 128674.0
Selected worker: http://localhost:8002
INFO:     127.0.0.1:47040 - "POST /v1/completions HTTP/1.1" 200 OK
Worker: http://localhost:8001, Tokens: 110028.0
Worker: http://localhost:8002, Tokens: 128693.0
Selected worker: http://localhost:8001
INFO:     127.0.0.1:47044 - "POST /v1/completions HTTP/1.1" 200 OK
Worker: http://localhost:8001, Tokens: 111329.0
Worker: http://localhost:8002, Tokens: 128693.0
Selected worker: http://localhost:8002
INFO:     127.0.0.1:47058 - "POST /v1/completions HTTP/1.1" 200 OK
Worker: http://localhost:8001, Tokens: 123810.0
Worker: http://localhost:8002, Tokens: 128713.0
Selected worker: http://localhost:8001
INFO:     127.0.0.1:47070 - "POST /v1/completions HTTP/1.1" 200 OK
Worker: http://localhost:8001, Tokens: 123831.0
Worker: http://localhost:8002, Tokens: 128713.0
Selected worker: http://localhost:8002
INFO:     127.0.0.1:47076 - "POST /v1/completions HTTP/1.1" 200 OK
Worker: http://localhost:8001, Tokens: 122373.0
Worker: http://localhost:8002, Tokens: 127516.0
Selected worker: http://localhost:8001
INFO:     127.0.0.1:47080 - "POST /v1/completions HTTP/1.1" 200 OK
Worker: http://localhost:8001, Tokens: 123651.0
Worker: http://localhost:8002, Tokens: 127516.0
Selected worker: http://localhost:8002
INFO:     127.0.0.1:47094 - "POST /v1/completions HTTP/1.1" 200 OK
Worker: http://localhost:8001, Tokens: 123651.0
Worker: http://localhost:8002, Tokens: 129503.0
Selected worker: http://localhost:8001
INFO:     127.0.0.1:47106 - "POST /v1/completions HTTP/1.1" 200 OK
Worker: http://localhost:8001, Tokens: 125925.0
Worker: http://localhost:8002, Tokens: 129503.0
Selected worker: http://localhost:8002
INFO:     127.0.0.1:47118 - "POST /v1/completions HTTP/1.1" 200 OK
Worker: http://localhost:8001, Tokens: 125925.0
Worker: http://localhost:8002, Tokens: 129502.0
Selected worker: http://localhost:8001
INFO:     127.0.0.1:47130 - "POST /v1/completions HTTP/1.1" 200 OK
Worker: http://localhost:8001, Tokens: 125925.0
Worker: http://localhost:8002, Tokens: 129502.0
Selected worker: http://localhost:8002
INFO:     127.0.0.1:47144 - "POST /v1/completions HTTP/1.1" 200 OK
Worker: http://localhost:8001, Tokens: 125925.0
Worker: http://localhost:8002, Tokens: 131473.0
Selected worker: http://localhost:8001
INFO:     127.0.0.1:47154 - "POST /v1/completions HTTP/1.1" 200 OK
Worker: http://localhost:8001, Tokens: 125917.0
Worker: http://localhost:8002, Tokens: 131473.0
Selected worker: http://localhost:8002
INFO:     127.0.0.1:47158 - "POST /v1/completions HTTP/1.1" 200 OK
Worker: http://localhost:8001, Tokens: 125917.0
Worker: http://localhost:8002, Tokens: 131454.0
Selected worker: http://localhost:8001
INFO:     127.0.0.1:47170 - "POST /v1/completions HTTP/1.1" 200 OK
Worker: http://localhost:8001, Tokens: 125928.0
Worker: http://localhost:8002, Tokens: 131454.0
Selected worker: http://localhost:8002
INFO:     127.0.0.1:47182 - "POST /v1/completions HTTP/1.1" 200 OK
Worker: http://localhost:8001, Tokens: 125928.0
Worker: http://localhost:8002, Tokens: 130805.0
Selected worker: http://localhost:8001
INFO:     127.0.0.1:47184 - "POST /v1/completions HTTP/1.1" 200 OK
Worker: http://localhost:8001, Tokens: 125949.0
Worker: http://localhost:8002, Tokens: 130805.0
Selected worker: http://localhost:8002
INFO:     127.0.0.1:47200 - "POST /v1/completions HTTP/1.1" 200 OK
Worker: http://localhost:8001, Tokens: 125949.0
Worker: http://localhost:8002, Tokens: 130811.0
Selected worker: http://localhost:8001
INFO:     127.0.0.1:47202 - "POST /v1/completions HTTP/1.1" 200 OK
Worker: http://localhost:8001, Tokens: 125957.0
Worker: http://localhost:8002, Tokens: 130811.0
Selected worker: http://localhost:8002
INFO:     127.0.0.1:47212 - "POST /v1/completions HTTP/1.1" 200 OK
Worker: http://localhost:8001, Tokens: 125957.0
Worker: http://localhost:8002, Tokens: 130823.0
Selected worker: http://localhost:8001
INFO:     127.0.0.1:47220 - "POST /v1/completions HTTP/1.1" 200 OK
Worker: http://localhost:8001, Tokens: 124665.0
Worker: http://localhost:8002, Tokens: 130823.0
Selected worker: http://localhost:8002
INFO:     127.0.0.1:47224 - "POST /v1/completions HTTP/1.1" 200 OK
Worker: http://localhost:8001, Tokens: 124665.0
Worker: http://localhost:8002, Tokens: 130837.0
Selected worker: http://localhost:8001
INFO:     127.0.0.1:47238 - "POST /v1/completions HTTP/1.1" 200 OK
Worker: http://localhost:8001, Tokens: 126508.0
Worker: http://localhost:8002, Tokens: 130837.0
Selected worker: http://localhost:8002
INFO:     127.0.0.1:47248 - "POST /v1/completions HTTP/1.1" 200 OK
Worker: http://localhost:8001, Tokens: 125219.0
Worker: http://localhost:8002, Tokens: 128828.0
Selected worker: http://localhost:8001
INFO:     127.0.0.1:47262 - "POST /v1/completions HTTP/1.1" 200 OK
Worker: http://localhost:8001, Tokens: 125225.0
Worker: http://localhost:8002, Tokens: 128828.0
Selected worker: http://localhost:8002
INFO:     127.0.0.1:47270 - "POST /v1/completions HTTP/1.1" 200 OK
Worker: http://localhost:8001, Tokens: 125225.0
Worker: http://localhost:8002, Tokens: 128837.0
Selected worker: http://localhost:8001
INFO:     127.0.0.1:47272 - "POST /v1/completions HTTP/1.1" 200 OK
Worker: http://localhost:8001, Tokens: 125241.0
Worker: http://localhost:8002, Tokens: 128837.0
Selected worker: http://localhost:8002
INFO:     127.0.0.1:47284 - "POST /v1/completions HTTP/1.1" 200 OK
Worker: http://localhost:8001, Tokens: 131473.0
Worker: http://localhost:8002, Tokens: 126841.0
Selected worker: http://localhost:8001
INFO:     127.0.0.1:47286 - "POST /v1/completions HTTP/1.1" 200 OK
Worker: http://localhost:8001, Tokens: 130435.0
Worker: http://localhost:8002, Tokens: 126829.0
Selected worker: http://localhost:8002
INFO:     127.0.0.1:47298 - "POST /v1/completions HTTP/1.1" 200 OK
Worker: http://localhost:8001, Tokens: 130435.0
Worker: http://localhost:8002, Tokens: 126828.0
Selected worker: http://localhost:8001
INFO:     127.0.0.1:47306 - "POST /v1/completions HTTP/1.1" 200 OK
Worker: http://localhost:8001, Tokens: 130436.0
Worker: http://localhost:8002, Tokens: 126828.0
Selected worker: http://localhost:8002
INFO:     127.0.0.1:47308 - "POST /v1/completions HTTP/1.1" 200 OK
Worker: http://localhost:8001, Tokens: 130436.0
Worker: http://localhost:8002, Tokens: 126844.0
Selected worker: http://localhost:8001
INFO:     127.0.0.1:47324 - "POST /v1/completions HTTP/1.1" 200 OK
Worker: http://localhost:8001, Tokens: 130417.0
Worker: http://localhost:8002, Tokens: 126844.0
Selected worker: http://localhost:8002
INFO:     127.0.0.1:47328 - "POST /v1/completions HTTP/1.1" 200 OK
Worker: http://localhost:8001, Tokens: 130417.0
Worker: http://localhost:8002, Tokens: 126843.0
Selected worker: http://localhost:8001
INFO:     127.0.0.1:47344 - "POST /v1/completions HTTP/1.1" 200 OK
Worker: http://localhost:8001, Tokens: 130421.0
Worker: http://localhost:8002, Tokens: 126843.0
Selected worker: http://localhost:8002
INFO:     127.0.0.1:47356 - "POST /v1/completions HTTP/1.1" 200 OK
Worker: http://localhost:8001, Tokens: 130421.0
Worker: http://localhost:8002, Tokens: 129427.0
Selected worker: http://localhost:8001
INFO:     127.0.0.1:47358 - "POST /v1/completions HTTP/1.1" 200 OK
Worker: http://localhost:8001, Tokens: 130426.0
Worker: http://localhost:8002, Tokens: 129427.0
Selected worker: http://localhost:8002
INFO:     127.0.0.1:47370 - "POST /v1/completions HTTP/1.1" 200 OK
Worker: http://localhost:8001, Tokens: 130426.0
Worker: http://localhost:8002, Tokens: 129458.0
Selected worker: http://localhost:8001
INFO:     127.0.0.1:47376 - "POST /v1/completions HTTP/1.1" 200 OK
Worker: http://localhost:8001, Tokens: 131432.0
Worker: http://localhost:8002, Tokens: 129458.0
Selected worker: http://localhost:8002
INFO:     127.0.0.1:47378 - "POST /v1/completions HTTP/1.1" 200 OK
Worker: http://localhost:8001, Tokens: 129583.0
Worker: http://localhost:8002, Tokens: 135723.0
Selected worker: http://localhost:8001
INFO:     127.0.0.1:47392 - "POST /v1/completions HTTP/1.1" 200 OK
Worker: http://localhost:8001, Tokens: 129580.0
Worker: http://localhost:8002, Tokens: 135723.0
Selected worker: http://localhost:8002
INFO:     127.0.0.1:47400 - "POST /v1/completions HTTP/1.1" 200 OK
Worker: http://localhost:8001, Tokens: 129580.0
Worker: http://localhost:8002, Tokens: 136761.0
Selected worker: http://localhost:8001
INFO:     127.0.0.1:47404 - "POST /v1/completions HTTP/1.1" 200 OK
Worker: http://localhost:8001, Tokens: 129475.0
Worker: http://localhost:8002, Tokens: 136761.0
Selected worker: http://localhost:8002
INFO:     127.0.0.1:47412 - "POST /v1/completions HTTP/1.1" 200 OK
Worker: http://localhost:8001, Tokens: 129475.0
Worker: http://localhost:8002, Tokens: 136746.0
Selected worker: http://localhost:8001
INFO:     127.0.0.1:47426 - "POST /v1/completions HTTP/1.1" 200 OK
Worker: http://localhost:8001, Tokens: 129509.0
Worker: http://localhost:8002, Tokens: 136746.0
Selected worker: http://localhost:8002
INFO:     127.0.0.1:47428 - "POST /v1/completions HTTP/1.1" 200 OK
Worker: http://localhost:8001, Tokens: 129509.0
Worker: http://localhost:8002, Tokens: 136741.0
Selected worker: http://localhost:8001
INFO:     127.0.0.1:47438 - "POST /v1/completions HTTP/1.1" 200 OK
Worker: http://localhost:8001, Tokens: 129527.0
Worker: http://localhost:8002, Tokens: 136741.0
Selected worker: http://localhost:8002
INFO:     127.0.0.1:47440 - "POST /v1/completions HTTP/1.1" 200 OK
Worker: http://localhost:8001, Tokens: 129527.0
Worker: http://localhost:8002, Tokens: 136759.0
Selected worker: http://localhost:8001
INFO:     127.0.0.1:47456 - "POST /v1/completions HTTP/1.1" 200 OK
Worker: http://localhost:8001, Tokens: 129553.0
Worker: http://localhost:8002, Tokens: 136759.0
Selected worker: http://localhost:8002
INFO:     127.0.0.1:47462 - "POST /v1/completions HTTP/1.1" 200 OK
Worker: http://localhost:8001, Tokens: 129553.0
Worker: http://localhost:8002, Tokens: 136788.0
Selected worker: http://localhost:8001
INFO:     127.0.0.1:47468 - "POST /v1/completions HTTP/1.1" 200 OK
Worker: http://localhost:8001, Tokens: 130600.0
Worker: http://localhost:8002, Tokens: 136788.0
Selected worker: http://localhost:8002
INFO:     127.0.0.1:47474 - "POST /v1/completions HTTP/1.1" 200 OK
Worker: http://localhost:8001, Tokens: 139267.0
Worker: http://localhost:8002, Tokens: 136814.0
Selected worker: http://localhost:8001
INFO:     127.0.0.1:47490 - "POST /v1/completions HTTP/1.1" 200 OK
Worker: http://localhost:8001, Tokens: 139266.0
Worker: http://localhost:8002, Tokens: 136814.0
Selected worker: http://localhost:8002
INFO:     127.0.0.1:47502 - "POST /v1/completions HTTP/1.1" 200 OK
Worker: http://localhost:8001, Tokens: 139266.0
Worker: http://localhost:8002, Tokens: 134151.0
Selected worker: http://localhost:8001
INFO:     127.0.0.1:47518 - "POST /v1/completions HTTP/1.1" 200 OK
Worker: http://localhost:8001, Tokens: 142834.0
Worker: http://localhost:8002, Tokens: 134151.0
Selected worker: http://localhost:8002
INFO:     127.0.0.1:47520 - "POST /v1/completions HTTP/1.1" 200 OK
Worker: http://localhost:8001, Tokens: 141617.0
Worker: http://localhost:8002, Tokens: 133102.0
Selected worker: http://localhost:8001
INFO:     127.0.0.1:47536 - "POST /v1/completions HTTP/1.1" 200 OK
Worker: http://localhost:8001, Tokens: 144060.0
Worker: http://localhost:8002, Tokens: 133102.0
Selected worker: http://localhost:8002
INFO:     127.0.0.1:47540 - "POST /v1/completions HTTP/1.1" 200 OK
Worker: http://localhost:8001, Tokens: 144060.0
Worker: http://localhost:8002, Tokens: 133102.0
Selected worker: http://localhost:8001
INFO:     127.0.0.1:47546 - "POST /v1/completions HTTP/1.1" 200 OK
Worker: http://localhost:8001, Tokens: 145737.0
Worker: http://localhost:8002, Tokens: 133102.0
Selected worker: http://localhost:8002
INFO:     127.0.0.1:47558 - "POST /v1/completions HTTP/1.1" 200 OK
Worker: http://localhost:8001, Tokens: 145737.0
Worker: http://localhost:8002, Tokens: 134188.0
Selected worker: http://localhost:8001
INFO:     127.0.0.1:47566 - "POST /v1/completions HTTP/1.1" 200 OK
Worker: http://localhost:8001, Tokens: 145754.0
Worker: http://localhost:8002, Tokens: 134188.0
Selected worker: http://localhost:8002
INFO:     127.0.0.1:47576 - "POST /v1/completions HTTP/1.1" 200 OK
Worker: http://localhost:8001, Tokens: 145754.0
Worker: http://localhost:8002, Tokens: 134168.0
Selected worker: http://localhost:8001
INFO:     127.0.0.1:47590 - "POST /v1/completions HTTP/1.1" 200 OK
Worker: http://localhost:8001, Tokens: 147716.0
Worker: http://localhost:8002, Tokens: 134168.0
Selected worker: http://localhost:8002
INFO:     127.0.0.1:47598 - "POST /v1/completions HTTP/1.1" 200 OK
Worker: http://localhost:8001, Tokens: 147716.0
Worker: http://localhost:8002, Tokens: 140930.0
Selected worker: http://localhost:8001
INFO:     127.0.0.1:47612 - "POST /v1/completions HTTP/1.1" 200 OK
Worker: http://localhost:8001, Tokens: 147736.0
Worker: http://localhost:8002, Tokens: 140930.0
Selected worker: http://localhost:8002
INFO:     127.0.0.1:47624 - "POST /v1/completions HTTP/1.1" 200 OK
Worker: http://localhost:8001, Tokens: 146677.0
Worker: http://localhost:8002, Tokens: 140941.0
Selected worker: http://localhost:8001
INFO:     127.0.0.1:47636 - "POST /v1/completions HTTP/1.1" 200 OK
Worker: http://localhost:8001, Tokens: 146688.0
Worker: http://localhost:8002, Tokens: 140941.0
Selected worker: http://localhost:8002
INFO:     127.0.0.1:47652 - "POST /v1/completions HTTP/1.1" 200 OK
Worker: http://localhost:8001, Tokens: 146688.0
Worker: http://localhost:8002, Tokens: 140965.0
Selected worker: http://localhost:8001
INFO:     127.0.0.1:47662 - "POST /v1/completions HTTP/1.1" 200 OK
Worker: http://localhost:8001, Tokens: 146719.0
Worker: http://localhost:8002, Tokens: 140965.0
Selected worker: http://localhost:8002
INFO:     127.0.0.1:47664 - "POST /v1/completions HTTP/1.1" 200 OK
Worker: http://localhost:8001, Tokens: 146719.0
Worker: http://localhost:8002, Tokens: 142216.0
Selected worker: http://localhost:8001
INFO:     127.0.0.1:47670 - "POST /v1/completions HTTP/1.1" 200 OK
Worker: http://localhost:8001, Tokens: 146743.0
Worker: http://localhost:8002, Tokens: 142216.0
Selected worker: http://localhost:8002
INFO:     127.0.0.1:47682 - "POST /v1/completions HTTP/1.1" 200 OK
Worker: http://localhost:8001, Tokens: 146743.0
Worker: http://localhost:8002, Tokens: 142259.0
Selected worker: http://localhost:8001
INFO:     127.0.0.1:47696 - "POST /v1/completions HTTP/1.1" 200 OK
Worker: http://localhost:8001, Tokens: 147976.0
Worker: http://localhost:8002, Tokens: 142259.0
Selected worker: http://localhost:8002
INFO:     127.0.0.1:47712 - "POST /v1/completions HTTP/1.1" 200 OK
Worker: http://localhost:8001, Tokens: 147976.0
Worker: http://localhost:8002, Tokens: 141188.0
Selected worker: http://localhost:8001
INFO:     127.0.0.1:47718 - "POST /v1/completions HTTP/1.1" 200 OK
Worker: http://localhost:8001, Tokens: 144422.0
Worker: http://localhost:8002, Tokens: 141188.0
Selected worker: http://localhost:8002
INFO:     127.0.0.1:47720 - "POST /v1/completions HTTP/1.1" 200 OK
Worker: http://localhost:8001, Tokens: 148453.0
Worker: http://localhost:8002, Tokens: 141187.0
Selected worker: http://localhost:8001
INFO:     127.0.0.1:47730 - "POST /v1/completions HTTP/1.1" 200 OK
Worker: http://localhost:8001, Tokens: 148486.0
Worker: http://localhost:8002, Tokens: 141187.0
Selected worker: http://localhost:8002
INFO:     127.0.0.1:47736 - "POST /v1/completions HTTP/1.1" 200 OK
Worker: http://localhost:8001, Tokens: 148486.0
Worker: http://localhost:8002, Tokens: 141190.0
Selected worker: http://localhost:8001
INFO:     127.0.0.1:47750 - "POST /v1/completions HTTP/1.1" 200 OK
Worker: http://localhost:8001, Tokens: 146002.0
Worker: http://localhost:8002, Tokens: 141190.0
Selected worker: http://localhost:8002
INFO:     127.0.0.1:47766 - "POST /v1/completions HTTP/1.1" 200 OK
Worker: http://localhost:8001, Tokens: 146002.0
Worker: http://localhost:8002, Tokens: 142729.0
Selected worker: http://localhost:8001
INFO:     127.0.0.1:47772 - "POST /v1/completions HTTP/1.1" 200 OK
Worker: http://localhost:8001, Tokens: 144260.0
Worker: http://localhost:8002, Tokens: 142729.0
Selected worker: http://localhost:8002
INFO:     127.0.0.1:47784 - "POST /v1/completions HTTP/1.1" 200 OK
Worker: http://localhost:8001, Tokens: 144260.0
Worker: http://localhost:8002, Tokens: 142741.0
Selected worker: http://localhost:8001
INFO:     127.0.0.1:47788 - "POST /v1/completions HTTP/1.1" 200 OK
Worker: http://localhost:8001, Tokens: 144302.0
Worker: http://localhost:8002, Tokens: 142741.0
Selected worker: http://localhost:8002
INFO:     127.0.0.1:47794 - "POST /v1/completions HTTP/1.1" 200 OK
Worker: http://localhost:8001, Tokens: 144302.0
Worker: http://localhost:8002, Tokens: 141524.0
Selected worker: http://localhost:8001
INFO:     127.0.0.1:47804 - "POST /v1/completions HTTP/1.1" 200 OK
Worker: http://localhost:8001, Tokens: 146409.0
Worker: http://localhost:8002, Tokens: 141481.0
Selected worker: http://localhost:8002
INFO:     127.0.0.1:47820 - "POST /v1/completions HTTP/1.1" 200 OK
Worker: http://localhost:8001, Tokens: 146409.0
Worker: http://localhost:8002, Tokens: 144127.0
Selected worker: http://localhost:8001
INFO:     127.0.0.1:47830 - "POST /v1/completions HTTP/1.1" 200 OK
Worker: http://localhost:8001, Tokens: 146429.0
Worker: http://localhost:8002, Tokens: 144127.0
Selected worker: http://localhost:8002
INFO:     127.0.0.1:47832 - "POST /v1/completions HTTP/1.1" 200 OK
Worker: http://localhost:8001, Tokens: 146429.0
Worker: http://localhost:8002, Tokens: 144515.0
Selected worker: http://localhost:8001
INFO:     127.0.0.1:47846 - "POST /v1/completions HTTP/1.1" 200 OK
Worker: http://localhost:8001, Tokens: 147522.0
Worker: http://localhost:8002, Tokens: 144515.0
Selected worker: http://localhost:8002
INFO:     127.0.0.1:47862 - "POST /v1/completions HTTP/1.1" 200 OK
Worker: http://localhost:8001, Tokens: 147522.0
Worker: http://localhost:8002, Tokens: 144506.0
Selected worker: http://localhost:8001
INFO:     127.0.0.1:47870 - "POST /v1/completions HTTP/1.1" 200 OK
Worker: http://localhost:8001, Tokens: 147568.0
Worker: http://localhost:8002, Tokens: 144506.0
Selected worker: http://localhost:8002
INFO:     127.0.0.1:47872 - "POST /v1/completions HTTP/1.1" 200 OK
Worker: http://localhost:8001, Tokens: 147568.0
Worker: http://localhost:8002, Tokens: 146070.0
Selected worker: http://localhost:8001
INFO:     127.0.0.1:47882 - "POST /v1/completions HTTP/1.1" 200 OK
Worker: http://localhost:8001, Tokens: 147570.0
Worker: http://localhost:8002, Tokens: 146070.0
Selected worker: http://localhost:8002
INFO:     127.0.0.1:47898 - "POST /v1/completions HTTP/1.1" 200 OK
Worker: http://localhost:8001, Tokens: 147570.0
Worker: http://localhost:8002, Tokens: 146110.0
Selected worker: http://localhost:8001
INFO:     127.0.0.1:47904 - "POST /v1/completions HTTP/1.1" 200 OK
Worker: http://localhost:8001, Tokens: 149229.0
Worker: http://localhost:8002, Tokens: 146110.0
Selected worker: http://localhost:8002
INFO:     127.0.0.1:47910 - "POST /v1/completions HTTP/1.1" 200 OK
Worker: http://localhost:8001, Tokens: 149229.0
Worker: http://localhost:8002, Tokens: 144522.0
Selected worker: http://localhost:8001
INFO:     127.0.0.1:47926 - "POST /v1/completions HTTP/1.1" 200 OK
Worker: http://localhost:8001, Tokens: 147273.0
Worker: http://localhost:8002, Tokens: 144522.0
Selected worker: http://localhost:8002
INFO:     127.0.0.1:47930 - "POST /v1/completions HTTP/1.1" 200 OK
Worker: http://localhost:8001, Tokens: 147273.0
Worker: http://localhost:8002, Tokens: 150745.0
Selected worker: http://localhost:8001
INFO:     127.0.0.1:47944 - "POST /v1/completions HTTP/1.1" 200 OK
Worker: http://localhost:8001, Tokens: 147314.0
Worker: http://localhost:8002, Tokens: 150745.0
Selected worker: http://localhost:8002
INFO:     127.0.0.1:47946 - "POST /v1/completions HTTP/1.1" 200 OK
Worker: http://localhost:8001, Tokens: 162432.0
Worker: http://localhost:8002, Tokens: 151773.0
Selected worker: http://localhost:8001
INFO:     127.0.0.1:47956 - "POST /v1/completions HTTP/1.1" 200 OK
Worker: http://localhost:8001, Tokens: 161061.0
Worker: http://localhost:8002, Tokens: 151773.0
Selected worker: http://localhost:8002
INFO:     127.0.0.1:47962 - "POST /v1/completions HTTP/1.1" 200 OK
Worker: http://localhost:8001, Tokens: 161061.0
Worker: http://localhost:8002, Tokens: 151796.0
Selected worker: http://localhost:8001
INFO:     127.0.0.1:47964 - "POST /v1/completions HTTP/1.1" 200 OK
Worker: http://localhost:8001, Tokens: 161062.0
Worker: http://localhost:8002, Tokens: 149090.0
Selected worker: http://localhost:8002
INFO:     127.0.0.1:47980 - "POST /v1/completions HTTP/1.1" 200 OK
Worker: http://localhost:8001, Tokens: 161062.0
Worker: http://localhost:8002, Tokens: 149103.0
Selected worker: http://localhost:8001
INFO:     127.0.0.1:47982 - "POST /v1/completions HTTP/1.1" 200 OK
Worker: http://localhost:8001, Tokens: 161082.0
Worker: http://localhost:8002, Tokens: 149103.0
Selected worker: http://localhost:8002
INFO:     127.0.0.1:47988 - "POST /v1/completions HTTP/1.1" 200 OK
Worker: http://localhost:8001, Tokens: 161082.0
Worker: http://localhost:8002, Tokens: 150195.0
Selected worker: http://localhost:8001
INFO:     127.0.0.1:47996 - "POST /v1/completions HTTP/1.1" 200 OK
Worker: http://localhost:8001, Tokens: 158974.0
Worker: http://localhost:8002, Tokens: 148591.0
Selected worker: http://localhost:8002
INFO:     127.0.0.1:48010 - "POST /v1/completions HTTP/1.1" 200 OK
Worker: http://localhost:8001, Tokens: 158974.0
Worker: http://localhost:8002, Tokens: 150602.0
Selected worker: http://localhost:8001
INFO:     127.0.0.1:48012 - "POST /v1/completions HTTP/1.1" 200 OK
Worker: http://localhost:8001, Tokens: 158983.0
Worker: http://localhost:8002, Tokens: 150602.0
Selected worker: http://localhost:8002
INFO:     127.0.0.1:48024 - "POST /v1/completions HTTP/1.1" 200 OK
Worker: http://localhost:8001, Tokens: 158983.0
Worker: http://localhost:8002, Tokens: 150608.0
Selected worker: http://localhost:8001
INFO:     127.0.0.1:48032 - "POST /v1/completions HTTP/1.1" 200 OK
Worker: http://localhost:8001, Tokens: 158989.0
Worker: http://localhost:8002, Tokens: 150608.0
Selected worker: http://localhost:8002
INFO:     127.0.0.1:48044 - "POST /v1/completions HTTP/1.1" 200 OK
Worker: http://localhost:8001, Tokens: 158989.0
Worker: http://localhost:8002, Tokens: 152121.0
Selected worker: http://localhost:8001
INFO:     127.0.0.1:48058 - "POST /v1/completions HTTP/1.1" 200 OK
Worker: http://localhost:8001, Tokens: 157296.0
Worker: http://localhost:8002, Tokens: 152121.0
Selected worker: http://localhost:8002
INFO:     127.0.0.1:48068 - "POST /v1/completions HTTP/1.1" 200 OK
Worker: http://localhost:8001, Tokens: 157240.0
Worker: http://localhost:8002, Tokens: 152169.0
Selected worker: http://localhost:8001
INFO:     127.0.0.1:48072 - "POST /v1/completions HTTP/1.1" 200 OK
Worker: http://localhost:8001, Tokens: 157272.0
Worker: http://localhost:8002, Tokens: 152169.0
Selected worker: http://localhost:8002
INFO:     127.0.0.1:48084 - "POST /v1/completions HTTP/1.1" 200 OK
Worker: http://localhost:8001, Tokens: 157272.0
Worker: http://localhost:8002, Tokens: 152176.0
Selected worker: http://localhost:8001
INFO:     127.0.0.1:48098 - "POST /v1/completions HTTP/1.1" 200 OK
Worker: http://localhost:8001, Tokens: 158446.0
Worker: http://localhost:8002, Tokens: 152176.0
Selected worker: http://localhost:8002
INFO:     127.0.0.1:48112 - "POST /v1/completions HTTP/1.1" 200 OK
Worker: http://localhost:8001, Tokens: 158446.0
Worker: http://localhost:8002, Tokens: 152216.0
Selected worker: http://localhost:8001
INFO:     127.0.0.1:48126 - "POST /v1/completions HTTP/1.1" 200 OK
Worker: http://localhost:8001, Tokens: 158436.0
Worker: http://localhost:8002, Tokens: 152216.0
Selected worker: http://localhost:8002
INFO:     127.0.0.1:48138 - "POST /v1/completions HTTP/1.1" 200 OK
Worker: http://localhost:8001, Tokens: 158436.0
Worker: http://localhost:8002, Tokens: 152252.0
Selected worker: http://localhost:8001
INFO:     127.0.0.1:48148 - "POST /v1/completions HTTP/1.1" 200 OK
Worker: http://localhost:8001, Tokens: 158471.0
Worker: http://localhost:8002, Tokens: 152252.0
Selected worker: http://localhost:8002
INFO:     127.0.0.1:48160 - "POST /v1/completions HTTP/1.1" 200 OK
Worker: http://localhost:8001, Tokens: 158471.0
Worker: http://localhost:8002, Tokens: 152264.0
Selected worker: http://localhost:8001
INFO:     127.0.0.1:48162 - "POST /v1/completions HTTP/1.1" 200 OK
Worker: http://localhost:8001, Tokens: 158515.0
Worker: http://localhost:8002, Tokens: 152264.0
Selected worker: http://localhost:8002
INFO:     127.0.0.1:48172 - "POST /v1/completions HTTP/1.1" 200 OK
Worker: http://localhost:8001, Tokens: 172107.0
Worker: http://localhost:8002, Tokens: 147348.0
Selected worker: http://localhost:8001
INFO:     127.0.0.1:48182 - "POST /v1/completions HTTP/1.1" 200 OK
Worker: http://localhost:8001, Tokens: 170971.0
Worker: http://localhost:8002, Tokens: 147348.0
Selected worker: http://localhost:8002
INFO:     127.0.0.1:48196 - "POST /v1/completions HTTP/1.1" 200 OK
Worker: http://localhost:8001, Tokens: 170971.0
Worker: http://localhost:8002, Tokens: 149795.0
Selected worker: http://localhost:8001
INFO:     127.0.0.1:48200 - "POST /v1/completions HTTP/1.1" 200 OK
Worker: http://localhost:8001, Tokens: 170954.0
Worker: http://localhost:8002, Tokens: 148731.0
Selected worker: http://localhost:8002
INFO:     127.0.0.1:48216 - "POST /v1/completions HTTP/1.1" 200 OK
Worker: http://localhost:8001, Tokens: 170954.0
Worker: http://localhost:8002, Tokens: 149767.0
Selected worker: http://localhost:8001
INFO:     127.0.0.1:48218 - "POST /v1/completions HTTP/1.1" 200 OK
Worker: http://localhost:8001, Tokens: 170957.0
Worker: http://localhost:8002, Tokens: 149767.0
Selected worker: http://localhost:8002
INFO:     127.0.0.1:48220 - "POST /v1/completions HTTP/1.1" 200 OK
Worker: http://localhost:8001, Tokens: 170957.0
Worker: http://localhost:8002, Tokens: 148684.0
Selected worker: http://localhost:8001
INFO:     127.0.0.1:48232 - "POST /v1/completions HTTP/1.1" 200 OK
Worker: http://localhost:8001, Tokens: 169772.0
Worker: http://localhost:8002, Tokens: 148684.0
Selected worker: http://localhost:8002
INFO:     127.0.0.1:48236 - "POST /v1/completions HTTP/1.1" 200 OK
Worker: http://localhost:8001, Tokens: 169763.0
Worker: http://localhost:8002, Tokens: 148694.0
Selected worker: http://localhost:8001
INFO:     127.0.0.1:48246 - "POST /v1/completions HTTP/1.1" 200 OK
Worker: http://localhost:8001, Tokens: 169753.0
Worker: http://localhost:8002, Tokens: 146495.0
Selected worker: http://localhost:8002
INFO:     127.0.0.1:48252 - "POST /v1/completions HTTP/1.1" 200 OK
Worker: http://localhost:8001, Tokens: 169753.0
Worker: http://localhost:8002, Tokens: 146489.0
Selected worker: http://localhost:8001
INFO:     127.0.0.1:48260 - "POST /v1/completions HTTP/1.1" 200 OK
Worker: http://localhost:8001, Tokens: 169710.0
Worker: http://localhost:8002, Tokens: 146489.0
Selected worker: http://localhost:8002
INFO:     127.0.0.1:48264 - "POST /v1/completions HTTP/1.1" 200 OK
Worker: http://localhost:8001, Tokens: 169710.0
Worker: http://localhost:8002, Tokens: 165883.0
Selected worker: http://localhost:8001
INFO:     127.0.0.1:48266 - "POST /v1/completions HTTP/1.1" 200 OK
Worker: http://localhost:8001, Tokens: 169702.0
Worker: http://localhost:8002, Tokens: 165883.0
Selected worker: http://localhost:8002
INFO:     127.0.0.1:48274 - "POST /v1/completions HTTP/1.1" 200 OK
Worker: http://localhost:8001, Tokens: 169702.0
Worker: http://localhost:8002, Tokens: 165905.0
Selected worker: http://localhost:8001
INFO:     127.0.0.1:48290 - "POST /v1/completions HTTP/1.1" 200 OK
Worker: http://localhost:8001, Tokens: 169698.0
Worker: http://localhost:8002, Tokens: 165905.0
Selected worker: http://localhost:8002
INFO:     127.0.0.1:48298 - "POST /v1/completions HTTP/1.1" 200 OK
Worker: http://localhost:8001, Tokens: 169698.0
Worker: http://localhost:8002, Tokens: 165923.0
Selected worker: http://localhost:8001
INFO:     127.0.0.1:48304 - "POST /v1/completions HTTP/1.1" 200 OK
Worker: http://localhost:8001, Tokens: 169717.0
Worker: http://localhost:8002, Tokens: 164616.0
Selected worker: http://localhost:8002
INFO:     127.0.0.1:48318 - "POST /v1/completions HTTP/1.1" 200 OK
Worker: http://localhost:8001, Tokens: 169717.0
Worker: http://localhost:8002, Tokens: 164624.0
Selected worker: http://localhost:8001
INFO:     127.0.0.1:48330 - "POST /v1/completions HTTP/1.1" 200 OK
Worker: http://localhost:8001, Tokens: 169718.0
Worker: http://localhost:8002, Tokens: 162177.0
Selected worker: http://localhost:8002
INFO:     127.0.0.1:48334 - "POST /v1/completions HTTP/1.1" 200 OK
Worker: http://localhost:8001, Tokens: 169718.0
Worker: http://localhost:8002, Tokens: 162188.0
Selected worker: http://localhost:8001
INFO:     127.0.0.1:48346 - "POST /v1/completions HTTP/1.1" 200 OK
Worker: http://localhost:8001, Tokens: 169702.0
Worker: http://localhost:8002, Tokens: 162188.0
Selected worker: http://localhost:8002
INFO:     127.0.0.1:48358 - "POST /v1/completions HTTP/1.1" 200 OK
Worker: http://localhost:8001, Tokens: 169702.0
Worker: http://localhost:8002, Tokens: 162201.0
Selected worker: http://localhost:8001
INFO:     127.0.0.1:48372 - "POST /v1/completions HTTP/1.1" 200 OK
Worker: http://localhost:8001, Tokens: 169710.0
Worker: http://localhost:8002, Tokens: 161140.0
Selected worker: http://localhost:8002
INFO:     127.0.0.1:48378 - "POST /v1/completions HTTP/1.1" 200 OK
Worker: http://localhost:8001, Tokens: 175236.0
Worker: http://localhost:8002, Tokens: 161129.0
Selected worker: http://localhost:8001
INFO:     127.0.0.1:48386 - "POST /v1/completions HTTP/1.1" 200 OK
Worker: http://localhost:8001, Tokens: 175237.0
Worker: http://localhost:8002, Tokens: 161129.0
Selected worker: http://localhost:8002
INFO:     127.0.0.1:48398 - "POST /v1/completions HTTP/1.1" 200 OK
Worker: http://localhost:8001, Tokens: 175237.0
Worker: http://localhost:8002, Tokens: 162175.0
Selected worker: http://localhost:8001
INFO:     127.0.0.1:48414 - "POST /v1/completions HTTP/1.1" 200 OK
Worker: http://localhost:8001, Tokens: 175257.0
Worker: http://localhost:8002, Tokens: 162175.0
Selected worker: http://localhost:8002
INFO:     127.0.0.1:48422 - "POST /v1/completions HTTP/1.1" 200 OK
Worker: http://localhost:8001, Tokens: 175257.0
Worker: http://localhost:8002, Tokens: 162172.0
Selected worker: http://localhost:8001
INFO:     127.0.0.1:48432 - "POST /v1/completions HTTP/1.1" 200 OK
Worker: http://localhost:8001, Tokens: 175244.0
Worker: http://localhost:8002, Tokens: 162172.0
Selected worker: http://localhost:8002
INFO:     127.0.0.1:48444 - "POST /v1/completions HTTP/1.1" 200 OK
Worker: http://localhost:8001, Tokens: 175244.0
Worker: http://localhost:8002, Tokens: 162181.0
Selected worker: http://localhost:8001
INFO:     127.0.0.1:48448 - "POST /v1/completions HTTP/1.1" 200 OK
Worker: http://localhost:8001, Tokens: 175250.0
Worker: http://localhost:8002, Tokens: 162181.0
Selected worker: http://localhost:8002
INFO:     127.0.0.1:48452 - "POST /v1/completions HTTP/1.1" 200 OK
Worker: http://localhost:8001, Tokens: 175250.0
Worker: http://localhost:8002, Tokens: 163495.0
Selected worker: http://localhost:8001
INFO:     127.0.0.1:48468 - "POST /v1/completions HTTP/1.1" 200 OK
Worker: http://localhost:8001, Tokens: 175247.0
Worker: http://localhost:8002, Tokens: 163495.0
Selected worker: http://localhost:8002
INFO:     127.0.0.1:48484 - "POST /v1/completions HTTP/1.1" 200 OK
Worker: http://localhost:8001, Tokens: 175247.0
Worker: http://localhost:8002, Tokens: 163490.0
Selected worker: http://localhost:8001
INFO:     127.0.0.1:48492 - "POST /v1/completions HTTP/1.1" 200 OK
Worker: http://localhost:8001, Tokens: 177720.0
Worker: http://localhost:8002, Tokens: 163490.0
Selected worker: http://localhost:8002
INFO:     127.0.0.1:48496 - "POST /v1/completions HTTP/1.1" 200 OK
Worker: http://localhost:8001, Tokens: 177720.0
Worker: http://localhost:8002, Tokens: 174394.0
Selected worker: http://localhost:8001
INFO:     127.0.0.1:48500 - "POST /v1/completions HTTP/1.1" 200 OK
Worker: http://localhost:8001, Tokens: 179198.0
Worker: http://localhost:8002, Tokens: 174394.0
Selected worker: http://localhost:8002
INFO:     127.0.0.1:48514 - "POST /v1/completions HTTP/1.1" 200 OK
Worker: http://localhost:8001, Tokens: 179198.0
Worker: http://localhost:8002, Tokens: 176244.0
Selected worker: http://localhost:8001
INFO:     127.0.0.1:48520 - "POST /v1/completions HTTP/1.1" 200 OK
Worker: http://localhost:8001, Tokens: 179169.0
Worker: http://localhost:8002, Tokens: 175176.0
Selected worker: http://localhost:8002
INFO:     127.0.0.1:48526 - "POST /v1/completions HTTP/1.1" 200 OK
Worker: http://localhost:8001, Tokens: 179169.0
Worker: http://localhost:8002, Tokens: 175194.0
Selected worker: http://localhost:8001
INFO:     127.0.0.1:48528 - "POST /v1/completions HTTP/1.1" 200 OK
Worker: http://localhost:8001, Tokens: 179179.0
Worker: http://localhost:8002, Tokens: 175194.0
Selected worker: http://localhost:8002
INFO:     127.0.0.1:48540 - "POST /v1/completions HTTP/1.1" 200 OK
Worker: http://localhost:8001, Tokens: 179179.0
Worker: http://localhost:8002, Tokens: 175190.0
Selected worker: http://localhost:8001
INFO:     127.0.0.1:48550 - "POST /v1/completions HTTP/1.1" 200 OK
Worker: http://localhost:8001, Tokens: 179168.0
Worker: http://localhost:8002, Tokens: 175190.0
Selected worker: http://localhost:8002
INFO:     127.0.0.1:48554 - "POST /v1/completions HTTP/1.1" 200 OK
Worker: http://localhost:8001, Tokens: 179168.0
Worker: http://localhost:8002, Tokens: 175233.0
Selected worker: http://localhost:8001
INFO:     127.0.0.1:50048 - "POST /v1/completions HTTP/1.1" 200 OK
Worker: http://localhost:8001, Tokens: 179189.0
Worker: http://localhost:8002, Tokens: 175233.0
Selected worker: http://localhost:8002
INFO:     127.0.0.1:50064 - "POST /v1/completions HTTP/1.1" 200 OK
Worker: http://localhost:8001, Tokens: 179189.0
Worker: http://localhost:8002, Tokens: 173927.0
Selected worker: http://localhost:8001
INFO:     127.0.0.1:50068 - "POST /v1/completions HTTP/1.1" 200 OK
Worker: http://localhost:8001, Tokens: 180364.0
Worker: http://localhost:8002, Tokens: 173919.0
Selected worker: http://localhost:8002
INFO:     127.0.0.1:50074 - "POST /v1/completions HTTP/1.1" 200 OK
Worker: http://localhost:8001, Tokens: 175420.0
Worker: http://localhost:8002, Tokens: 173903.0
Selected worker: http://localhost:8001
INFO:     127.0.0.1:50082 - "POST /v1/completions HTTP/1.1" 200 OK
Worker: http://localhost:8001, Tokens: 176794.0
Worker: http://localhost:8002, Tokens: 173903.0
Selected worker: http://localhost:8002
INFO:     127.0.0.1:50088 - "POST /v1/completions HTTP/1.1" 200 OK
Worker: http://localhost:8001, Tokens: 176794.0
Worker: http://localhost:8002, Tokens: 173908.0
Selected worker: http://localhost:8001
INFO:     127.0.0.1:50090 - "POST /v1/completions HTTP/1.1" 200 OK
Worker: http://localhost:8001, Tokens: 176815.0
Worker: http://localhost:8002, Tokens: 173908.0
Selected worker: http://localhost:8002
INFO:     127.0.0.1:50098 - "POST /v1/completions HTTP/1.1" 200 OK
Worker: http://localhost:8001, Tokens: 176815.0
Worker: http://localhost:8002, Tokens: 173915.0
Selected worker: http://localhost:8001
INFO:     127.0.0.1:50106 - "POST /v1/completions HTTP/1.1" 200 OK
Worker: http://localhost:8001, Tokens: 174336.0
Worker: http://localhost:8002, Tokens: 173915.0
Selected worker: http://localhost:8002
INFO:     127.0.0.1:50110 - "POST /v1/completions HTTP/1.1" 200 OK
Worker: http://localhost:8001, Tokens: 174336.0
Worker: http://localhost:8002, Tokens: 172041.0
Selected worker: http://localhost:8001
INFO:     127.0.0.1:50112 - "POST /v1/completions HTTP/1.1" 200 OK
Worker: http://localhost:8001, Tokens: 174266.0
Worker: http://localhost:8002, Tokens: 172028.0
Selected worker: http://localhost:8002
INFO:     127.0.0.1:50120 - "POST /v1/completions HTTP/1.1" 200 OK
Worker: http://localhost:8001, Tokens: 174261.0
Worker: http://localhost:8002, Tokens: 172001.0
Selected worker: http://localhost:8001
INFO:     127.0.0.1:50130 - "POST /v1/completions HTTP/1.1" 200 OK
Worker: http://localhost:8001, Tokens: 174234.0
Worker: http://localhost:8002, Tokens: 172001.0
Selected worker: http://localhost:8002
INFO:     127.0.0.1:50134 - "POST /v1/completions HTTP/1.1" 200 OK
Worker: http://localhost:8001, Tokens: 174234.0
Worker: http://localhost:8002, Tokens: 172000.0
Selected worker: http://localhost:8001
INFO:     127.0.0.1:50146 - "POST /v1/completions HTTP/1.1" 200 OK
Worker: http://localhost:8001, Tokens: 174251.0
Worker: http://localhost:8002, Tokens: 172000.0
Selected worker: http://localhost:8002
INFO:     127.0.0.1:50160 - "POST /v1/completions HTTP/1.1" 200 OK
Worker: http://localhost:8001, Tokens: 174251.0
Worker: http://localhost:8002, Tokens: 180432.0
Selected worker: http://localhost:8001
INFO:     127.0.0.1:50166 - "POST /v1/completions HTTP/1.1" 200 OK
Worker: http://localhost:8001, Tokens: 173095.0
Worker: http://localhost:8002, Tokens: 180432.0
Selected worker: http://localhost:8002
INFO:     127.0.0.1:50182 - "POST /v1/completions HTTP/1.1" 200 OK
Worker: http://localhost:8001, Tokens: 173095.0
Worker: http://localhost:8002, Tokens: 180436.0
Selected worker: http://localhost:8001
INFO:     127.0.0.1:50186 - "POST /v1/completions HTTP/1.1" 200 OK
Worker: http://localhost:8001, Tokens: 173119.0
Worker: http://localhost:8002, Tokens: 180436.0
Selected worker: http://localhost:8002
INFO:     127.0.0.1:50190 - "POST /v1/completions HTTP/1.1" 200 OK
Worker: http://localhost:8001, Tokens: 171724.0
Worker: http://localhost:8002, Tokens: 182419.0
Selected worker: http://localhost:8001
INFO:     127.0.0.1:50192 - "POST /v1/completions HTTP/1.1" 200 OK
Worker: http://localhost:8001, Tokens: 173240.0
Worker: http://localhost:8002, Tokens: 182419.0
Selected worker: http://localhost:8002
INFO:     127.0.0.1:50196 - "POST /v1/completions HTTP/1.1" 200 OK
Worker: http://localhost:8001, Tokens: 173240.0
Worker: http://localhost:8002, Tokens: 182428.0
Selected worker: http://localhost:8001
INFO:     127.0.0.1:50208 - "POST /v1/completions HTTP/1.1" 200 OK
Worker: http://localhost:8001, Tokens: 173259.0
Worker: http://localhost:8002, Tokens: 182428.0
Selected worker: http://localhost:8002
INFO:     127.0.0.1:50210 - "POST /v1/completions HTTP/1.1" 200 OK
Worker: http://localhost:8001, Tokens: 173259.0
Worker: http://localhost:8002, Tokens: 183586.0
Selected worker: http://localhost:8001
INFO:     127.0.0.1:50212 - "POST /v1/completions HTTP/1.1" 200 OK
Worker: http://localhost:8001, Tokens: 173272.0
Worker: http://localhost:8002, Tokens: 183586.0
Selected worker: http://localhost:8002
INFO:     127.0.0.1:50228 - "POST /v1/completions HTTP/1.1" 200 OK
Worker: http://localhost:8001, Tokens: 171826.0
Worker: http://localhost:8002, Tokens: 183582.0
Selected worker: http://localhost:8001
INFO:     127.0.0.1:50244 - "POST /v1/completions HTTP/1.1" 200 OK
Worker: http://localhost:8001, Tokens: 173348.0
Worker: http://localhost:8002, Tokens: 183582.0
Selected worker: http://localhost:8002
INFO:     127.0.0.1:50260 - "POST /v1/completions HTTP/1.1" 200 OK
Worker: http://localhost:8001, Tokens: 186315.0
Worker: http://localhost:8002, Tokens: 183589.0
Selected worker: http://localhost:8001
INFO:     127.0.0.1:50262 - "POST /v1/completions HTTP/1.1" 200 OK
Worker: http://localhost:8001, Tokens: 186335.0
Worker: http://localhost:8002, Tokens: 183589.0
Selected worker: http://localhost:8002
INFO:     127.0.0.1:50278 - "POST /v1/completions HTTP/1.1" 200 OK
Worker: http://localhost:8001, Tokens: 186335.0
Worker: http://localhost:8002, Tokens: 183583.0
Selected worker: http://localhost:8001
INFO:     127.0.0.1:50284 - "POST /v1/completions HTTP/1.1" 200 OK
Worker: http://localhost:8001, Tokens: 186318.0
Worker: http://localhost:8002, Tokens: 183583.0
Selected worker: http://localhost:8002
INFO:     127.0.0.1:50298 - "POST /v1/completions HTTP/1.1" 200 OK
Worker: http://localhost:8001, Tokens: 186318.0
Worker: http://localhost:8002, Tokens: 187094.0
Selected worker: http://localhost:8001
INFO:     127.0.0.1:50302 - "POST /v1/completions HTTP/1.1" 200 OK
Worker: http://localhost:8001, Tokens: 186355.0
Worker: http://localhost:8002, Tokens: 187094.0
Selected worker: http://localhost:8002
INFO:     127.0.0.1:50314 - "POST /v1/completions HTTP/1.1" 200 OK
Worker: http://localhost:8001, Tokens: 186355.0
Worker: http://localhost:8002, Tokens: 187122.0
Selected worker: http://localhost:8001
INFO:     127.0.0.1:50320 - "POST /v1/completions HTTP/1.1" 200 OK
Worker: http://localhost:8001, Tokens: 186367.0
Worker: http://localhost:8002, Tokens: 187122.0
Selected worker: http://localhost:8002
INFO:     127.0.0.1:50336 - "POST /v1/completions HTTP/1.1" 200 OK
Worker: http://localhost:8001, Tokens: 184829.0
Worker: http://localhost:8002, Tokens: 185118.0
Selected worker: http://localhost:8001
INFO:     127.0.0.1:50342 - "POST /v1/completions HTTP/1.1" 200 OK
Worker: http://localhost:8001, Tokens: 184838.0
Worker: http://localhost:8002, Tokens: 185118.0
Selected worker: http://localhost:8002
INFO:     127.0.0.1:50346 - "POST /v1/completions HTTP/1.1" 200 OK
Worker: http://localhost:8001, Tokens: 184838.0
Worker: http://localhost:8002, Tokens: 183969.0
Selected worker: http://localhost:8001
INFO:     127.0.0.1:50350 - "POST /v1/completions HTTP/1.1" 200 OK
Worker: http://localhost:8001, Tokens: 184853.0
Worker: http://localhost:8002, Tokens: 183955.0
Selected worker: http://localhost:8002
INFO:     127.0.0.1:50356 - "POST /v1/completions HTTP/1.1" 200 OK
Worker: http://localhost:8001, Tokens: 184853.0
Worker: http://localhost:8002, Tokens: 184582.0
Selected worker: http://localhost:8001
INFO:     127.0.0.1:50358 - "POST /v1/completions HTTP/1.1" 200 OK
Worker: http://localhost:8001, Tokens: 184888.0
Worker: http://localhost:8002, Tokens: 184582.0
Selected worker: http://localhost:8002
INFO:     127.0.0.1:50366 - "POST /v1/completions HTTP/1.1" 200 OK
Worker: http://localhost:8001, Tokens: 183310.0
Worker: http://localhost:8002, Tokens: 186968.0
Selected worker: http://localhost:8001
INFO:     127.0.0.1:50374 - "POST /v1/completions HTTP/1.1" 200 OK
Worker: http://localhost:8001, Tokens: 184834.0
Worker: http://localhost:8002, Tokens: 186968.0
Selected worker: http://localhost:8002
INFO:     127.0.0.1:50382 - "POST /v1/completions HTTP/1.1" 200 OK
Worker: http://localhost:8001, Tokens: 184834.0
Worker: http://localhost:8002, Tokens: 187000.0
Selected worker: http://localhost:8001
INFO:     127.0.0.1:50398 - "POST /v1/completions HTTP/1.1" 200 OK
Worker: http://localhost:8001, Tokens: 187947.0
Worker: http://localhost:8002, Tokens: 187000.0
Selected worker: http://localhost:8002
INFO:     127.0.0.1:50404 - "POST /v1/completions HTTP/1.1" 200 OK
Worker: http://localhost:8001, Tokens: 187947.0
Worker: http://localhost:8002, Tokens: 187004.0
Selected worker: http://localhost:8001
INFO:     127.0.0.1:50412 - "POST /v1/completions HTTP/1.1" 200 OK
Worker: http://localhost:8001, Tokens: 187981.0
Worker: http://localhost:8002, Tokens: 187004.0
Selected worker: http://localhost:8002
INFO:     127.0.0.1:50426 - "POST /v1/completions HTTP/1.1" 200 OK
Worker: http://localhost:8001, Tokens: 187981.0
Worker: http://localhost:8002, Tokens: 188895.0
Selected worker: http://localhost:8001
INFO:     127.0.0.1:50438 - "POST /v1/completions HTTP/1.1" 200 OK
Worker: http://localhost:8001, Tokens: 187973.0
Worker: http://localhost:8002, Tokens: 188895.0
Selected worker: http://localhost:8002
INFO:     127.0.0.1:50452 - "POST /v1/completions HTTP/1.1" 200 OK
Worker: http://localhost:8001, Tokens: 187973.0
Worker: http://localhost:8002, Tokens: 188903.0
Selected worker: http://localhost:8001
INFO:     127.0.0.1:50464 - "POST /v1/completions HTTP/1.1" 200 OK
Worker: http://localhost:8001, Tokens: 187965.0
Worker: http://localhost:8002, Tokens: 188903.0
Selected worker: http://localhost:8002
INFO:     127.0.0.1:50466 - "POST /v1/completions HTTP/1.1" 200 OK
Worker: http://localhost:8001, Tokens: 190571.0
Worker: http://localhost:8002, Tokens: 188924.0
Selected worker: http://localhost:8001
INFO:     127.0.0.1:50480 - "POST /v1/completions HTTP/1.1" 200 OK
Worker: http://localhost:8001, Tokens: 190542.0
Worker: http://localhost:8002, Tokens: 188924.0
Selected worker: http://localhost:8002
INFO:     127.0.0.1:50490 - "POST /v1/completions HTTP/1.1" 200 OK
Worker: http://localhost:8001, Tokens: 190542.0
Worker: http://localhost:8002, Tokens: 188959.0
Selected worker: http://localhost:8001
INFO:     127.0.0.1:50502 - "POST /v1/completions HTTP/1.1" 200 OK
Worker: http://localhost:8001, Tokens: 190560.0
Worker: http://localhost:8002, Tokens: 188959.0
Selected worker: http://localhost:8002
INFO:     127.0.0.1:50506 - "POST /v1/completions HTTP/1.1" 200 OK
Worker: http://localhost:8001, Tokens: 190560.0
Worker: http://localhost:8002, Tokens: 190843.0
Selected worker: http://localhost:8001
INFO:     127.0.0.1:50522 - "POST /v1/completions HTTP/1.1" 200 OK
Worker: http://localhost:8001, Tokens: 189067.0
Worker: http://localhost:8002, Tokens: 190843.0
Selected worker: http://localhost:8002
INFO:     127.0.0.1:50528 - "POST /v1/completions HTTP/1.1" 200 OK
Worker: http://localhost:8001, Tokens: 189067.0
Worker: http://localhost:8002, Tokens: 191850.0
Selected worker: http://localhost:8001
INFO:     127.0.0.1:50530 - "POST /v1/completions HTTP/1.1" 200 OK
Worker: http://localhost:8001, Tokens: 189079.0
Worker: http://localhost:8002, Tokens: 191850.0
Selected worker: http://localhost:8002
INFO:     127.0.0.1:50540 - "POST /v1/completions HTTP/1.1" 200 OK
Worker: http://localhost:8001, Tokens: 189079.0
Worker: http://localhost:8002, Tokens: 193737.0
Selected worker: http://localhost:8001
INFO:     127.0.0.1:50556 - "POST /v1/completions HTTP/1.1" 200 OK
Worker: http://localhost:8001, Tokens: 189090.0
Worker: http://localhost:8002, Tokens: 193737.0
Selected worker: http://localhost:8002
INFO:     127.0.0.1:50570 - "POST /v1/completions HTTP/1.1" 200 OK
Worker: http://localhost:8001, Tokens: 189090.0
Worker: http://localhost:8002, Tokens: 193744.0
Selected worker: http://localhost:8001
INFO:     127.0.0.1:50580 - "POST /v1/completions HTTP/1.1" 200 OK
Worker: http://localhost:8001, Tokens: 189102.0
Worker: http://localhost:8002, Tokens: 193744.0
Selected worker: http://localhost:8002
INFO:     127.0.0.1:50582 - "POST /v1/completions HTTP/1.1" 200 OK
Worker: http://localhost:8001, Tokens: 185952.0
Worker: http://localhost:8002, Tokens: 184616.0
Selected worker: http://localhost:8001
INFO:     127.0.0.1:50594 - "POST /v1/completions HTTP/1.1" 200 OK
Worker: http://localhost:8001, Tokens: 185882.0
Worker: http://localhost:8002, Tokens: 184616.0
Selected worker: http://localhost:8002
INFO:     127.0.0.1:50608 - "POST /v1/completions HTTP/1.1" 200 OK
Worker: http://localhost:8001, Tokens: 185882.0
Worker: http://localhost:8002, Tokens: 181058.0
Selected worker: http://localhost:8001
INFO:     127.0.0.1:50620 - "POST /v1/completions HTTP/1.1" 200 OK
Worker: http://localhost:8001, Tokens: 185872.0
Worker: http://localhost:8002, Tokens: 181058.0
Selected worker: http://localhost:8002
INFO:     127.0.0.1:50630 - "POST /v1/completions HTTP/1.1" 200 OK
Worker: http://localhost:8001, Tokens: 185872.0
Worker: http://localhost:8002, Tokens: 181102.0
Selected worker: http://localhost:8001
INFO:     127.0.0.1:50638 - "POST /v1/completions HTTP/1.1" 200 OK
Worker: http://localhost:8001, Tokens: 185861.0
Worker: http://localhost:8002, Tokens: 181102.0
Selected worker: http://localhost:8002
INFO:     127.0.0.1:50640 - "POST /v1/completions HTTP/1.1" 200 OK
Worker: http://localhost:8001, Tokens: 185861.0
Worker: http://localhost:8002, Tokens: 181110.0
Selected worker: http://localhost:8001
INFO:     127.0.0.1:50642 - "POST /v1/completions HTTP/1.1" 200 OK
Worker: http://localhost:8001, Tokens: 185861.0
Worker: http://localhost:8002, Tokens: 181110.0
Selected worker: http://localhost:8002
INFO:     127.0.0.1:50654 - "POST /v1/completions HTTP/1.1" 200 OK
Worker: http://localhost:8001, Tokens: 185861.0
Worker: http://localhost:8002, Tokens: 182359.0
Selected worker: http://localhost:8001
INFO:     127.0.0.1:50656 - "POST /v1/completions HTTP/1.1" 200 OK
Worker: http://localhost:8001, Tokens: 185861.0
Worker: http://localhost:8002, Tokens: 179934.0
Selected worker: http://localhost:8002
INFO:     127.0.0.1:50666 - "POST /v1/completions HTTP/1.1" 200 OK
Worker: http://localhost:8001, Tokens: 185861.0
Worker: http://localhost:8002, Tokens: 181586.0
Selected worker: http://localhost:8001
INFO:     127.0.0.1:50680 - "POST /v1/completions HTTP/1.1" 200 OK
Worker: http://localhost:8001, Tokens: 185852.0
Worker: http://localhost:8002, Tokens: 181586.0
Selected worker: http://localhost:8002
INFO:     127.0.0.1:50686 - "POST /v1/completions HTTP/1.1" 200 OK
Worker: http://localhost:8001, Tokens: 196812.0
Worker: http://localhost:8002, Tokens: 179655.0
Selected worker: http://localhost:8001
INFO:     127.0.0.1:50692 - "POST /v1/completions HTTP/1.1" 200 OK
Worker: http://localhost:8001, Tokens: 198588.0
Worker: http://localhost:8002, Tokens: 179655.0
Selected worker: http://localhost:8002
INFO:     127.0.0.1:50706 - "POST /v1/completions HTTP/1.1" 200 OK
Worker: http://localhost:8001, Tokens: 198588.0
Worker: http://localhost:8002, Tokens: 179667.0
Selected worker: http://localhost:8001
INFO:     127.0.0.1:50708 - "POST /v1/completions HTTP/1.1" 200 OK
Worker: http://localhost:8001, Tokens: 198602.0
Worker: http://localhost:8002, Tokens: 177783.0
Selected worker: http://localhost:8002
INFO:     127.0.0.1:50716 - "POST /v1/completions HTTP/1.1" 200 OK
Worker: http://localhost:8001, Tokens: 198602.0
Worker: http://localhost:8002, Tokens: 177820.0
Selected worker: http://localhost:8001
INFO:     127.0.0.1:50732 - "POST /v1/completions HTTP/1.1" 200 OK
Worker: http://localhost:8001, Tokens: 198622.0
Worker: http://localhost:8002, Tokens: 177820.0
Selected worker: http://localhost:8002
INFO:     127.0.0.1:50748 - "POST /v1/completions HTTP/1.1" 200 OK
Worker: http://localhost:8001, Tokens: 198622.0
Worker: http://localhost:8002, Tokens: 176821.0
Selected worker: http://localhost:8001
INFO:     127.0.0.1:50756 - "POST /v1/completions HTTP/1.1" 200 OK
Worker: http://localhost:8001, Tokens: 198620.0
Worker: http://localhost:8002, Tokens: 176821.0
Selected worker: http://localhost:8002
INFO:     127.0.0.1:50766 - "POST /v1/completions HTTP/1.1" 200 OK
Worker: http://localhost:8001, Tokens: 198620.0
Worker: http://localhost:8002, Tokens: 174863.0
Selected worker: http://localhost:8001
INFO:     127.0.0.1:50768 - "POST /v1/completions HTTP/1.1" 200 OK
Worker: http://localhost:8001, Tokens: 198631.0
Worker: http://localhost:8002, Tokens: 174863.0
Selected worker: http://localhost:8002
INFO:     127.0.0.1:50776 - "POST /v1/completions HTTP/1.1" 200 OK
Worker: http://localhost:8001, Tokens: 198631.0
Worker: http://localhost:8002, Tokens: 173615.0
Selected worker: http://localhost:8001
INFO:     127.0.0.1:50780 - "POST /v1/completions HTTP/1.1" 200 OK
Worker: http://localhost:8001, Tokens: 198632.0
Worker: http://localhost:8002, Tokens: 173615.0
Selected worker: http://localhost:8002
INFO:     127.0.0.1:50786 - "POST /v1/completions HTTP/1.1" 200 OK
Worker: http://localhost:8001, Tokens: 198632.0
Worker: http://localhost:8002, Tokens: 209404.0
Selected worker: http://localhost:8001
INFO:     127.0.0.1:50796 - "POST /v1/completions HTTP/1.1" 200 OK
Worker: http://localhost:8001, Tokens: 198647.0
Worker: http://localhost:8002, Tokens: 209404.0
Selected worker: http://localhost:8002
INFO:     127.0.0.1:50800 - "POST /v1/completions HTTP/1.1" 200 OK
Worker: http://localhost:8001, Tokens: 198647.0
Worker: http://localhost:8002, Tokens: 207727.0
Selected worker: http://localhost:8001
INFO:     127.0.0.1:50812 - "POST /v1/completions HTTP/1.1" 200 OK
Worker: http://localhost:8001, Tokens: 198671.0
Worker: http://localhost:8002, Tokens: 207727.0
Selected worker: http://localhost:8002
INFO:     127.0.0.1:50826 - "POST /v1/completions HTTP/1.1" 200 OK
Worker: http://localhost:8001, Tokens: 196870.0
Worker: http://localhost:8002, Tokens: 207725.0
Selected worker: http://localhost:8001
INFO:     127.0.0.1:50832 - "POST /v1/completions HTTP/1.1" 200 OK
Worker: http://localhost:8001, Tokens: 196865.0
Worker: http://localhost:8002, Tokens: 207725.0
Selected worker: http://localhost:8002
INFO:     127.0.0.1:50842 - "POST /v1/completions HTTP/1.1" 200 OK
Worker: http://localhost:8001, Tokens: 196865.0
Worker: http://localhost:8002, Tokens: 208923.0
Selected worker: http://localhost:8001
INFO:     127.0.0.1:50848 - "POST /v1/completions HTTP/1.1" 200 OK
Worker: http://localhost:8001, Tokens: 198260.0
Worker: http://localhost:8002, Tokens: 208923.0
Selected worker: http://localhost:8002
INFO:     127.0.0.1:50864 - "POST /v1/completions HTTP/1.1" 200 OK
Worker: http://localhost:8001, Tokens: 198260.0
Worker: http://localhost:8002, Tokens: 208921.0
Selected worker: http://localhost:8001
INFO:     127.0.0.1:50868 - "POST /v1/completions HTTP/1.1" 200 OK
Worker: http://localhost:8001, Tokens: 200105.0
Worker: http://localhost:8002, Tokens: 208921.0
Selected worker: http://localhost:8002
INFO:     127.0.0.1:50874 - "POST /v1/completions HTTP/1.1" 200 OK
Worker: http://localhost:8001, Tokens: 200105.0
Worker: http://localhost:8002, Tokens: 208959.0
Selected worker: http://localhost:8001
INFO:     127.0.0.1:50884 - "POST /v1/completions HTTP/1.1" 200 OK
Worker: http://localhost:8001, Tokens: 200135.0
Worker: http://localhost:8002, Tokens: 208959.0
Selected worker: http://localhost:8002
INFO:     127.0.0.1:50892 - "POST /v1/completions HTTP/1.1" 200 OK
Worker: http://localhost:8001, Tokens: 199391.0
Worker: http://localhost:8002, Tokens: 208937.0
Selected worker: http://localhost:8001
INFO:     127.0.0.1:50900 - "POST /v1/completions HTTP/1.1" 200 OK
Worker: http://localhost:8001, Tokens: 199379.0
Worker: http://localhost:8002, Tokens: 208937.0
Selected worker: http://localhost:8002
INFO:     127.0.0.1:50904 - "POST /v1/completions HTTP/1.1" 200 OK
Worker: http://localhost:8001, Tokens: 199379.0
Worker: http://localhost:8002, Tokens: 208933.0
Selected worker: http://localhost:8001
INFO:     127.0.0.1:50916 - "POST /v1/completions HTTP/1.1" 200 OK
Worker: http://localhost:8001, Tokens: 199365.0
Worker: http://localhost:8002, Tokens: 208933.0
Selected worker: http://localhost:8002
INFO:     127.0.0.1:50928 - "POST /v1/completions HTTP/1.1" 200 OK
Worker: http://localhost:8001, Tokens: 199365.0
Worker: http://localhost:8002, Tokens: 208918.0
Selected worker: http://localhost:8001
INFO:     127.0.0.1:50940 - "POST /v1/completions HTTP/1.1" 200 OK
Worker: http://localhost:8001, Tokens: 200617.0
Worker: http://localhost:8002, Tokens: 208918.0
Selected worker: http://localhost:8002
INFO:     127.0.0.1:50952 - "POST /v1/completions HTTP/1.1" 200 OK
Worker: http://localhost:8001, Tokens: 200617.0
Worker: http://localhost:8002, Tokens: 208938.0
Selected worker: http://localhost:8001
INFO:     127.0.0.1:50964 - "POST /v1/completions HTTP/1.1" 200 OK
Worker: http://localhost:8001, Tokens: 202305.0
Worker: http://localhost:8002, Tokens: 208938.0
Selected worker: http://localhost:8002
INFO:     127.0.0.1:50966 - "POST /v1/completions HTTP/1.1" 200 OK
Worker: http://localhost:8001, Tokens: 202305.0
Worker: http://localhost:8002, Tokens: 207740.0
Selected worker: http://localhost:8001
INFO:     127.0.0.1:50970 - "POST /v1/completions HTTP/1.1" 200 OK
Worker: http://localhost:8001, Tokens: 203873.0
Worker: http://localhost:8002, Tokens: 207729.0
Selected worker: http://localhost:8002
INFO:     127.0.0.1:50974 - "POST /v1/completions HTTP/1.1" 200 OK
Worker: http://localhost:8001, Tokens: 202468.0
Worker: http://localhost:8002, Tokens: 207710.0
Selected worker: http://localhost:8001
INFO:     127.0.0.1:50980 - "POST /v1/completions HTTP/1.1" 200 OK
Worker: http://localhost:8001, Tokens: 204490.0
Worker: http://localhost:8002, Tokens: 207710.0
Selected worker: http://localhost:8002
INFO:     127.0.0.1:50992 - "POST /v1/completions HTTP/1.1" 200 OK
Worker: http://localhost:8001, Tokens: 204490.0
Worker: http://localhost:8002, Tokens: 213438.0
Selected worker: http://localhost:8001
INFO:     127.0.0.1:50998 - "POST /v1/completions HTTP/1.1" 200 OK
Worker: http://localhost:8001, Tokens: 204523.0
Worker: http://localhost:8002, Tokens: 213438.0
Selected worker: http://localhost:8002
INFO:     127.0.0.1:51008 - "POST /v1/completions HTTP/1.1" 200 OK
Worker: http://localhost:8001, Tokens: 202619.0
Worker: http://localhost:8002, Tokens: 213474.0
Selected worker: http://localhost:8001
INFO:     127.0.0.1:51010 - "POST /v1/completions HTTP/1.1" 200 OK
Worker: http://localhost:8001, Tokens: 202629.0
Worker: http://localhost:8002, Tokens: 213474.0
Selected worker: http://localhost:8002
INFO:     127.0.0.1:51016 - "POST /v1/completions HTTP/1.1" 200 OK
Worker: http://localhost:8001, Tokens: 202629.0
Worker: http://localhost:8002, Tokens: 213492.0
Selected worker: http://localhost:8001
INFO:     127.0.0.1:51028 - "POST /v1/completions HTTP/1.1" 200 OK
Worker: http://localhost:8001, Tokens: 203762.0
Worker: http://localhost:8002, Tokens: 213492.0
Selected worker: http://localhost:8002
INFO:     127.0.0.1:51034 - "POST /v1/completions HTTP/1.1" 200 OK
Worker: http://localhost:8001, Tokens: 203762.0
Worker: http://localhost:8002, Tokens: 213475.0
Selected worker: http://localhost:8001
INFO:     127.0.0.1:51044 - "POST /v1/completions HTTP/1.1" 200 OK
Worker: http://localhost:8001, Tokens: 202485.0
Worker: http://localhost:8002, Tokens: 213475.0
Selected worker: http://localhost:8002
INFO:     127.0.0.1:51052 - "POST /v1/completions HTTP/1.1" 200 OK
Worker: http://localhost:8001, Tokens: 202485.0
Worker: http://localhost:8002, Tokens: 213486.0
Selected worker: http://localhost:8001
INFO:     127.0.0.1:51054 - "POST /v1/completions HTTP/1.1" 200 OK
Worker: http://localhost:8001, Tokens: 202499.0
Worker: http://localhost:8002, Tokens: 213486.0
Selected worker: http://localhost:8002
INFO:     127.0.0.1:51068 - "POST /v1/completions HTTP/1.1" 200 OK
Worker: http://localhost:8001, Tokens: 200811.0
Worker: http://localhost:8002, Tokens: 213479.0
Selected worker: http://localhost:8001
INFO:     127.0.0.1:51084 - "POST /v1/completions HTTP/1.1" 200 OK
Worker: http://localhost:8001, Tokens: 200836.0
Worker: http://localhost:8002, Tokens: 213479.0
Selected worker: http://localhost:8002
INFO:     127.0.0.1:51092 - "POST /v1/completions HTTP/1.1" 200 OK
Worker: http://localhost:8001, Tokens: 207637.0
Worker: http://localhost:8002, Tokens: 213480.0
Selected worker: http://localhost:8001
INFO:     127.0.0.1:51100 - "POST /v1/completions HTTP/1.1" 200 OK
Worker: http://localhost:8001, Tokens: 207659.0
Worker: http://localhost:8002, Tokens: 213480.0
Selected worker: http://localhost:8002
INFO:     127.0.0.1:51102 - "POST /v1/completions HTTP/1.1" 200 OK
Worker: http://localhost:8001, Tokens: 207659.0
Worker: http://localhost:8002, Tokens: 213458.0
Selected worker: http://localhost:8001
INFO:     127.0.0.1:51118 - "POST /v1/completions HTTP/1.1" 200 OK
Worker: http://localhost:8001, Tokens: 208776.0
Worker: http://localhost:8002, Tokens: 213458.0
Selected worker: http://localhost:8002
INFO:     127.0.0.1:51132 - "POST /v1/completions HTTP/1.1" 200 OK
Worker: http://localhost:8001, Tokens: 207208.0
Worker: http://localhost:8002, Tokens: 213441.0
Selected worker: http://localhost:8001
INFO:     127.0.0.1:51144 - "POST /v1/completions HTTP/1.1" 200 OK
Worker: http://localhost:8001, Tokens: 205142.0
Worker: http://localhost:8002, Tokens: 213441.0
Selected worker: http://localhost:8002
INFO:     127.0.0.1:51146 - "POST /v1/completions HTTP/1.1" 200 OK
Worker: http://localhost:8001, Tokens: 205142.0
Worker: http://localhost:8002, Tokens: 215194.0
Selected worker: http://localhost:8001
INFO:     127.0.0.1:51160 - "POST /v1/completions HTTP/1.1" 200 OK
Worker: http://localhost:8001, Tokens: 205150.0
Worker: http://localhost:8002, Tokens: 215194.0
Selected worker: http://localhost:8002
INFO:     127.0.0.1:51164 - "POST /v1/completions HTTP/1.1" 200 OK
Worker: http://localhost:8001, Tokens: 204000.0
Worker: http://localhost:8002, Tokens: 217265.0
Selected worker: http://localhost:8001
INFO:     127.0.0.1:51178 - "POST /v1/completions HTTP/1.1" 200 OK
Worker: http://localhost:8001, Tokens: 203987.0
Worker: http://localhost:8002, Tokens: 217265.0
Selected worker: http://localhost:8002
INFO:     127.0.0.1:51186 - "POST /v1/completions HTTP/1.1" 200 OK
Worker: http://localhost:8001, Tokens: 203987.0
Worker: http://localhost:8002, Tokens: 217262.0
Selected worker: http://localhost:8001
INFO:     127.0.0.1:51188 - "POST /v1/completions HTTP/1.1" 200 OK
Worker: http://localhost:8001, Tokens: 205115.0
Worker: http://localhost:8002, Tokens: 217262.0
Selected worker: http://localhost:8002
INFO:     127.0.0.1:51192 - "POST /v1/completions HTTP/1.1" 200 OK
Worker: http://localhost:8001, Tokens: 205115.0
Worker: http://localhost:8002, Tokens: 213743.0
Selected worker: http://localhost:8001
INFO:     127.0.0.1:51200 - "POST /v1/completions HTTP/1.1" 200 OK
Worker: http://localhost:8001, Tokens: 205102.0
Worker: http://localhost:8002, Tokens: 213743.0
Selected worker: http://localhost:8002
INFO:     127.0.0.1:51208 - "POST /v1/completions HTTP/1.1" 200 OK
Worker: http://localhost:8001, Tokens: 205102.0
Worker: http://localhost:8002, Tokens: 213753.0
Selected worker: http://localhost:8001
INFO:     127.0.0.1:51214 - "POST /v1/completions HTTP/1.1" 200 OK
Worker: http://localhost:8001, Tokens: 205110.0
Worker: http://localhost:8002, Tokens: 213753.0
Selected worker: http://localhost:8002
INFO:     127.0.0.1:51228 - "POST /v1/completions HTTP/1.1" 200 OK
Worker: http://localhost:8001, Tokens: 203993.0
Worker: http://localhost:8002, Tokens: 213744.0
Selected worker: http://localhost:8001
INFO:     127.0.0.1:51238 - "POST /v1/completions HTTP/1.1" 200 OK
Worker: http://localhost:8001, Tokens: 204003.0
Worker: http://localhost:8002, Tokens: 213744.0
Selected worker: http://localhost:8002
INFO:     127.0.0.1:51244 - "POST /v1/completions HTTP/1.1" 200 OK
Worker: http://localhost:8001, Tokens: 204003.0
Worker: http://localhost:8002, Tokens: 213764.0
Selected worker: http://localhost:8001
INFO:     127.0.0.1:51254 - "POST /v1/completions HTTP/1.1" 200 OK
Worker: http://localhost:8001, Tokens: 204036.0
Worker: http://localhost:8002, Tokens: 213764.0
Selected worker: http://localhost:8002
INFO:     127.0.0.1:51266 - "POST /v1/completions HTTP/1.1" 200 OK
Worker: http://localhost:8001, Tokens: 204036.0
Worker: http://localhost:8002, Tokens: 213787.0
Selected worker: http://localhost:8001
INFO:     127.0.0.1:51272 - "POST /v1/completions HTTP/1.1" 200 OK
Worker: http://localhost:8001, Tokens: 204056.0
Worker: http://localhost:8002, Tokens: 213787.0
Selected worker: http://localhost:8002
INFO:     127.0.0.1:51278 - "POST /v1/completions HTTP/1.1" 200 OK
Worker: http://localhost:8001, Tokens: 204056.0
Worker: http://localhost:8002, Tokens: 213805.0
Selected worker: http://localhost:8001
INFO:     127.0.0.1:51280 - "POST /v1/completions HTTP/1.1" 200 OK
Worker: http://localhost:8001, Tokens: 204069.0
Worker: http://localhost:8002, Tokens: 213805.0
Selected worker: http://localhost:8002
INFO:     127.0.0.1:51282 - "POST /v1/completions HTTP/1.1" 200 OK
Worker: http://localhost:8001, Tokens: 215101.0
Worker: http://localhost:8002, Tokens: 212065.0
Selected worker: http://localhost:8001
INFO:     127.0.0.1:51290 - "POST /v1/completions HTTP/1.1" 200 OK
Worker: http://localhost:8001, Tokens: 213947.0
Worker: http://localhost:8002, Tokens: 212065.0
Selected worker: http://localhost:8002
INFO:     127.0.0.1:51296 - "POST /v1/completions HTTP/1.1" 200 OK
Worker: http://localhost:8001, Tokens: 213947.0
Worker: http://localhost:8002, Tokens: 211195.0
Selected worker: http://localhost:8001
INFO:     127.0.0.1:51300 - "POST /v1/completions HTTP/1.1" 200 OK
Worker: http://localhost:8001, Tokens: 213968.0
Worker: http://localhost:8002, Tokens: 211164.0
Selected worker: http://localhost:8002
INFO:     127.0.0.1:51314 - "POST /v1/completions HTTP/1.1" 200 OK
Worker: http://localhost:8001, Tokens: 213968.0
Worker: http://localhost:8002, Tokens: 212402.0
Selected worker: http://localhost:8001
INFO:     127.0.0.1:51328 - "POST /v1/completions HTTP/1.1" 200 OK
Worker: http://localhost:8001, Tokens: 213958.0
Worker: http://localhost:8002, Tokens: 212402.0
Selected worker: http://localhost:8002
INFO:     127.0.0.1:51338 - "POST /v1/completions HTTP/1.1" 200 OK
Worker: http://localhost:8001, Tokens: 213958.0
Worker: http://localhost:8002, Tokens: 212389.0
Selected worker: http://localhost:8001
INFO:     127.0.0.1:51340 - "POST /v1/completions HTTP/1.1" 200 OK
Worker: http://localhost:8001, Tokens: 215233.0
Worker: http://localhost:8002, Tokens: 212389.0
Selected worker: http://localhost:8002
INFO:     127.0.0.1:51352 - "POST /v1/completions HTTP/1.1" 200 OK
Worker: http://localhost:8001, Tokens: 215233.0
Worker: http://localhost:8002, Tokens: 212400.0
Selected worker: http://localhost:8001
INFO:     127.0.0.1:51368 - "POST /v1/completions HTTP/1.1" 200 OK
Worker: http://localhost:8001, Tokens: 215218.0
Worker: http://localhost:8002, Tokens: 212400.0
Selected worker: http://localhost:8002
INFO:     127.0.0.1:51376 - "POST /v1/completions HTTP/1.1" 200 OK
Worker: http://localhost:8001, Tokens: 215218.0
Worker: http://localhost:8002, Tokens: 212387.0
Selected worker: http://localhost:8001
INFO:     127.0.0.1:51386 - "POST /v1/completions HTTP/1.1" 200 OK
Worker: http://localhost:8001, Tokens: 215212.0
Worker: http://localhost:8002, Tokens: 212387.0
Selected worker: http://localhost:8002
INFO:     127.0.0.1:51398 - "POST /v1/completions HTTP/1.1" 200 OK
Worker: http://localhost:8001, Tokens: 215212.0
Worker: http://localhost:8002, Tokens: 218985.0
Selected worker: http://localhost:8001
INFO:     127.0.0.1:51410 - "POST /v1/completions HTTP/1.1" 200 OK
Worker: http://localhost:8001, Tokens: 215215.0
Worker: http://localhost:8002, Tokens: 218985.0
Selected worker: http://localhost:8002
INFO:     127.0.0.1:51412 - "POST /v1/completions HTTP/1.1" 200 OK
Worker: http://localhost:8001, Tokens: 215215.0
Worker: http://localhost:8002, Tokens: 218990.0
Selected worker: http://localhost:8001
INFO:     127.0.0.1:51414 - "POST /v1/completions HTTP/1.1" 200 OK
Worker: http://localhost:8001, Tokens: 215191.0
Worker: http://localhost:8002, Tokens: 217750.0
Selected worker: http://localhost:8002
INFO:     127.0.0.1:51426 - "POST /v1/completions HTTP/1.1" 200 OK
Worker: http://localhost:8001, Tokens: 215191.0
Worker: http://localhost:8002, Tokens: 217763.0
Selected worker: http://localhost:8001
INFO:     127.0.0.1:51432 - "POST /v1/completions HTTP/1.1" 200 OK
Worker: http://localhost:8001, Tokens: 215225.0
Worker: http://localhost:8002, Tokens: 217763.0
Selected worker: http://localhost:8002
INFO:     127.0.0.1:51434 - "POST /v1/completions HTTP/1.1" 200 OK
Worker: http://localhost:8001, Tokens: 215225.0
Worker: http://localhost:8002, Tokens: 216533.0
Selected worker: http://localhost:8001
INFO:     127.0.0.1:51442 - "POST /v1/completions HTTP/1.1" 200 OK
Worker: http://localhost:8001, Tokens: 216411.0
Worker: http://localhost:8002, Tokens: 216526.0
Selected worker: http://localhost:8002
INFO:     127.0.0.1:51452 - "POST /v1/completions HTTP/1.1" 200 OK
Worker: http://localhost:8001, Tokens: 216411.0
Worker: http://localhost:8002, Tokens: 216510.0
Selected worker: http://localhost:8001
INFO:     127.0.0.1:51460 - "POST /v1/completions HTTP/1.1" 200 OK
Worker: http://localhost:8001, Tokens: 215131.0
Worker: http://localhost:8002, Tokens: 216510.0
Selected worker: http://localhost:8002
INFO:     127.0.0.1:51464 - "POST /v1/completions HTTP/1.1" 200 OK
Worker: http://localhost:8001, Tokens: 215125.0
Worker: http://localhost:8002, Tokens: 216530.0
Selected worker: http://localhost:8001
INFO:     127.0.0.1:51480 - "POST /v1/completions HTTP/1.1" 200 OK
Worker: http://localhost:8001, Tokens: 215137.0
Worker: http://localhost:8002, Tokens: 216530.0
Selected worker: http://localhost:8002
INFO:     127.0.0.1:51496 - "POST /v1/completions HTTP/1.1" 200 OK
Worker: http://localhost:8001, Tokens: 218488.0
Worker: http://localhost:8002, Tokens: 216534.0
Selected worker: http://localhost:8001
INFO:     127.0.0.1:51506 - "POST /v1/completions HTTP/1.1" 200 OK
Worker: http://localhost:8001, Tokens: 218505.0
Worker: http://localhost:8002, Tokens: 216534.0
Selected worker: http://localhost:8002
INFO:     127.0.0.1:51518 - "POST /v1/completions HTTP/1.1" 200 OK
Worker: http://localhost:8001, Tokens: 218505.0
Worker: http://localhost:8002, Tokens: 216536.0
Selected worker: http://localhost:8001
INFO:     127.0.0.1:51526 - "POST /v1/completions HTTP/1.1" 200 OK
Worker: http://localhost:8001, Tokens: 218506.0
Worker: http://localhost:8002, Tokens: 216536.0
Selected worker: http://localhost:8002
INFO:     127.0.0.1:51540 - "POST /v1/completions HTTP/1.1" 200 OK
Worker: http://localhost:8001, Tokens: 218506.0
Worker: http://localhost:8002, Tokens: 216538.0
Selected worker: http://localhost:8001
INFO:     127.0.0.1:51542 - "POST /v1/completions HTTP/1.1" 200 OK
Worker: http://localhost:8001, Tokens: 218480.0
Worker: http://localhost:8002, Tokens: 216538.0
Selected worker: http://localhost:8002
INFO:     127.0.0.1:51550 - "POST /v1/completions HTTP/1.1" 200 OK
Worker: http://localhost:8001, Tokens: 218480.0
Worker: http://localhost:8002, Tokens: 216519.0
Selected worker: http://localhost:8001
INFO:     127.0.0.1:51564 - "POST /v1/completions HTTP/1.1" 200 OK
Worker: http://localhost:8001, Tokens: 218482.0
Worker: http://localhost:8002, Tokens: 216519.0
Selected worker: http://localhost:8002
INFO:     127.0.0.1:51568 - "POST /v1/completions HTTP/1.1" 200 OK
Worker: http://localhost:8001, Tokens: 218482.0
Worker: http://localhost:8002, Tokens: 216515.0
Selected worker: http://localhost:8001
INFO:     127.0.0.1:51582 - "POST /v1/completions HTTP/1.1" 200 OK
Worker: http://localhost:8001, Tokens: 217306.0
Worker: http://localhost:8002, Tokens: 216515.0
Selected worker: http://localhost:8002
INFO:     127.0.0.1:51590 - "POST /v1/completions HTTP/1.1" 200 OK
Worker: http://localhost:8001, Tokens: 217270.0
Worker: http://localhost:8002, Tokens: 217577.0
Selected worker: http://localhost:8001
INFO:     127.0.0.1:51606 - "POST /v1/completions HTTP/1.1" 200 OK
Worker: http://localhost:8001, Tokens: 217262.0
Worker: http://localhost:8002, Tokens: 217577.0
Selected worker: http://localhost:8002
INFO:     127.0.0.1:51614 - "POST /v1/completions HTTP/1.1" 200 OK
Worker: http://localhost:8001, Tokens: 217262.0
Worker: http://localhost:8002, Tokens: 222188.0
Selected worker: http://localhost:8001
INFO:     127.0.0.1:51630 - "POST /v1/completions HTTP/1.1" 200 OK
Worker: http://localhost:8001, Tokens: 218739.0
Worker: http://localhost:8002, Tokens: 222188.0
Selected worker: http://localhost:8002
INFO:     127.0.0.1:51642 - "POST /v1/completions HTTP/1.1" 200 OK
Worker: http://localhost:8001, Tokens: 218739.0
Worker: http://localhost:8002, Tokens: 222205.0
Selected worker: http://localhost:8001
INFO:     127.0.0.1:51646 - "POST /v1/completions HTTP/1.1" 200 OK
Worker: http://localhost:8001, Tokens: 218762.0
Worker: http://localhost:8002, Tokens: 222205.0
Selected worker: http://localhost:8002
INFO:     127.0.0.1:51654 - "POST /v1/completions HTTP/1.1" 200 OK
Worker: http://localhost:8001, Tokens: 218762.0
Worker: http://localhost:8002, Tokens: 222200.0
Selected worker: http://localhost:8001
INFO:     127.0.0.1:51670 - "POST /v1/completions HTTP/1.1" 200 OK
Worker: http://localhost:8001, Tokens: 218751.0
Worker: http://localhost:8002, Tokens: 222200.0
Selected worker: http://localhost:8002
INFO:     127.0.0.1:51676 - "POST /v1/completions HTTP/1.1" 200 OK
Worker: http://localhost:8001, Tokens: 218751.0
Worker: http://localhost:8002, Tokens: 222224.0
Selected worker: http://localhost:8001
INFO:     127.0.0.1:51686 - "POST /v1/completions HTTP/1.1" 200 OK
Worker: http://localhost:8001, Tokens: 218759.0
Worker: http://localhost:8002, Tokens: 222224.0
Selected worker: http://localhost:8002
INFO:     127.0.0.1:51702 - "POST /v1/completions HTTP/1.1" 200 OK
Worker: http://localhost:8001, Tokens: 218759.0
Worker: http://localhost:8002, Tokens: 222225.0
Selected worker: http://localhost:8001
INFO:     127.0.0.1:51704 - "POST /v1/completions HTTP/1.1" 200 OK
Worker: http://localhost:8001, Tokens: 218775.0
Worker: http://localhost:8002, Tokens: 222225.0
Selected worker: http://localhost:8002
INFO:     127.0.0.1:51706 - "POST /v1/completions HTTP/1.1" 200 OK
Worker: http://localhost:8001, Tokens: 218775.0
Worker: http://localhost:8002, Tokens: 222245.0
Selected worker: http://localhost:8001
INFO:     127.0.0.1:51714 - "POST /v1/completions HTTP/1.1" 200 OK
Worker: http://localhost:8001, Tokens: 221257.0
Worker: http://localhost:8002, Tokens: 222245.0
Selected worker: http://localhost:8002
INFO:     127.0.0.1:51718 - "POST /v1/completions HTTP/1.1" 200 OK
Worker: http://localhost:8001, Tokens: 220276.0
Worker: http://localhost:8002, Tokens: 223636.0
Selected worker: http://localhost:8001
INFO:     127.0.0.1:51734 - "POST /v1/completions HTTP/1.1" 200 OK
Worker: http://localhost:8001, Tokens: 220301.0
Worker: http://localhost:8002, Tokens: 223636.0
Selected worker: http://localhost:8002
INFO:     127.0.0.1:51738 - "POST /v1/completions HTTP/1.1" 200 OK
Worker: http://localhost:8001, Tokens: 220301.0
Worker: http://localhost:8002, Tokens: 222500.0
Selected worker: http://localhost:8001
INFO:     127.0.0.1:51744 - "POST /v1/completions HTTP/1.1" 200 OK
Worker: http://localhost:8001, Tokens: 220308.0
Worker: http://localhost:8002, Tokens: 222500.0
Selected worker: http://localhost:8002
INFO:     127.0.0.1:51754 - "POST /v1/completions HTTP/1.1" 200 OK
Worker: http://localhost:8001, Tokens: 218774.0
Worker: http://localhost:8002, Tokens: 222531.0
Selected worker: http://localhost:8001
INFO:     127.0.0.1:51768 - "POST /v1/completions HTTP/1.1" 200 OK
Worker: http://localhost:8001, Tokens: 218787.0
Worker: http://localhost:8002, Tokens: 222531.0
Selected worker: http://localhost:8002
INFO:     127.0.0.1:51778 - "POST /v1/completions HTTP/1.1" 200 OK
Worker: http://localhost:8001, Tokens: 218787.0
Worker: http://localhost:8002, Tokens: 223544.0
Selected worker: http://localhost:8001
INFO:     127.0.0.1:51780 - "POST /v1/completions HTTP/1.1" 200 OK
Worker: http://localhost:8001, Tokens: 223722.0
Worker: http://localhost:8002, Tokens: 223544.0
Selected worker: http://localhost:8002
INFO:     127.0.0.1:51786 - "POST /v1/completions HTTP/1.1" 200 OK
Worker: http://localhost:8001, Tokens: 223722.0
Worker: http://localhost:8002, Tokens: 225905.0
Selected worker: http://localhost:8001
INFO:     127.0.0.1:51792 - "POST /v1/completions HTTP/1.1" 200 OK
Worker: http://localhost:8001, Tokens: 223712.0
Worker: http://localhost:8002, Tokens: 225905.0
Selected worker: http://localhost:8002
INFO:     127.0.0.1:51796 - "POST /v1/completions HTTP/1.1" 200 OK
Worker: http://localhost:8001, Tokens: 223712.0
Worker: http://localhost:8002, Tokens: 225905.0
Selected worker: http://localhost:8001
INFO:     127.0.0.1:51800 - "POST /v1/completions HTTP/1.1" 200 OK
Worker: http://localhost:8001, Tokens: 223761.0
Worker: http://localhost:8002, Tokens: 225905.0
Selected worker: http://localhost:8002
INFO:     127.0.0.1:51812 - "POST /v1/completions HTTP/1.1" 200 OK
Worker: http://localhost:8001, Tokens: 223761.0
Worker: http://localhost:8002, Tokens: 224987.0
Selected worker: http://localhost:8001
INFO:     127.0.0.1:51816 - "POST /v1/completions HTTP/1.1" 200 OK
Worker: http://localhost:8001, Tokens: 225741.0
Worker: http://localhost:8002, Tokens: 224987.0
Selected worker: http://localhost:8002
INFO:     127.0.0.1:51828 - "POST /v1/completions HTTP/1.1" 200 OK
Worker: http://localhost:8001, Tokens: 225741.0
Worker: http://localhost:8002, Tokens: 223602.0
Selected worker: http://localhost:8001
INFO:     127.0.0.1:51836 - "POST /v1/completions HTTP/1.1" 200 OK
Worker: http://localhost:8001, Tokens: 224637.0
Worker: http://localhost:8002, Tokens: 223588.0
Selected worker: http://localhost:8002
INFO:     127.0.0.1:51844 - "POST /v1/completions HTTP/1.1" 200 OK
Worker: http://localhost:8001, Tokens: 224630.0
Worker: http://localhost:8002, Tokens: 223559.0
Selected worker: http://localhost:8001
INFO:     127.0.0.1:51856 - "POST /v1/completions HTTP/1.1" 200 OK
Worker: http://localhost:8001, Tokens: 224612.0
Worker: http://localhost:8002, Tokens: 223559.0
Selected worker: http://localhost:8002
INFO:     127.0.0.1:51858 - "POST /v1/completions HTTP/1.1" 200 OK
Worker: http://localhost:8001, Tokens: 224612.0
Worker: http://localhost:8002, Tokens: 223570.0
Selected worker: http://localhost:8001
INFO:     127.0.0.1:51862 - "POST /v1/completions HTTP/1.1" 200 OK
Worker: http://localhost:8001, Tokens: 224650.0
Worker: http://localhost:8002, Tokens: 223570.0
Selected worker: http://localhost:8002
INFO:     127.0.0.1:51868 - "POST /v1/completions HTTP/1.1" 200 OK
Worker: http://localhost:8001, Tokens: 224650.0
Worker: http://localhost:8002, Tokens: 222537.0
Selected worker: http://localhost:8001
INFO:     127.0.0.1:51884 - "POST /v1/completions HTTP/1.1" 200 OK
Worker: http://localhost:8001, Tokens: 224668.0
Worker: http://localhost:8002, Tokens: 222537.0
Selected worker: http://localhost:8002
INFO:     127.0.0.1:51892 - "POST /v1/completions HTTP/1.1" 200 OK
Worker: http://localhost:8001, Tokens: 224668.0
Worker: http://localhost:8002, Tokens: 222550.0
Selected worker: http://localhost:8001
INFO:     127.0.0.1:51900 - "POST /v1/completions HTTP/1.1" 200 OK
Worker: http://localhost:8001, Tokens: 224672.0
Worker: http://localhost:8002, Tokens: 222550.0
Selected worker: http://localhost:8002
INFO:     127.0.0.1:51910 - "POST /v1/completions HTTP/1.1" 200 OK
Worker: http://localhost:8001, Tokens: 225904.0
Worker: http://localhost:8002, Tokens: 222570.0
Selected worker: http://localhost:8001
INFO:     127.0.0.1:51922 - "POST /v1/completions HTTP/1.1" 200 OK
Worker: http://localhost:8001, Tokens: 225909.0
Worker: http://localhost:8002, Tokens: 220167.0
Selected worker: http://localhost:8002
INFO:     127.0.0.1:51936 - "POST /v1/completions HTTP/1.1" 200 OK
Worker: http://localhost:8001, Tokens: 225909.0
Worker: http://localhost:8002, Tokens: 222161.0
Selected worker: http://localhost:8001
INFO:     127.0.0.1:51944 - "POST /v1/completions HTTP/1.1" 200 OK
Worker: http://localhost:8001, Tokens: 225923.0
Worker: http://localhost:8002, Tokens: 222161.0
Selected worker: http://localhost:8002
INFO:     127.0.0.1:51958 - "POST /v1/completions HTTP/1.1" 200 OK
Worker: http://localhost:8001, Tokens: 225923.0
Worker: http://localhost:8002, Tokens: 223913.0
Selected worker: http://localhost:8001
INFO:     127.0.0.1:51960 - "POST /v1/completions HTTP/1.1" 200 OK
Worker: http://localhost:8001, Tokens: 225934.0
Worker: http://localhost:8002, Tokens: 223913.0
Selected worker: http://localhost:8002
INFO:     127.0.0.1:51962 - "POST /v1/completions HTTP/1.1" 200 OK
Worker: http://localhost:8001, Tokens: 225934.0
Worker: http://localhost:8002, Tokens: 223938.0
Selected worker: http://localhost:8001
INFO:     127.0.0.1:51972 - "POST /v1/completions HTTP/1.1" 200 OK
Worker: http://localhost:8001, Tokens: 225937.0
Worker: http://localhost:8002, Tokens: 223938.0
Selected worker: http://localhost:8002
INFO:     127.0.0.1:51980 - "POST /v1/completions HTTP/1.1" 200 OK
Worker: http://localhost:8001, Tokens: 225937.0
Worker: http://localhost:8002, Tokens: 223972.0
Selected worker: http://localhost:8001
INFO:     127.0.0.1:51986 - "POST /v1/completions HTTP/1.1" 200 OK
Worker: http://localhost:8001, Tokens: 225943.0
Worker: http://localhost:8002, Tokens: 223972.0
Selected worker: http://localhost:8002
INFO:     127.0.0.1:51996 - "POST /v1/completions HTTP/1.1" 200 OK
Worker: http://localhost:8001, Tokens: 220933.0
Worker: http://localhost:8002, Tokens: 225211.0
Selected worker: http://localhost:8001
INFO:     127.0.0.1:52006 - "POST /v1/completions HTTP/1.1" 200 OK
Worker: http://localhost:8001, Tokens: 220950.0
Worker: http://localhost:8002, Tokens: 225211.0
Selected worker: http://localhost:8002
INFO:     127.0.0.1:52014 - "POST /v1/completions HTTP/1.1" 200 OK
Worker: http://localhost:8001, Tokens: 220950.0
Worker: http://localhost:8002, Tokens: 231198.0
Selected worker: http://localhost:8001
INFO:     127.0.0.1:52022 - "POST /v1/completions HTTP/1.1" 200 OK
Worker: http://localhost:8001, Tokens: 218985.0
Worker: http://localhost:8002, Tokens: 231198.0
Selected worker: http://localhost:8002
INFO:     127.0.0.1:52036 - "POST /v1/completions HTTP/1.1" 200 OK
Worker: http://localhost:8001, Tokens: 218985.0
Worker: http://localhost:8002, Tokens: 231207.0
Selected worker: http://localhost:8001
INFO:     127.0.0.1:52038 - "POST /v1/completions HTTP/1.1" 200 OK
Worker: http://localhost:8001, Tokens: 218996.0
Worker: http://localhost:8002, Tokens: 231207.0
Selected worker: http://localhost:8002
INFO:     127.0.0.1:52050 - "POST /v1/completions HTTP/1.1" 200 OK
Worker: http://localhost:8001, Tokens: 218996.0
Worker: http://localhost:8002, Tokens: 231213.0
Selected worker: http://localhost:8001
INFO:     127.0.0.1:52052 - "POST /v1/completions HTTP/1.1" 200 OK
Worker: http://localhost:8001, Tokens: 218568.0
Worker: http://localhost:8002, Tokens: 231213.0
Selected worker: http://localhost:8002
INFO:     127.0.0.1:52068 - "POST /v1/completions HTTP/1.1" 200 OK
Worker: http://localhost:8001, Tokens: 218568.0
Worker: http://localhost:8002, Tokens: 231249.0
Selected worker: http://localhost:8001
INFO:     127.0.0.1:52080 - "POST /v1/completions HTTP/1.1" 200 OK
Worker: http://localhost:8001, Tokens: 218574.0
Worker: http://localhost:8002, Tokens: 231249.0
Selected worker: http://localhost:8002
INFO:     127.0.0.1:52084 - "POST /v1/completions HTTP/1.1" 200 OK
Worker: http://localhost:8001, Tokens: 218574.0
Worker: http://localhost:8002, Tokens: 229265.0
Selected worker: http://localhost:8001
INFO:     127.0.0.1:52098 - "POST /v1/completions HTTP/1.1" 200 OK
Worker: http://localhost:8001, Tokens: 218597.0
Worker: http://localhost:8002, Tokens: 227465.0
Selected worker: http://localhost:8002
INFO:     127.0.0.1:52104 - "POST /v1/completions HTTP/1.1" 200 OK
Worker: http://localhost:8001, Tokens: 218597.0
Worker: http://localhost:8002, Tokens: 229670.0
Selected worker: http://localhost:8001
INFO:     127.0.0.1:52106 - "POST /v1/completions HTTP/1.1" 200 OK
Worker: http://localhost:8001, Tokens: 218594.0
Worker: http://localhost:8002, Tokens: 229670.0
Selected worker: http://localhost:8002
INFO:     127.0.0.1:52116 - "POST /v1/completions HTTP/1.1" 200 OK
Worker: http://localhost:8001, Tokens: 238640.0
Worker: http://localhost:8002, Tokens: 230923.0
Selected worker: http://localhost:8001
INFO:     127.0.0.1:52122 - "POST /v1/completions HTTP/1.1" 200 OK
Worker: http://localhost:8001, Tokens: 238641.0
Worker: http://localhost:8002, Tokens: 230923.0
Selected worker: http://localhost:8002
INFO:     127.0.0.1:52132 - "POST /v1/completions HTTP/1.1" 200 OK
Worker: http://localhost:8001, Tokens: 238641.0
Worker: http://localhost:8002, Tokens: 230934.0
Selected worker: http://localhost:8001
INFO:     127.0.0.1:52148 - "POST /v1/completions HTTP/1.1" 200 OK
Worker: http://localhost:8001, Tokens: 238644.0
Worker: http://localhost:8002, Tokens: 230934.0
Selected worker: http://localhost:8002
INFO:     127.0.0.1:52156 - "POST /v1/completions HTTP/1.1" 200 OK
Worker: http://localhost:8001, Tokens: 238644.0
Worker: http://localhost:8002, Tokens: 230760.0
Selected worker: http://localhost:8001
INFO:     127.0.0.1:52164 - "POST /v1/completions HTTP/1.1" 200 OK
Worker: http://localhost:8001, Tokens: 238660.0
Worker: http://localhost:8002, Tokens: 230760.0
Selected worker: http://localhost:8002
INFO:     127.0.0.1:52170 - "POST /v1/completions HTTP/1.1" 200 OK
Worker: http://localhost:8001, Tokens: 238660.0
Worker: http://localhost:8002, Tokens: 230808.0
Selected worker: http://localhost:8001
INFO:     127.0.0.1:52178 - "POST /v1/completions HTTP/1.1" 200 OK
Worker: http://localhost:8001, Tokens: 240812.0
Worker: http://localhost:8002, Tokens: 230808.0
Selected worker: http://localhost:8002
INFO:     127.0.0.1:52188 - "POST /v1/completions HTTP/1.1" 200 OK
Worker: http://localhost:8001, Tokens: 240812.0
Worker: http://localhost:8002, Tokens: 230810.0
Selected worker: http://localhost:8001
INFO:     127.0.0.1:52196 - "POST /v1/completions HTTP/1.1" 200 OK
Worker: http://localhost:8001, Tokens: 240842.0
Worker: http://localhost:8002, Tokens: 228136.0
Selected worker: http://localhost:8002
INFO:     127.0.0.1:52200 - "POST /v1/completions HTTP/1.1" 200 OK
Worker: http://localhost:8001, Tokens: 240842.0
Worker: http://localhost:8002, Tokens: 228146.0
Selected worker: http://localhost:8001
INFO:     127.0.0.1:52206 - "POST /v1/completions HTTP/1.1" 200 OK
Worker: http://localhost:8001, Tokens: 240848.0
Worker: http://localhost:8002, Tokens: 228146.0
Selected worker: http://localhost:8002
INFO:     127.0.0.1:52220 - "POST /v1/completions HTTP/1.1" 200 OK
Worker: http://localhost:8001, Tokens: 240848.0
Worker: http://localhost:8002, Tokens: 243248.0
Selected worker: http://localhost:8001
INFO:     127.0.0.1:52232 - "POST /v1/completions HTTP/1.1" 200 OK
Worker: http://localhost:8001, Tokens: 240870.0
Worker: http://localhost:8002, Tokens: 243248.0
Selected worker: http://localhost:8002
INFO:     127.0.0.1:52240 - "POST /v1/completions HTTP/1.1" 200 OK
Worker: http://localhost:8001, Tokens: 239725.0
Worker: http://localhost:8002, Tokens: 243266.0
Selected worker: http://localhost:8001
INFO:     127.0.0.1:52248 - "POST /v1/completions HTTP/1.1" 200 OK
Worker: http://localhost:8001, Tokens: 239732.0
Worker: http://localhost:8002, Tokens: 241022.0
Selected worker: http://localhost:8002
INFO:     127.0.0.1:57042 - "POST /v1/completions HTTP/1.1" 200 OK
Worker: http://localhost:8001, Tokens: 239732.0
Worker: http://localhost:8002, Tokens: 240825.0
Selected worker: http://localhost:8001
INFO:     127.0.0.1:57056 - "POST /v1/completions HTTP/1.1" 200 OK
Worker: http://localhost:8001, Tokens: 240733.0
Worker: http://localhost:8002, Tokens: 240825.0
Selected worker: http://localhost:8002
INFO:     127.0.0.1:57064 - "POST /v1/completions HTTP/1.1" 200 OK
Worker: http://localhost:8001, Tokens: 240733.0
Worker: http://localhost:8002, Tokens: 240836.0
Selected worker: http://localhost:8001
INFO:     127.0.0.1:57072 - "POST /v1/completions HTTP/1.1" 200 OK
Worker: http://localhost:8001, Tokens: 240748.0
Worker: http://localhost:8002, Tokens: 240836.0
Selected worker: http://localhost:8002
INFO:     127.0.0.1:57080 - "POST /v1/completions HTTP/1.1" 200 OK
Worker: http://localhost:8001, Tokens: 240748.0
Worker: http://localhost:8002, Tokens: 239749.0
Selected worker: http://localhost:8001
INFO:     127.0.0.1:57088 - "POST /v1/completions HTTP/1.1" 200 OK
Worker: http://localhost:8001, Tokens: 240772.0
Worker: http://localhost:8002, Tokens: 239747.0
Selected worker: http://localhost:8002
INFO:     127.0.0.1:57102 - "POST /v1/completions HTTP/1.1" 200 OK
Worker: http://localhost:8001, Tokens: 240772.0
Worker: http://localhost:8002, Tokens: 239747.0
Selected worker: http://localhost:8001
INFO:     127.0.0.1:57116 - "POST /v1/completions HTTP/1.1" 200 OK
Worker: http://localhost:8001, Tokens: 238604.0
Worker: http://localhost:8002, Tokens: 239747.0
Selected worker: http://localhost:8002
INFO:     127.0.0.1:57132 - "POST /v1/completions HTTP/1.1" 200 OK
Worker: http://localhost:8001, Tokens: 247411.0
Worker: http://localhost:8002, Tokens: 239776.0
Selected worker: http://localhost:8001
INFO:     127.0.0.1:57134 - "POST /v1/completions HTTP/1.1" 200 OK
Worker: http://localhost:8001, Tokens: 247398.0
Worker: http://localhost:8002, Tokens: 239776.0
Selected worker: http://localhost:8002
INFO:     127.0.0.1:57144 - "POST /v1/completions HTTP/1.1" 200 OK
Worker: http://localhost:8001, Tokens: 247398.0
Worker: http://localhost:8002, Tokens: 239777.0
Selected worker: http://localhost:8001
INFO:     127.0.0.1:57146 - "POST /v1/completions HTTP/1.1" 200 OK
Worker: http://localhost:8001, Tokens: 247400.0
Worker: http://localhost:8002, Tokens: 238723.0
Selected worker: http://localhost:8002
INFO:     127.0.0.1:57158 - "POST /v1/completions HTTP/1.1" 200 OK
Worker: http://localhost:8001, Tokens: 247400.0
Worker: http://localhost:8002, Tokens: 238759.0
Selected worker: http://localhost:8001
INFO:     127.0.0.1:57164 - "POST /v1/completions HTTP/1.1" 200 OK
Worker: http://localhost:8001, Tokens: 249333.0
Worker: http://localhost:8002, Tokens: 238759.0
Selected worker: http://localhost:8002
INFO:     127.0.0.1:57166 - "POST /v1/completions HTTP/1.1" 200 OK
Worker: http://localhost:8001, Tokens: 249333.0
Worker: http://localhost:8002, Tokens: 237709.0
Selected worker: http://localhost:8001
INFO:     127.0.0.1:57172 - "POST /v1/completions HTTP/1.1" 200 OK
Worker: http://localhost:8001, Tokens: 248315.0
Worker: http://localhost:8002, Tokens: 237709.0
Selected worker: http://localhost:8002
INFO:     127.0.0.1:57188 - "POST /v1/completions HTTP/1.1" 200 OK
Worker: http://localhost:8001, Tokens: 248315.0
Worker: http://localhost:8002, Tokens: 239722.0
Selected worker: http://localhost:8001
INFO:     127.0.0.1:57194 - "POST /v1/completions HTTP/1.1" 200 OK
Worker: http://localhost:8001, Tokens: 248301.0
Worker: http://localhost:8002, Tokens: 239722.0
Selected worker: http://localhost:8002
INFO:     127.0.0.1:57210 - "POST /v1/completions HTTP/1.1" 200 OK
Worker: http://localhost:8001, Tokens: 248301.0
Worker: http://localhost:8002, Tokens: 239744.0
Selected worker: http://localhost:8001
INFO:     127.0.0.1:57214 - "POST /v1/completions HTTP/1.1" 200 OK
Worker: http://localhost:8001, Tokens: 248311.0
Worker: http://localhost:8002, Tokens: 239744.0
Selected worker: http://localhost:8002
INFO:     127.0.0.1:57216 - "POST /v1/completions HTTP/1.1" 200 OK
Worker: http://localhost:8001, Tokens: 248311.0
Worker: http://localhost:8002, Tokens: 253953.0
Selected worker: http://localhost:8001
INFO:     127.0.0.1:57230 - "POST /v1/completions HTTP/1.1" 200 OK
Worker: http://localhost:8001, Tokens: 248310.0
Worker: http://localhost:8002, Tokens: 253953.0
Selected worker: http://localhost:8002
INFO:     127.0.0.1:57232 - "POST /v1/completions HTTP/1.1" 200 OK
Worker: http://localhost:8001, Tokens: 248310.0
Worker: http://localhost:8002, Tokens: 253965.0
Selected worker: http://localhost:8001
INFO:     127.0.0.1:57238 - "POST /v1/completions HTTP/1.1" 200 OK
Worker: http://localhost:8001, Tokens: 248301.0
Worker: http://localhost:8002, Tokens: 253965.0
Selected worker: http://localhost:8002
INFO:     127.0.0.1:57254 - "POST /v1/completions HTTP/1.1" 200 OK
Worker: http://localhost:8001, Tokens: 248301.0
Worker: http://localhost:8002, Tokens: 253955.0
Selected worker: http://localhost:8001
INFO:     127.0.0.1:57262 - "POST /v1/completions HTTP/1.1" 200 OK
Worker: http://localhost:8001, Tokens: 249596.0
Worker: http://localhost:8002, Tokens: 253955.0
Selected worker: http://localhost:8002
INFO:     127.0.0.1:57264 - "POST /v1/completions HTTP/1.1" 200 OK
Worker: http://localhost:8001, Tokens: 249596.0
Worker: http://localhost:8002, Tokens: 253952.0
Selected worker: http://localhost:8001
INFO:     127.0.0.1:57278 - "POST /v1/completions HTTP/1.1" 200 OK
Worker: http://localhost:8001, Tokens: 249605.0
Worker: http://localhost:8002, Tokens: 253952.0
Selected worker: http://localhost:8002
INFO:     127.0.0.1:57294 - "POST /v1/completions HTTP/1.1" 200 OK
Worker: http://localhost:8001, Tokens: 249605.0
Worker: http://localhost:8002, Tokens: 253957.0
Selected worker: http://localhost:8001
INFO:     127.0.0.1:57296 - "POST /v1/completions HTTP/1.1" 200 OK
Worker: http://localhost:8001, Tokens: 247676.0
Worker: http://localhost:8002, Tokens: 253957.0
Selected worker: http://localhost:8002
INFO:     127.0.0.1:57306 - "POST /v1/completions HTTP/1.1" 200 OK
Worker: http://localhost:8001, Tokens: 247666.0
Worker: http://localhost:8002, Tokens: 256095.0
Selected worker: http://localhost:8001
INFO:     127.0.0.1:57322 - "POST /v1/completions HTTP/1.1" 200 OK
Worker: http://localhost:8001, Tokens: 247651.0
Worker: http://localhost:8002, Tokens: 256095.0
Selected worker: http://localhost:8002
INFO:     127.0.0.1:57338 - "POST /v1/completions HTTP/1.1" 200 OK
Worker: http://localhost:8001, Tokens: 251429.0
Worker: http://localhost:8002, Tokens: 254029.0
Selected worker: http://localhost:8001
INFO:     127.0.0.1:57342 - "POST /v1/completions HTTP/1.1" 200 OK
Worker: http://localhost:8001, Tokens: 252946.0
Worker: http://localhost:8002, Tokens: 254014.0
Selected worker: http://localhost:8002
INFO:     127.0.0.1:57344 - "POST /v1/completions HTTP/1.1" 200 OK
Worker: http://localhost:8001, Tokens: 252946.0
Worker: http://localhost:8002, Tokens: 254010.0
Selected worker: http://localhost:8001
INFO:     127.0.0.1:57360 - "POST /v1/completions HTTP/1.1" 200 OK
Worker: http://localhost:8001, Tokens: 254758.0
Worker: http://localhost:8002, Tokens: 254010.0
Selected worker: http://localhost:8002
INFO:     127.0.0.1:57368 - "POST /v1/completions HTTP/1.1" 200 OK
Worker: http://localhost:8001, Tokens: 254758.0
Worker: http://localhost:8002, Tokens: 253988.0
Selected worker: http://localhost:8001
INFO:     127.0.0.1:57378 - "POST /v1/completions HTTP/1.1" 200 OK
Worker: http://localhost:8001, Tokens: 257894.0
Worker: http://localhost:8002, Tokens: 253988.0
Selected worker: http://localhost:8002
INFO:     127.0.0.1:57382 - "POST /v1/completions HTTP/1.1" 200 OK
Worker: http://localhost:8001, Tokens: 257894.0
Worker: http://localhost:8002, Tokens: 253966.0
Selected worker: http://localhost:8001
INFO:     127.0.0.1:57394 - "POST /v1/completions HTTP/1.1" 200 OK
Worker: http://localhost:8001, Tokens: 258036.0
Worker: http://localhost:8002, Tokens: 253966.0
Selected worker: http://localhost:8002
INFO:     127.0.0.1:57400 - "POST /v1/completions HTTP/1.1" 200 OK
Worker: http://localhost:8001, Tokens: 258027.0
Worker: http://localhost:8002, Tokens: 253964.0
Selected worker: http://localhost:8001
INFO:     127.0.0.1:57416 - "POST /v1/completions HTTP/1.1" 200 OK
Worker: http://localhost:8001, Tokens: 258022.0
Worker: http://localhost:8002, Tokens: 253964.0
Selected worker: http://localhost:8002
INFO:     127.0.0.1:57432 - "POST /v1/completions HTTP/1.1" 200 OK
Worker: http://localhost:8001, Tokens: 258022.0
Worker: http://localhost:8002, Tokens: 253965.0
Selected worker: http://localhost:8001
INFO:     127.0.0.1:57434 - "POST /v1/completions HTTP/1.1" 200 OK
Worker: http://localhost:8001, Tokens: 258018.0
Worker: http://localhost:8002, Tokens: 253965.0
Selected worker: http://localhost:8002
INFO:     127.0.0.1:57436 - "POST /v1/completions HTTP/1.1" 200 OK
Worker: http://localhost:8001, Tokens: 258018.0
Worker: http://localhost:8002, Tokens: 256908.0
Selected worker: http://localhost:8001
INFO:     127.0.0.1:57450 - "POST /v1/completions HTTP/1.1" 200 OK
Worker: http://localhost:8001, Tokens: 258025.0
Worker: http://localhost:8002, Tokens: 256908.0
Selected worker: http://localhost:8002
INFO:     127.0.0.1:57464 - "POST /v1/completions HTTP/1.1" 200 OK
Worker: http://localhost:8001, Tokens: 258025.0
Worker: http://localhost:8002, Tokens: 254753.0
Selected worker: http://localhost:8001
INFO:     127.0.0.1:57468 - "POST /v1/completions HTTP/1.1" 200 OK
Worker: http://localhost:8001, Tokens: 257887.0
Worker: http://localhost:8002, Tokens: 254753.0
Selected worker: http://localhost:8002
INFO:     127.0.0.1:57474 - "POST /v1/completions HTTP/1.1" 200 OK
Worker: http://localhost:8001, Tokens: 257887.0
Worker: http://localhost:8002, Tokens: 254760.0
Selected worker: http://localhost:8001
INFO:     127.0.0.1:57486 - "POST /v1/completions HTTP/1.1" 200 OK
Worker: http://localhost:8001, Tokens: 257915.0
Worker: http://localhost:8002, Tokens: 254760.0
Selected worker: http://localhost:8002
INFO:     127.0.0.1:57490 - "POST /v1/completions HTTP/1.1" 200 OK
Worker: http://localhost:8001, Tokens: 257915.0
Worker: http://localhost:8002, Tokens: 254770.0
Selected worker: http://localhost:8001
INFO:     127.0.0.1:57496 - "POST /v1/completions HTTP/1.1" 200 OK
Worker: http://localhost:8001, Tokens: 257936.0
Worker: http://localhost:8002, Tokens: 254770.0
Selected worker: http://localhost:8002
INFO:     127.0.0.1:57498 - "POST /v1/completions HTTP/1.1" 200 OK
Worker: http://localhost:8001, Tokens: 257936.0
Worker: http://localhost:8002, Tokens: 254787.0
Selected worker: http://localhost:8001
INFO:     127.0.0.1:57514 - "POST /v1/completions HTTP/1.1" 200 OK
Worker: http://localhost:8001, Tokens: 257979.0
Worker: http://localhost:8002, Tokens: 254787.0
Selected worker: http://localhost:8002
INFO:     127.0.0.1:57526 - "POST /v1/completions HTTP/1.1" 200 OK
Worker: http://localhost:8001, Tokens: 256153.0
Worker: http://localhost:8002, Tokens: 254795.0
Selected worker: http://localhost:8001
INFO:     127.0.0.1:57534 - "POST /v1/completions HTTP/1.1" 200 OK
Worker: http://localhost:8001, Tokens: 256184.0
Worker: http://localhost:8002, Tokens: 254795.0
Selected worker: http://localhost:8002
INFO:     127.0.0.1:57542 - "POST /v1/completions HTTP/1.1" 200 OK
Worker: http://localhost:8001, Tokens: 257134.0
Worker: http://localhost:8002, Tokens: 254787.0
Selected worker: http://localhost:8001
INFO:     127.0.0.1:57552 - "POST /v1/completions HTTP/1.1" 200 OK
Worker: http://localhost:8001, Tokens: 257142.0
Worker: http://localhost:8002, Tokens: 254787.0
Selected worker: http://localhost:8002
INFO:     127.0.0.1:57556 - "POST /v1/completions HTTP/1.1" 200 OK
Worker: http://localhost:8001, Tokens: 257142.0
Worker: http://localhost:8002, Tokens: 256538.0
Selected worker: http://localhost:8001
INFO:     127.0.0.1:57560 - "POST /v1/completions HTTP/1.1" 200 OK
Worker: http://localhost:8001, Tokens: 258704.0
Worker: http://localhost:8002, Tokens: 256538.0
Selected worker: http://localhost:8002
INFO:     127.0.0.1:57576 - "POST /v1/completions HTTP/1.1" 200 OK
Worker: http://localhost:8001, Tokens: 254106.0
Worker: http://localhost:8002, Tokens: 256571.0
Selected worker: http://localhost:8001
INFO:     127.0.0.1:57584 - "POST /v1/completions HTTP/1.1" 200 OK
Worker: http://localhost:8001, Tokens: 254112.0
Worker: http://localhost:8002, Tokens: 256571.0
Selected worker: http://localhost:8002
INFO:     127.0.0.1:57586 - "POST /v1/completions HTTP/1.1" 200 OK
Worker: http://localhost:8001, Tokens: 254112.0
Worker: http://localhost:8002, Tokens: 256566.0
Selected worker: http://localhost:8001
INFO:     127.0.0.1:57588 - "POST /v1/completions HTTP/1.1" 200 OK
Worker: http://localhost:8001, Tokens: 252682.0
Worker: http://localhost:8002, Tokens: 256566.0
Selected worker: http://localhost:8002
INFO:     127.0.0.1:57594 - "POST /v1/completions HTTP/1.1" 200 OK
Worker: http://localhost:8001, Tokens: 252682.0
Worker: http://localhost:8002, Tokens: 256578.0
Selected worker: http://localhost:8001
INFO:     127.0.0.1:57610 - "POST /v1/completions HTTP/1.1" 200 OK
Worker: http://localhost:8001, Tokens: 252665.0
Worker: http://localhost:8002, Tokens: 256578.0
Selected worker: http://localhost:8002
INFO:     127.0.0.1:57626 - "POST /v1/completions HTTP/1.1" 200 OK
Worker: http://localhost:8001, Tokens: 252665.0
Worker: http://localhost:8002, Tokens: 256575.0
Selected worker: http://localhost:8001
INFO:     127.0.0.1:57630 - "POST /v1/completions HTTP/1.1" 200 OK
Worker: http://localhost:8001, Tokens: 252635.0
Worker: http://localhost:8002, Tokens: 256575.0
Selected worker: http://localhost:8002
INFO:     127.0.0.1:57644 - "POST /v1/completions HTTP/1.1" 200 OK
Worker: http://localhost:8001, Tokens: 252635.0
Worker: http://localhost:8002, Tokens: 259700.0
Selected worker: http://localhost:8001
INFO:     127.0.0.1:57650 - "POST /v1/completions HTTP/1.1" 200 OK
Worker: http://localhost:8001, Tokens: 252637.0
Worker: http://localhost:8002, Tokens: 259700.0
Selected worker: http://localhost:8002
INFO:     127.0.0.1:57666 - "POST /v1/completions HTTP/1.1" 200 OK
Worker: http://localhost:8001, Tokens: 252637.0
Worker: http://localhost:8002, Tokens: 259718.0
Selected worker: http://localhost:8001
INFO:     127.0.0.1:57678 - "POST /v1/completions HTTP/1.1" 200 OK
Worker: http://localhost:8001, Tokens: 252645.0
Worker: http://localhost:8002, Tokens: 259718.0
Selected worker: http://localhost:8002
INFO:     127.0.0.1:57694 - "POST /v1/completions HTTP/1.1" 200 OK
Worker: http://localhost:8001, Tokens: 252645.0
Worker: http://localhost:8002, Tokens: 259740.0
Selected worker: http://localhost:8001
INFO:     127.0.0.1:57702 - "POST /v1/completions HTTP/1.1" 200 OK
Worker: http://localhost:8001, Tokens: 251085.0
Worker: http://localhost:8002, Tokens: 257935.0
Selected worker: http://localhost:8002
INFO:     127.0.0.1:57704 - "POST /v1/completions HTTP/1.1" 200 OK
Worker: http://localhost:8001, Tokens: 251085.0
Worker: http://localhost:8002, Tokens: 257968.0
Selected worker: http://localhost:8001
INFO:     127.0.0.1:57708 - "POST /v1/completions HTTP/1.1" 200 OK
Worker: http://localhost:8001, Tokens: 251108.0
Worker: http://localhost:8002, Tokens: 257968.0
Selected worker: http://localhost:8002
INFO:     127.0.0.1:57714 - "POST /v1/completions HTTP/1.1" 200 OK
Worker: http://localhost:8001, Tokens: 251108.0
Worker: http://localhost:8002, Tokens: 257940.0
Selected worker: http://localhost:8001
INFO:     127.0.0.1:57724 - "POST /v1/completions HTTP/1.1" 200 OK
Worker: http://localhost:8001, Tokens: 251089.0
Worker: http://localhost:8002, Tokens: 257940.0
Selected worker: http://localhost:8002
INFO:     127.0.0.1:57730 - "POST /v1/completions HTTP/1.1" 200 OK
Worker: http://localhost:8001, Tokens: 251089.0
Worker: http://localhost:8002, Tokens: 257940.0
Selected worker: http://localhost:8001
INFO:     127.0.0.1:57746 - "POST /v1/completions HTTP/1.1" 200 OK
Worker: http://localhost:8001, Tokens: 252465.0
Worker: http://localhost:8002, Tokens: 257940.0
Selected worker: http://localhost:8002
INFO:     127.0.0.1:57758 - "POST /v1/completions HTTP/1.1" 200 OK
Worker: http://localhost:8001, Tokens: 266836.0
Worker: http://localhost:8002, Tokens: 257948.0
Selected worker: http://localhost:8001
INFO:     127.0.0.1:57772 - "POST /v1/completions HTTP/1.1" 200 OK
Worker: http://localhost:8001, Tokens: 266842.0
Worker: http://localhost:8002, Tokens: 257948.0
Selected worker: http://localhost:8002
INFO:     127.0.0.1:57782 - "POST /v1/completions HTTP/1.1" 200 OK
Worker: http://localhost:8001, Tokens: 266842.0
Worker: http://localhost:8002, Tokens: 257951.0
Selected worker: http://localhost:8001
INFO:     127.0.0.1:57790 - "POST /v1/completions HTTP/1.1" 200 OK
Worker: http://localhost:8001, Tokens: 266850.0
Worker: http://localhost:8002, Tokens: 257951.0
Selected worker: http://localhost:8002
INFO:     127.0.0.1:57802 - "POST /v1/completions HTTP/1.1" 200 OK
