Initialized with strategy: pow_2
Worker: http://localhost:8001, Running: 0.0, Waiting: 0.0
Worker: http://localhost:8001, qlen: 0.0
Worker: http://localhost:8001, Tokens: 0.0
Worker: http://localhost:8002, Running: 0.0, Waiting: 0.0
Worker: http://localhost:8002, qlen: 0.0
Worker: http://localhost:8002, Tokens: 0.0
Selected worker: http://localhost:8002
INFO:     127.0.0.1:54002 - "GET /v1/models HTTP/1.1" 200 OK
Worker: http://localhost:8001, Running: 0.0, Waiting: 0.0
Worker: http://localhost:8001, qlen: 0.0
Worker: http://localhost:8001, Tokens: 0.0
Worker: http://localhost:8002, Running: 0.0, Waiting: 0.0
Worker: http://localhost:8002, qlen: 0.0
Worker: http://localhost:8002, Tokens: 0.0
Selected worker: http://localhost:8001
INFO:     127.0.0.1:37864 - "POST /v1/completions HTTP/1.1" 200 OK
Worker: http://localhost:8001, Running: 0.0, Waiting: 0.0
Worker: http://localhost:8001, qlen: 0.0
Worker: http://localhost:8001, Tokens: 2639.0
Worker: http://localhost:8002, Running: 0.0, Waiting: 0.0
Worker: http://localhost:8002, qlen: 0.0
Worker: http://localhost:8002, Tokens: 0.0
Selected worker: http://localhost:8002
INFO:     127.0.0.1:48342 - "POST /v1/completions HTTP/1.1" 200 OK
Worker: http://localhost:8001, Running: 0.0, Waiting: 0.0
Worker: http://localhost:8001, qlen: 0.0
Worker: http://localhost:8001, Tokens: 2639.0
Worker: http://localhost:8002, Running: 0.0, Waiting: 0.0
Worker: http://localhost:8002, qlen: 0.0
Worker: http://localhost:8002, Tokens: 2932.0
Selected worker: http://localhost:8002
INFO:     127.0.0.1:48354 - "POST /v1/completions HTTP/1.1" 200 OK
Worker: http://localhost:8001, Running: 0.0, Waiting: 0.0
Worker: http://localhost:8001, qlen: 0.0
Worker: http://localhost:8001, Tokens: 2639.0
Worker: http://localhost:8002, Running: 0.0, Waiting: 0.0
Worker: http://localhost:8002, qlen: 0.0
Worker: http://localhost:8002, Tokens: 3217.0
Selected worker: http://localhost:8001
INFO:     127.0.0.1:48368 - "POST /v1/completions HTTP/1.1" 200 OK
Worker: http://localhost:8001, Running: 0.0, Waiting: 0.0
Worker: http://localhost:8001, qlen: 0.0
Worker: http://localhost:8001, Tokens: 5951.0
Worker: http://localhost:8002, Running: 0.0, Waiting: 0.0
Worker: http://localhost:8002, qlen: 0.0
Worker: http://localhost:8002, Tokens: 3217.0
Selected worker: http://localhost:8001
INFO:     127.0.0.1:48378 - "POST /v1/completions HTTP/1.1" 200 OK
Worker: http://localhost:8001, Running: 0.0, Waiting: 0.0
Worker: http://localhost:8001, qlen: 0.0
Worker: http://localhost:8001, Tokens: 6221.0
Worker: http://localhost:8002, Running: 0.0, Waiting: 0.0
Worker: http://localhost:8002, qlen: 0.0
Worker: http://localhost:8002, Tokens: 3217.0
Selected worker: http://localhost:8001
INFO:     127.0.0.1:48392 - "POST /v1/completions HTTP/1.1" 200 OK
Worker: http://localhost:8001, Running: 0.0, Waiting: 0.0
Worker: http://localhost:8001, qlen: 0.0
Worker: http://localhost:8001, Tokens: 11642.0
Worker: http://localhost:8002, Running: 0.0, Waiting: 0.0
Worker: http://localhost:8002, qlen: 0.0
Worker: http://localhost:8002, Tokens: 3217.0
Selected worker: http://localhost:8001
INFO:     127.0.0.1:48400 - "POST /v1/completions HTTP/1.1" 200 OK
Worker: http://localhost:8001, Running: 0.0, Waiting: 0.0
Worker: http://localhost:8001, qlen: 0.0
Worker: http://localhost:8001, Tokens: 11938.0
Worker: http://localhost:8002, Running: 0.0, Waiting: 0.0
Worker: http://localhost:8002, qlen: 0.0
Worker: http://localhost:8002, Tokens: 3217.0
Selected worker: http://localhost:8001
INFO:     127.0.0.1:48408 - "POST /v1/completions HTTP/1.1" 200 OK
Worker: http://localhost:8001, Running: 0.0, Waiting: 0.0
Worker: http://localhost:8001, qlen: 0.0
Worker: http://localhost:8001, Tokens: 17685.0
Worker: http://localhost:8002, Running: 0.0, Waiting: 0.0
Worker: http://localhost:8002, qlen: 0.0
Worker: http://localhost:8002, Tokens: 3217.0
Selected worker: http://localhost:8001
INFO:     127.0.0.1:48420 - "POST /v1/completions HTTP/1.1" 200 OK
Worker: http://localhost:8001, Running: 0.0, Waiting: 0.0
Worker: http://localhost:8001, qlen: 0.0
Worker: http://localhost:8001, Tokens: 17997.0
Worker: http://localhost:8002, Running: 0.0, Waiting: 0.0
Worker: http://localhost:8002, qlen: 0.0
Worker: http://localhost:8002, Tokens: 3217.0
Selected worker: http://localhost:8002
INFO:     127.0.0.1:48432 - "POST /v1/completions HTTP/1.1" 200 OK
Worker: http://localhost:8001, Running: 0.0, Waiting: 0.0
Worker: http://localhost:8001, qlen: 0.0
Worker: http://localhost:8001, Tokens: 17997.0
Worker: http://localhost:8002, Running: 0.0, Waiting: 0.0
Worker: http://localhost:8002, qlen: 0.0
Worker: http://localhost:8002, Tokens: 0.0
Selected worker: http://localhost:8002
INFO:     127.0.0.1:48446 - "POST /v1/completions HTTP/1.1" 200 OK
Worker: http://localhost:8001, Running: 0.0, Waiting: 0.0
Worker: http://localhost:8001, qlen: 0.0
Worker: http://localhost:8001, Tokens: 17997.0
Worker: http://localhost:8002, Running: 0.0, Waiting: 0.0
Worker: http://localhost:8002, qlen: 0.0
Worker: http://localhost:8002, Tokens: 271.0
Selected worker: http://localhost:8001
INFO:     127.0.0.1:48458 - "POST /v1/completions HTTP/1.1" 200 OK
Worker: http://localhost:8001, Running: 0.0, Waiting: 0.0
Worker: http://localhost:8001, qlen: 0.0
Worker: http://localhost:8001, Tokens: 35839.0
Worker: http://localhost:8002, Running: 0.0, Waiting: 0.0
Worker: http://localhost:8002, qlen: 0.0
Worker: http://localhost:8002, Tokens: 271.0
Selected worker: http://localhost:8001
INFO:     127.0.0.1:48464 - "POST /v1/completions HTTP/1.1" 200 OK
Worker: http://localhost:8001, Running: 0.0, Waiting: 0.0
Worker: http://localhost:8001, qlen: 0.0
Worker: http://localhost:8001, Tokens: 36109.0
Worker: http://localhost:8002, Running: 0.0, Waiting: 0.0
Worker: http://localhost:8002, qlen: 0.0
Worker: http://localhost:8002, Tokens: 271.0
Selected worker: http://localhost:8001
INFO:     127.0.0.1:48472 - "POST /v1/completions HTTP/1.1" 200 OK
Worker: http://localhost:8001, Running: 0.0, Waiting: 0.0
Worker: http://localhost:8001, qlen: 0.0
Worker: http://localhost:8001, Tokens: 39327.0
Worker: http://localhost:8002, Running: 0.0, Waiting: 0.0
Worker: http://localhost:8002, qlen: 0.0
Worker: http://localhost:8002, Tokens: 271.0
Selected worker: http://localhost:8002
INFO:     127.0.0.1:48488 - "POST /v1/completions HTTP/1.1" 200 OK
Worker: http://localhost:8001, Running: 0.0, Waiting: 0.0
Worker: http://localhost:8001, qlen: 0.0
Worker: http://localhost:8001, Tokens: 39327.0
Worker: http://localhost:8002, Running: 0.0, Waiting: 0.0
Worker: http://localhost:8002, qlen: 0.0
Worker: http://localhost:8002, Tokens: 531.0
Selected worker: http://localhost:8002
INFO:     127.0.0.1:48494 - "POST /v1/completions HTTP/1.1" 200 OK
Worker: http://localhost:8001, Running: 0.0, Waiting: 0.0
Worker: http://localhost:8001, qlen: 0.0
Worker: http://localhost:8001, Tokens: 39327.0
Worker: http://localhost:8002, Running: 0.0, Waiting: 0.0
Worker: http://localhost:8002, qlen: 0.0
Worker: http://localhost:8002, Tokens: 3966.0
Selected worker: http://localhost:8001
INFO:     127.0.0.1:48500 - "POST /v1/completions HTTP/1.1" 200 OK
Worker: http://localhost:8001, Running: 0.0, Waiting: 0.0
Worker: http://localhost:8001, qlen: 0.0
Worker: http://localhost:8001, Tokens: 39626.0
Worker: http://localhost:8002, Running: 0.0, Waiting: 0.0
Worker: http://localhost:8002, qlen: 0.0
Worker: http://localhost:8002, Tokens: 3966.0
Selected worker: http://localhost:8001
INFO:     127.0.0.1:48502 - "POST /v1/completions HTTP/1.1" 200 OK
Worker: http://localhost:8001, Running: 0.0, Waiting: 0.0
Worker: http://localhost:8001, qlen: 0.0
Worker: http://localhost:8001, Tokens: 42777.0
Worker: http://localhost:8002, Running: 0.0, Waiting: 0.0
Worker: http://localhost:8002, qlen: 0.0
Worker: http://localhost:8002, Tokens: 3966.0
Selected worker: http://localhost:8001
INFO:     127.0.0.1:48514 - "POST /v1/completions HTTP/1.1" 200 OK
Worker: http://localhost:8001, Running: 0.0, Waiting: 0.0
Worker: http://localhost:8001, qlen: 0.0
Worker: http://localhost:8001, Tokens: 43042.0
Worker: http://localhost:8002, Running: 0.0, Waiting: 0.0
Worker: http://localhost:8002, qlen: 0.0
Worker: http://localhost:8002, Tokens: 3966.0
Selected worker: http://localhost:8001
INFO:     127.0.0.1:48518 - "POST /v1/completions HTTP/1.1" 200 OK
Worker: http://localhost:8001, Running: 0.0, Waiting: 0.0
Worker: http://localhost:8001, qlen: 0.0
Worker: http://localhost:8001, Tokens: 52141.0
Worker: http://localhost:8002, Running: 0.0, Waiting: 0.0
Worker: http://localhost:8002, qlen: 0.0
Worker: http://localhost:8002, Tokens: 3966.0
Selected worker: http://localhost:8002
INFO:     127.0.0.1:48534 - "POST /v1/completions HTTP/1.1" 200 OK
Worker: http://localhost:8001, Running: 0.0, Waiting: 0.0
Worker: http://localhost:8001, qlen: 0.0
Worker: http://localhost:8001, Tokens: 52141.0
Worker: http://localhost:8002, Running: 0.0, Waiting: 0.0
Worker: http://localhost:8002, qlen: 0.0
Worker: http://localhost:8002, Tokens: 4291.0
Selected worker: http://localhost:8001
INFO:     127.0.0.1:48536 - "POST /v1/completions HTTP/1.1" 200 OK
Worker: http://localhost:8001, Running: 1.0, Waiting: 0.0
Worker: http://localhost:8001, qlen: 1.0
Worker: http://localhost:8001, Tokens: 2639.0
Worker: http://localhost:8002, Running: 0.0, Waiting: 0.0
Worker: http://localhost:8002, qlen: 0.0
Worker: http://localhost:8002, Tokens: 4291.0
Selected worker: http://localhost:8002
INFO:     127.0.0.1:48540 - "POST /v1/completions HTTP/1.1" 200 OK
Worker: http://localhost:8001, Running: 1.0, Waiting: 0.0
Worker: http://localhost:8001, qlen: 1.0
Worker: http://localhost:8001, Tokens: 2639.0
Worker: http://localhost:8002, Running: 0.0, Waiting: 0.0
Worker: http://localhost:8002, qlen: 0.0
Worker: http://localhost:8002, Tokens: 4555.0
Selected worker: http://localhost:8002
INFO:     127.0.0.1:48546 - "POST /v1/completions HTTP/1.1" 200 OK
Worker: http://localhost:8001, Running: 1.0, Waiting: 0.0
Worker: http://localhost:8001, qlen: 1.0
Worker: http://localhost:8001, Tokens: 2639.0
Worker: http://localhost:8002, Running: 0.0, Waiting: 0.0
Worker: http://localhost:8002, qlen: 0.0
Worker: http://localhost:8002, Tokens: 7566.0
Selected worker: http://localhost:8002
INFO:     127.0.0.1:48560 - "POST /v1/completions HTTP/1.1" 200 OK
Worker: http://localhost:8001, Running: 1.0, Waiting: 0.0
Worker: http://localhost:8001, qlen: 1.0
Worker: http://localhost:8001, Tokens: 2639.0
Worker: http://localhost:8002, Running: 0.0, Waiting: 0.0
Worker: http://localhost:8002, qlen: 0.0
Worker: http://localhost:8002, Tokens: 7866.0
Selected worker: http://localhost:8002
INFO:     127.0.0.1:48562 - "POST /v1/completions HTTP/1.1" 200 OK
Worker: http://localhost:8001, Running: 1.0, Waiting: 0.0
Worker: http://localhost:8001, qlen: 1.0
Worker: http://localhost:8001, Tokens: 2639.0
Worker: http://localhost:8002, Running: 0.0, Waiting: 0.0
Worker: http://localhost:8002, qlen: 0.0
Worker: http://localhost:8002, Tokens: 11717.0
Selected worker: http://localhost:8002
INFO:     127.0.0.1:48570 - "POST /v1/completions HTTP/1.1" 200 OK
Worker: http://localhost:8001, Running: 1.0, Waiting: 0.0
Worker: http://localhost:8001, qlen: 1.0
Worker: http://localhost:8001, Tokens: 2639.0
Worker: http://localhost:8002, Running: 0.0, Waiting: 0.0
Worker: http://localhost:8002, qlen: 0.0
Worker: http://localhost:8002, Tokens: 11975.0
Selected worker: http://localhost:8002
INFO:     127.0.0.1:48586 - "POST /v1/completions HTTP/1.1" 200 OK
Worker: http://localhost:8001, Running: 1.0, Waiting: 0.0
Worker: http://localhost:8001, qlen: 1.0
Worker: http://localhost:8001, Tokens: 2639.0
Worker: http://localhost:8002, Running: 0.0, Waiting: 0.0
Worker: http://localhost:8002, qlen: 0.0
Worker: http://localhost:8002, Tokens: 15048.0
Selected worker: http://localhost:8002
INFO:     127.0.0.1:48600 - "POST /v1/completions HTTP/1.1" 200 OK
Worker: http://localhost:8001, Running: 1.0, Waiting: 0.0
Worker: http://localhost:8001, qlen: 1.0
Worker: http://localhost:8001, Tokens: 2639.0
Worker: http://localhost:8002, Running: 0.0, Waiting: 0.0
Worker: http://localhost:8002, qlen: 0.0
Worker: http://localhost:8002, Tokens: 15315.0
Selected worker: http://localhost:8002
INFO:     127.0.0.1:48604 - "POST /v1/completions HTTP/1.1" 200 OK
Worker: http://localhost:8001, Running: 1.0, Waiting: 0.0
Worker: http://localhost:8001, qlen: 1.0
Worker: http://localhost:8001, Tokens: 2639.0
Worker: http://localhost:8002, Running: 0.0, Waiting: 0.0
Worker: http://localhost:8002, qlen: 0.0
Worker: http://localhost:8002, Tokens: 18504.0
Selected worker: http://localhost:8002
INFO:     127.0.0.1:48612 - "POST /v1/completions HTTP/1.1" 200 OK
Worker: http://localhost:8001, Running: 1.0, Waiting: 0.0
Worker: http://localhost:8001, qlen: 1.0
Worker: http://localhost:8001, Tokens: 2639.0
Worker: http://localhost:8002, Running: 0.0, Waiting: 0.0
Worker: http://localhost:8002, qlen: 0.0
Worker: http://localhost:8002, Tokens: 18774.0
Selected worker: http://localhost:8002
INFO:     127.0.0.1:48614 - "POST /v1/completions HTTP/1.1" 200 OK
Worker: http://localhost:8001, Running: 1.0, Waiting: 0.0
Worker: http://localhost:8001, qlen: 1.0
Worker: http://localhost:8001, Tokens: 2639.0
Worker: http://localhost:8002, Running: 0.0, Waiting: 0.0
Worker: http://localhost:8002, qlen: 0.0
Worker: http://localhost:8002, Tokens: 23393.0
Selected worker: http://localhost:8002
INFO:     127.0.0.1:48630 - "POST /v1/completions HTTP/1.1" 200 OK
Worker: http://localhost:8001, Running: 14.0, Waiting: 0.0
Worker: http://localhost:8001, qlen: 14.0
Worker: http://localhost:8001, Tokens: 65032.0
Worker: http://localhost:8002, Running: 18.0, Waiting: 0.0
Worker: http://localhost:8002, qlen: 18.0
Worker: http://localhost:8002, Tokens: 49898.0
Selected worker: http://localhost:8001
INFO:     127.0.0.1:34274 - "POST /v1/completions HTTP/1.1" 200 OK
Worker: http://localhost:8001, Running: 14.0, Waiting: 0.0
Worker: http://localhost:8001, qlen: 14.0
Worker: http://localhost:8001, Tokens: 65144.0
Worker: http://localhost:8002, Running: 17.0, Waiting: 0.0
Worker: http://localhost:8002, qlen: 17.0
Worker: http://localhost:8002, Tokens: 50032.0
Selected worker: http://localhost:8001
INFO:     127.0.0.1:34290 - "POST /v1/completions HTTP/1.1" 200 OK
Worker: http://localhost:8001, Running: 14.0, Waiting: 0.0
Worker: http://localhost:8001, qlen: 14.0
Worker: http://localhost:8001, Tokens: 65144.0
Worker: http://localhost:8002, Running: 16.0, Waiting: 0.0
Worker: http://localhost:8002, qlen: 16.0
Worker: http://localhost:8002, Tokens: 50125.0
Selected worker: http://localhost:8001
INFO:     127.0.0.1:34296 - "POST /v1/completions HTTP/1.1" 200 OK
Worker: http://localhost:8001, Running: 15.0, Waiting: 0.0
Worker: http://localhost:8001, qlen: 15.0
Worker: http://localhost:8001, Tokens: 65158.0
Worker: http://localhost:8002, Running: 16.0, Waiting: 0.0
Worker: http://localhost:8002, qlen: 16.0
Worker: http://localhost:8002, Tokens: 49800.0
Selected worker: http://localhost:8001
INFO:     127.0.0.1:34310 - "POST /v1/completions HTTP/1.1" 200 OK
Worker: http://localhost:8001, Running: 15.0, Waiting: 0.0
Worker: http://localhost:8001, qlen: 15.0
Worker: http://localhost:8001, Tokens: 65432.0
Worker: http://localhost:8002, Running: 14.0, Waiting: 0.0
Worker: http://localhost:8002, qlen: 14.0
Worker: http://localhost:8002, Tokens: 50197.0
Selected worker: http://localhost:8002
INFO:     127.0.0.1:34316 - "POST /v1/completions HTTP/1.1" 200 OK
Worker: http://localhost:8001, Running: 16.0, Waiting: 0.0
Worker: http://localhost:8001, qlen: 16.0
Worker: http://localhost:8001, Tokens: 68017.0
Worker: http://localhost:8002, Running: 14.0, Waiting: 0.0
Worker: http://localhost:8002, qlen: 14.0
Worker: http://localhost:8002, Tokens: 53353.0
Selected worker: http://localhost:8002
INFO:     127.0.0.1:34328 - "POST /v1/completions HTTP/1.1" 200 OK
Worker: http://localhost:8001, Running: 16.0, Waiting: 0.0
Worker: http://localhost:8001, qlen: 16.0
Worker: http://localhost:8001, Tokens: 68017.0
Worker: http://localhost:8002, Running: 14.0, Waiting: 0.0
Worker: http://localhost:8002, qlen: 14.0
Worker: http://localhost:8002, Tokens: 53645.0
Selected worker: http://localhost:8002
INFO:     127.0.0.1:34344 - "POST /v1/completions HTTP/1.1" 200 OK
Worker: http://localhost:8001, Running: 17.0, Waiting: 0.0
Worker: http://localhost:8001, qlen: 17.0
Worker: http://localhost:8001, Tokens: 68033.0
Worker: http://localhost:8002, Running: 11.0, Waiting: 0.0
Worker: http://localhost:8002, qlen: 11.0
Worker: http://localhost:8002, Tokens: 50298.0
Selected worker: http://localhost:8002
INFO:     127.0.0.1:34348 - "POST /v1/completions HTTP/1.1" 200 OK
Worker: http://localhost:8001, Running: 18.0, Waiting: 0.0
Worker: http://localhost:8001, qlen: 18.0
Worker: http://localhost:8001, Tokens: 72085.0
Worker: http://localhost:8002, Running: 11.0, Waiting: 0.0
Worker: http://localhost:8002, qlen: 11.0
Worker: http://localhost:8002, Tokens: 50306.0
Selected worker: http://localhost:8002
INFO:     127.0.0.1:34362 - "POST /v1/completions HTTP/1.1" 200 OK
Worker: http://localhost:8001, Running: 18.0, Waiting: 0.0
Worker: http://localhost:8001, qlen: 18.0
Worker: http://localhost:8001, Tokens: 71959.0
Worker: http://localhost:8002, Running: 12.0, Waiting: 1.0
Worker: http://localhost:8002, qlen: 12.0
Worker: http://localhost:8002, Tokens: 54520.0
Selected worker: http://localhost:8002
INFO:     127.0.0.1:34378 - "POST /v1/completions HTTP/1.1" 200 OK
Worker: http://localhost:8001, Running: 17.0, Waiting: 0.0
Worker: http://localhost:8001, qlen: 17.0
Worker: http://localhost:8001, Tokens: 71987.0
Worker: http://localhost:8002, Running: 12.0, Waiting: 1.0
Worker: http://localhost:8002, qlen: 12.0
Worker: http://localhost:8002, Tokens: 54791.0
Selected worker: http://localhost:8002
INFO:     127.0.0.1:34380 - "POST /v1/completions HTTP/1.1" 200 OK
Worker: http://localhost:8001, Running: 17.0, Waiting: 0.0
Worker: http://localhost:8001, qlen: 17.0
Worker: http://localhost:8001, Tokens: 71675.0
Worker: http://localhost:8002, Running: 14.0, Waiting: 0.0
Worker: http://localhost:8002, qlen: 14.0
Worker: http://localhost:8002, Tokens: 57246.0
Selected worker: http://localhost:8002
INFO:     127.0.0.1:34386 - "POST /v1/completions HTTP/1.1" 200 OK
Worker: http://localhost:8001, Running: 15.0, Waiting: 0.0
Worker: http://localhost:8001, qlen: 15.0
Worker: http://localhost:8001, Tokens: 72230.0
Worker: http://localhost:8002, Running: 14.0, Waiting: 0.0
Worker: http://localhost:8002, qlen: 14.0
Worker: http://localhost:8002, Tokens: 57259.0
Selected worker: http://localhost:8002
INFO:     127.0.0.1:34400 - "POST /v1/completions HTTP/1.1" 200 OK
Worker: http://localhost:8001, Running: 15.0, Waiting: 0.0
Worker: http://localhost:8001, qlen: 15.0
Worker: http://localhost:8001, Tokens: 71666.0
Worker: http://localhost:8002, Running: 14.0, Waiting: 0.0
Worker: http://localhost:8002, qlen: 14.0
Worker: http://localhost:8002, Tokens: 57259.0
Selected worker: http://localhost:8002
INFO:     127.0.0.1:34402 - "POST /v1/completions HTTP/1.1" 200 OK
Worker: http://localhost:8001, Running: 15.0, Waiting: 0.0
Worker: http://localhost:8001, qlen: 15.0
Worker: http://localhost:8001, Tokens: 71666.0
Worker: http://localhost:8002, Running: 14.0, Waiting: 0.0
Worker: http://localhost:8002, qlen: 14.0
Worker: http://localhost:8002, Tokens: 57538.0
Selected worker: http://localhost:8002
INFO:     127.0.0.1:34418 - "POST /v1/completions HTTP/1.1" 200 OK
Worker: http://localhost:8001, Running: 12.0, Waiting: 0.0
Worker: http://localhost:8001, qlen: 12.0
Worker: http://localhost:8001, Tokens: 73276.0
Worker: http://localhost:8002, Running: 20.0, Waiting: 0.0
Worker: http://localhost:8002, qlen: 20.0
Worker: http://localhost:8002, Tokens: 78007.0
Selected worker: http://localhost:8001
INFO:     127.0.0.1:34422 - "POST /v1/completions HTTP/1.1" 200 OK
Worker: http://localhost:8001, Running: 13.0, Waiting: 0.0
Worker: http://localhost:8001, qlen: 13.0
Worker: http://localhost:8001, Tokens: 75036.0
Worker: http://localhost:8002, Running: 19.0, Waiting: 0.0
Worker: http://localhost:8002, qlen: 19.0
Worker: http://localhost:8002, Tokens: 83321.0
Selected worker: http://localhost:8001
INFO:     127.0.0.1:34438 - "POST /v1/completions HTTP/1.1" 200 OK
Worker: http://localhost:8001, Running: 12.0, Waiting: 0.0
Worker: http://localhost:8001, qlen: 12.0
Worker: http://localhost:8001, Tokens: 75095.0
Worker: http://localhost:8002, Running: 19.0, Waiting: 0.0
Worker: http://localhost:8002, qlen: 19.0
Worker: http://localhost:8002, Tokens: 83321.0
Selected worker: http://localhost:8001
INFO:     127.0.0.1:34450 - "POST /v1/completions HTTP/1.1" 200 OK
Worker: http://localhost:8001, Running: 13.0, Waiting: 0.0
Worker: http://localhost:8001, qlen: 13.0
Worker: http://localhost:8001, Tokens: 80471.0
Worker: http://localhost:8002, Running: 19.0, Waiting: 0.0
Worker: http://localhost:8002, qlen: 19.0
Worker: http://localhost:8002, Tokens: 85183.0
Selected worker: http://localhost:8001
INFO:     127.0.0.1:36076 - "POST /v1/completions HTTP/1.1" 200 OK
Worker: http://localhost:8001, Running: 12.0, Waiting: 0.0
Worker: http://localhost:8001, qlen: 12.0
Worker: http://localhost:8001, Tokens: 80808.0
Worker: http://localhost:8002, Running: 19.0, Waiting: 0.0
Worker: http://localhost:8002, qlen: 19.0
Worker: http://localhost:8002, Tokens: 85043.0
Selected worker: http://localhost:8001
INFO:     127.0.0.1:36084 - "POST /v1/completions HTTP/1.1" 200 OK
Worker: http://localhost:8001, Running: 12.0, Waiting: 0.0
Worker: http://localhost:8001, qlen: 12.0
Worker: http://localhost:8001, Tokens: 80820.0
Worker: http://localhost:8002, Running: 19.0, Waiting: 0.0
Worker: http://localhost:8002, qlen: 19.0
Worker: http://localhost:8002, Tokens: 84775.0
Selected worker: http://localhost:8001
INFO:     127.0.0.1:36088 - "POST /v1/completions HTTP/1.1" 200 OK
Worker: http://localhost:8001, Running: 13.0, Waiting: 0.0
Worker: http://localhost:8001, qlen: 13.0
Worker: http://localhost:8001, Tokens: 83137.0
Worker: http://localhost:8002, Running: 17.0, Waiting: 0.0
Worker: http://localhost:8002, qlen: 17.0
Worker: http://localhost:8002, Tokens: 85153.0
Selected worker: http://localhost:8001
INFO:     127.0.0.1:36100 - "POST /v1/completions HTTP/1.1" 200 OK
Worker: http://localhost:8001, Running: 13.0, Waiting: 0.0
Worker: http://localhost:8001, qlen: 13.0
Worker: http://localhost:8001, Tokens: 83403.0
Worker: http://localhost:8002, Running: 16.0, Waiting: 0.0
Worker: http://localhost:8002, qlen: 16.0
Worker: http://localhost:8002, Tokens: 85207.0
Selected worker: http://localhost:8001
INFO:     127.0.0.1:36110 - "POST /v1/completions HTTP/1.1" 200 OK
Worker: http://localhost:8001, Running: 13.0, Waiting: 0.0
Worker: http://localhost:8001, qlen: 13.0
Worker: http://localhost:8001, Tokens: 83137.0
Worker: http://localhost:8002, Running: 16.0, Waiting: 0.0
Worker: http://localhost:8002, qlen: 16.0
Worker: http://localhost:8002, Tokens: 84928.0
Selected worker: http://localhost:8001
INFO:     127.0.0.1:36118 - "POST /v1/completions HTTP/1.1" 200 OK
Worker: http://localhost:8001, Running: 18.0, Waiting: 0.0
Worker: http://localhost:8001, qlen: 18.0
Worker: http://localhost:8001, Tokens: 91076.0
Worker: http://localhost:8002, Running: 14.0, Waiting: 0.0
Worker: http://localhost:8002, qlen: 14.0
Worker: http://localhost:8002, Tokens: 87975.0
Selected worker: http://localhost:8002
INFO:     127.0.0.1:36132 - "POST /v1/completions HTTP/1.1" 200 OK
Worker: http://localhost:8001, Running: 17.0, Waiting: 0.0
Worker: http://localhost:8001, qlen: 17.0
Worker: http://localhost:8001, Tokens: 92857.0
Worker: http://localhost:8002, Running: 15.0, Waiting: 0.0
Worker: http://localhost:8002, qlen: 15.0
Worker: http://localhost:8002, Tokens: 94045.0
Selected worker: http://localhost:8002
INFO:     127.0.0.1:36846 - "POST /v1/completions HTTP/1.1" 200 OK
Worker: http://localhost:8001, Running: 17.0, Waiting: 0.0
Worker: http://localhost:8001, qlen: 17.0
Worker: http://localhost:8001, Tokens: 92591.0
Worker: http://localhost:8002, Running: 15.0, Waiting: 0.0
Worker: http://localhost:8002, qlen: 15.0
Worker: http://localhost:8002, Tokens: 94105.0
Selected worker: http://localhost:8002
INFO:     127.0.0.1:36858 - "POST /v1/completions HTTP/1.1" 200 OK
Worker: http://localhost:8001, Running: 17.0, Waiting: 0.0
Worker: http://localhost:8001, qlen: 17.0
Worker: http://localhost:8001, Tokens: 92328.0
Worker: http://localhost:8002, Running: 15.0, Waiting: 0.0
Worker: http://localhost:8002, qlen: 15.0
Worker: http://localhost:8002, Tokens: 97109.0
Selected worker: http://localhost:8002
INFO:     127.0.0.1:36872 - "POST /v1/completions HTTP/1.1" 200 OK
Worker: http://localhost:8001, Running: 14.0, Waiting: 0.0
Worker: http://localhost:8001, qlen: 14.0
Worker: http://localhost:8001, Tokens: 92101.0
Worker: http://localhost:8002, Running: 18.0, Waiting: 0.0
Worker: http://localhost:8002, qlen: 18.0
Worker: http://localhost:8002, Tokens: 98869.0
Selected worker: http://localhost:8001
INFO:     127.0.0.1:36886 - "POST /v1/completions HTTP/1.1" 200 OK
Worker: http://localhost:8001, Running: 13.0, Waiting: 0.0
Worker: http://localhost:8001, qlen: 13.0
Worker: http://localhost:8001, Tokens: 90034.0
Worker: http://localhost:8002, Running: 18.0, Waiting: 0.0
Worker: http://localhost:8002, qlen: 18.0
Worker: http://localhost:8002, Tokens: 98869.0
Selected worker: http://localhost:8001
INFO:     127.0.0.1:36888 - "POST /v1/completions HTTP/1.1" 200 OK
Worker: http://localhost:8001, Running: 13.0, Waiting: 0.0
Worker: http://localhost:8001, qlen: 13.0
Worker: http://localhost:8001, Tokens: 84577.0
Worker: http://localhost:8002, Running: 18.0, Waiting: 0.0
Worker: http://localhost:8002, qlen: 18.0
Worker: http://localhost:8002, Tokens: 98869.0
Selected worker: http://localhost:8001
INFO:     127.0.0.1:36898 - "POST /v1/completions HTTP/1.1" 200 OK
Worker: http://localhost:8001, Running: 14.0, Waiting: 0.0
Worker: http://localhost:8001, qlen: 14.0
Worker: http://localhost:8001, Tokens: 85604.0
Worker: http://localhost:8002, Running: 18.0, Waiting: 0.0
Worker: http://localhost:8002, qlen: 18.0
Worker: http://localhost:8002, Tokens: 99409.0
Selected worker: http://localhost:8001
INFO:     127.0.0.1:36900 - "POST /v1/completions HTTP/1.1" 200 OK
Worker: http://localhost:8001, Running: 14.0, Waiting: 0.0
Worker: http://localhost:8001, qlen: 14.0
Worker: http://localhost:8001, Tokens: 79512.0
Worker: http://localhost:8002, Running: 18.0, Waiting: 0.0
Worker: http://localhost:8002, qlen: 18.0
Worker: http://localhost:8002, Tokens: 99445.0
Selected worker: http://localhost:8001
INFO:     127.0.0.1:36902 - "POST /v1/completions HTTP/1.1" 200 OK
Worker: http://localhost:8001, Running: 14.0, Waiting: 0.0
Worker: http://localhost:8001, qlen: 14.0
Worker: http://localhost:8001, Tokens: 82834.0
Worker: http://localhost:8002, Running: 18.0, Waiting: 0.0
Worker: http://localhost:8002, qlen: 18.0
Worker: http://localhost:8002, Tokens: 99445.0
Selected worker: http://localhost:8001
INFO:     127.0.0.1:36908 - "POST /v1/completions HTTP/1.1" 200 OK
Worker: http://localhost:8001, Running: 14.0, Waiting: 0.0
Worker: http://localhost:8001, qlen: 14.0
Worker: http://localhost:8001, Tokens: 74016.0
Worker: http://localhost:8002, Running: 18.0, Waiting: 0.0
Worker: http://localhost:8002, qlen: 18.0
Worker: http://localhost:8002, Tokens: 99445.0
Selected worker: http://localhost:8001
INFO:     127.0.0.1:36924 - "POST /v1/completions HTTP/1.1" 200 OK
Worker: http://localhost:8001, Running: 14.0, Waiting: 0.0
Worker: http://localhost:8001, qlen: 14.0
Worker: http://localhost:8001, Tokens: 99380.0
Worker: http://localhost:8002, Running: 18.0, Waiting: 0.0
Worker: http://localhost:8002, qlen: 18.0
Worker: http://localhost:8002, Tokens: 99787.0
Selected worker: http://localhost:8001
INFO:     127.0.0.1:36934 - "POST /v1/completions HTTP/1.1" 200 OK
Worker: http://localhost:8001, Running: 14.0, Waiting: 0.0
Worker: http://localhost:8001, qlen: 14.0
Worker: http://localhost:8001, Tokens: 109933.0
Worker: http://localhost:8002, Running: 18.0, Waiting: 0.0
Worker: http://localhost:8002, qlen: 18.0
Worker: http://localhost:8002, Tokens: 96981.0
Selected worker: http://localhost:8001
INFO:     127.0.0.1:36944 - "POST /v1/completions HTTP/1.1" 200 OK
Worker: http://localhost:8001, Running: 14.0, Waiting: 0.0
Worker: http://localhost:8001, qlen: 14.0
Worker: http://localhost:8001, Tokens: 110087.0
Worker: http://localhost:8002, Running: 17.0, Waiting: 0.0
Worker: http://localhost:8002, qlen: 17.0
Worker: http://localhost:8002, Tokens: 97006.0
Selected worker: http://localhost:8001
INFO:     127.0.0.1:36960 - "POST /v1/completions HTTP/1.1" 200 OK
Worker: http://localhost:8001, Running: 15.0, Waiting: 0.0
Worker: http://localhost:8001, qlen: 15.0
Worker: http://localhost:8001, Tokens: 110115.0
Worker: http://localhost:8002, Running: 16.0, Waiting: 0.0
Worker: http://localhost:8002, qlen: 16.0
Worker: http://localhost:8002, Tokens: 96714.0
Selected worker: http://localhost:8001
INFO:     127.0.0.1:36974 - "POST /v1/completions HTTP/1.1" 200 OK
Worker: http://localhost:8001, Running: 16.0, Waiting: 0.0
Worker: http://localhost:8001, qlen: 16.0
Worker: http://localhost:8001, Tokens: 113513.0
Worker: http://localhost:8002, Running: 15.0, Waiting: 0.0
Worker: http://localhost:8002, qlen: 15.0
Worker: http://localhost:8002, Tokens: 93410.0
Selected worker: http://localhost:8002
INFO:     127.0.0.1:36990 - "POST /v1/completions HTTP/1.1" 200 OK
Worker: http://localhost:8001, Running: 16.0, Waiting: 0.0
Worker: http://localhost:8001, qlen: 16.0
Worker: http://localhost:8001, Tokens: 113513.0
Worker: http://localhost:8002, Running: 15.0, Waiting: 0.0
Worker: http://localhost:8002, qlen: 15.0
Worker: http://localhost:8002, Tokens: 93669.0
Selected worker: http://localhost:8002
INFO:     127.0.0.1:36992 - "POST /v1/completions HTTP/1.1" 200 OK
Worker: http://localhost:8001, Running: 16.0, Waiting: 0.0
Worker: http://localhost:8001, qlen: 16.0
Worker: http://localhost:8001, Tokens: 113513.0
Worker: http://localhost:8002, Running: 15.0, Waiting: 0.0
Worker: http://localhost:8002, qlen: 15.0
Worker: http://localhost:8002, Tokens: 90429.0
Selected worker: http://localhost:8002
INFO:     127.0.0.1:37000 - "POST /v1/completions HTTP/1.1" 200 OK
Worker: http://localhost:8001, Running: 16.0, Waiting: 0.0
Worker: http://localhost:8001, qlen: 16.0
Worker: http://localhost:8001, Tokens: 113513.0
Worker: http://localhost:8002, Running: 15.0, Waiting: 0.0
Worker: http://localhost:8002, qlen: 15.0
Worker: http://localhost:8002, Tokens: 90700.0
Selected worker: http://localhost:8002
INFO:     127.0.0.1:37004 - "POST /v1/completions HTTP/1.1" 200 OK
Worker: http://localhost:8001, Running: 17.0, Waiting: 0.0
Worker: http://localhost:8001, qlen: 17.0
Worker: http://localhost:8001, Tokens: 123170.0
Worker: http://localhost:8002, Running: 15.0, Waiting: 0.0
Worker: http://localhost:8002, qlen: 15.0
Worker: http://localhost:8002, Tokens: 113550.0
Selected worker: http://localhost:8002
INFO:     127.0.0.1:37008 - "POST /v1/completions HTTP/1.1" 200 OK
Worker: http://localhost:8001, Running: 17.0, Waiting: 0.0
Worker: http://localhost:8001, qlen: 17.0
Worker: http://localhost:8001, Tokens: 123544.0
Worker: http://localhost:8002, Running: 15.0, Waiting: 0.0
Worker: http://localhost:8002, qlen: 15.0
Worker: http://localhost:8002, Tokens: 118288.0
Selected worker: http://localhost:8002
INFO:     127.0.0.1:37024 - "POST /v1/completions HTTP/1.1" 200 OK
Worker: http://localhost:8001, Running: 17.0, Waiting: 0.0
Worker: http://localhost:8001, qlen: 17.0
Worker: http://localhost:8001, Tokens: 123595.0
Worker: http://localhost:8002, Running: 15.0, Waiting: 0.0
Worker: http://localhost:8002, qlen: 15.0
Worker: http://localhost:8002, Tokens: 121004.0
Selected worker: http://localhost:8002
INFO:     127.0.0.1:37032 - "POST /v1/completions HTTP/1.1" 200 OK
Worker: http://localhost:8001, Running: 17.0, Waiting: 0.0
Worker: http://localhost:8001, qlen: 17.0
Worker: http://localhost:8001, Tokens: 121810.0
Worker: http://localhost:8002, Running: 15.0, Waiting: 0.0
Worker: http://localhost:8002, qlen: 15.0
Worker: http://localhost:8002, Tokens: 128639.0
Selected worker: http://localhost:8002
INFO:     127.0.0.1:54184 - "POST /v1/completions HTTP/1.1" 200 OK
Worker: http://localhost:8001, Running: 16.0, Waiting: 0.0
Worker: http://localhost:8001, qlen: 16.0
Worker: http://localhost:8001, Tokens: 122171.0
Worker: http://localhost:8002, Running: 15.0, Waiting: 0.0
Worker: http://localhost:8002, qlen: 15.0
Worker: http://localhost:8002, Tokens: 128714.0
Selected worker: http://localhost:8002
INFO:     127.0.0.1:54188 - "POST /v1/completions HTTP/1.1" 200 OK
Worker: http://localhost:8001, Running: 14.0, Waiting: 0.0
Worker: http://localhost:8001, qlen: 14.0
Worker: http://localhost:8001, Tokens: 125892.0
Worker: http://localhost:8002, Running: 17.0, Waiting: 0.0
Worker: http://localhost:8002, qlen: 17.0
Worker: http://localhost:8002, Tokens: 131813.0
Selected worker: http://localhost:8001
INFO:     127.0.0.1:54204 - "POST /v1/completions HTTP/1.1" 200 OK
Worker: http://localhost:8001, Running: 15.0, Waiting: 0.0
Worker: http://localhost:8001, qlen: 15.0
Worker: http://localhost:8001, Tokens: 129493.0
Worker: http://localhost:8002, Running: 17.0, Waiting: 0.0
Worker: http://localhost:8002, qlen: 17.0
Worker: http://localhost:8002, Tokens: 132170.0
Selected worker: http://localhost:8001
INFO:     127.0.0.1:54212 - "POST /v1/completions HTTP/1.1" 200 OK
Worker: http://localhost:8001, Running: 15.0, Waiting: 0.0
Worker: http://localhost:8001, qlen: 15.0
Worker: http://localhost:8001, Tokens: 129474.0
Worker: http://localhost:8002, Running: 17.0, Waiting: 0.0
Worker: http://localhost:8002, qlen: 17.0
Worker: http://localhost:8002, Tokens: 132221.0
Selected worker: http://localhost:8001
INFO:     127.0.0.1:54214 - "POST /v1/completions HTTP/1.1" 200 OK
Worker: http://localhost:8001, Running: 13.0, Waiting: 0.0
Worker: http://localhost:8001, qlen: 13.0
Worker: http://localhost:8001, Tokens: 129547.0
Worker: http://localhost:8002, Running: 17.0, Waiting: 0.0
Worker: http://localhost:8002, qlen: 17.0
Worker: http://localhost:8002, Tokens: 132221.0
Selected worker: http://localhost:8001
INFO:     127.0.0.1:54216 - "POST /v1/completions HTTP/1.1" 200 OK
Worker: http://localhost:8001, Running: 15.0, Waiting: 0.0
Worker: http://localhost:8001, qlen: 15.0
Worker: http://localhost:8001, Tokens: 133647.0
Worker: http://localhost:8002, Running: 17.0, Waiting: 0.0
Worker: http://localhost:8002, qlen: 17.0
Worker: http://localhost:8002, Tokens: 132697.0
Selected worker: http://localhost:8001
INFO:     127.0.0.1:54226 - "POST /v1/completions HTTP/1.1" 200 OK
Worker: http://localhost:8001, Running: 15.0, Waiting: 0.0
Worker: http://localhost:8001, qlen: 15.0
Worker: http://localhost:8001, Tokens: 137821.0
Worker: http://localhost:8002, Running: 17.0, Waiting: 0.0
Worker: http://localhost:8002, qlen: 17.0
Worker: http://localhost:8002, Tokens: 130122.0
Selected worker: http://localhost:8001
INFO:     127.0.0.1:54236 - "POST /v1/completions HTTP/1.1" 200 OK
Worker: http://localhost:8001, Running: 15.0, Waiting: 0.0
Worker: http://localhost:8001, qlen: 15.0
Worker: http://localhost:8001, Tokens: 137866.0
Worker: http://localhost:8002, Running: 17.0, Waiting: 0.0
Worker: http://localhost:8002, qlen: 17.0
Worker: http://localhost:8002, Tokens: 126907.0
Selected worker: http://localhost:8001
INFO:     127.0.0.1:54238 - "POST /v1/completions HTTP/1.1" 200 OK
Worker: http://localhost:8001, Running: 15.0, Waiting: 0.0
Worker: http://localhost:8001, qlen: 15.0
Worker: http://localhost:8001, Tokens: 141166.0
Worker: http://localhost:8002, Running: 17.0, Waiting: 0.0
Worker: http://localhost:8002, qlen: 17.0
Worker: http://localhost:8002, Tokens: 126907.0
Selected worker: http://localhost:8001
INFO:     127.0.0.1:54242 - "POST /v1/completions HTTP/1.1" 200 OK
Worker: http://localhost:8001, Running: 15.0, Waiting: 0.0
Worker: http://localhost:8001, qlen: 15.0
Worker: http://localhost:8001, Tokens: 141482.0
Worker: http://localhost:8002, Running: 14.0, Waiting: 0.0
Worker: http://localhost:8002, qlen: 14.0
Worker: http://localhost:8002, Tokens: 123783.0
Selected worker: http://localhost:8002
INFO:     127.0.0.1:54250 - "POST /v1/completions HTTP/1.1" 200 OK
Worker: http://localhost:8001, Running: 15.0, Waiting: 0.0
Worker: http://localhost:8001, qlen: 15.0
Worker: http://localhost:8001, Tokens: 141482.0
Worker: http://localhost:8002, Running: 14.0, Waiting: 0.0
Worker: http://localhost:8002, qlen: 14.0
Worker: http://localhost:8002, Tokens: 127119.0
Selected worker: http://localhost:8002
INFO:     127.0.0.1:54260 - "POST /v1/completions HTTP/1.1" 200 OK
Worker: http://localhost:8001, Running: 16.0, Waiting: 0.0
Worker: http://localhost:8001, qlen: 16.0
Worker: http://localhost:8001, Tokens: 138003.0
Worker: http://localhost:8002, Running: 14.0, Waiting: 0.0
Worker: http://localhost:8002, qlen: 14.0
Worker: http://localhost:8002, Tokens: 114830.0
Selected worker: http://localhost:8002
INFO:     127.0.0.1:54276 - "POST /v1/completions HTTP/1.1" 200 OK
Worker: http://localhost:8001, Running: 16.0, Waiting: 0.0
Worker: http://localhost:8001, qlen: 16.0
Worker: http://localhost:8001, Tokens: 138003.0
Worker: http://localhost:8002, Running: 14.0, Waiting: 0.0
Worker: http://localhost:8002, qlen: 14.0
Worker: http://localhost:8002, Tokens: 118002.0
Selected worker: http://localhost:8002
INFO:     127.0.0.1:54292 - "POST /v1/completions HTTP/1.1" 200 OK
Worker: http://localhost:8001, Running: 16.0, Waiting: 0.0
Worker: http://localhost:8001, qlen: 16.0
Worker: http://localhost:8001, Tokens: 138003.0
Worker: http://localhost:8002, Running: 14.0, Waiting: 0.0
Worker: http://localhost:8002, qlen: 14.0
Worker: http://localhost:8002, Tokens: 118264.0
Selected worker: http://localhost:8002
INFO:     127.0.0.1:54300 - "POST /v1/completions HTTP/1.1" 200 OK
Worker: http://localhost:8001, Running: 17.0, Waiting: 1.0
Worker: http://localhost:8001, qlen: 17.0
Worker: http://localhost:8001, Tokens: 138019.0
Worker: http://localhost:8002, Running: 9.0, Waiting: 0.0
Worker: http://localhost:8002, qlen: 9.0
Worker: http://localhost:8002, Tokens: 133783.0
Selected worker: http://localhost:8002
INFO:     127.0.0.1:54304 - "POST /v1/completions HTTP/1.1" 200 OK
Worker: http://localhost:8001, Running: 18.0, Waiting: 0.0
Worker: http://localhost:8001, qlen: 18.0
Worker: http://localhost:8001, Tokens: 143062.0
Worker: http://localhost:8002, Running: 14.0, Waiting: 0.0
Worker: http://localhost:8002, qlen: 14.0
Worker: http://localhost:8002, Tokens: 155101.0
Selected worker: http://localhost:8002
INFO:     127.0.0.1:54316 - "POST /v1/completions HTTP/1.1" 200 OK
Worker: http://localhost:8001, Running: 18.0, Waiting: 0.0
Worker: http://localhost:8001, qlen: 18.0
Worker: http://localhost:8001, Tokens: 139398.0
Worker: http://localhost:8002, Running: 14.0, Waiting: 0.0
Worker: http://localhost:8002, qlen: 14.0
Worker: http://localhost:8002, Tokens: 158701.0
Selected worker: http://localhost:8002
INFO:     127.0.0.1:54326 - "POST /v1/completions HTTP/1.1" 200 OK
Worker: http://localhost:8001, Running: 17.0, Waiting: 0.0
Worker: http://localhost:8001, qlen: 17.0
Worker: http://localhost:8001, Tokens: 144021.0
Worker: http://localhost:8002, Running: 15.0, Waiting: 0.0
Worker: http://localhost:8002, qlen: 15.0
Worker: http://localhost:8002, Tokens: 159311.0
Selected worker: http://localhost:8002
INFO:     127.0.0.1:52578 - "POST /v1/completions HTTP/1.1" 200 OK
Worker: http://localhost:8001, Running: 17.0, Waiting: 0.0
Worker: http://localhost:8001, qlen: 17.0
Worker: http://localhost:8001, Tokens: 143701.0
Worker: http://localhost:8002, Running: 15.0, Waiting: 0.0
Worker: http://localhost:8002, qlen: 15.0
Worker: http://localhost:8002, Tokens: 159371.0
Selected worker: http://localhost:8002
INFO:     127.0.0.1:52582 - "POST /v1/completions HTTP/1.1" 200 OK
Worker: http://localhost:8001, Running: 15.0, Waiting: 0.0
Worker: http://localhost:8001, qlen: 15.0
Worker: http://localhost:8001, Tokens: 144516.0
Worker: http://localhost:8002, Running: 15.0, Waiting: 0.0
Worker: http://localhost:8002, qlen: 15.0
Worker: http://localhost:8002, Tokens: 159284.0
Selected worker: http://localhost:8001
INFO:     127.0.0.1:52592 - "POST /v1/completions HTTP/1.1" 200 OK
Worker: http://localhost:8001, Running: 15.0, Waiting: 0.0
Worker: http://localhost:8001, qlen: 15.0
Worker: http://localhost:8001, Tokens: 144651.0
Worker: http://localhost:8002, Running: 14.0, Waiting: 0.0
Worker: http://localhost:8002, qlen: 14.0
Worker: http://localhost:8002, Tokens: 132059.0
Selected worker: http://localhost:8002
INFO:     127.0.0.1:52602 - "POST /v1/completions HTTP/1.1" 200 OK
Worker: http://localhost:8001, Running: 16.0, Waiting: 0.0
Worker: http://localhost:8001, qlen: 16.0
Worker: http://localhost:8001, Tokens: 144705.0
Worker: http://localhost:8002, Running: 16.0, Waiting: 0.0
Worker: http://localhost:8002, qlen: 16.0
Worker: http://localhost:8002, Tokens: 160351.0
Selected worker: http://localhost:8002
INFO:     127.0.0.1:52614 - "POST /v1/completions HTTP/1.1" 200 OK
Worker: http://localhost:8001, Running: 16.0, Waiting: 0.0
Worker: http://localhost:8001, qlen: 16.0
Worker: http://localhost:8001, Tokens: 137910.0
Worker: http://localhost:8002, Running: 16.0, Waiting: 0.0
Worker: http://localhost:8002, qlen: 16.0
Worker: http://localhost:8002, Tokens: 160415.0
Selected worker: http://localhost:8002
Worker: http://localhost:8001, Running: 16.0, Waiting: 0.0
Worker: http://localhost:8001, qlen: 16.0
Worker: http://localhost:8001, Tokens: 137910.0
Worker: http://localhost:8002, Running: 16.0, Waiting: 0.0
Worker: http://localhost:8002, qlen: 16.0
Worker: http://localhost:8002, Tokens: 160681.0
Selected worker: http://localhost:8002
INFO:     127.0.0.1:52626 - "POST /v1/completions HTTP/1.1" 200 OK
INFO:     127.0.0.1:52640 - "POST /v1/completions HTTP/1.1" 200 OK
Worker: http://localhost:8001, Running: 13.0, Waiting: 0.0
Worker: http://localhost:8001, qlen: 13.0
Worker: http://localhost:8001, Tokens: 147889.0
Worker: http://localhost:8002, Running: 17.0, Waiting: 2.0
Worker: http://localhost:8002, qlen: 17.0
Worker: http://localhost:8002, Tokens: 160527.0
Selected worker: http://localhost:8001
INFO:     127.0.0.1:52646 - "POST /v1/completions HTTP/1.1" 200 OK
Worker: http://localhost:8001, Running: 13.0, Waiting: 0.0
Worker: http://localhost:8001, qlen: 13.0
Worker: http://localhost:8001, Tokens: 147857.0
Worker: http://localhost:8002, Running: 17.0, Waiting: 2.0
Worker: http://localhost:8002, qlen: 17.0
Worker: http://localhost:8002, Tokens: 160543.0
Selected worker: http://localhost:8001
INFO:     127.0.0.1:52654 - "POST /v1/completions HTTP/1.1" 200 OK
Worker: http://localhost:8001, Running: 13.0, Waiting: 0.0
Worker: http://localhost:8001, qlen: 13.0
Worker: http://localhost:8001, Tokens: 152193.0
Worker: http://localhost:8002, Running: 19.0, Waiting: 0.0
Worker: http://localhost:8002, qlen: 19.0
Worker: http://localhost:8002, Tokens: 175607.0
Selected worker: http://localhost:8001
INFO:     127.0.0.1:52670 - "POST /v1/completions HTTP/1.1" 200 OK
Worker: http://localhost:8001, Running: 13.0, Waiting: 0.0
Worker: http://localhost:8001, qlen: 13.0
Worker: http://localhost:8001, Tokens: 152245.0
Worker: http://localhost:8002, Running: 19.0, Waiting: 0.0
Worker: http://localhost:8002, qlen: 19.0
Worker: http://localhost:8002, Tokens: 175607.0
Selected worker: http://localhost:8001
INFO:     127.0.0.1:52674 - "POST /v1/completions HTTP/1.1" 200 OK
Worker: http://localhost:8001, Running: 13.0, Waiting: 0.0
Worker: http://localhost:8001, qlen: 13.0
Worker: http://localhost:8001, Tokens: 152336.0
Worker: http://localhost:8002, Running: 17.0, Waiting: 0.0
Worker: http://localhost:8002, qlen: 17.0
Worker: http://localhost:8002, Tokens: 175996.0
Selected worker: http://localhost:8001
INFO:     127.0.0.1:52682 - "POST /v1/completions HTTP/1.1" 200 OK
Worker: http://localhost:8001, Running: 16.0, Waiting: 0.0
Worker: http://localhost:8001, qlen: 16.0
Worker: http://localhost:8001, Tokens: 155928.0
Worker: http://localhost:8002, Running: 16.0, Waiting: 0.0
Worker: http://localhost:8002, qlen: 16.0
Worker: http://localhost:8002, Tokens: 176792.0
Selected worker: http://localhost:8001
INFO:     127.0.0.1:52694 - "POST /v1/completions HTTP/1.1" 200 OK
Worker: http://localhost:8001, Running: 17.0, Waiting: 0.0
Worker: http://localhost:8001, qlen: 17.0
Worker: http://localhost:8001, Tokens: 167244.0
Worker: http://localhost:8002, Running: 15.0, Waiting: 0.0
Worker: http://localhost:8002, qlen: 15.0
Worker: http://localhost:8002, Tokens: 177680.0
Selected worker: http://localhost:8002
INFO:     127.0.0.1:52696 - "POST /v1/completions HTTP/1.1" 200 OK
Worker: http://localhost:8001, Running: 17.0, Waiting: 0.0
Worker: http://localhost:8001, qlen: 17.0
Worker: http://localhost:8001, Tokens: 167244.0
Worker: http://localhost:8002, Running: 14.0, Waiting: 0.0
Worker: http://localhost:8002, qlen: 14.0
Worker: http://localhost:8002, Tokens: 177719.0
Selected worker: http://localhost:8002
INFO:     127.0.0.1:52700 - "POST /v1/completions HTTP/1.1" 200 OK
Worker: http://localhost:8001, Running: 17.0, Waiting: 0.0
Worker: http://localhost:8001, qlen: 17.0
Worker: http://localhost:8001, Tokens: 167776.0
Worker: http://localhost:8002, Running: 15.0, Waiting: 0.0
Worker: http://localhost:8002, qlen: 15.0
Worker: http://localhost:8002, Tokens: 181314.0
Selected worker: http://localhost:8002
INFO:     127.0.0.1:49202 - "POST /v1/completions HTTP/1.1" 200 OK
Worker: http://localhost:8001, Running: 16.0, Waiting: 0.0
Worker: http://localhost:8001, qlen: 16.0
Worker: http://localhost:8001, Tokens: 168189.0
Worker: http://localhost:8002, Running: 16.0, Waiting: 0.0
Worker: http://localhost:8002, qlen: 16.0
Worker: http://localhost:8002, Tokens: 181256.0
Selected worker: http://localhost:8001
INFO:     127.0.0.1:49210 - "POST /v1/completions HTTP/1.1" 200 OK
Worker: http://localhost:8001, Running: 16.0, Waiting: 0.0
Worker: http://localhost:8001, qlen: 16.0
Worker: http://localhost:8001, Tokens: 168333.0
Worker: http://localhost:8002, Running: 15.0, Waiting: 0.0
Worker: http://localhost:8002, qlen: 15.0
Worker: http://localhost:8002, Tokens: 177839.0
Selected worker: http://localhost:8002
INFO:     127.0.0.1:49220 - "POST /v1/completions HTTP/1.1" 200 OK
Worker: http://localhost:8001, Running: 17.0, Waiting: 0.0
Worker: http://localhost:8001, qlen: 17.0
Worker: http://localhost:8001, Tokens: 172630.0
Worker: http://localhost:8002, Running: 15.0, Waiting: 0.0
Worker: http://localhost:8002, qlen: 15.0
Worker: http://localhost:8002, Tokens: 180119.0
Selected worker: http://localhost:8002
INFO:     127.0.0.1:49224 - "POST /v1/completions HTTP/1.1" 200 OK
Worker: http://localhost:8001, Running: 17.0, Waiting: 0.0
Worker: http://localhost:8001, qlen: 17.0
Worker: http://localhost:8001, Tokens: 172711.0
Worker: http://localhost:8002, Running: 15.0, Waiting: 0.0
Worker: http://localhost:8002, qlen: 15.0
Worker: http://localhost:8002, Tokens: 186063.0
Selected worker: http://localhost:8002
INFO:     127.0.0.1:49238 - "POST /v1/completions HTTP/1.1" 200 OK
Worker: http://localhost:8001, Running: 17.0, Waiting: 0.0
Worker: http://localhost:8001, qlen: 17.0
Worker: http://localhost:8001, Tokens: 172448.0
Worker: http://localhost:8002, Running: 15.0, Waiting: 0.0
Worker: http://localhost:8002, qlen: 15.0
Worker: http://localhost:8002, Tokens: 186123.0
Selected worker: http://localhost:8002
INFO:     127.0.0.1:49246 - "POST /v1/completions HTTP/1.1" 200 OK
Worker: http://localhost:8001, Running: 17.0, Waiting: 0.0
Worker: http://localhost:8001, qlen: 17.0
Worker: http://localhost:8001, Tokens: 169377.0
Worker: http://localhost:8002, Running: 15.0, Waiting: 0.0
Worker: http://localhost:8002, qlen: 15.0
Worker: http://localhost:8002, Tokens: 189040.0
Selected worker: http://localhost:8002
INFO:     127.0.0.1:49250 - "POST /v1/completions HTTP/1.1" 200 OK
Worker: http://localhost:8001, Running: 14.0, Waiting: 0.0
Worker: http://localhost:8001, qlen: 14.0
Worker: http://localhost:8001, Tokens: 169211.0
Worker: http://localhost:8002, Running: 15.0, Waiting: 0.0
Worker: http://localhost:8002, qlen: 15.0
Worker: http://localhost:8002, Tokens: 189306.0
Selected worker: http://localhost:8001
INFO:     127.0.0.1:49266 - "POST /v1/completions HTTP/1.1" 200 OK
Worker: http://localhost:8001, Running: 14.0, Waiting: 0.0
Worker: http://localhost:8001, qlen: 14.0
Worker: http://localhost:8001, Tokens: 172726.0
Worker: http://localhost:8002, Running: 18.0, Waiting: 0.0
Worker: http://localhost:8002, qlen: 18.0
Worker: http://localhost:8002, Tokens: 189261.0
Selected worker: http://localhost:8001
INFO:     127.0.0.1:49276 - "POST /v1/completions HTTP/1.1" 200 OK
Worker: http://localhost:8001, Running: 14.0, Waiting: 0.0
Worker: http://localhost:8001, qlen: 14.0
Worker: http://localhost:8001, Tokens: 169456.0
Worker: http://localhost:8002, Running: 18.0, Waiting: 0.0
Worker: http://localhost:8002, qlen: 18.0
Worker: http://localhost:8002, Tokens: 189315.0
Selected worker: http://localhost:8001
INFO:     127.0.0.1:49278 - "POST /v1/completions HTTP/1.1" 200 OK
Worker: http://localhost:8001, Running: 14.0, Waiting: 0.0
Worker: http://localhost:8001, qlen: 14.0
Worker: http://localhost:8001, Tokens: 176010.0
Worker: http://localhost:8002, Running: 18.0, Waiting: 0.0
Worker: http://localhost:8002, qlen: 18.0
Worker: http://localhost:8002, Tokens: 189747.0
Selected worker: http://localhost:8001
INFO:     127.0.0.1:49292 - "POST /v1/completions HTTP/1.1" 200 OK
Worker: http://localhost:8001, Running: 14.0, Waiting: 0.0
Worker: http://localhost:8001, qlen: 14.0
Worker: http://localhost:8001, Tokens: 176719.0
Worker: http://localhost:8002, Running: 18.0, Waiting: 0.0
Worker: http://localhost:8002, qlen: 18.0
Worker: http://localhost:8002, Tokens: 189927.0
Selected worker: http://localhost:8001
INFO:     127.0.0.1:49298 - "POST /v1/completions HTTP/1.1" 200 OK
Worker: http://localhost:8001, Running: 14.0, Waiting: 0.0
Worker: http://localhost:8001, qlen: 14.0
Worker: http://localhost:8001, Tokens: 182849.0
Worker: http://localhost:8002, Running: 18.0, Waiting: 0.0
Worker: http://localhost:8002, qlen: 18.0
Worker: http://localhost:8002, Tokens: 190264.0
Selected worker: http://localhost:8001
INFO:     127.0.0.1:49310 - "POST /v1/completions HTTP/1.1" 200 OK
Worker: http://localhost:8001, Running: 15.0, Waiting: 0.0
Worker: http://localhost:8001, qlen: 15.0
Worker: http://localhost:8001, Tokens: 183647.0
Worker: http://localhost:8002, Running: 17.0, Waiting: 0.0
Worker: http://localhost:8002, qlen: 17.0
Worker: http://localhost:8002, Tokens: 190979.0
Selected worker: http://localhost:8001
INFO:     127.0.0.1:49326 - "POST /v1/completions HTTP/1.1" 200 OK
Worker: http://localhost:8001, Running: 16.0, Waiting: 0.0
Worker: http://localhost:8001, qlen: 16.0
Worker: http://localhost:8001, Tokens: 186515.0
Worker: http://localhost:8002, Running: 16.0, Waiting: 0.0
Worker: http://localhost:8002, qlen: 16.0
Worker: http://localhost:8002, Tokens: 191259.0
Selected worker: http://localhost:8002
INFO:     127.0.0.1:49340 - "POST /v1/completions HTTP/1.1" 200 OK
Worker: http://localhost:8001, Running: 16.0, Waiting: 0.0
Worker: http://localhost:8001, qlen: 16.0
Worker: http://localhost:8001, Tokens: 187747.0
Worker: http://localhost:8002, Running: 16.0, Waiting: 0.0
Worker: http://localhost:8002, qlen: 16.0
Worker: http://localhost:8002, Tokens: 189533.0
Selected worker: http://localhost:8001
INFO:     127.0.0.1:55422 - "POST /v1/completions HTTP/1.1" 200 OK
Worker: http://localhost:8001, Running: 16.0, Waiting: 0.0
Worker: http://localhost:8001, qlen: 16.0
Worker: http://localhost:8001, Tokens: 191147.0
Worker: http://localhost:8002, Running: 15.0, Waiting: 0.0
Worker: http://localhost:8002, qlen: 15.0
Worker: http://localhost:8002, Tokens: 189611.0
Selected worker: http://localhost:8002
INFO:     127.0.0.1:55432 - "POST /v1/completions HTTP/1.1" 200 OK
Worker: http://localhost:8001, Running: 17.0, Waiting: 0.0
Worker: http://localhost:8001, qlen: 17.0
Worker: http://localhost:8001, Tokens: 191203.0
Worker: http://localhost:8002, Running: 15.0, Waiting: 0.0
Worker: http://localhost:8002, qlen: 15.0
Worker: http://localhost:8002, Tokens: 190242.0
Selected worker: http://localhost:8002
INFO:     127.0.0.1:55442 - "POST /v1/completions HTTP/1.1" 200 OK
Worker: http://localhost:8001, Running: 17.0, Waiting: 0.0
Worker: http://localhost:8001, qlen: 17.0
Worker: http://localhost:8001, Tokens: 187632.0
Worker: http://localhost:8002, Running: 14.0, Waiting: 0.0
Worker: http://localhost:8002, qlen: 14.0
Worker: http://localhost:8002, Tokens: 193357.0
Selected worker: http://localhost:8002
INFO:     127.0.0.1:55452 - "POST /v1/completions HTTP/1.1" 200 OK
Worker: http://localhost:8001, Running: 16.0, Waiting: 0.0
Worker: http://localhost:8001, qlen: 16.0
Worker: http://localhost:8001, Tokens: 191434.0
Worker: http://localhost:8002, Running: 15.0, Waiting: 0.0
Worker: http://localhost:8002, qlen: 15.0
Worker: http://localhost:8002, Tokens: 195585.0
Selected worker: http://localhost:8002
INFO:     127.0.0.1:55454 - "POST /v1/completions HTTP/1.1" 200 OK
Worker: http://localhost:8001, Running: 16.0, Waiting: 0.0
Worker: http://localhost:8001, qlen: 16.0
Worker: http://localhost:8001, Tokens: 191498.0
Worker: http://localhost:8002, Running: 15.0, Waiting: 0.0
Worker: http://localhost:8002, qlen: 15.0
Worker: http://localhost:8002, Tokens: 198572.0
Selected worker: http://localhost:8002
INFO:     127.0.0.1:55462 - "POST /v1/completions HTTP/1.1" 200 OK
Worker: http://localhost:8001, Running: 16.0, Waiting: 0.0
Worker: http://localhost:8001, qlen: 16.0
Worker: http://localhost:8001, Tokens: 191236.0
Worker: http://localhost:8002, Running: 15.0, Waiting: 0.0
Worker: http://localhost:8002, qlen: 15.0
Worker: http://localhost:8002, Tokens: 198848.0
Selected worker: http://localhost:8002
INFO:     127.0.0.1:55468 - "POST /v1/completions HTTP/1.1" 200 OK
Worker: http://localhost:8001, Running: 16.0, Waiting: 0.0
Worker: http://localhost:8001, qlen: 16.0
Worker: http://localhost:8001, Tokens: 187555.0
Worker: http://localhost:8002, Running: 14.0, Waiting: 0.0
Worker: http://localhost:8002, qlen: 14.0
Worker: http://localhost:8002, Tokens: 196044.0
Selected worker: http://localhost:8002
INFO:     127.0.0.1:55470 - "POST /v1/completions HTTP/1.1" 200 OK
Worker: http://localhost:8001, Running: 14.0, Waiting: 0.0
Worker: http://localhost:8001, qlen: 14.0
Worker: http://localhost:8001, Tokens: 191582.0
Worker: http://localhost:8002, Running: 18.0, Waiting: 0.0
Worker: http://localhost:8002, qlen: 18.0
Worker: http://localhost:8002, Tokens: 202124.0
Selected worker: http://localhost:8001
INFO:     127.0.0.1:55482 - "POST /v1/completions HTTP/1.1" 200 OK
Worker: http://localhost:8001, Running: 13.0, Waiting: 0.0
Worker: http://localhost:8001, qlen: 13.0
Worker: http://localhost:8001, Tokens: 191901.0
Worker: http://localhost:8002, Running: 18.0, Waiting: 0.0
Worker: http://localhost:8002, qlen: 18.0
Worker: http://localhost:8002, Tokens: 202124.0
Selected worker: http://localhost:8001
INFO:     127.0.0.1:55498 - "POST /v1/completions HTTP/1.1" 200 OK
Worker: http://localhost:8001, Running: 14.0, Waiting: 0.0
Worker: http://localhost:8001, qlen: 14.0
Worker: http://localhost:8001, Tokens: 195200.0
Worker: http://localhost:8002, Running: 18.0, Waiting: 0.0
Worker: http://localhost:8002, qlen: 18.0
Worker: http://localhost:8002, Tokens: 202916.0
Selected worker: http://localhost:8001
INFO:     127.0.0.1:55506 - "POST /v1/completions HTTP/1.1" 200 OK
Worker: http://localhost:8001, Running: 14.0, Waiting: 0.0
Worker: http://localhost:8001, qlen: 14.0
Worker: http://localhost:8001, Tokens: 195580.0
Worker: http://localhost:8002, Running: 18.0, Waiting: 0.0
Worker: http://localhost:8002, qlen: 18.0
Worker: http://localhost:8002, Tokens: 199964.0
Selected worker: http://localhost:8001
INFO:     127.0.0.1:55514 - "POST /v1/completions HTTP/1.1" 200 OK
Worker: http://localhost:8001, Running: 15.0, Waiting: 0.0
Worker: http://localhost:8001, qlen: 15.0
Worker: http://localhost:8001, Tokens: 195410.0
Worker: http://localhost:8002, Running: 17.0, Waiting: 0.0
Worker: http://localhost:8002, qlen: 17.0
Worker: http://localhost:8002, Tokens: 203477.0
Selected worker: http://localhost:8001
INFO:     127.0.0.1:55522 - "POST /v1/completions HTTP/1.1" 200 OK
Worker: http://localhost:8001, Running: 15.0, Waiting: 0.0
Worker: http://localhost:8001, qlen: 15.0
Worker: http://localhost:8001, Tokens: 207393.0
Worker: http://localhost:8002, Running: 17.0, Waiting: 0.0
Worker: http://localhost:8002, qlen: 17.0
Worker: http://localhost:8002, Tokens: 204211.0
Selected worker: http://localhost:8001
INFO:     127.0.0.1:55530 - "POST /v1/completions HTTP/1.1" 200 OK
Worker: http://localhost:8001, Running: 16.0, Waiting: 0.0
Worker: http://localhost:8001, qlen: 16.0
Worker: http://localhost:8001, Tokens: 208885.0
Worker: http://localhost:8002, Running: 16.0, Waiting: 0.0
Worker: http://localhost:8002, qlen: 16.0
Worker: http://localhost:8002, Tokens: 205225.0
Selected worker: http://localhost:8002
INFO:     127.0.0.1:55546 - "POST /v1/completions HTTP/1.1" 200 OK
Worker: http://localhost:8001, Running: 16.0, Waiting: 0.0
Worker: http://localhost:8001, qlen: 16.0
Worker: http://localhost:8001, Tokens: 208885.0
Worker: http://localhost:8002, Running: 15.0, Waiting: 0.0
Worker: http://localhost:8002, qlen: 15.0
Worker: http://localhost:8002, Tokens: 202265.0
Selected worker: http://localhost:8002
INFO:     127.0.0.1:55548 - "POST /v1/completions HTTP/1.1" 200 OK
Worker: http://localhost:8001, Running: 16.0, Waiting: 0.0
Worker: http://localhost:8001, qlen: 16.0
Worker: http://localhost:8001, Tokens: 208981.0
Worker: http://localhost:8002, Running: 15.0, Waiting: 0.0
Worker: http://localhost:8002, qlen: 15.0
Worker: http://localhost:8002, Tokens: 199357.0
Selected worker: http://localhost:8002
INFO:     127.0.0.1:55558 - "POST /v1/completions HTTP/1.1" 200 OK
Worker: http://localhost:8001, Running: 16.0, Waiting: 0.0
Worker: http://localhost:8001, qlen: 16.0
Worker: http://localhost:8001, Tokens: 209317.0
Worker: http://localhost:8002, Running: 16.0, Waiting: 0.0
Worker: http://localhost:8002, qlen: 16.0
Worker: http://localhost:8002, Tokens: 207967.0
Selected worker: http://localhost:8001
INFO:     127.0.0.1:55560 - "POST /v1/completions HTTP/1.1" 200 OK
Worker: http://localhost:8001, Running: 17.0, Waiting: 0.0
Worker: http://localhost:8001, qlen: 17.0
Worker: http://localhost:8001, Tokens: 209714.0
Worker: http://localhost:8002, Running: 15.0, Waiting: 0.0
Worker: http://localhost:8002, qlen: 15.0
Worker: http://localhost:8002, Tokens: 208095.0
Selected worker: http://localhost:8002
INFO:     127.0.0.1:55576 - "POST /v1/completions HTTP/1.1" 200 OK
Worker: http://localhost:8001, Running: 17.0, Waiting: 0.0
Worker: http://localhost:8001, qlen: 17.0
Worker: http://localhost:8001, Tokens: 209782.0
Worker: http://localhost:8002, Running: 15.0, Waiting: 0.0
Worker: http://localhost:8002, qlen: 15.0
Worker: http://localhost:8002, Tokens: 213215.0
Selected worker: http://localhost:8002
INFO:     127.0.0.1:55588 - "POST /v1/completions HTTP/1.1" 200 OK
Worker: http://localhost:8001, Running: 17.0, Waiting: 0.0
Worker: http://localhost:8001, qlen: 17.0
Worker: http://localhost:8001, Tokens: 210054.0
Worker: http://localhost:8002, Running: 14.0, Waiting: 1.0
Worker: http://localhost:8002, qlen: 14.0
Worker: http://localhost:8002, Tokens: 211612.0
Selected worker: http://localhost:8002
INFO:     127.0.0.1:55590 - "POST /v1/completions HTTP/1.1" 200 OK
Worker: http://localhost:8001, Running: 17.0, Waiting: 0.0
Worker: http://localhost:8001, qlen: 17.0
Worker: http://localhost:8001, Tokens: 207196.0
Worker: http://localhost:8002, Running: 14.0, Waiting: 1.0
Worker: http://localhost:8002, qlen: 14.0
Worker: http://localhost:8002, Tokens: 214585.0
Selected worker: http://localhost:8002
INFO:     127.0.0.1:55604 - "POST /v1/completions HTTP/1.1" 200 OK
Worker: http://localhost:8001, Running: 17.0, Waiting: 0.0
Worker: http://localhost:8001, qlen: 17.0
Worker: http://localhost:8001, Tokens: 207196.0
Worker: http://localhost:8002, Running: 14.0, Waiting: 1.0
Worker: http://localhost:8002, qlen: 14.0
Worker: http://localhost:8002, Tokens: 214861.0
Selected worker: http://localhost:8002
INFO:     127.0.0.1:55612 - "POST /v1/completions HTTP/1.1" 200 OK
Worker: http://localhost:8001, Running: 16.0, Waiting: 0.0
Worker: http://localhost:8001, qlen: 16.0
Worker: http://localhost:8001, Tokens: 209992.0
Worker: http://localhost:8002, Running: 13.0, Waiting: 0.0
Worker: http://localhost:8002, qlen: 13.0
Worker: http://localhost:8002, Tokens: 217172.0
Selected worker: http://localhost:8002
INFO:     127.0.0.1:55620 - "POST /v1/completions HTTP/1.1" 200 OK
Worker: http://localhost:8001, Running: 15.0, Waiting: 0.0
Worker: http://localhost:8001, qlen: 15.0
Worker: http://localhost:8001, Tokens: 210723.0
Worker: http://localhost:8002, Running: 17.0, Waiting: 0.0
Worker: http://localhost:8002, qlen: 17.0
Worker: http://localhost:8002, Tokens: 224026.0
Selected worker: http://localhost:8001
INFO:     127.0.0.1:51502 - "POST /v1/completions HTTP/1.1" 200 OK
Worker: http://localhost:8001, Running: 15.0, Waiting: 0.0
Worker: http://localhost:8001, qlen: 15.0
Worker: http://localhost:8001, Tokens: 210959.0
Worker: http://localhost:8002, Running: 17.0, Waiting: 0.0
Worker: http://localhost:8002, qlen: 17.0
Worker: http://localhost:8002, Tokens: 224468.0
Selected worker: http://localhost:8001
INFO:     127.0.0.1:51506 - "POST /v1/completions HTTP/1.1" 200 OK
Worker: http://localhost:8001, Running: 15.0, Waiting: 0.0
Worker: http://localhost:8001, qlen: 15.0
Worker: http://localhost:8001, Tokens: 214175.0
Worker: http://localhost:8002, Running: 17.0, Waiting: 0.0
Worker: http://localhost:8002, qlen: 17.0
Worker: http://localhost:8002, Tokens: 225114.0
Selected worker: http://localhost:8001
INFO:     127.0.0.1:51522 - "POST /v1/completions HTTP/1.1" 200 OK
Worker: http://localhost:8001, Running: 15.0, Waiting: 0.0
Worker: http://localhost:8001, qlen: 15.0
Worker: http://localhost:8001, Tokens: 217092.0
Worker: http://localhost:8002, Running: 17.0, Waiting: 0.0
Worker: http://localhost:8002, qlen: 17.0
Worker: http://localhost:8002, Tokens: 216321.0
Selected worker: http://localhost:8001
INFO:     127.0.0.1:51528 - "POST /v1/completions HTTP/1.1" 200 OK
Worker: http://localhost:8001, Running: 15.0, Waiting: 0.0
Worker: http://localhost:8001, qlen: 15.0
Worker: http://localhost:8001, Tokens: 217152.0
Worker: http://localhost:8002, Running: 17.0, Waiting: 0.0
Worker: http://localhost:8002, qlen: 17.0
Worker: http://localhost:8002, Tokens: 213217.0
Selected worker: http://localhost:8001
INFO:     127.0.0.1:51534 - "POST /v1/completions HTTP/1.1" 200 OK
Worker: http://localhost:8001, Running: 17.0, Waiting: 0.0
Worker: http://localhost:8001, qlen: 17.0
Worker: http://localhost:8001, Tokens: 221401.0
Worker: http://localhost:8002, Running: 15.0, Waiting: 0.0
Worker: http://localhost:8002, qlen: 15.0
Worker: http://localhost:8002, Tokens: 226511.0
Selected worker: http://localhost:8002
INFO:     127.0.0.1:51538 - "POST /v1/completions HTTP/1.1" 200 OK
Worker: http://localhost:8001, Running: 17.0, Waiting: 0.0
Worker: http://localhost:8001, qlen: 17.0
Worker: http://localhost:8001, Tokens: 217958.0
Worker: http://localhost:8002, Running: 14.0, Waiting: 0.0
Worker: http://localhost:8002, qlen: 14.0
Worker: http://localhost:8002, Tokens: 226904.0
Selected worker: http://localhost:8002
INFO:     127.0.0.1:51552 - "POST /v1/completions HTTP/1.1" 200 OK
Worker: http://localhost:8001, Running: 16.0, Waiting: 0.0
Worker: http://localhost:8001, qlen: 16.0
Worker: http://localhost:8001, Tokens: 221366.0
Worker: http://localhost:8002, Running: 15.0, Waiting: 0.0
Worker: http://localhost:8002, qlen: 15.0
Worker: http://localhost:8002, Tokens: 227171.0
Selected worker: http://localhost:8002
INFO:     127.0.0.1:51564 - "POST /v1/completions HTTP/1.1" 200 OK
Worker: http://localhost:8001, Running: 15.0, Waiting: 0.0
Worker: http://localhost:8001, qlen: 15.0
Worker: http://localhost:8001, Tokens: 222118.0
Worker: http://localhost:8002, Running: 17.0, Waiting: 0.0
Worker: http://localhost:8002, qlen: 17.0
Worker: http://localhost:8002, Tokens: 229903.0
Selected worker: http://localhost:8001
INFO:     127.0.0.1:51570 - "POST /v1/completions HTTP/1.1" 200 OK
Worker: http://localhost:8001, Running: 15.0, Waiting: 0.0
Worker: http://localhost:8001, qlen: 15.0
Worker: http://localhost:8001, Tokens: 222178.0
Worker: http://localhost:8002, Running: 17.0, Waiting: 0.0
Worker: http://localhost:8002, qlen: 17.0
Worker: http://localhost:8002, Tokens: 229365.0
Selected worker: http://localhost:8001
INFO:     127.0.0.1:51578 - "POST /v1/completions HTTP/1.1" 200 OK
Worker: http://localhost:8001, Running: 15.0, Waiting: 0.0
Worker: http://localhost:8001, qlen: 15.0
Worker: http://localhost:8001, Tokens: 222439.0
Worker: http://localhost:8002, Running: 17.0, Waiting: 0.0
Worker: http://localhost:8002, qlen: 17.0
Worker: http://localhost:8002, Tokens: 229365.0
Selected worker: http://localhost:8001
INFO:     127.0.0.1:51594 - "POST /v1/completions HTTP/1.1" 200 OK
Worker: http://localhost:8001, Running: 18.0, Waiting: 0.0
Worker: http://localhost:8001, qlen: 18.0
Worker: http://localhost:8001, Tokens: 225430.0
Worker: http://localhost:8002, Running: 14.0, Waiting: 0.0
Worker: http://localhost:8002, qlen: 14.0
Worker: http://localhost:8002, Tokens: 230771.0
Selected worker: http://localhost:8002
INFO:     127.0.0.1:51602 - "POST /v1/completions HTTP/1.1" 200 OK
Worker: http://localhost:8001, Running: 17.0, Waiting: 0.0
Worker: http://localhost:8001, qlen: 17.0
Worker: http://localhost:8001, Tokens: 228989.0
Worker: http://localhost:8002, Running: 15.0, Waiting: 0.0
Worker: http://localhost:8002, qlen: 15.0
Worker: http://localhost:8002, Tokens: 228424.0
Selected worker: http://localhost:8002
INFO:     127.0.0.1:51610 - "POST /v1/completions HTTP/1.1" 200 OK
Worker: http://localhost:8001, Running: 17.0, Waiting: 0.0
Worker: http://localhost:8001, qlen: 17.0
Worker: http://localhost:8001, Tokens: 229419.0
Worker: http://localhost:8002, Running: 15.0, Waiting: 0.0
Worker: http://localhost:8002, qlen: 15.0
Worker: http://localhost:8002, Tokens: 235044.0
Selected worker: http://localhost:8002
INFO:     127.0.0.1:51620 - "POST /v1/completions HTTP/1.1" 200 OK
Worker: http://localhost:8001, Running: 16.0, Waiting: 0.0
Worker: http://localhost:8001, qlen: 16.0
Worker: http://localhost:8001, Tokens: 226915.0
Worker: http://localhost:8002, Running: 16.0, Waiting: 0.0
Worker: http://localhost:8002, qlen: 16.0
Worker: http://localhost:8002, Tokens: 235267.0
Selected worker: http://localhost:8002
INFO:     127.0.0.1:51622 - "POST /v1/completions HTTP/1.1" 200 OK
Worker: http://localhost:8001, Running: 15.0, Waiting: 0.0
Worker: http://localhost:8001, qlen: 15.0
Worker: http://localhost:8001, Tokens: 230249.0
Worker: http://localhost:8002, Running: 17.0, Waiting: 0.0
Worker: http://localhost:8002, qlen: 17.0
Worker: http://localhost:8002, Tokens: 238853.0
Selected worker: http://localhost:8001
INFO:     127.0.0.1:51626 - "POST /v1/completions HTTP/1.1" 200 OK
Worker: http://localhost:8001, Running: 15.0, Waiting: 0.0
Worker: http://localhost:8001, qlen: 15.0
Worker: http://localhost:8001, Tokens: 231412.0
Worker: http://localhost:8002, Running: 17.0, Waiting: 0.0
Worker: http://localhost:8002, qlen: 17.0
Worker: http://localhost:8002, Tokens: 239581.0
Selected worker: http://localhost:8001
INFO:     127.0.0.1:35484 - "POST /v1/completions HTTP/1.1" 200 OK
Worker: http://localhost:8001, Running: 15.0, Waiting: 0.0
Worker: http://localhost:8001, qlen: 15.0
Worker: http://localhost:8001, Tokens: 231547.0
Worker: http://localhost:8002, Running: 16.0, Waiting: 0.0
Worker: http://localhost:8002, qlen: 16.0
Worker: http://localhost:8002, Tokens: 239788.0
Selected worker: http://localhost:8001
INFO:     127.0.0.1:35488 - "POST /v1/completions HTTP/1.1" 200 OK
Worker: http://localhost:8001, Running: 15.0, Waiting: 0.0
Worker: http://localhost:8001, qlen: 15.0
Worker: http://localhost:8001, Tokens: 231547.0
Worker: http://localhost:8002, Running: 15.0, Waiting: 0.0
Worker: http://localhost:8002, qlen: 15.0
Worker: http://localhost:8002, Tokens: 237210.0
Selected worker: http://localhost:8001
INFO:     127.0.0.1:35490 - "POST /v1/completions HTTP/1.1" 200 OK
Worker: http://localhost:8001, Running: 18.0, Waiting: 0.0
Worker: http://localhost:8001, qlen: 18.0
Worker: http://localhost:8001, Tokens: 234404.0
Worker: http://localhost:8002, Running: 14.0, Waiting: 0.0
Worker: http://localhost:8002, qlen: 14.0
Worker: http://localhost:8002, Tokens: 237408.0
Selected worker: http://localhost:8002
INFO:     127.0.0.1:35496 - "POST /v1/completions HTTP/1.1" 200 OK
Worker: http://localhost:8001, Running: 18.0, Waiting: 0.0
Worker: http://localhost:8001, qlen: 18.0
Worker: http://localhost:8001, Tokens: 234665.0
Worker: http://localhost:8002, Running: 14.0, Waiting: 0.0
Worker: http://localhost:8002, qlen: 14.0
Worker: http://localhost:8002, Tokens: 240476.0
Selected worker: http://localhost:8002
INFO:     127.0.0.1:35498 - "POST /v1/completions HTTP/1.1" 200 OK
Worker: http://localhost:8001, Running: 17.0, Waiting: 0.0
Worker: http://localhost:8001, qlen: 17.0
Worker: http://localhost:8001, Tokens: 234800.0
Worker: http://localhost:8002, Running: 15.0, Waiting: 0.0
Worker: http://localhost:8002, qlen: 15.0
Worker: http://localhost:8002, Tokens: 243591.0
Selected worker: http://localhost:8002
INFO:     127.0.0.1:35506 - "POST /v1/completions HTTP/1.1" 200 OK
Worker: http://localhost:8001, Running: 16.0, Waiting: 0.0
Worker: http://localhost:8001, qlen: 16.0
Worker: http://localhost:8001, Tokens: 237937.0
Worker: http://localhost:8002, Running: 16.0, Waiting: 0.0
Worker: http://localhost:8002, qlen: 16.0
Worker: http://localhost:8002, Tokens: 243899.0
Selected worker: http://localhost:8001
INFO:     127.0.0.1:35512 - "POST /v1/completions HTTP/1.1" 200 OK
Worker: http://localhost:8001, Running: 16.0, Waiting: 0.0
Worker: http://localhost:8001, qlen: 16.0
Worker: http://localhost:8001, Tokens: 238319.0
Worker: http://localhost:8002, Running: 16.0, Waiting: 0.0
Worker: http://localhost:8002, qlen: 16.0
Worker: http://localhost:8002, Tokens: 243906.0
Selected worker: http://localhost:8002
INFO:     127.0.0.1:35524 - "POST /v1/completions HTTP/1.1" 200 OK
Worker: http://localhost:8001, Running: 16.0, Waiting: 0.0
Worker: http://localhost:8001, qlen: 16.0
Worker: http://localhost:8001, Tokens: 235188.0
Worker: http://localhost:8002, Running: 15.0, Waiting: 0.0
Worker: http://localhost:8002, qlen: 15.0
Worker: http://localhost:8002, Tokens: 244262.0
Selected worker: http://localhost:8002
INFO:     127.0.0.1:35540 - "POST /v1/completions HTTP/1.1" 200 OK
Worker: http://localhost:8001, Running: 15.0, Waiting: 0.0
Worker: http://localhost:8001, qlen: 15.0
Worker: http://localhost:8001, Tokens: 242782.0
Worker: http://localhost:8002, Running: 17.0, Waiting: 0.0
Worker: http://localhost:8002, qlen: 17.0
Worker: http://localhost:8002, Tokens: 247747.0
Selected worker: http://localhost:8001
INFO:     127.0.0.1:35554 - "POST /v1/completions HTTP/1.1" 200 OK
Worker: http://localhost:8001, Running: 16.0, Waiting: 0.0
Worker: http://localhost:8001, qlen: 16.0
Worker: http://localhost:8001, Tokens: 239826.0
Worker: http://localhost:8002, Running: 16.0, Waiting: 0.0
Worker: http://localhost:8002, qlen: 16.0
Worker: http://localhost:8002, Tokens: 248299.0
Selected worker: http://localhost:8002
INFO:     127.0.0.1:35564 - "POST /v1/completions HTTP/1.1" 200 OK
Worker: http://localhost:8001, Running: 15.0, Waiting: 0.0
Worker: http://localhost:8001, qlen: 15.0
Worker: http://localhost:8001, Tokens: 243436.0
Worker: http://localhost:8002, Running: 17.0, Waiting: 0.0
Worker: http://localhost:8002, qlen: 17.0
Worker: http://localhost:8002, Tokens: 252144.0
Selected worker: http://localhost:8001
INFO:     127.0.0.1:35570 - "POST /v1/completions HTTP/1.1" 200 OK
Worker: http://localhost:8001, Running: 15.0, Waiting: 0.0
Worker: http://localhost:8001, qlen: 15.0
Worker: http://localhost:8001, Tokens: 241016.0
Worker: http://localhost:8002, Running: 17.0, Waiting: 0.0
Worker: http://localhost:8002, qlen: 17.0
Worker: http://localhost:8002, Tokens: 252841.0
Selected worker: http://localhost:8001
INFO:     127.0.0.1:35586 - "POST /v1/completions HTTP/1.1" 200 OK
Worker: http://localhost:8001, Running: 15.0, Waiting: 0.0
Worker: http://localhost:8001, qlen: 15.0
Worker: http://localhost:8001, Tokens: 252724.0
Worker: http://localhost:8002, Running: 17.0, Waiting: 0.0
Worker: http://localhost:8002, qlen: 17.0
Worker: http://localhost:8002, Tokens: 250351.0
Selected worker: http://localhost:8001
INFO:     127.0.0.1:35592 - "POST /v1/completions HTTP/1.1" 200 OK
Worker: http://localhost:8001, Running: 15.0, Waiting: 0.0
Worker: http://localhost:8001, qlen: 15.0
Worker: http://localhost:8001, Tokens: 252539.0
Worker: http://localhost:8002, Running: 16.0, Waiting: 0.0
Worker: http://localhost:8002, qlen: 16.0
Worker: http://localhost:8002, Tokens: 253312.0
Selected worker: http://localhost:8001
Worker: http://localhost:8001, Running: 15.0, Waiting: 0.0
Worker: http://localhost:8001, qlen: 15.0
Worker: http://localhost:8001, Tokens: 255708.0
Worker: http://localhost:8002, Running: 16.0, Waiting: 0.0
Worker: http://localhost:8002, qlen: 16.0
Worker: http://localhost:8002, Tokens: 253312.0
Selected worker: http://localhost:8001
INFO:     127.0.0.1:35594 - "POST /v1/completions HTTP/1.1" 200 OK
INFO:     127.0.0.1:35608 - "POST /v1/completions HTTP/1.1" 200 OK
Worker: http://localhost:8001, Running: 15.0, Waiting: 0.0
Worker: http://localhost:8001, qlen: 15.0
Worker: http://localhost:8001, Tokens: 252871.0
Worker: http://localhost:8002, Running: 16.0, Waiting: 0.0
Worker: http://localhost:8002, qlen: 16.0
Worker: http://localhost:8002, Tokens: 246303.0
Selected worker: http://localhost:8001
INFO:     127.0.0.1:35624 - "POST /v1/completions HTTP/1.1" 200 OK
Worker: http://localhost:8001, Running: 15.0, Waiting: 0.0
Worker: http://localhost:8001, qlen: 15.0
Worker: http://localhost:8001, Tokens: 255973.0
Worker: http://localhost:8002, Running: 16.0, Waiting: 0.0
Worker: http://localhost:8002, qlen: 16.0
Worker: http://localhost:8002, Tokens: 246303.0
Selected worker: http://localhost:8001
INFO:     127.0.0.1:35632 - "POST /v1/completions HTTP/1.1" 200 OK
Worker: http://localhost:8001, Running: 16.0, Waiting: 3.0
Worker: http://localhost:8001, qlen: 16.0
Worker: http://localhost:8001, Tokens: 253051.0
Worker: http://localhost:8002, Running: 13.0, Waiting: 0.0
Worker: http://localhost:8002, qlen: 13.0
Worker: http://localhost:8002, Tokens: 253593.0
Selected worker: http://localhost:8002
INFO:     127.0.0.1:35644 - "POST /v1/completions HTTP/1.1" 200 OK
Worker: http://localhost:8001, Running: 19.0, Waiting: 0.0
Worker: http://localhost:8001, qlen: 19.0
Worker: http://localhost:8001, Tokens: 264495.0
Worker: http://localhost:8002, Running: 13.0, Waiting: 0.0
Worker: http://localhost:8002, qlen: 13.0
Worker: http://localhost:8002, Tokens: 256367.0
Selected worker: http://localhost:8002
INFO:     127.0.0.1:35646 - "POST /v1/completions HTTP/1.1" 200 OK
Worker: http://localhost:8001, Running: 19.0, Waiting: 0.0
Worker: http://localhost:8001, qlen: 19.0
Worker: http://localhost:8001, Tokens: 261729.0
Worker: http://localhost:8002, Running: 13.0, Waiting: 0.0
Worker: http://localhost:8002, qlen: 13.0
Worker: http://localhost:8002, Tokens: 257206.0
Selected worker: http://localhost:8002
INFO:     127.0.0.1:47978 - "POST /v1/completions HTTP/1.1" 200 OK
Worker: http://localhost:8001, Running: 18.0, Waiting: 0.0
Worker: http://localhost:8001, qlen: 18.0
Worker: http://localhost:8001, Tokens: 262279.0
Worker: http://localhost:8002, Running: 14.0, Waiting: 0.0
Worker: http://localhost:8002, qlen: 14.0
Worker: http://localhost:8002, Tokens: 261055.0
Selected worker: http://localhost:8002
INFO:     127.0.0.1:47990 - "POST /v1/completions HTTP/1.1" 200 OK
Worker: http://localhost:8001, Running: 17.0, Waiting: 0.0
Worker: http://localhost:8001, qlen: 17.0
Worker: http://localhost:8001, Tokens: 263301.0
Worker: http://localhost:8002, Running: 15.0, Waiting: 0.0
Worker: http://localhost:8002, qlen: 15.0
Worker: http://localhost:8002, Tokens: 261545.0
Selected worker: http://localhost:8002
INFO:     127.0.0.1:47992 - "POST /v1/completions HTTP/1.1" 200 OK
Worker: http://localhost:8001, Running: 16.0, Waiting: 0.0
Worker: http://localhost:8001, qlen: 16.0
Worker: http://localhost:8001, Tokens: 266282.0
Worker: http://localhost:8002, Running: 15.0, Waiting: 0.0
Worker: http://localhost:8002, qlen: 15.0
Worker: http://localhost:8002, Tokens: 261695.0
Selected worker: http://localhost:8002
INFO:     127.0.0.1:47998 - "POST /v1/completions HTTP/1.1" 200 OK
Worker: http://localhost:8001, Running: 15.0, Waiting: 0.0
Worker: http://localhost:8001, qlen: 15.0
Worker: http://localhost:8001, Tokens: 267289.0
Worker: http://localhost:8002, Running: 17.0, Waiting: 0.0
Worker: http://localhost:8002, qlen: 17.0
Worker: http://localhost:8002, Tokens: 263011.0
Selected worker: http://localhost:8001
INFO:     127.0.0.1:48012 - "POST /v1/completions HTTP/1.1" 200 OK
Worker: http://localhost:8001, Running: 15.0, Waiting: 0.0
Worker: http://localhost:8001, qlen: 15.0
Worker: http://localhost:8001, Tokens: 267349.0
Worker: http://localhost:8002, Running: 17.0, Waiting: 0.0
Worker: http://localhost:8002, qlen: 17.0
Worker: http://localhost:8002, Tokens: 259398.0
Selected worker: http://localhost:8001
INFO:     127.0.0.1:48024 - "POST /v1/completions HTTP/1.1" 200 OK
Worker: http://localhost:8001, Running: 17.0, Waiting: 0.0
Worker: http://localhost:8001, qlen: 17.0
Worker: http://localhost:8001, Tokens: 270662.0
Worker: http://localhost:8002, Running: 15.0, Waiting: 0.0
Worker: http://localhost:8002, qlen: 15.0
Worker: http://localhost:8002, Tokens: 266643.0
Selected worker: http://localhost:8002
INFO:     127.0.0.1:48032 - "POST /v1/completions HTTP/1.1" 200 OK
Worker: http://localhost:8001, Running: 16.0, Waiting: 0.0
Worker: http://localhost:8001, qlen: 16.0
Worker: http://localhost:8001, Tokens: 271446.0
Worker: http://localhost:8002, Running: 16.0, Waiting: 0.0
Worker: http://localhost:8002, qlen: 16.0
Worker: http://localhost:8002, Tokens: 264955.0
Selected worker: http://localhost:8001
INFO:     127.0.0.1:48036 - "POST /v1/completions HTTP/1.1" 200 OK
Worker: http://localhost:8001, Running: 16.0, Waiting: 0.0
Worker: http://localhost:8001, qlen: 16.0
Worker: http://localhost:8001, Tokens: 271710.0
Worker: http://localhost:8002, Running: 15.0, Waiting: 0.0
Worker: http://localhost:8002, qlen: 15.0
Worker: http://localhost:8002, Tokens: 267186.0
Selected worker: http://localhost:8002
INFO:     127.0.0.1:48044 - "POST /v1/completions HTTP/1.1" 200 OK
Worker: http://localhost:8001, Running: 16.0, Waiting: 0.0
Worker: http://localhost:8001, qlen: 16.0
Worker: http://localhost:8001, Tokens: 271526.0
Worker: http://localhost:8002, Running: 15.0, Waiting: 0.0
Worker: http://localhost:8002, qlen: 15.0
Worker: http://localhost:8002, Tokens: 267184.0
Selected worker: http://localhost:8002
INFO:     127.0.0.1:48046 - "POST /v1/completions HTTP/1.1" 200 OK
Worker: http://localhost:8001, Running: 17.0, Waiting: 0.0
Worker: http://localhost:8001, qlen: 17.0
Worker: http://localhost:8001, Tokens: 271606.0
Worker: http://localhost:8002, Running: 15.0, Waiting: 0.0
Worker: http://localhost:8002, qlen: 15.0
Worker: http://localhost:8002, Tokens: 274116.0
Selected worker: http://localhost:8002
INFO:     127.0.0.1:48052 - "POST /v1/completions HTTP/1.1" 200 OK
Worker: http://localhost:8001, Running: 16.0, Waiting: 0.0
Worker: http://localhost:8001, qlen: 16.0
Worker: http://localhost:8001, Tokens: 271624.0
Worker: http://localhost:8002, Running: 16.0, Waiting: 0.0
Worker: http://localhost:8002, qlen: 16.0
Worker: http://localhost:8002, Tokens: 274251.0
Selected worker: http://localhost:8001
INFO:     127.0.0.1:48066 - "POST /v1/completions HTTP/1.1" 200 OK
Worker: http://localhost:8001, Running: 16.0, Waiting: 0.0
Worker: http://localhost:8001, qlen: 16.0
Worker: http://localhost:8001, Tokens: 271896.0
Worker: http://localhost:8002, Running: 16.0, Waiting: 0.0
Worker: http://localhost:8002, qlen: 16.0
Worker: http://localhost:8002, Tokens: 274251.0
Selected worker: http://localhost:8002
INFO:     127.0.0.1:48068 - "POST /v1/completions HTTP/1.1" 200 OK
Worker: http://localhost:8001, Running: 15.0, Waiting: 0.0
Worker: http://localhost:8001, qlen: 15.0
Worker: http://localhost:8001, Tokens: 272795.0
Worker: http://localhost:8002, Running: 17.0, Waiting: 0.0
Worker: http://localhost:8002, qlen: 17.0
Worker: http://localhost:8002, Tokens: 282029.0
Selected worker: http://localhost:8001
INFO:     127.0.0.1:48076 - "POST /v1/completions HTTP/1.1" 200 OK
Worker: http://localhost:8001, Running: 16.0, Waiting: 0.0
Worker: http://localhost:8001, qlen: 16.0
Worker: http://localhost:8001, Tokens: 270802.0
Worker: http://localhost:8002, Running: 16.0, Waiting: 0.0
Worker: http://localhost:8002, qlen: 16.0
Worker: http://localhost:8002, Tokens: 283267.0
Selected worker: http://localhost:8001
INFO:     127.0.0.1:48078 - "POST /v1/completions HTTP/1.1" 200 OK
Worker: http://localhost:8001, Running: 16.0, Waiting: 0.0
Worker: http://localhost:8001, qlen: 16.0
Worker: http://localhost:8001, Tokens: 276529.0
Worker: http://localhost:8002, Running: 16.0, Waiting: 0.0
Worker: http://localhost:8002, qlen: 16.0
Worker: http://localhost:8002, Tokens: 283283.0
Selected worker: http://localhost:8001
INFO:     127.0.0.1:48086 - "POST /v1/completions HTTP/1.1" 200 OK
Worker: http://localhost:8001, Running: 17.0, Waiting: 0.0
Worker: http://localhost:8001, qlen: 17.0
Worker: http://localhost:8001, Tokens: 277036.0
Worker: http://localhost:8002, Running: 15.0, Waiting: 0.0
Worker: http://localhost:8002, qlen: 15.0
Worker: http://localhost:8002, Tokens: 283879.0
Selected worker: http://localhost:8002
INFO:     127.0.0.1:48102 - "POST /v1/completions HTTP/1.1" 200 OK
Worker: http://localhost:8001, Running: 17.0, Waiting: 0.0
Worker: http://localhost:8001, qlen: 17.0
Worker: http://localhost:8001, Tokens: 274383.0
Worker: http://localhost:8002, Running: 15.0, Waiting: 0.0
Worker: http://localhost:8002, qlen: 15.0
Worker: http://localhost:8002, Tokens: 284260.0
Selected worker: http://localhost:8002
INFO:     127.0.0.1:48118 - "POST /v1/completions HTTP/1.1" 200 OK
Worker: http://localhost:8001, Running: 16.0, Waiting: 0.0
Worker: http://localhost:8001, qlen: 16.0
Worker: http://localhost:8001, Tokens: 274484.0
Worker: http://localhost:8002, Running: 16.0, Waiting: 0.0
Worker: http://localhost:8002, qlen: 16.0
Worker: http://localhost:8002, Tokens: 287019.0
Selected worker: http://localhost:8001
INFO:     127.0.0.1:48130 - "POST /v1/completions HTTP/1.1" 200 OK
Worker: http://localhost:8001, Running: 15.0, Waiting: 0.0
Worker: http://localhost:8001, qlen: 15.0
Worker: http://localhost:8001, Tokens: 277350.0
Worker: http://localhost:8002, Running: 16.0, Waiting: 0.0
Worker: http://localhost:8002, qlen: 16.0
Worker: http://localhost:8002, Tokens: 287083.0
Selected worker: http://localhost:8001
INFO:     127.0.0.1:48134 - "POST /v1/completions HTTP/1.1" 200 OK
Worker: http://localhost:8001, Running: 15.0, Waiting: 1.0
Worker: http://localhost:8001, qlen: 15.0
Worker: http://localhost:8001, Tokens: 277712.0
Worker: http://localhost:8002, Running: 16.0, Waiting: 0.0
Worker: http://localhost:8002, qlen: 16.0
Worker: http://localhost:8002, Tokens: 284003.0
Selected worker: http://localhost:8001
INFO:     127.0.0.1:58240 - "POST /v1/completions HTTP/1.1" 200 OK
Worker: http://localhost:8001, Running: 17.0, Waiting: 0.0
Worker: http://localhost:8001, qlen: 17.0
Worker: http://localhost:8001, Tokens: 289266.0
Worker: http://localhost:8002, Running: 15.0, Waiting: 0.0
Worker: http://localhost:8002, qlen: 15.0
Worker: http://localhost:8002, Tokens: 287737.0
Selected worker: http://localhost:8002
INFO:     127.0.0.1:58252 - "POST /v1/completions HTTP/1.1" 200 OK
Worker: http://localhost:8001, Running: 17.0, Waiting: 0.0
Worker: http://localhost:8001, qlen: 17.0
Worker: http://localhost:8001, Tokens: 293385.0
Worker: http://localhost:8002, Running: 15.0, Waiting: 0.0
Worker: http://localhost:8002, qlen: 15.0
Worker: http://localhost:8002, Tokens: 288629.0
Selected worker: http://localhost:8002
INFO:     127.0.0.1:58260 - "POST /v1/completions HTTP/1.1" 200 OK
Worker: http://localhost:8001, Running: 16.0, Waiting: 0.0
Worker: http://localhost:8001, qlen: 16.0
Worker: http://localhost:8001, Tokens: 294131.0
Worker: http://localhost:8002, Running: 16.0, Waiting: 0.0
Worker: http://localhost:8002, qlen: 16.0
Worker: http://localhost:8002, Tokens: 293175.0
Selected worker: http://localhost:8001
INFO:     127.0.0.1:58270 - "POST /v1/completions HTTP/1.1" 200 OK
Worker: http://localhost:8001, Running: 16.0, Waiting: 0.0
Worker: http://localhost:8001, qlen: 16.0
Worker: http://localhost:8001, Tokens: 294408.0
Worker: http://localhost:8002, Running: 16.0, Waiting: 0.0
Worker: http://localhost:8002, qlen: 16.0
Worker: http://localhost:8002, Tokens: 289930.0
Selected worker: http://localhost:8001
INFO:     127.0.0.1:58272 - "POST /v1/completions HTTP/1.1" 200 OK
Worker: http://localhost:8001, Running: 17.0, Waiting: 0.0
Worker: http://localhost:8001, qlen: 17.0
Worker: http://localhost:8001, Tokens: 292604.0
Worker: http://localhost:8002, Running: 15.0, Waiting: 0.0
Worker: http://localhost:8002, qlen: 15.0
Worker: http://localhost:8002, Tokens: 293811.0
Selected worker: http://localhost:8002
Worker: http://localhost:8001, Running: 17.0, Waiting: 0.0
Worker: http://localhost:8001, qlen: 17.0
Worker: http://localhost:8001, Tokens: 292604.0
Worker: http://localhost:8002, Running: 15.0, Waiting: 0.0
Worker: http://localhost:8002, qlen: 15.0
Worker: http://localhost:8002, Tokens: 294076.0
Selected worker: http://localhost:8002
INFO:     127.0.0.1:58288 - "POST /v1/completions HTTP/1.1" 200 OK
INFO:     127.0.0.1:58304 - "POST /v1/completions HTTP/1.1" 200 OK
Worker: http://localhost:8001, Running: 17.0, Waiting: 0.0
Worker: http://localhost:8001, qlen: 17.0
Worker: http://localhost:8001, Tokens: 292604.0
Worker: http://localhost:8002, Running: 15.0, Waiting: 0.0
Worker: http://localhost:8002, qlen: 15.0
Worker: http://localhost:8002, Tokens: 290433.0
Selected worker: http://localhost:8002
INFO:     127.0.0.1:58314 - "POST /v1/completions HTTP/1.1" 200 OK
Worker: http://localhost:8001, Running: 15.0, Waiting: 0.0
Worker: http://localhost:8001, qlen: 15.0
Worker: http://localhost:8001, Tokens: 298799.0
Worker: http://localhost:8002, Running: 15.0, Waiting: 0.0
Worker: http://localhost:8002, qlen: 15.0
Worker: http://localhost:8002, Tokens: 293986.0
Selected worker: http://localhost:8002
INFO:     127.0.0.1:58316 - "POST /v1/completions HTTP/1.1" 200 OK
Worker: http://localhost:8001, Running: 14.0, Waiting: 0.0
Worker: http://localhost:8001, qlen: 14.0
Worker: http://localhost:8001, Tokens: 299729.0
Worker: http://localhost:8002, Running: 18.0, Waiting: 0.0
Worker: http://localhost:8002, qlen: 18.0
Worker: http://localhost:8002, Tokens: 302946.0
Selected worker: http://localhost:8001
INFO:     127.0.0.1:58328 - "POST /v1/completions HTTP/1.1" 200 OK
Worker: http://localhost:8001, Running: 13.0, Waiting: 0.0
Worker: http://localhost:8001, qlen: 13.0
Worker: http://localhost:8001, Tokens: 300059.0
Worker: http://localhost:8002, Running: 18.0, Waiting: 0.0
Worker: http://localhost:8002, qlen: 18.0
Worker: http://localhost:8002, Tokens: 302689.0
Selected worker: http://localhost:8001
INFO:     127.0.0.1:58330 - "POST /v1/completions HTTP/1.1" 200 OK
Worker: http://localhost:8001, Running: 15.0, Waiting: 0.0
Worker: http://localhost:8001, qlen: 15.0
Worker: http://localhost:8001, Tokens: 308784.0
Worker: http://localhost:8002, Running: 17.0, Waiting: 0.0
Worker: http://localhost:8002, qlen: 17.0
Worker: http://localhost:8002, Tokens: 301236.0
Selected worker: http://localhost:8001
INFO:     127.0.0.1:58346 - "POST /v1/completions HTTP/1.1" 200 OK
Worker: http://localhost:8001, Running: 15.0, Waiting: 0.0
Worker: http://localhost:8001, qlen: 15.0
Worker: http://localhost:8001, Tokens: 308859.0
Worker: http://localhost:8002, Running: 16.0, Waiting: 0.0
Worker: http://localhost:8002, qlen: 16.0
Worker: http://localhost:8002, Tokens: 304096.0
Selected worker: http://localhost:8001
INFO:     127.0.0.1:58348 - "POST /v1/completions HTTP/1.1" 200 OK
Worker: http://localhost:8001, Running: 17.0, Waiting: 0.0
Worker: http://localhost:8001, qlen: 17.0
Worker: http://localhost:8001, Tokens: 311288.0
Worker: http://localhost:8002, Running: 15.0, Waiting: 0.0
Worker: http://localhost:8002, qlen: 15.0
Worker: http://localhost:8002, Tokens: 304645.0
Selected worker: http://localhost:8002
INFO:     127.0.0.1:58356 - "POST /v1/completions HTTP/1.1" 200 OK
Worker: http://localhost:8001, Running: 16.0, Waiting: 0.0
Worker: http://localhost:8001, qlen: 16.0
Worker: http://localhost:8001, Tokens: 311940.0
Worker: http://localhost:8002, Running: 16.0, Waiting: 0.0
Worker: http://localhost:8002, qlen: 16.0
Worker: http://localhost:8002, Tokens: 302020.0
Selected worker: http://localhost:8001
INFO:     127.0.0.1:58360 - "POST /v1/completions HTTP/1.1" 200 OK
Worker: http://localhost:8001, Running: 17.0, Waiting: 0.0
Worker: http://localhost:8001, qlen: 17.0
Worker: http://localhost:8001, Tokens: 311893.0
Worker: http://localhost:8002, Running: 15.0, Waiting: 0.0
Worker: http://localhost:8002, qlen: 15.0
Worker: http://localhost:8002, Tokens: 305736.0
Selected worker: http://localhost:8002
INFO:     127.0.0.1:58372 - "POST /v1/completions HTTP/1.1" 200 OK
Worker: http://localhost:8001, Running: 16.0, Waiting: 0.0
Worker: http://localhost:8001, qlen: 16.0
Worker: http://localhost:8001, Tokens: 311906.0
Worker: http://localhost:8002, Running: 15.0, Waiting: 0.0
Worker: http://localhost:8002, qlen: 15.0
Worker: http://localhost:8002, Tokens: 305811.0
Selected worker: http://localhost:8002
INFO:     127.0.0.1:58376 - "POST /v1/completions HTTP/1.1" 200 OK
Worker: http://localhost:8001, Running: 15.0, Waiting: 0.0
Worker: http://localhost:8001, qlen: 15.0
Worker: http://localhost:8001, Tokens: 315101.0
Worker: http://localhost:8002, Running: 17.0, Waiting: 0.0
Worker: http://localhost:8002, qlen: 17.0
Worker: http://localhost:8002, Tokens: 308779.0
Selected worker: http://localhost:8001
INFO:     127.0.0.1:56098 - "POST /v1/completions HTTP/1.1" 200 OK
Worker: http://localhost:8001, Running: 14.0, Waiting: 0.0
Worker: http://localhost:8001, qlen: 14.0
Worker: http://localhost:8001, Tokens: 315450.0
Worker: http://localhost:8002, Running: 17.0, Waiting: 0.0
Worker: http://localhost:8002, qlen: 17.0
Worker: http://localhost:8002, Tokens: 308565.0
Selected worker: http://localhost:8001
INFO:     127.0.0.1:56102 - "POST /v1/completions HTTP/1.1" 200 OK
Worker: http://localhost:8001, Running: 14.0, Waiting: 0.0
Worker: http://localhost:8001, qlen: 14.0
Worker: http://localhost:8001, Tokens: 318626.0
Worker: http://localhost:8002, Running: 16.0, Waiting: 0.0
Worker: http://localhost:8002, qlen: 16.0
Worker: http://localhost:8002, Tokens: 308658.0
Selected worker: http://localhost:8001
INFO:     127.0.0.1:56104 - "POST /v1/completions HTTP/1.1" 200 OK
Worker: http://localhost:8001, Running: 15.0, Waiting: 0.0
Worker: http://localhost:8001, qlen: 15.0
Worker: http://localhost:8001, Tokens: 315579.0
Worker: http://localhost:8002, Running: 15.0, Waiting: 0.0
Worker: http://localhost:8002, qlen: 15.0
Worker: http://localhost:8002, Tokens: 306131.0
Selected worker: http://localhost:8001
INFO:     127.0.0.1:56108 - "POST /v1/completions HTTP/1.1" 200 OK
Worker: http://localhost:8001, Running: 18.0, Waiting: 0.0
Worker: http://localhost:8001, qlen: 18.0
Worker: http://localhost:8001, Tokens: 318036.0
Worker: http://localhost:8002, Running: 14.0, Waiting: 0.0
Worker: http://localhost:8002, qlen: 14.0
Worker: http://localhost:8002, Tokens: 309502.0
Selected worker: http://localhost:8002
INFO:     127.0.0.1:56124 - "POST /v1/completions HTTP/1.1" 200 OK
Worker: http://localhost:8001, Running: 17.0, Waiting: 0.0
Worker: http://localhost:8001, qlen: 17.0
Worker: http://localhost:8001, Tokens: 322435.0
Worker: http://localhost:8002, Running: 15.0, Waiting: 0.0
Worker: http://localhost:8002, qlen: 15.0
Worker: http://localhost:8002, Tokens: 310939.0
Selected worker: http://localhost:8002
INFO:     127.0.0.1:56126 - "POST /v1/completions HTTP/1.1" 200 OK
Worker: http://localhost:8001, Running: 16.0, Waiting: 0.0
Worker: http://localhost:8001, qlen: 16.0
Worker: http://localhost:8001, Tokens: 323053.0
Worker: http://localhost:8002, Running: 16.0, Waiting: 0.0
Worker: http://localhost:8002, qlen: 16.0
Worker: http://localhost:8002, Tokens: 310203.0
Selected worker: http://localhost:8002
INFO:     127.0.0.1:56138 - "POST /v1/completions HTTP/1.1" 200 OK
Worker: http://localhost:8001, Running: 16.0, Waiting: 0.0
Worker: http://localhost:8001, qlen: 16.0
Worker: http://localhost:8001, Tokens: 323181.0
Worker: http://localhost:8002, Running: 16.0, Waiting: 0.0
Worker: http://localhost:8002, qlen: 16.0
Worker: http://localhost:8002, Tokens: 313163.0
Selected worker: http://localhost:8001
INFO:     127.0.0.1:56150 - "POST /v1/completions HTTP/1.1" 200 OK
Worker: http://localhost:8001, Running: 17.0, Waiting: 0.0
Worker: http://localhost:8001, qlen: 17.0
Worker: http://localhost:8001, Tokens: 327093.0
Worker: http://localhost:8002, Running: 15.0, Waiting: 0.0
Worker: http://localhost:8002, qlen: 15.0
Worker: http://localhost:8002, Tokens: 314049.0
Selected worker: http://localhost:8002
INFO:     127.0.0.1:56152 - "POST /v1/completions HTTP/1.1" 200 OK
Worker: http://localhost:8001, Running: 16.0, Waiting: 0.0
Worker: http://localhost:8001, qlen: 16.0
Worker: http://localhost:8001, Tokens: 327755.0
Worker: http://localhost:8002, Running: 16.0, Waiting: 0.0
Worker: http://localhost:8002, qlen: 16.0
Worker: http://localhost:8002, Tokens: 311184.0
Selected worker: http://localhost:8001
INFO:     127.0.0.1:56158 - "POST /v1/completions HTTP/1.1" 200 OK
Worker: http://localhost:8001, Running: 16.0, Waiting: 0.0
Worker: http://localhost:8001, qlen: 16.0
Worker: http://localhost:8001, Tokens: 327819.0
Worker: http://localhost:8002, Running: 16.0, Waiting: 0.0
Worker: http://localhost:8002, qlen: 16.0
Worker: http://localhost:8002, Tokens: 310880.0
Selected worker: http://localhost:8001
INFO:     127.0.0.1:56174 - "POST /v1/completions HTTP/1.1" 200 OK
Worker: http://localhost:8001, Running: 18.0, Waiting: 0.0
Worker: http://localhost:8001, qlen: 18.0
Worker: http://localhost:8001, Tokens: 328162.0
Worker: http://localhost:8002, Running: 14.0, Waiting: 0.0
Worker: http://localhost:8002, qlen: 14.0
Worker: http://localhost:8002, Tokens: 315220.0
Selected worker: http://localhost:8002
INFO:     127.0.0.1:56182 - "POST /v1/completions HTTP/1.1" 200 OK
Worker: http://localhost:8001, Running: 17.0, Waiting: 0.0
Worker: http://localhost:8001, qlen: 17.0
Worker: http://localhost:8001, Tokens: 325538.0
Worker: http://localhost:8002, Running: 15.0, Waiting: 0.0
Worker: http://localhost:8002, qlen: 15.0
Worker: http://localhost:8002, Tokens: 320638.0
Selected worker: http://localhost:8002
Worker: http://localhost:8001, Running: 17.0, Waiting: 0.0
Worker: http://localhost:8001, qlen: 17.0
Worker: http://localhost:8001, Tokens: 325538.0
Worker: http://localhost:8002, Running: 15.0, Waiting: 0.0
Worker: http://localhost:8002, qlen: 15.0
Worker: http://localhost:8002, Tokens: 320905.0
Selected worker: http://localhost:8002
INFO:     127.0.0.1:56198 - "POST /v1/completions HTTP/1.1" 200 OK
INFO:     127.0.0.1:56200 - "POST /v1/completions HTTP/1.1" 200 OK
Worker: http://localhost:8001, Running: 17.0, Waiting: 0.0
Worker: http://localhost:8001, qlen: 17.0
Worker: http://localhost:8001, Tokens: 325538.0
Worker: http://localhost:8002, Running: 15.0, Waiting: 0.0
Worker: http://localhost:8002, qlen: 15.0
Worker: http://localhost:8002, Tokens: 316524.0
Selected worker: http://localhost:8002
INFO:     127.0.0.1:56202 - "POST /v1/completions HTTP/1.1" 200 OK
Worker: http://localhost:8001, Running: 15.0, Waiting: 0.0
Worker: http://localhost:8001, qlen: 15.0
Worker: http://localhost:8001, Tokens: 331790.0
Worker: http://localhost:8002, Running: 16.0, Waiting: 0.0
Worker: http://localhost:8002, qlen: 16.0
Worker: http://localhost:8002, Tokens: 320830.0
Selected worker: http://localhost:8001
INFO:     127.0.0.1:56210 - "POST /v1/completions HTTP/1.1" 200 OK
Worker: http://localhost:8001, Running: 14.0, Waiting: 0.0
Worker: http://localhost:8001, qlen: 14.0
Worker: http://localhost:8001, Tokens: 332097.0
Worker: http://localhost:8002, Running: 16.0, Waiting: 0.0
Worker: http://localhost:8002, qlen: 16.0
Worker: http://localhost:8002, Tokens: 320568.0
Selected worker: http://localhost:8001
INFO:     127.0.0.1:56218 - "POST /v1/completions HTTP/1.1" 200 OK
Worker: http://localhost:8001, Running: 15.0, Waiting: 0.0
Worker: http://localhost:8001, qlen: 15.0
Worker: http://localhost:8001, Tokens: 331881.0
Worker: http://localhost:8002, Running: 16.0, Waiting: 0.0
Worker: http://localhost:8002, qlen: 16.0
Worker: http://localhost:8002, Tokens: 324193.0
Selected worker: http://localhost:8001
INFO:     127.0.0.1:56222 - "POST /v1/completions HTTP/1.1" 200 OK
Worker: http://localhost:8001, Running: 16.0, Waiting: 0.0
Worker: http://localhost:8001, qlen: 16.0
Worker: http://localhost:8001, Tokens: 338572.0
Worker: http://localhost:8002, Running: 16.0, Waiting: 0.0
Worker: http://localhost:8002, qlen: 16.0
Worker: http://localhost:8002, Tokens: 321360.0
Selected worker: http://localhost:8001
INFO:     127.0.0.1:56236 - "POST /v1/completions HTTP/1.1" 200 OK
Worker: http://localhost:8001, Running: 17.0, Waiting: 0.0
Worker: http://localhost:8001, qlen: 17.0
Worker: http://localhost:8001, Tokens: 338998.0
Worker: http://localhost:8002, Running: 15.0, Waiting: 0.0
Worker: http://localhost:8002, qlen: 15.0
Worker: http://localhost:8002, Tokens: 321808.0
Selected worker: http://localhost:8002
INFO:     127.0.0.1:51914 - "POST /v1/completions HTTP/1.1" 200 OK
Worker: http://localhost:8001, Running: 17.0, Waiting: 0.0
Worker: http://localhost:8001, qlen: 17.0
Worker: http://localhost:8001, Tokens: 339406.0
Worker: http://localhost:8002, Running: 15.0, Waiting: 0.0
Worker: http://localhost:8002, qlen: 15.0
Worker: http://localhost:8002, Tokens: 324411.0
Selected worker: http://localhost:8002
INFO:     127.0.0.1:51920 - "POST /v1/completions HTTP/1.1" 200 OK
Worker: http://localhost:8001, Running: 17.0, Waiting: 0.0
Worker: http://localhost:8001, qlen: 17.0
Worker: http://localhost:8001, Tokens: 339406.0
Worker: http://localhost:8002, Running: 14.0, Waiting: 0.0
Worker: http://localhost:8002, qlen: 14.0
Worker: http://localhost:8002, Tokens: 325488.0
Selected worker: http://localhost:8002
INFO:     127.0.0.1:51930 - "POST /v1/completions HTTP/1.1" 200 OK
Worker: http://localhost:8001, Running: 17.0, Waiting: 0.0
Worker: http://localhost:8001, qlen: 17.0
Worker: http://localhost:8001, Tokens: 339491.0
Worker: http://localhost:8002, Running: 14.0, Waiting: 0.0
Worker: http://localhost:8002, qlen: 14.0
Worker: http://localhost:8002, Tokens: 328636.0
Selected worker: http://localhost:8002
INFO:     127.0.0.1:51936 - "POST /v1/completions HTTP/1.1" 200 OK
Worker: http://localhost:8001, Running: 17.0, Waiting: 0.0
Worker: http://localhost:8001, qlen: 17.0
Worker: http://localhost:8001, Tokens: 340307.0
Worker: http://localhost:8002, Running: 15.0, Waiting: 0.0
Worker: http://localhost:8002, qlen: 15.0
Worker: http://localhost:8002, Tokens: 332418.0
Selected worker: http://localhost:8002
INFO:     127.0.0.1:51940 - "POST /v1/completions HTTP/1.1" 200 OK
Worker: http://localhost:8001, Running: 17.0, Waiting: 0.0
Worker: http://localhost:8001, qlen: 17.0
Worker: http://localhost:8001, Tokens: 337034.0
Worker: http://localhost:8002, Running: 15.0, Waiting: 0.0
Worker: http://localhost:8002, qlen: 15.0
Worker: http://localhost:8002, Tokens: 335790.0
Selected worker: http://localhost:8002
INFO:     127.0.0.1:51954 - "POST /v1/completions HTTP/1.1" 200 OK
Worker: http://localhost:8001, Running: 16.0, Waiting: 0.0
Worker: http://localhost:8001, qlen: 16.0
Worker: http://localhost:8001, Tokens: 340778.0
Worker: http://localhost:8002, Running: 16.0, Waiting: 0.0
Worker: http://localhost:8002, qlen: 16.0
Worker: http://localhost:8002, Tokens: 336219.0
Selected worker: http://localhost:8001
INFO:     127.0.0.1:51964 - "POST /v1/completions HTTP/1.1" 200 OK
Worker: http://localhost:8001, Running: 16.0, Waiting: 0.0
Worker: http://localhost:8001, qlen: 16.0
Worker: http://localhost:8001, Tokens: 341263.0
Worker: http://localhost:8002, Running: 16.0, Waiting: 0.0
Worker: http://localhost:8002, qlen: 16.0
Worker: http://localhost:8002, Tokens: 336720.0
Selected worker: http://localhost:8001
INFO:     127.0.0.1:51972 - "POST /v1/completions HTTP/1.1" 200 OK
Worker: http://localhost:8001, Running: 16.0, Waiting: 0.0
Worker: http://localhost:8001, qlen: 16.0
Worker: http://localhost:8001, Tokens: 341263.0
Worker: http://localhost:8002, Running: 16.0, Waiting: 0.0
Worker: http://localhost:8002, qlen: 16.0
Worker: http://localhost:8002, Tokens: 336458.0
Selected worker: http://localhost:8002
INFO:     127.0.0.1:51976 - "POST /v1/completions HTTP/1.1" 200 OK
Worker: http://localhost:8001, Running: 16.0, Waiting: 0.0
Worker: http://localhost:8001, qlen: 16.0
Worker: http://localhost:8001, Tokens: 341263.0
Worker: http://localhost:8002, Running: 16.0, Waiting: 0.0
Worker: http://localhost:8002, qlen: 16.0
Worker: http://localhost:8002, Tokens: 336299.0
Selected worker: http://localhost:8002
INFO:     127.0.0.1:51978 - "POST /v1/completions HTTP/1.1" 200 OK
Worker: http://localhost:8001, Running: 16.0, Waiting: 1.0
Worker: http://localhost:8001, qlen: 16.0
Worker: http://localhost:8001, Tokens: 341398.0
Worker: http://localhost:8002, Running: 15.0, Waiting: 0.0
Worker: http://localhost:8002, qlen: 15.0
Worker: http://localhost:8002, Tokens: 340659.0
Selected worker: http://localhost:8002
INFO:     127.0.0.1:51994 - "POST /v1/completions HTTP/1.1" 200 OK
Worker: http://localhost:8001, Running: 16.0, Waiting: 1.0
Worker: http://localhost:8001, qlen: 16.0
Worker: http://localhost:8001, Tokens: 341413.0
Worker: http://localhost:8002, Running: 14.0, Waiting: 0.0
Worker: http://localhost:8002, qlen: 14.0
Worker: http://localhost:8002, Tokens: 340791.0
Selected worker: http://localhost:8002
INFO:     127.0.0.1:52004 - "POST /v1/completions HTTP/1.1" 200 OK
Worker: http://localhost:8001, Running: 17.0, Waiting: 0.0
Worker: http://localhost:8001, qlen: 17.0
Worker: http://localhost:8001, Tokens: 371115.0
Worker: http://localhost:8002, Running: 15.0, Waiting: 0.0
Worker: http://localhost:8002, qlen: 15.0
Worker: http://localhost:8002, Tokens: 339804.0
Selected worker: http://localhost:8002
INFO:     127.0.0.1:52020 - "POST /v1/completions HTTP/1.1" 200 OK
Worker: http://localhost:8001, Running: 17.0, Waiting: 0.0
Worker: http://localhost:8001, qlen: 17.0
Worker: http://localhost:8001, Tokens: 371846.0
Worker: http://localhost:8002, Running: 15.0, Waiting: 0.0
Worker: http://localhost:8002, qlen: 15.0
Worker: http://localhost:8002, Tokens: 347019.0
Selected worker: http://localhost:8002
INFO:     127.0.0.1:52030 - "POST /v1/completions HTTP/1.1" 200 OK
Worker: http://localhost:8001, Running: 17.0, Waiting: 0.0
Worker: http://localhost:8001, qlen: 17.0
Worker: http://localhost:8001, Tokens: 371626.0
Worker: http://localhost:8002, Running: 15.0, Waiting: 0.0
Worker: http://localhost:8002, qlen: 15.0
Worker: http://localhost:8002, Tokens: 347288.0
Selected worker: http://localhost:8002
INFO:     127.0.0.1:52040 - "POST /v1/completions HTTP/1.1" 200 OK
Worker: http://localhost:8001, Running: 16.0, Waiting: 0.0
Worker: http://localhost:8001, qlen: 16.0
Worker: http://localhost:8001, Tokens: 372267.0
Worker: http://localhost:8002, Running: 16.0, Waiting: 0.0
Worker: http://localhost:8002, qlen: 16.0
Worker: http://localhost:8002, Tokens: 346765.0
Selected worker: http://localhost:8001
INFO:     127.0.0.1:52044 - "POST /v1/completions HTTP/1.1" 200 OK
Worker: http://localhost:8001, Running: 16.0, Waiting: 0.0
Worker: http://localhost:8001, qlen: 16.0
Worker: http://localhost:8001, Tokens: 372331.0
Worker: http://localhost:8002, Running: 16.0, Waiting: 0.0
Worker: http://localhost:8002, qlen: 16.0
Worker: http://localhost:8002, Tokens: 342878.0
Selected worker: http://localhost:8002
INFO:     127.0.0.1:52052 - "POST /v1/completions HTTP/1.1" 200 OK
Worker: http://localhost:8001, Running: 17.0, Waiting: 0.0
Worker: http://localhost:8001, qlen: 17.0
Worker: http://localhost:8001, Tokens: 372223.0
Worker: http://localhost:8002, Running: 14.0, Waiting: 0.0
Worker: http://localhost:8002, qlen: 14.0
Worker: http://localhost:8002, Tokens: 350801.0
Selected worker: http://localhost:8002
INFO:     127.0.0.1:52056 - "POST /v1/completions HTTP/1.1" 200 OK
Worker: http://localhost:8001, Running: 16.0, Waiting: 0.0
Worker: http://localhost:8001, qlen: 16.0
Worker: http://localhost:8001, Tokens: 373048.0
Worker: http://localhost:8002, Running: 16.0, Waiting: 0.0
Worker: http://localhost:8002, qlen: 16.0
Worker: http://localhost:8002, Tokens: 354561.0
Selected worker: http://localhost:8001
INFO:     127.0.0.1:36808 - "POST /v1/completions HTTP/1.1" 200 OK
Worker: http://localhost:8001, Running: 17.0, Waiting: 0.0
Worker: http://localhost:8001, qlen: 17.0
Worker: http://localhost:8001, Tokens: 372795.0
Worker: http://localhost:8002, Running: 15.0, Waiting: 0.0
Worker: http://localhost:8002, qlen: 15.0
Worker: http://localhost:8002, Tokens: 355230.0
Selected worker: http://localhost:8002
INFO:     127.0.0.1:36818 - "POST /v1/completions HTTP/1.1" 200 OK
Worker: http://localhost:8001, Running: 16.0, Waiting: 0.0
Worker: http://localhost:8001, qlen: 16.0
Worker: http://localhost:8001, Tokens: 376873.0
Worker: http://localhost:8002, Running: 16.0, Waiting: 0.0
Worker: http://localhost:8002, qlen: 16.0
Worker: http://localhost:8002, Tokens: 356476.0
Selected worker: http://localhost:8002
INFO:     127.0.0.1:36828 - "POST /v1/completions HTTP/1.1" 200 OK
Worker: http://localhost:8001, Running: 16.0, Waiting: 0.0
Worker: http://localhost:8001, qlen: 16.0
Worker: http://localhost:8001, Tokens: 372450.0
Worker: http://localhost:8002, Running: 15.0, Waiting: 0.0
Worker: http://localhost:8002, qlen: 15.0
Worker: http://localhost:8002, Tokens: 356892.0
Selected worker: http://localhost:8002
INFO:     127.0.0.1:36840 - "POST /v1/completions HTTP/1.1" 200 OK
Worker: http://localhost:8001, Running: 15.0, Waiting: 0.0
Worker: http://localhost:8001, qlen: 15.0
Worker: http://localhost:8001, Tokens: 373198.0
Worker: http://localhost:8002, Running: 15.0, Waiting: 0.0
Worker: http://localhost:8002, qlen: 15.0
Worker: http://localhost:8002, Tokens: 357200.0
Selected worker: http://localhost:8001
INFO:     127.0.0.1:36852 - "POST /v1/completions HTTP/1.1" 200 OK
Worker: http://localhost:8001, Running: 15.0, Waiting: 0.0
Worker: http://localhost:8001, qlen: 15.0
Worker: http://localhost:8001, Tokens: 379782.0
Worker: http://localhost:8002, Running: 17.0, Waiting: 0.0
Worker: http://localhost:8002, qlen: 17.0
Worker: http://localhost:8002, Tokens: 363644.0
Selected worker: http://localhost:8001
INFO:     127.0.0.1:36862 - "POST /v1/completions HTTP/1.1" 200 OK
Worker: http://localhost:8001, Running: 15.0, Waiting: 0.0
Worker: http://localhost:8001, qlen: 15.0
Worker: http://localhost:8001, Tokens: 380344.0
Worker: http://localhost:8002, Running: 17.0, Waiting: 0.0
Worker: http://localhost:8002, qlen: 17.0
Worker: http://localhost:8002, Tokens: 363766.0
Selected worker: http://localhost:8001
INFO:     127.0.0.1:36864 - "POST /v1/completions HTTP/1.1" 200 OK
Worker: http://localhost:8001, Running: 15.0, Waiting: 0.0
Worker: http://localhost:8001, qlen: 15.0
Worker: http://localhost:8001, Tokens: 380404.0
Worker: http://localhost:8002, Running: 17.0, Waiting: 0.0
Worker: http://localhost:8002, qlen: 17.0
Worker: http://localhost:8002, Tokens: 360605.0
Selected worker: http://localhost:8001
INFO:     127.0.0.1:36868 - "POST /v1/completions HTTP/1.1" 200 OK
Worker: http://localhost:8001, Running: 17.0, Waiting: 0.0
Worker: http://localhost:8001, qlen: 17.0
Worker: http://localhost:8001, Tokens: 383879.0
Worker: http://localhost:8002, Running: 15.0, Waiting: 0.0
Worker: http://localhost:8002, qlen: 15.0
Worker: http://localhost:8002, Tokens: 364208.0
Selected worker: http://localhost:8002
INFO:     127.0.0.1:36882 - "POST /v1/completions HTTP/1.1" 200 OK
Worker: http://localhost:8001, Running: 17.0, Waiting: 0.0
Worker: http://localhost:8001, qlen: 17.0
Worker: http://localhost:8001, Tokens: 380199.0
Worker: http://localhost:8002, Running: 15.0, Waiting: 0.0
Worker: http://localhost:8002, qlen: 15.0
Worker: http://localhost:8002, Tokens: 364634.0
Selected worker: http://localhost:8002
INFO:     127.0.0.1:36888 - "POST /v1/completions HTTP/1.1" 200 OK
Worker: http://localhost:8001, Running: 16.0, Waiting: 0.0
Worker: http://localhost:8001, qlen: 16.0
Worker: http://localhost:8001, Tokens: 384415.0
Worker: http://localhost:8002, Running: 16.0, Waiting: 0.0
Worker: http://localhost:8002, qlen: 16.0
Worker: http://localhost:8002, Tokens: 368264.0
Selected worker: http://localhost:8002
INFO:     127.0.0.1:36902 - "POST /v1/completions HTTP/1.1" 200 OK
Worker: http://localhost:8001, Running: 15.0, Waiting: 0.0
Worker: http://localhost:8001, qlen: 15.0
Worker: http://localhost:8001, Tokens: 385052.0
Worker: http://localhost:8002, Running: 17.0, Waiting: 0.0
Worker: http://localhost:8002, qlen: 17.0
Worker: http://localhost:8002, Tokens: 371127.0
Selected worker: http://localhost:8001
INFO:     127.0.0.1:36904 - "POST /v1/completions HTTP/1.1" 200 OK
Worker: http://localhost:8001, Running: 16.0, Waiting: 0.0
Worker: http://localhost:8001, qlen: 16.0
Worker: http://localhost:8001, Tokens: 378475.0
Worker: http://localhost:8002, Running: 16.0, Waiting: 0.0
Worker: http://localhost:8002, qlen: 16.0
Worker: http://localhost:8002, Tokens: 372334.0
Selected worker: http://localhost:8001
INFO:     127.0.0.1:36906 - "POST /v1/completions HTTP/1.1" 200 OK
Worker: http://localhost:8001, Running: 15.0, Waiting: 0.0
Worker: http://localhost:8001, qlen: 15.0
Worker: http://localhost:8001, Tokens: 385867.0
Worker: http://localhost:8002, Running: 16.0, Waiting: 0.0
Worker: http://localhost:8002, qlen: 16.0
Worker: http://localhost:8002, Tokens: 369432.0
Selected worker: http://localhost:8001
INFO:     127.0.0.1:36922 - "POST /v1/completions HTTP/1.1" 200 OK
Worker: http://localhost:8001, Running: 17.0, Waiting: 0.0
Worker: http://localhost:8001, qlen: 17.0
Worker: http://localhost:8001, Tokens: 389049.0
Worker: http://localhost:8002, Running: 15.0, Waiting: 0.0
Worker: http://localhost:8002, qlen: 15.0
Worker: http://localhost:8002, Tokens: 372586.0
Selected worker: http://localhost:8002
INFO:     127.0.0.1:46682 - "POST /v1/completions HTTP/1.1" 200 OK
Worker: http://localhost:8001, Running: 17.0, Waiting: 0.0
Worker: http://localhost:8001, qlen: 17.0
Worker: http://localhost:8001, Tokens: 386515.0
Worker: http://localhost:8002, Running: 15.0, Waiting: 0.0
Worker: http://localhost:8002, qlen: 15.0
Worker: http://localhost:8002, Tokens: 376190.0
Selected worker: http://localhost:8002
INFO:     127.0.0.1:46690 - "POST /v1/completions HTTP/1.1" 200 OK
Worker: http://localhost:8001, Running: 16.0, Waiting: 0.0
Worker: http://localhost:8001, qlen: 16.0
Worker: http://localhost:8001, Tokens: 387025.0
Worker: http://localhost:8002, Running: 16.0, Waiting: 0.0
Worker: http://localhost:8002, qlen: 16.0
Worker: http://localhost:8002, Tokens: 376767.0
Selected worker: http://localhost:8001
INFO:     127.0.0.1:46702 - "POST /v1/completions HTTP/1.1" 200 OK
Worker: http://localhost:8001, Running: 16.0, Waiting: 0.0
Worker: http://localhost:8001, qlen: 16.0
Worker: http://localhost:8001, Tokens: 390045.0
Worker: http://localhost:8002, Running: 16.0, Waiting: 0.0
Worker: http://localhost:8002, qlen: 16.0
Worker: http://localhost:8002, Tokens: 377199.0
Selected worker: http://localhost:8001
INFO:     127.0.0.1:46718 - "POST /v1/completions HTTP/1.1" 200 OK
Worker: http://localhost:8001, Running: 16.0, Waiting: 0.0
Worker: http://localhost:8001, qlen: 16.0
Worker: http://localhost:8001, Tokens: 394103.0
Worker: http://localhost:8002, Running: 16.0, Waiting: 0.0
Worker: http://localhost:8002, qlen: 16.0
Worker: http://localhost:8002, Tokens: 377079.0
Selected worker: http://localhost:8001
INFO:     127.0.0.1:46730 - "POST /v1/completions HTTP/1.1" 200 OK
Worker: http://localhost:8001, Running: 16.0, Waiting: 0.0
Worker: http://localhost:8001, qlen: 16.0
Worker: http://localhost:8001, Tokens: 394167.0
Worker: http://localhost:8002, Running: 15.0, Waiting: 0.0
Worker: http://localhost:8002, qlen: 15.0
Worker: http://localhost:8002, Tokens: 372066.0
Selected worker: http://localhost:8002
INFO:     127.0.0.1:46734 - "POST /v1/completions HTTP/1.1" 200 OK
Worker: http://localhost:8001, Running: 17.0, Waiting: 0.0
Worker: http://localhost:8001, qlen: 17.0
Worker: http://localhost:8001, Tokens: 394215.0
Worker: http://localhost:8002, Running: 15.0, Waiting: 0.0
Worker: http://localhost:8002, qlen: 15.0
Worker: http://localhost:8002, Tokens: 374330.0
Selected worker: http://localhost:8002
INFO:     127.0.0.1:46738 - "POST /v1/completions HTTP/1.1" 200 OK
Worker: http://localhost:8001, Running: 17.0, Waiting: 0.0
Worker: http://localhost:8001, qlen: 17.0
Worker: http://localhost:8001, Tokens: 397630.0
Worker: http://localhost:8002, Running: 14.0, Waiting: 0.0
Worker: http://localhost:8002, qlen: 14.0
Worker: http://localhost:8002, Tokens: 377776.0
Selected worker: http://localhost:8002
INFO:     127.0.0.1:46748 - "POST /v1/completions HTTP/1.1" 200 OK
Worker: http://localhost:8001, Running: 16.0, Waiting: 0.0
Worker: http://localhost:8001, qlen: 16.0
Worker: http://localhost:8001, Tokens: 395216.0
Worker: http://localhost:8002, Running: 16.0, Waiting: 0.0
Worker: http://localhost:8002, qlen: 16.0
Worker: http://localhost:8002, Tokens: 381834.0
Selected worker: http://localhost:8001
INFO:     127.0.0.1:46760 - "POST /v1/completions HTTP/1.1" 200 OK
Worker: http://localhost:8001, Running: 15.0, Waiting: 0.0
Worker: http://localhost:8001, qlen: 15.0
Worker: http://localhost:8001, Tokens: 394693.0
Worker: http://localhost:8002, Running: 16.0, Waiting: 0.0
Worker: http://localhost:8002, qlen: 16.0
Worker: http://localhost:8002, Tokens: 381834.0
Selected worker: http://localhost:8001
INFO:     127.0.0.1:46764 - "POST /v1/completions HTTP/1.1" 200 OK
Worker: http://localhost:8001, Running: 16.0, Waiting: 0.0
Worker: http://localhost:8001, qlen: 16.0
Worker: http://localhost:8001, Tokens: 402110.0
Worker: http://localhost:8002, Running: 16.0, Waiting: 0.0
Worker: http://localhost:8002, qlen: 16.0
Worker: http://localhost:8002, Tokens: 379022.0
Selected worker: http://localhost:8001
INFO:     127.0.0.1:46772 - "POST /v1/completions HTTP/1.1" 200 OK
Worker: http://localhost:8001, Running: 17.0, Waiting: 0.0
Worker: http://localhost:8001, qlen: 17.0
Worker: http://localhost:8001, Tokens: 405002.0
Worker: http://localhost:8002, Running: 15.0, Waiting: 0.0
Worker: http://localhost:8002, qlen: 15.0
Worker: http://localhost:8002, Tokens: 379721.0
Selected worker: http://localhost:8002
INFO:     127.0.0.1:46776 - "POST /v1/completions HTTP/1.1" 200 OK
Worker: http://localhost:8001, Running: 17.0, Waiting: 0.0
Worker: http://localhost:8001, qlen: 17.0
Worker: http://localhost:8001, Tokens: 404859.0
Worker: http://localhost:8002, Running: 14.0, Waiting: 0.0
Worker: http://localhost:8002, qlen: 14.0
Worker: http://localhost:8002, Tokens: 383226.0
Selected worker: http://localhost:8002
INFO:     127.0.0.1:46780 - "POST /v1/completions HTTP/1.1" 200 OK
Worker: http://localhost:8001, Running: 16.0, Waiting: 0.0
Worker: http://localhost:8001, qlen: 16.0
Worker: http://localhost:8001, Tokens: 405810.0
Worker: http://localhost:8002, Running: 16.0, Waiting: 0.0
Worker: http://localhost:8002, qlen: 16.0
Worker: http://localhost:8002, Tokens: 383027.0
Selected worker: http://localhost:8002
Worker: http://localhost:8001, Running: 16.0, Waiting: 0.0
Worker: http://localhost:8001, qlen: 16.0
Worker: http://localhost:8001, Tokens: 405810.0
Worker: http://localhost:8002, Running: 16.0, Waiting: 0.0
Worker: http://localhost:8002, qlen: 16.0
Worker: http://localhost:8002, Tokens: 383328.0
Selected worker: http://localhost:8002
INFO:     127.0.0.1:46782 - "POST /v1/completions HTTP/1.1" 200 OK
INFO:     127.0.0.1:46798 - "POST /v1/completions HTTP/1.1" 200 OK
Worker: http://localhost:8001, Running: 16.0, Waiting: 0.0
Worker: http://localhost:8001, qlen: 16.0
Worker: http://localhost:8001, Tokens: 405590.0
Worker: http://localhost:8002, Running: 16.0, Waiting: 0.0
Worker: http://localhost:8002, qlen: 16.0
Worker: http://localhost:8002, Tokens: 386311.0
Selected worker: http://localhost:8001
INFO:     127.0.0.1:46814 - "POST /v1/completions HTTP/1.1" 200 OK
Worker: http://localhost:8001, Running: 16.0, Waiting: 0.0
Worker: http://localhost:8001, qlen: 16.0
Worker: http://localhost:8001, Tokens: 402213.0
Worker: http://localhost:8002, Running: 16.0, Waiting: 0.0
Worker: http://localhost:8002, qlen: 16.0
Worker: http://localhost:8002, Tokens: 389542.0
Selected worker: http://localhost:8001
INFO:     127.0.0.1:46830 - "POST /v1/completions HTTP/1.1" 200 OK
Worker: http://localhost:8001, Running: 16.0, Waiting: 0.0
Worker: http://localhost:8001, qlen: 16.0
Worker: http://localhost:8001, Tokens: 409311.0
Worker: http://localhost:8002, Running: 16.0, Waiting: 0.0
Worker: http://localhost:8002, qlen: 16.0
Worker: http://localhost:8002, Tokens: 390160.0
Selected worker: http://localhost:8002
INFO:     127.0.0.1:46832 - "POST /v1/completions HTTP/1.1" 200 OK
Worker: http://localhost:8001, Running: 16.0, Waiting: 0.0
Worker: http://localhost:8001, qlen: 16.0
Worker: http://localhost:8001, Tokens: 405590.0
Worker: http://localhost:8002, Running: 15.0, Waiting: 0.0
Worker: http://localhost:8002, qlen: 15.0
Worker: http://localhost:8002, Tokens: 390560.0
Selected worker: http://localhost:8002
INFO:     127.0.0.1:46836 - "POST /v1/completions HTTP/1.1" 200 OK
Worker: http://localhost:8001, Running: 15.0, Waiting: 0.0
Worker: http://localhost:8001, qlen: 15.0
Worker: http://localhost:8001, Tokens: 409619.0
Worker: http://localhost:8002, Running: 17.0, Waiting: 0.0
Worker: http://localhost:8002, qlen: 17.0
Worker: http://localhost:8002, Tokens: 390108.0
Selected worker: http://localhost:8001
Worker: http://localhost:8001, Running: 15.0, Waiting: 0.0
Worker: http://localhost:8001, qlen: 15.0
Worker: http://localhost:8001, Tokens: 409912.0
Worker: http://localhost:8002, Running: 17.0, Waiting: 0.0
Worker: http://localhost:8002, qlen: 17.0
Worker: http://localhost:8002, Tokens: 390108.0
Selected worker: http://localhost:8001
INFO:     127.0.0.1:46844 - "POST /v1/completions HTTP/1.1" 200 OK
INFO:     127.0.0.1:46852 - "POST /v1/completions HTTP/1.1" 200 OK
Worker: http://localhost:8001, Running: 17.0, Waiting: 0.0
Worker: http://localhost:8001, qlen: 17.0
Worker: http://localhost:8001, Tokens: 411882.0
Worker: http://localhost:8002, Running: 15.0, Waiting: 0.0
Worker: http://localhost:8002, qlen: 15.0
Worker: http://localhost:8002, Tokens: 393808.0
Selected worker: http://localhost:8002
INFO:     127.0.0.1:40982 - "POST /v1/completions HTTP/1.1" 200 OK
Worker: http://localhost:8001, Running: 15.0, Waiting: 0.0
Worker: http://localhost:8001, qlen: 15.0
Worker: http://localhost:8001, Tokens: 412981.0
Worker: http://localhost:8002, Running: 16.0, Waiting: 0.0
Worker: http://localhost:8002, qlen: 16.0
Worker: http://localhost:8002, Tokens: 394792.0
Selected worker: http://localhost:8001
INFO:     127.0.0.1:40986 - "POST /v1/completions HTTP/1.1" 200 OK
Worker: http://localhost:8001, Running: 15.0, Waiting: 0.0
Worker: http://localhost:8001, qlen: 15.0
Worker: http://localhost:8001, Tokens: 410079.0
Worker: http://localhost:8002, Running: 16.0, Waiting: 0.0
Worker: http://localhost:8002, qlen: 16.0
Worker: http://localhost:8002, Tokens: 394952.0
Selected worker: http://localhost:8001
INFO:     127.0.0.1:40996 - "POST /v1/completions HTTP/1.1" 200 OK
Worker: http://localhost:8001, Running: 15.0, Waiting: 0.0
Worker: http://localhost:8001, qlen: 15.0
Worker: http://localhost:8001, Tokens: 413100.0
Worker: http://localhost:8002, Running: 16.0, Waiting: 0.0
Worker: http://localhost:8002, qlen: 16.0
Worker: http://localhost:8002, Tokens: 392087.0
Selected worker: http://localhost:8001
INFO:     127.0.0.1:41002 - "POST /v1/completions HTTP/1.1" 200 OK
Worker: http://localhost:8001, Running: 15.0, Waiting: 0.0
Worker: http://localhost:8001, qlen: 15.0
Worker: http://localhost:8001, Tokens: 412836.0
Worker: http://localhost:8002, Running: 16.0, Waiting: 0.0
Worker: http://localhost:8002, qlen: 16.0
Worker: http://localhost:8002, Tokens: 392087.0
Selected worker: http://localhost:8001
INFO:     127.0.0.1:41012 - "POST /v1/completions HTTP/1.1" 200 OK
Worker: http://localhost:8001, Running: 15.0, Waiting: 0.0
Worker: http://localhost:8001, qlen: 15.0
Worker: http://localhost:8001, Tokens: 413108.0
Worker: http://localhost:8002, Running: 16.0, Waiting: 0.0
Worker: http://localhost:8002, qlen: 16.0
Worker: http://localhost:8002, Tokens: 391819.0
Selected worker: http://localhost:8001
INFO:     127.0.0.1:41026 - "POST /v1/completions HTTP/1.1" 200 OK
Worker: http://localhost:8001, Running: 14.0, Waiting: 1.0
Worker: http://localhost:8001, qlen: 14.0
Worker: http://localhost:8001, Tokens: 413127.0
Worker: http://localhost:8002, Running: 14.0, Waiting: 0.0
Worker: http://localhost:8002, qlen: 14.0
Worker: http://localhost:8002, Tokens: 392105.0
Selected worker: http://localhost:8001
INFO:     127.0.0.1:41032 - "POST /v1/completions HTTP/1.1" 200 OK
Worker: http://localhost:8001, Running: 14.0, Waiting: 5.0
Worker: http://localhost:8001, qlen: 14.0
Worker: http://localhost:8001, Tokens: 413179.0
Worker: http://localhost:8002, Running: 13.0, Waiting: 0.0
Worker: http://localhost:8002, qlen: 13.0
Worker: http://localhost:8002, Tokens: 395641.0
Selected worker: http://localhost:8002
INFO:     127.0.0.1:41034 - "POST /v1/completions HTTP/1.1" 200 OK
Worker: http://localhost:8001, Running: 14.0, Waiting: 5.0
Worker: http://localhost:8001, qlen: 14.0
Worker: http://localhost:8001, Tokens: 413205.0
Worker: http://localhost:8002, Running: 12.0, Waiting: 0.0
Worker: http://localhost:8002, qlen: 12.0
Worker: http://localhost:8002, Tokens: 396077.0
Selected worker: http://localhost:8002
INFO:     127.0.0.1:41048 - "POST /v1/completions HTTP/1.1" 200 OK
Worker: http://localhost:8001, Running: 18.0, Waiting: 1.0
Worker: http://localhost:8001, qlen: 18.0
Worker: http://localhost:8001, Tokens: 436081.0
Worker: http://localhost:8002, Running: 13.0, Waiting: 0.0
Worker: http://localhost:8002, qlen: 13.0
Worker: http://localhost:8002, Tokens: 396214.0
Selected worker: http://localhost:8002
INFO:     127.0.0.1:41064 - "POST /v1/completions HTTP/1.1" 200 OK
Worker: http://localhost:8001, Running: 19.0, Waiting: 0.0
Worker: http://localhost:8001, qlen: 19.0
Worker: http://localhost:8001, Tokens: 439677.0
Worker: http://localhost:8002, Running: 13.0, Waiting: 0.0
Worker: http://localhost:8002, qlen: 13.0
Worker: http://localhost:8002, Tokens: 402442.0
Selected worker: http://localhost:8002
INFO:     127.0.0.1:41070 - "POST /v1/completions HTTP/1.1" 200 OK
Worker: http://localhost:8001, Running: 19.0, Waiting: 0.0
Worker: http://localhost:8001, qlen: 19.0
Worker: http://localhost:8001, Tokens: 440304.0
Worker: http://localhost:8002, Running: 13.0, Waiting: 0.0
Worker: http://localhost:8002, qlen: 13.0
Worker: http://localhost:8002, Tokens: 404081.0
Selected worker: http://localhost:8002
INFO:     127.0.0.1:41080 - "POST /v1/completions HTTP/1.1" 200 OK
Worker: http://localhost:8001, Running: 19.0, Waiting: 0.0
Worker: http://localhost:8001, qlen: 19.0
Worker: http://localhost:8001, Tokens: 440708.0
Worker: http://localhost:8002, Running: 13.0, Waiting: 0.0
Worker: http://localhost:8002, qlen: 13.0
Worker: http://localhost:8002, Tokens: 407575.0
Selected worker: http://localhost:8002
INFO:     127.0.0.1:41086 - "POST /v1/completions HTTP/1.1" 200 OK
Worker: http://localhost:8001, Running: 18.0, Waiting: 0.0
Worker: http://localhost:8001, qlen: 18.0
Worker: http://localhost:8001, Tokens: 441603.0
Worker: http://localhost:8002, Running: 14.0, Waiting: 0.0
Worker: http://localhost:8002, qlen: 14.0
Worker: http://localhost:8002, Tokens: 402840.0
Selected worker: http://localhost:8002
INFO:     127.0.0.1:41088 - "POST /v1/completions HTTP/1.1" 200 OK
Worker: http://localhost:8001, Running: 18.0, Waiting: 0.0
Worker: http://localhost:8001, qlen: 18.0
Worker: http://localhost:8001, Tokens: 442246.0
Worker: http://localhost:8002, Running: 14.0, Waiting: 0.0
Worker: http://localhost:8002, qlen: 14.0
Worker: http://localhost:8002, Tokens: 412044.0
Selected worker: http://localhost:8002
INFO:     127.0.0.1:41094 - "POST /v1/completions HTTP/1.1" 200 OK
Worker: http://localhost:8001, Running: 18.0, Waiting: 0.0
Worker: http://localhost:8001, qlen: 18.0
Worker: http://localhost:8001, Tokens: 421488.0
Worker: http://localhost:8002, Running: 14.0, Waiting: 0.0
Worker: http://localhost:8002, qlen: 14.0
Worker: http://localhost:8002, Tokens: 412346.0
Selected worker: http://localhost:8002
INFO:     127.0.0.1:41096 - "POST /v1/completions HTTP/1.1" 200 OK
Worker: http://localhost:8001, Running: 18.0, Waiting: 0.0
Worker: http://localhost:8001, qlen: 18.0
Worker: http://localhost:8001, Tokens: 421488.0
Worker: http://localhost:8002, Running: 14.0, Waiting: 0.0
Worker: http://localhost:8002, qlen: 14.0
Worker: http://localhost:8002, Tokens: 415445.0
Selected worker: http://localhost:8002
INFO:     127.0.0.1:41098 - "POST /v1/completions HTTP/1.1" 200 OK
Worker: http://localhost:8001, Running: 16.0, Waiting: 0.0
Worker: http://localhost:8001, qlen: 16.0
Worker: http://localhost:8001, Tokens: 443072.0
Worker: http://localhost:8002, Running: 16.0, Waiting: 0.0
Worker: http://localhost:8002, qlen: 16.0
Worker: http://localhost:8002, Tokens: 412592.0
Selected worker: http://localhost:8001
INFO:     127.0.0.1:44976 - "POST /v1/completions HTTP/1.1" 200 OK
Worker: http://localhost:8001, Running: 17.0, Waiting: 0.0
Worker: http://localhost:8001, qlen: 17.0
Worker: http://localhost:8001, Tokens: 446219.0
Worker: http://localhost:8002, Running: 15.0, Waiting: 0.0
Worker: http://localhost:8002, qlen: 15.0
Worker: http://localhost:8002, Tokens: 415885.0
Selected worker: http://localhost:8002
INFO:     127.0.0.1:44988 - "POST /v1/completions HTTP/1.1" 200 OK
Worker: http://localhost:8001, Running: 17.0, Waiting: 0.0
Worker: http://localhost:8001, qlen: 17.0
Worker: http://localhost:8001, Tokens: 446508.0
Worker: http://localhost:8002, Running: 15.0, Waiting: 0.0
Worker: http://localhost:8002, qlen: 15.0
Worker: http://localhost:8002, Tokens: 413455.0
Selected worker: http://localhost:8002
INFO:     127.0.0.1:44998 - "POST /v1/completions HTTP/1.1" 200 OK
Worker: http://localhost:8001, Running: 17.0, Waiting: 0.0
Worker: http://localhost:8001, qlen: 17.0
Worker: http://localhost:8001, Tokens: 446360.0
Worker: http://localhost:8002, Running: 14.0, Waiting: 0.0
Worker: http://localhost:8002, qlen: 14.0
Worker: http://localhost:8002, Tokens: 416678.0
Selected worker: http://localhost:8002
INFO:     127.0.0.1:45004 - "POST /v1/completions HTTP/1.1" 200 OK
Worker: http://localhost:8001, Running: 16.0, Waiting: 0.0
Worker: http://localhost:8001, qlen: 16.0
Worker: http://localhost:8001, Tokens: 446124.0
Worker: http://localhost:8002, Running: 14.0, Waiting: 0.0
Worker: http://localhost:8002, qlen: 14.0
Worker: http://localhost:8002, Tokens: 416956.0
Selected worker: http://localhost:8002
INFO:     127.0.0.1:45020 - "POST /v1/completions HTTP/1.1" 200 OK
Worker: http://localhost:8001, Running: 16.0, Waiting: 0.0
Worker: http://localhost:8001, qlen: 16.0
Worker: http://localhost:8001, Tokens: 446124.0
Worker: http://localhost:8002, Running: 14.0, Waiting: 0.0
Worker: http://localhost:8002, qlen: 14.0
Worker: http://localhost:8002, Tokens: 420163.0
Selected worker: http://localhost:8002
INFO:     127.0.0.1:45032 - "POST /v1/completions HTTP/1.1" 200 OK
Worker: http://localhost:8001, Running: 14.0, Waiting: 0.0
Worker: http://localhost:8001, qlen: 14.0
Worker: http://localhost:8001, Tokens: 444445.0
Worker: http://localhost:8002, Running: 18.0, Waiting: 0.0
Worker: http://localhost:8002, qlen: 18.0
Worker: http://localhost:8002, Tokens: 423745.0
Selected worker: http://localhost:8001
INFO:     127.0.0.1:45034 - "POST /v1/completions HTTP/1.1" 200 OK
Worker: http://localhost:8001, Running: 13.0, Waiting: 0.0
Worker: http://localhost:8001, qlen: 13.0
Worker: http://localhost:8001, Tokens: 447579.0
Worker: http://localhost:8002, Running: 18.0, Waiting: 0.0
Worker: http://localhost:8002, qlen: 18.0
Worker: http://localhost:8002, Tokens: 423613.0
Selected worker: http://localhost:8001
INFO:     127.0.0.1:45050 - "POST /v1/completions HTTP/1.1" 200 OK
Worker: http://localhost:8001, Running: 15.0, Waiting: 0.0
Worker: http://localhost:8001, qlen: 15.0
Worker: http://localhost:8001, Tokens: 451035.0
Worker: http://localhost:8002, Running: 17.0, Waiting: 0.0
Worker: http://localhost:8002, qlen: 17.0
Worker: http://localhost:8002, Tokens: 421601.0
Selected worker: http://localhost:8001
INFO:     127.0.0.1:45060 - "POST /v1/completions HTTP/1.1" 200 OK
Worker: http://localhost:8001, Running: 16.0, Waiting: 0.0
Worker: http://localhost:8001, qlen: 16.0
Worker: http://localhost:8001, Tokens: 454898.0
Worker: http://localhost:8002, Running: 16.0, Waiting: 0.0
Worker: http://localhost:8002, qlen: 16.0
Worker: http://localhost:8002, Tokens: 425495.0
Selected worker: http://localhost:8002
INFO:     127.0.0.1:45070 - "POST /v1/completions HTTP/1.1" 200 OK
Worker: http://localhost:8001, Running: 16.0, Waiting: 0.0
Worker: http://localhost:8001, qlen: 16.0
Worker: http://localhost:8001, Tokens: 451959.0
Worker: http://localhost:8002, Running: 16.0, Waiting: 0.0
Worker: http://localhost:8002, qlen: 16.0
Worker: http://localhost:8002, Tokens: 425496.0
Selected worker: http://localhost:8001
INFO:     127.0.0.1:45082 - "POST /v1/completions HTTP/1.1" 200 OK
Worker: http://localhost:8001, Running: 16.0, Waiting: 0.0
Worker: http://localhost:8001, qlen: 16.0
Worker: http://localhost:8001, Tokens: 455487.0
Worker: http://localhost:8002, Running: 16.0, Waiting: 0.0
Worker: http://localhost:8002, qlen: 16.0
Worker: http://localhost:8002, Tokens: 425496.0
Selected worker: http://localhost:8001
INFO:     127.0.0.1:45092 - "POST /v1/completions HTTP/1.1" 200 OK
Worker: http://localhost:8001, Running: 17.0, Waiting: 0.0
Worker: http://localhost:8001, qlen: 17.0
Worker: http://localhost:8001, Tokens: 458960.0
Worker: http://localhost:8002, Running: 15.0, Waiting: 0.0
Worker: http://localhost:8002, qlen: 15.0
Worker: http://localhost:8002, Tokens: 422434.0
Selected worker: http://localhost:8002
Worker: http://localhost:8001, Running: 17.0, Waiting: 0.0
Worker: http://localhost:8001, qlen: 17.0
Worker: http://localhost:8001, Tokens: 458960.0
Worker: http://localhost:8002, Running: 15.0, Waiting: 0.0
Worker: http://localhost:8002, qlen: 15.0
Worker: http://localhost:8002, Tokens: 432228.0
Selected worker: http://localhost:8002
INFO:     127.0.0.1:45096 - "POST /v1/completions HTTP/1.1" 200 OK
INFO:     127.0.0.1:45100 - "POST /v1/completions HTTP/1.1" 200 OK
Worker: http://localhost:8001, Running: 17.0, Waiting: 0.0
Worker: http://localhost:8001, qlen: 17.0
Worker: http://localhost:8001, Tokens: 456230.0
Worker: http://localhost:8002, Running: 14.0, Waiting: 1.0
Worker: http://localhost:8002, qlen: 14.0
Worker: http://localhost:8002, Tokens: 426801.0
Selected worker: http://localhost:8002
INFO:     127.0.0.1:45116 - "POST /v1/completions HTTP/1.1" 200 OK
Worker: http://localhost:8001, Running: 16.0, Waiting: 0.0
Worker: http://localhost:8001, qlen: 16.0
Worker: http://localhost:8001, Tokens: 460236.0
Worker: http://localhost:8002, Running: 16.0, Waiting: 0.0
Worker: http://localhost:8002, qlen: 16.0
Worker: http://localhost:8002, Tokens: 446849.0
Selected worker: http://localhost:8002
INFO:     127.0.0.1:45130 - "POST /v1/completions HTTP/1.1" 200 OK
Worker: http://localhost:8001, Running: 16.0, Waiting: 0.0
Worker: http://localhost:8001, qlen: 16.0
Worker: http://localhost:8001, Tokens: 460316.0
Worker: http://localhost:8002, Running: 15.0, Waiting: 0.0
Worker: http://localhost:8002, qlen: 15.0
Worker: http://localhost:8002, Tokens: 446991.0
Selected worker: http://localhost:8002
INFO:     127.0.0.1:45144 - "POST /v1/completions HTTP/1.1" 200 OK
Worker: http://localhost:8001, Running: 16.0, Waiting: 0.0
Worker: http://localhost:8001, qlen: 16.0
Worker: http://localhost:8001, Tokens: 460900.0
Worker: http://localhost:8002, Running: 16.0, Waiting: 0.0
Worker: http://localhost:8002, qlen: 16.0
Worker: http://localhost:8002, Tokens: 456406.0
Selected worker: http://localhost:8002
INFO:     127.0.0.1:52126 - "POST /v1/completions HTTP/1.1" 200 OK
Worker: http://localhost:8001, Running: 15.0, Waiting: 0.0
Worker: http://localhost:8001, qlen: 15.0
Worker: http://localhost:8001, Tokens: 458495.0
Worker: http://localhost:8002, Running: 17.0, Waiting: 0.0
Worker: http://localhost:8002, qlen: 17.0
Worker: http://localhost:8002, Tokens: 456856.0
Selected worker: http://localhost:8001
INFO:     127.0.0.1:52134 - "POST /v1/completions HTTP/1.1" 200 OK
Worker: http://localhost:8001, Running: 15.0, Waiting: 0.0
Worker: http://localhost:8001, qlen: 15.0
Worker: http://localhost:8001, Tokens: 464989.0
Worker: http://localhost:8002, Running: 17.0, Waiting: 0.0
Worker: http://localhost:8002, qlen: 17.0
Worker: http://localhost:8002, Tokens: 453949.0
Selected worker: http://localhost:8001
INFO:     127.0.0.1:52136 - "POST /v1/completions HTTP/1.1" 200 OK
Worker: http://localhost:8001, Running: 16.0, Waiting: 0.0
Worker: http://localhost:8001, qlen: 16.0
Worker: http://localhost:8001, Tokens: 465320.0
Worker: http://localhost:8002, Running: 16.0, Waiting: 0.0
Worker: http://localhost:8002, qlen: 16.0
Worker: http://localhost:8002, Tokens: 458129.0
Selected worker: http://localhost:8002
INFO:     127.0.0.1:52148 - "POST /v1/completions HTTP/1.1" 200 OK
Worker: http://localhost:8001, Running: 15.0, Waiting: 0.0
Worker: http://localhost:8001, qlen: 15.0
Worker: http://localhost:8001, Tokens: 465822.0
Worker: http://localhost:8002, Running: 17.0, Waiting: 0.0
Worker: http://localhost:8002, qlen: 17.0
Worker: http://localhost:8002, Tokens: 455290.0
Selected worker: http://localhost:8001
INFO:     127.0.0.1:52160 - "POST /v1/completions HTTP/1.1" 200 OK
Worker: http://localhost:8001, Running: 16.0, Waiting: 0.0
Worker: http://localhost:8001, qlen: 16.0
Worker: http://localhost:8001, Tokens: 463127.0
Worker: http://localhost:8002, Running: 16.0, Waiting: 0.0
Worker: http://localhost:8002, qlen: 16.0
Worker: http://localhost:8002, Tokens: 461323.0
Selected worker: http://localhost:8001
INFO:     127.0.0.1:52170 - "POST /v1/completions HTTP/1.1" 200 OK
Worker: http://localhost:8001, Running: 16.0, Waiting: 0.0
Worker: http://localhost:8001, qlen: 16.0
Worker: http://localhost:8001, Tokens: 469554.0
Worker: http://localhost:8002, Running: 16.0, Waiting: 0.0
Worker: http://localhost:8002, qlen: 16.0
Worker: http://localhost:8002, Tokens: 461442.0
Selected worker: http://localhost:8001
INFO:     127.0.0.1:52186 - "POST /v1/completions HTTP/1.1" 200 OK
Worker: http://localhost:8001, Running: 16.0, Waiting: 0.0
Worker: http://localhost:8001, qlen: 16.0
Worker: http://localhost:8001, Tokens: 466859.0
Worker: http://localhost:8002, Running: 15.0, Waiting: 0.0
Worker: http://localhost:8002, qlen: 15.0
Worker: http://localhost:8002, Tokens: 461754.0
Selected worker: http://localhost:8002
INFO:     127.0.0.1:52194 - "POST /v1/completions HTTP/1.1" 200 OK
Worker: http://localhost:8001, Running: 16.0, Waiting: 0.0
Worker: http://localhost:8001, qlen: 16.0
Worker: http://localhost:8001, Tokens: 466791.0
Worker: http://localhost:8002, Running: 16.0, Waiting: 0.0
Worker: http://localhost:8002, qlen: 16.0
Worker: http://localhost:8002, Tokens: 465131.0
Selected worker: http://localhost:8002
INFO:     127.0.0.1:52206 - "POST /v1/completions HTTP/1.1" 200 OK
Worker: http://localhost:8001, Running: 16.0, Waiting: 0.0
Worker: http://localhost:8001, qlen: 16.0
Worker: http://localhost:8001, Tokens: 466791.0
Worker: http://localhost:8002, Running: 16.0, Waiting: 0.0
Worker: http://localhost:8002, qlen: 16.0
Worker: http://localhost:8002, Tokens: 461883.0
Selected worker: http://localhost:8002
INFO:     127.0.0.1:52220 - "POST /v1/completions HTTP/1.1" 200 OK
Worker: http://localhost:8001, Running: 15.0, Waiting: 0.0
Worker: http://localhost:8001, qlen: 15.0
Worker: http://localhost:8001, Tokens: 467636.0
Worker: http://localhost:8002, Running: 17.0, Waiting: 0.0
Worker: http://localhost:8002, qlen: 17.0
Worker: http://localhost:8002, Tokens: 474265.0
Selected worker: http://localhost:8001
INFO:     127.0.0.1:52222 - "POST /v1/completions HTTP/1.1" 200 OK
Worker: http://localhost:8001, Running: 14.0, Waiting: 0.0
Worker: http://localhost:8001, qlen: 14.0
Worker: http://localhost:8001, Tokens: 471011.0
Worker: http://localhost:8002, Running: 17.0, Waiting: 0.0
Worker: http://localhost:8002, qlen: 17.0
Worker: http://localhost:8002, Tokens: 473952.0
Selected worker: http://localhost:8001
INFO:     127.0.0.1:52228 - "POST /v1/completions HTTP/1.1" 200 OK
Worker: http://localhost:8001, Running: 16.0, Waiting: 0.0
Worker: http://localhost:8001, qlen: 16.0
Worker: http://localhost:8001, Tokens: 473707.0
Worker: http://localhost:8002, Running: 16.0, Waiting: 0.0
Worker: http://localhost:8002, qlen: 16.0
Worker: http://localhost:8002, Tokens: 474240.0
Selected worker: http://localhost:8002
INFO:     127.0.0.1:52234 - "POST /v1/completions HTTP/1.1" 200 OK
Worker: http://localhost:8001, Running: 16.0, Waiting: 0.0
Worker: http://localhost:8001, qlen: 16.0
Worker: http://localhost:8001, Tokens: 474299.0
Worker: http://localhost:8002, Running: 16.0, Waiting: 0.0
Worker: http://localhost:8002, qlen: 16.0
Worker: http://localhost:8002, Tokens: 474924.0
Selected worker: http://localhost:8001
INFO:     127.0.0.1:52238 - "POST /v1/completions HTTP/1.1" 200 OK
Worker: http://localhost:8001, Running: 17.0, Waiting: 0.0
Worker: http://localhost:8001, qlen: 17.0
Worker: http://localhost:8001, Tokens: 474736.0
Worker: http://localhost:8002, Running: 15.0, Waiting: 0.0
Worker: http://localhost:8002, qlen: 15.0
Worker: http://localhost:8002, Tokens: 475899.0
Selected worker: http://localhost:8002
INFO:     127.0.0.1:52240 - "POST /v1/completions HTTP/1.1" 200 OK
Worker: http://localhost:8001, Running: 16.0, Waiting: 0.0
Worker: http://localhost:8001, qlen: 16.0
Worker: http://localhost:8001, Tokens: 477513.0
Worker: http://localhost:8002, Running: 15.0, Waiting: 0.0
Worker: http://localhost:8002, qlen: 15.0
Worker: http://localhost:8002, Tokens: 475974.0
Selected worker: http://localhost:8002
INFO:     127.0.0.1:52242 - "POST /v1/completions HTTP/1.1" 200 OK
Worker: http://localhost:8001, Running: 15.0, Waiting: 0.0
Worker: http://localhost:8001, qlen: 15.0
Worker: http://localhost:8001, Tokens: 478165.0
Worker: http://localhost:8002, Running: 17.0, Waiting: 0.0
Worker: http://localhost:8002, qlen: 17.0
Worker: http://localhost:8002, Tokens: 479424.0
Selected worker: http://localhost:8001
INFO:     127.0.0.1:39824 - "POST /v1/completions HTTP/1.1" 200 OK
Worker: http://localhost:8001, Running: 14.0, Waiting: 0.0
Worker: http://localhost:8001, qlen: 14.0
Worker: http://localhost:8001, Tokens: 475724.0
Worker: http://localhost:8002, Running: 17.0, Waiting: 0.0
Worker: http://localhost:8002, qlen: 17.0
Worker: http://localhost:8002, Tokens: 479424.0
Selected worker: http://localhost:8001
INFO:     127.0.0.1:39830 - "POST /v1/completions HTTP/1.1" 200 OK
Worker: http://localhost:8001, Running: 15.0, Waiting: 0.0
Worker: http://localhost:8001, qlen: 15.0
Worker: http://localhost:8001, Tokens: 478758.0
Worker: http://localhost:8002, Running: 17.0, Waiting: 0.0
Worker: http://localhost:8002, qlen: 17.0
Worker: http://localhost:8002, Tokens: 476310.0
Selected worker: http://localhost:8001
INFO:     127.0.0.1:39832 - "POST /v1/completions HTTP/1.1" 200 OK
Worker: http://localhost:8001, Running: 16.0, Waiting: 0.0
Worker: http://localhost:8001, qlen: 16.0
Worker: http://localhost:8001, Tokens: 481341.0
Worker: http://localhost:8002, Running: 16.0, Waiting: 0.0
Worker: http://localhost:8002, qlen: 16.0
Worker: http://localhost:8002, Tokens: 479991.0
Selected worker: http://localhost:8001
INFO:     127.0.0.1:39848 - "POST /v1/completions HTTP/1.1" 200 OK
Worker: http://localhost:8001, Running: 16.0, Waiting: 0.0
Worker: http://localhost:8001, qlen: 16.0
Worker: http://localhost:8001, Tokens: 485136.0
Worker: http://localhost:8002, Running: 16.0, Waiting: 0.0
Worker: http://localhost:8002, qlen: 16.0
Worker: http://localhost:8002, Tokens: 477185.0
Selected worker: http://localhost:8002
INFO:     127.0.0.1:39852 - "POST /v1/completions HTTP/1.1" 200 OK
Worker: http://localhost:8001, Running: 16.0, Waiting: 0.0
Worker: http://localhost:8001, qlen: 16.0
Worker: http://localhost:8001, Tokens: 469145.0
Worker: http://localhost:8002, Running: 16.0, Waiting: 0.0
Worker: http://localhost:8002, qlen: 16.0
Worker: http://localhost:8002, Tokens: 480929.0
Selected worker: http://localhost:8001
INFO:     127.0.0.1:39864 - "POST /v1/completions HTTP/1.1" 200 OK
Worker: http://localhost:8001, Running: 16.0, Waiting: 0.0
Worker: http://localhost:8001, qlen: 16.0
Worker: http://localhost:8001, Tokens: 466711.0
Worker: http://localhost:8002, Running: 16.0, Waiting: 0.0
Worker: http://localhost:8002, qlen: 16.0
Worker: http://localhost:8002, Tokens: 480993.0
Selected worker: http://localhost:8002
INFO:     127.0.0.1:39880 - "POST /v1/completions HTTP/1.1" 200 OK
Worker: http://localhost:8001, Running: 16.0, Waiting: 0.0
Worker: http://localhost:8001, qlen: 16.0
Worker: http://localhost:8001, Tokens: 466711.0
Worker: http://localhost:8002, Running: 16.0, Waiting: 0.0
Worker: http://localhost:8002, qlen: 16.0
Worker: http://localhost:8002, Tokens: 480991.0
Selected worker: http://localhost:8002
INFO:     127.0.0.1:39888 - "POST /v1/completions HTTP/1.1" 200 OK
Worker: http://localhost:8001, Running: 16.0, Waiting: 0.0
Worker: http://localhost:8001, qlen: 16.0
Worker: http://localhost:8001, Tokens: 466711.0
Worker: http://localhost:8002, Running: 16.0, Waiting: 0.0
Worker: http://localhost:8002, qlen: 16.0
Worker: http://localhost:8002, Tokens: 484324.0
Selected worker: http://localhost:8001
INFO:     127.0.0.1:39890 - "POST /v1/completions HTTP/1.1" 200 OK
Worker: http://localhost:8001, Running: 15.0, Waiting: 0.0
Worker: http://localhost:8001, qlen: 15.0
Worker: http://localhost:8001, Tokens: 490033.0
Worker: http://localhost:8002, Running: 17.0, Waiting: 0.0
Worker: http://localhost:8002, qlen: 17.0
Worker: http://localhost:8002, Tokens: 484309.0
Selected worker: http://localhost:8001
INFO:     127.0.0.1:39892 - "POST /v1/completions HTTP/1.1" 200 OK
Worker: http://localhost:8001, Running: 14.0, Waiting: 0.0
Worker: http://localhost:8001, qlen: 14.0
Worker: http://localhost:8001, Tokens: 490383.0
Worker: http://localhost:8002, Running: 17.0, Waiting: 0.0
Worker: http://localhost:8002, qlen: 17.0
Worker: http://localhost:8002, Tokens: 484025.0
Selected worker: http://localhost:8001
INFO:     127.0.0.1:39900 - "POST /v1/completions HTTP/1.1" 200 OK
Worker: http://localhost:8001, Running: 15.0, Waiting: 0.0
Worker: http://localhost:8001, qlen: 15.0
Worker: http://localhost:8001, Tokens: 490467.0
Worker: http://localhost:8002, Running: 16.0, Waiting: 0.0
Worker: http://localhost:8002, qlen: 16.0
Worker: http://localhost:8002, Tokens: 481232.0
Selected worker: http://localhost:8001
INFO:     127.0.0.1:39916 - "POST /v1/completions HTTP/1.1" 200 OK
Worker: http://localhost:8001, Running: 17.0, Waiting: 0.0
Worker: http://localhost:8001, qlen: 17.0
Worker: http://localhost:8001, Tokens: 496695.0
Worker: http://localhost:8002, Running: 15.0, Waiting: 0.0
Worker: http://localhost:8002, qlen: 15.0
Worker: http://localhost:8002, Tokens: 485321.0
Selected worker: http://localhost:8002
INFO:     127.0.0.1:39930 - "POST /v1/completions HTTP/1.1" 200 OK
Worker: http://localhost:8001, Running: 17.0, Waiting: 0.0
Worker: http://localhost:8001, qlen: 17.0
Worker: http://localhost:8001, Tokens: 496967.0
Worker: http://localhost:8002, Running: 15.0, Waiting: 0.0
Worker: http://localhost:8002, qlen: 15.0
Worker: http://localhost:8002, Tokens: 482621.0
Selected worker: http://localhost:8002
INFO:     127.0.0.1:39940 - "POST /v1/completions HTTP/1.1" 200 OK
Worker: http://localhost:8001, Running: 17.0, Waiting: 0.0
Worker: http://localhost:8001, qlen: 17.0
Worker: http://localhost:8001, Tokens: 497566.0
Worker: http://localhost:8002, Running: 15.0, Waiting: 0.0
Worker: http://localhost:8002, qlen: 15.0
Worker: http://localhost:8002, Tokens: 489948.0
Selected worker: http://localhost:8002
INFO:     127.0.0.1:39946 - "POST /v1/completions HTTP/1.1" 200 OK
Worker: http://localhost:8001, Running: 16.0, Waiting: 0.0
Worker: http://localhost:8001, qlen: 16.0
Worker: http://localhost:8001, Tokens: 497610.0
Worker: http://localhost:8002, Running: 16.0, Waiting: 0.0
Worker: http://localhost:8002, qlen: 16.0
Worker: http://localhost:8002, Tokens: 490078.0
Selected worker: http://localhost:8002
INFO:     127.0.0.1:39948 - "POST /v1/completions HTTP/1.1" 200 OK
Worker: http://localhost:8001, Running: 15.0, Waiting: 0.0
Worker: http://localhost:8001, qlen: 15.0
Worker: http://localhost:8001, Tokens: 495194.0
Worker: http://localhost:8002, Running: 17.0, Waiting: 0.0
Worker: http://localhost:8002, qlen: 17.0
Worker: http://localhost:8002, Tokens: 493348.0
Selected worker: http://localhost:8001
INFO:     127.0.0.1:39960 - "POST /v1/completions HTTP/1.1" 200 OK
Worker: http://localhost:8001, Running: 15.0, Waiting: 0.0
Worker: http://localhost:8001, qlen: 15.0
Worker: http://localhost:8001, Tokens: 498548.0
Worker: http://localhost:8002, Running: 17.0, Waiting: 0.0
Worker: http://localhost:8002, qlen: 17.0
Worker: http://localhost:8002, Tokens: 490385.0
Selected worker: http://localhost:8001
INFO:     127.0.0.1:39972 - "POST /v1/completions HTTP/1.1" 200 OK
Worker: http://localhost:8001, Running: 16.0, Waiting: 0.0
Worker: http://localhost:8001, qlen: 16.0
Worker: http://localhost:8001, Tokens: 501587.0
Worker: http://localhost:8002, Running: 16.0, Waiting: 0.0
Worker: http://localhost:8002, qlen: 16.0
Worker: http://localhost:8002, Tokens: 493573.0
Selected worker: http://localhost:8001
INFO:     127.0.0.1:39976 - "POST /v1/completions HTTP/1.1" 200 OK
Worker: http://localhost:8001, Running: 17.0, Waiting: 0.0
Worker: http://localhost:8001, qlen: 17.0
Worker: http://localhost:8001, Tokens: 501537.0
Worker: http://localhost:8002, Running: 15.0, Waiting: 0.0
Worker: http://localhost:8002, qlen: 15.0
Worker: http://localhost:8002, Tokens: 494083.0
Selected worker: http://localhost:8002
INFO:     127.0.0.1:39992 - "POST /v1/completions HTTP/1.1" 200 OK
Worker: http://localhost:8001, Running: 16.0, Waiting: 0.0
Worker: http://localhost:8001, qlen: 16.0
Worker: http://localhost:8001, Tokens: 502333.0
Worker: http://localhost:8002, Running: 16.0, Waiting: 0.0
Worker: http://localhost:8002, qlen: 16.0
Worker: http://localhost:8002, Tokens: 497049.0
Selected worker: http://localhost:8001
INFO:     127.0.0.1:34388 - "POST /v1/completions HTTP/1.1" 200 OK
Worker: http://localhost:8001, Running: 17.0, Waiting: 0.0
Worker: http://localhost:8001, qlen: 17.0
Worker: http://localhost:8001, Tokens: 502229.0
Worker: http://localhost:8002, Running: 15.0, Waiting: 0.0
Worker: http://localhost:8002, qlen: 15.0
Worker: http://localhost:8002, Tokens: 497394.0
Selected worker: http://localhost:8002
INFO:     127.0.0.1:34402 - "POST /v1/completions HTTP/1.1" 200 OK
Worker: http://localhost:8001, Running: 16.0, Waiting: 0.0
Worker: http://localhost:8001, qlen: 16.0
Worker: http://localhost:8001, Tokens: 499629.0
Worker: http://localhost:8002, Running: 16.0, Waiting: 0.0
Worker: http://localhost:8002, qlen: 16.0
Worker: http://localhost:8002, Tokens: 497529.0
Selected worker: http://localhost:8001
INFO:     127.0.0.1:34418 - "POST /v1/completions HTTP/1.1" 200 OK
Worker: http://localhost:8001, Running: 15.0, Waiting: 0.0
Worker: http://localhost:8001, qlen: 15.0
Worker: http://localhost:8001, Tokens: 502935.0
Worker: http://localhost:8002, Running: 16.0, Waiting: 0.0
Worker: http://localhost:8002, qlen: 16.0
Worker: http://localhost:8002, Tokens: 496766.0
Selected worker: http://localhost:8001
INFO:     127.0.0.1:34420 - "POST /v1/completions HTTP/1.1" 200 OK
Worker: http://localhost:8001, Running: 16.0, Waiting: 0.0
Worker: http://localhost:8001, qlen: 16.0
Worker: http://localhost:8001, Tokens: 503045.0
Worker: http://localhost:8002, Running: 15.0, Waiting: 0.0
Worker: http://localhost:8002, qlen: 15.0
Worker: http://localhost:8002, Tokens: 496933.0
Selected worker: http://localhost:8002
INFO:     127.0.0.1:34422 - "POST /v1/completions HTTP/1.1" 200 OK
Worker: http://localhost:8001, Running: 17.0, Waiting: 0.0
Worker: http://localhost:8001, qlen: 17.0
Worker: http://localhost:8001, Tokens: 503307.0
Worker: http://localhost:8002, Running: 15.0, Waiting: 0.0
Worker: http://localhost:8002, qlen: 15.0
Worker: http://localhost:8002, Tokens: 500648.0
Selected worker: http://localhost:8002
INFO:     127.0.0.1:34438 - "POST /v1/completions HTTP/1.1" 200 OK
Worker: http://localhost:8001, Running: 16.0, Waiting: 0.0
Worker: http://localhost:8001, qlen: 16.0
Worker: http://localhost:8001, Tokens: 504228.0
Worker: http://localhost:8002, Running: 16.0, Waiting: 0.0
Worker: http://localhost:8002, qlen: 16.0
Worker: http://localhost:8002, Tokens: 503746.0
Selected worker: http://localhost:8001
INFO:     127.0.0.1:34442 - "POST /v1/completions HTTP/1.1" 200 OK
Worker: http://localhost:8001, Running: 16.0, Waiting: 0.0
Worker: http://localhost:8001, qlen: 16.0
Worker: http://localhost:8001, Tokens: 508061.0
Worker: http://localhost:8002, Running: 16.0, Waiting: 0.0
Worker: http://localhost:8002, qlen: 16.0
Worker: http://localhost:8002, Tokens: 503748.0
Selected worker: http://localhost:8002
INFO:     127.0.0.1:34454 - "POST /v1/completions HTTP/1.1" 200 OK
Worker: http://localhost:8001, Running: 16.0, Waiting: 0.0
Worker: http://localhost:8001, qlen: 16.0
Worker: http://localhost:8001, Tokens: 508488.0
Worker: http://localhost:8002, Running: 16.0, Waiting: 0.0
Worker: http://localhost:8002, qlen: 16.0
Worker: http://localhost:8002, Tokens: 507397.0
Selected worker: http://localhost:8001
INFO:     127.0.0.1:34468 - "POST /v1/completions HTTP/1.1" 200 OK
Worker: http://localhost:8001, Running: 16.0, Waiting: 0.0
Worker: http://localhost:8001, qlen: 16.0
Worker: http://localhost:8001, Tokens: 509244.0
Worker: http://localhost:8002, Running: 16.0, Waiting: 0.0
Worker: http://localhost:8002, qlen: 16.0
Worker: http://localhost:8002, Tokens: 507485.0
Selected worker: http://localhost:8002
INFO:     127.0.0.1:34484 - "POST /v1/completions HTTP/1.1" 200 OK
Worker: http://localhost:8001, Running: 16.0, Waiting: 0.0
Worker: http://localhost:8001, qlen: 16.0
Worker: http://localhost:8001, Tokens: 508987.0
Worker: http://localhost:8002, Running: 15.0, Waiting: 0.0
Worker: http://localhost:8002, qlen: 15.0
Worker: http://localhost:8002, Tokens: 507813.0
Selected worker: http://localhost:8002
INFO:     127.0.0.1:34490 - "POST /v1/completions HTTP/1.1" 200 OK
Worker: http://localhost:8001, Running: 15.0, Waiting: 0.0
Worker: http://localhost:8001, qlen: 15.0
Worker: http://localhost:8001, Tokens: 509692.0
Worker: http://localhost:8002, Running: 17.0, Waiting: 0.0
Worker: http://localhost:8002, qlen: 17.0
Worker: http://localhost:8002, Tokens: 511413.0
Selected worker: http://localhost:8001
INFO:     127.0.0.1:34504 - "POST /v1/completions HTTP/1.1" 200 OK
Worker: http://localhost:8001, Running: 15.0, Waiting: 0.0
Worker: http://localhost:8001, qlen: 15.0
Worker: http://localhost:8001, Tokens: 512507.0
Worker: http://localhost:8002, Running: 17.0, Waiting: 0.0
Worker: http://localhost:8002, qlen: 17.0
Worker: http://localhost:8002, Tokens: 511855.0
Selected worker: http://localhost:8001
INFO:     127.0.0.1:34506 - "POST /v1/completions HTTP/1.1" 200 OK
Worker: http://localhost:8001, Running: 15.0, Waiting: 0.0
Worker: http://localhost:8001, qlen: 15.0
Worker: http://localhost:8001, Tokens: 509879.0
Worker: http://localhost:8002, Running: 17.0, Waiting: 0.0
Worker: http://localhost:8002, qlen: 17.0
Worker: http://localhost:8002, Tokens: 512263.0
Selected worker: http://localhost:8001
INFO:     127.0.0.1:34508 - "POST /v1/completions HTTP/1.1" 200 OK
Worker: http://localhost:8001, Running: 14.0, Waiting: 0.0
Worker: http://localhost:8001, qlen: 14.0
Worker: http://localhost:8001, Tokens: 513328.0
Worker: http://localhost:8002, Running: 17.0, Waiting: 0.0
Worker: http://localhost:8002, qlen: 17.0
Worker: http://localhost:8002, Tokens: 502639.0
Selected worker: http://localhost:8001
INFO:     127.0.0.1:34516 - "POST /v1/completions HTTP/1.1" 200 OK
Worker: http://localhost:8001, Running: 15.0, Waiting: 0.0
Worker: http://localhost:8001, qlen: 15.0
Worker: http://localhost:8001, Tokens: 513342.0
Worker: http://localhost:8002, Running: 16.0, Waiting: 0.0
Worker: http://localhost:8002, qlen: 16.0
Worker: http://localhost:8002, Tokens: 502735.0
Selected worker: http://localhost:8001
INFO:     127.0.0.1:34528 - "POST /v1/completions HTTP/1.1" 200 OK
Worker: http://localhost:8001, Running: 17.0, Waiting: 0.0
Worker: http://localhost:8001, qlen: 17.0
Worker: http://localhost:8001, Tokens: 519691.0
Worker: http://localhost:8002, Running: 15.0, Waiting: 0.0
Worker: http://localhost:8002, qlen: 15.0
Worker: http://localhost:8002, Tokens: 512506.0
Selected worker: http://localhost:8002
INFO:     127.0.0.1:34544 - "POST /v1/completions HTTP/1.1" 200 OK
Worker: http://localhost:8001, Running: 17.0, Waiting: 0.0
Worker: http://localhost:8001, qlen: 17.0
Worker: http://localhost:8001, Tokens: 519793.0
Worker: http://localhost:8002, Running: 14.0, Waiting: 0.0
Worker: http://localhost:8002, qlen: 14.0
Worker: http://localhost:8002, Tokens: 504230.0
Selected worker: http://localhost:8002
INFO:     127.0.0.1:34546 - "POST /v1/completions HTTP/1.1" 200 OK
Worker: http://localhost:8001, Running: 17.0, Waiting: 0.0
Worker: http://localhost:8001, qlen: 17.0
Worker: http://localhost:8001, Tokens: 520232.0
Worker: http://localhost:8002, Running: 15.0, Waiting: 0.0
Worker: http://localhost:8002, qlen: 15.0
Worker: http://localhost:8002, Tokens: 515891.0
Selected worker: http://localhost:8002
INFO:     127.0.0.1:34560 - "POST /v1/completions HTTP/1.1" 200 OK
Worker: http://localhost:8001, Running: 16.0, Waiting: 0.0
Worker: http://localhost:8001, qlen: 16.0
Worker: http://localhost:8001, Tokens: 517258.0
Worker: http://localhost:8002, Running: 16.0, Waiting: 0.0
Worker: http://localhost:8002, qlen: 16.0
Worker: http://localhost:8002, Tokens: 516345.0
Selected worker: http://localhost:8002
INFO:     127.0.0.1:51798 - "POST /v1/completions HTTP/1.1" 200 OK
Worker: http://localhost:8001, Running: 15.0, Waiting: 0.0
Worker: http://localhost:8001, qlen: 15.0
Worker: http://localhost:8001, Tokens: 521181.0
Worker: http://localhost:8002, Running: 17.0, Waiting: 0.0
Worker: http://localhost:8002, qlen: 17.0
Worker: http://localhost:8002, Tokens: 520389.0
Selected worker: http://localhost:8001
INFO:     127.0.0.1:51808 - "POST /v1/completions HTTP/1.1" 200 OK
Worker: http://localhost:8001, Running: 15.0, Waiting: 0.0
Worker: http://localhost:8001, qlen: 15.0
Worker: http://localhost:8001, Tokens: 522291.0
Worker: http://localhost:8002, Running: 17.0, Waiting: 0.0
Worker: http://localhost:8002, qlen: 17.0
Worker: http://localhost:8002, Tokens: 517781.0
Selected worker: http://localhost:8001
INFO:     127.0.0.1:51818 - "POST /v1/completions HTTP/1.1" 200 OK
Worker: http://localhost:8001, Running: 15.0, Waiting: 0.0
Worker: http://localhost:8001, qlen: 15.0
Worker: http://localhost:8001, Tokens: 522411.0
Worker: http://localhost:8002, Running: 16.0, Waiting: 0.0
Worker: http://localhost:8002, qlen: 16.0
Worker: http://localhost:8002, Tokens: 521020.0
Selected worker: http://localhost:8001
INFO:     127.0.0.1:51828 - "POST /v1/completions HTTP/1.1" 200 OK
Worker: http://localhost:8001, Running: 17.0, Waiting: 0.0
Worker: http://localhost:8001, qlen: 17.0
Worker: http://localhost:8001, Tokens: 521804.0
Worker: http://localhost:8002, Running: 15.0, Waiting: 0.0
Worker: http://localhost:8002, qlen: 15.0
Worker: http://localhost:8002, Tokens: 521554.0
Selected worker: http://localhost:8002
INFO:     127.0.0.1:51830 - "POST /v1/completions HTTP/1.1" 200 OK
Worker: http://localhost:8001, Running: 16.0, Waiting: 0.0
Worker: http://localhost:8001, qlen: 16.0
Worker: http://localhost:8001, Tokens: 525284.0
Worker: http://localhost:8002, Running: 16.0, Waiting: 0.0
Worker: http://localhost:8002, qlen: 16.0
Worker: http://localhost:8002, Tokens: 521924.0
Selected worker: http://localhost:8002
INFO:     127.0.0.1:51842 - "POST /v1/completions HTTP/1.1" 200 OK
Worker: http://localhost:8001, Running: 16.0, Waiting: 0.0
Worker: http://localhost:8001, qlen: 16.0
Worker: http://localhost:8001, Tokens: 525148.0
Worker: http://localhost:8002, Running: 15.0, Waiting: 0.0
Worker: http://localhost:8002, qlen: 15.0
Worker: http://localhost:8002, Tokens: 524943.0
Selected worker: http://localhost:8002
INFO:     127.0.0.1:51854 - "POST /v1/completions HTTP/1.1" 200 OK
Worker: http://localhost:8001, Running: 15.0, Waiting: 0.0
Worker: http://localhost:8001, qlen: 15.0
Worker: http://localhost:8001, Tokens: 522550.0
Worker: http://localhost:8002, Running: 17.0, Waiting: 0.0
Worker: http://localhost:8002, qlen: 17.0
Worker: http://localhost:8002, Tokens: 525133.0
Selected worker: http://localhost:8001
INFO:     127.0.0.1:51868 - "POST /v1/completions HTTP/1.1" 200 OK
Worker: http://localhost:8001, Running: 15.0, Waiting: 0.0
Worker: http://localhost:8001, qlen: 15.0
Worker: http://localhost:8001, Tokens: 525619.0
Worker: http://localhost:8002, Running: 17.0, Waiting: 0.0
Worker: http://localhost:8002, qlen: 17.0
Worker: http://localhost:8002, Tokens: 530530.0
Selected worker: http://localhost:8001
INFO:     127.0.0.1:51880 - "POST /v1/completions HTTP/1.1" 200 OK
Worker: http://localhost:8001, Running: 15.0, Waiting: 0.0
Worker: http://localhost:8001, qlen: 15.0
Worker: http://localhost:8001, Tokens: 528934.0
Worker: http://localhost:8002, Running: 17.0, Waiting: 0.0
Worker: http://localhost:8002, qlen: 17.0
Worker: http://localhost:8002, Tokens: 523261.0
Selected worker: http://localhost:8001
INFO:     127.0.0.1:51884 - "POST /v1/completions HTTP/1.1" 200 OK
Worker: http://localhost:8001, Running: 16.0, Waiting: 0.0
Worker: http://localhost:8001, qlen: 16.0
Worker: http://localhost:8001, Tokens: 529433.0
Worker: http://localhost:8002, Running: 16.0, Waiting: 0.0
Worker: http://localhost:8002, qlen: 16.0
Worker: http://localhost:8002, Tokens: 531325.0
Selected worker: http://localhost:8001
INFO:     127.0.0.1:51892 - "POST /v1/completions HTTP/1.1" 200 OK
Worker: http://localhost:8001, Running: 17.0, Waiting: 0.0
Worker: http://localhost:8001, qlen: 17.0
Worker: http://localhost:8001, Tokens: 529510.0
Worker: http://localhost:8002, Running: 15.0, Waiting: 0.0
Worker: http://localhost:8002, qlen: 15.0
Worker: http://localhost:8002, Tokens: 532068.0
Selected worker: http://localhost:8002
INFO:     127.0.0.1:51908 - "POST /v1/completions HTTP/1.1" 200 OK
Worker: http://localhost:8001, Running: 16.0, Waiting: 0.0
Worker: http://localhost:8001, qlen: 16.0
Worker: http://localhost:8001, Tokens: 532667.0
Worker: http://localhost:8002, Running: 16.0, Waiting: 0.0
Worker: http://localhost:8002, qlen: 16.0
Worker: http://localhost:8002, Tokens: 531974.0
Selected worker: http://localhost:8002
INFO:     127.0.0.1:51916 - "POST /v1/completions HTTP/1.1" 200 OK
Worker: http://localhost:8001, Running: 16.0, Waiting: 0.0
Worker: http://localhost:8001, qlen: 16.0
Worker: http://localhost:8001, Tokens: 529437.0
Worker: http://localhost:8002, Running: 15.0, Waiting: 0.0
Worker: http://localhost:8002, qlen: 15.0
Worker: http://localhost:8002, Tokens: 532347.0
Selected worker: http://localhost:8002
INFO:     127.0.0.1:51918 - "POST /v1/completions HTTP/1.1" 200 OK
Worker: http://localhost:8001, Running: 15.0, Waiting: 0.0
Worker: http://localhost:8001, qlen: 15.0
Worker: http://localhost:8001, Tokens: 532980.0
Worker: http://localhost:8002, Running: 17.0, Waiting: 0.0
Worker: http://localhost:8002, qlen: 17.0
Worker: http://localhost:8002, Tokens: 535875.0
Selected worker: http://localhost:8001
INFO:     127.0.0.1:51924 - "POST /v1/completions HTTP/1.1" 200 OK
Worker: http://localhost:8001, Running: 15.0, Waiting: 0.0
Worker: http://localhost:8001, qlen: 15.0
Worker: http://localhost:8001, Tokens: 533396.0
Worker: http://localhost:8002, Running: 17.0, Waiting: 0.0
Worker: http://localhost:8002, qlen: 17.0
Worker: http://localhost:8002, Tokens: 532935.0
Selected worker: http://localhost:8001
INFO:     127.0.0.1:51934 - "POST /v1/completions HTTP/1.1" 200 OK
Worker: http://localhost:8001, Running: 16.0, Waiting: 0.0
Worker: http://localhost:8001, qlen: 16.0
Worker: http://localhost:8001, Tokens: 532561.0
Worker: http://localhost:8002, Running: 16.0, Waiting: 0.0
Worker: http://localhost:8002, qlen: 16.0
Worker: http://localhost:8002, Tokens: 536488.0
Selected worker: http://localhost:8001
INFO:     127.0.0.1:51936 - "POST /v1/completions HTTP/1.1" 200 OK
Worker: http://localhost:8001, Running: 16.0, Waiting: 0.0
Worker: http://localhost:8001, qlen: 16.0
Worker: http://localhost:8001, Tokens: 540841.0
Worker: http://localhost:8002, Running: 16.0, Waiting: 0.0
Worker: http://localhost:8002, qlen: 16.0
Worker: http://localhost:8002, Tokens: 537016.0
Selected worker: http://localhost:8002
INFO:     127.0.0.1:51944 - "POST /v1/completions HTTP/1.1" 200 OK
Worker: http://localhost:8001, Running: 15.0, Waiting: 0.0
Worker: http://localhost:8001, qlen: 15.0
Worker: http://localhost:8001, Tokens: 538306.0
Worker: http://localhost:8002, Running: 17.0, Waiting: 0.0
Worker: http://localhost:8002, qlen: 17.0
Worker: http://localhost:8002, Tokens: 537312.0
Selected worker: http://localhost:8001
INFO:     127.0.0.1:51958 - "POST /v1/completions HTTP/1.1" 200 OK
Worker: http://localhost:8001, Running: 14.0, Waiting: 0.0
Worker: http://localhost:8001, qlen: 14.0
Worker: http://localhost:8001, Tokens: 538300.0
Worker: http://localhost:8002, Running: 17.0, Waiting: 0.0
Worker: http://localhost:8002, qlen: 17.0
Worker: http://localhost:8002, Tokens: 537312.0
Selected worker: http://localhost:8001
INFO:     127.0.0.1:51970 - "POST /v1/completions HTTP/1.1" 200 OK
Worker: http://localhost:8001, Running: 15.0, Waiting: 0.0
Worker: http://localhost:8001, qlen: 15.0
Worker: http://localhost:8001, Tokens: 544705.0
Worker: http://localhost:8002, Running: 17.0, Waiting: 0.0
Worker: http://localhost:8002, qlen: 17.0
Worker: http://localhost:8002, Tokens: 537495.0
Selected worker: http://localhost:8001
INFO:     127.0.0.1:51980 - "POST /v1/completions HTTP/1.1" 200 OK
Worker: http://localhost:8001, Running: 16.0, Waiting: 0.0
Worker: http://localhost:8001, qlen: 16.0
Worker: http://localhost:8001, Tokens: 547657.0
Worker: http://localhost:8002, Running: 16.0, Waiting: 0.0
Worker: http://localhost:8002, qlen: 16.0
Worker: http://localhost:8002, Tokens: 538317.0
Selected worker: http://localhost:8002
INFO:     127.0.0.1:48718 - "POST /v1/completions HTTP/1.1" 200 OK
Worker: http://localhost:8001, Running: 15.0, Waiting: 0.0
Worker: http://localhost:8001, qlen: 15.0
Worker: http://localhost:8001, Tokens: 548073.0
Worker: http://localhost:8002, Running: 17.0, Waiting: 0.0
Worker: http://localhost:8002, qlen: 17.0
Worker: http://localhost:8002, Tokens: 535250.0
Selected worker: http://localhost:8001
INFO:     127.0.0.1:48730 - "POST /v1/completions HTTP/1.1" 200 OK
Worker: http://localhost:8001, Running: 16.0, Waiting: 0.0
Worker: http://localhost:8001, qlen: 16.0
Worker: http://localhost:8001, Tokens: 551700.0
Worker: http://localhost:8002, Running: 16.0, Waiting: 0.0
Worker: http://localhost:8002, qlen: 16.0
Worker: http://localhost:8002, Tokens: 539224.0
Selected worker: http://localhost:8002
INFO:     127.0.0.1:48734 - "POST /v1/completions HTTP/1.1" 200 OK
Worker: http://localhost:8001, Running: 15.0, Waiting: 0.0
Worker: http://localhost:8001, qlen: 15.0
Worker: http://localhost:8001, Tokens: 552539.0
Worker: http://localhost:8002, Running: 17.0, Waiting: 0.0
Worker: http://localhost:8002, qlen: 17.0
Worker: http://localhost:8002, Tokens: 539553.0
Selected worker: http://localhost:8001
INFO:     127.0.0.1:48736 - "POST /v1/completions HTTP/1.1" 200 OK
Worker: http://localhost:8001, Running: 15.0, Waiting: 0.0
Worker: http://localhost:8001, qlen: 15.0
Worker: http://localhost:8001, Tokens: 552659.0
Worker: http://localhost:8002, Running: 16.0, Waiting: 0.0
Worker: http://localhost:8002, qlen: 16.0
Worker: http://localhost:8002, Tokens: 539718.0
Selected worker: http://localhost:8001
INFO:     127.0.0.1:48748 - "POST /v1/completions HTTP/1.1" 200 OK
Worker: http://localhost:8001, Running: 17.0, Waiting: 0.0
Worker: http://localhost:8001, qlen: 17.0
Worker: http://localhost:8001, Tokens: 556325.0
Worker: http://localhost:8002, Running: 15.0, Waiting: 0.0
Worker: http://localhost:8002, qlen: 15.0
Worker: http://localhost:8002, Tokens: 536893.0
Selected worker: http://localhost:8002
INFO:     127.0.0.1:48760 - "POST /v1/completions HTTP/1.1" 200 OK
Worker: http://localhost:8001, Running: 16.0, Waiting: 0.0
Worker: http://localhost:8001, qlen: 16.0
Worker: http://localhost:8001, Tokens: 553397.0
Worker: http://localhost:8002, Running: 15.0, Waiting: 0.0
Worker: http://localhost:8002, qlen: 15.0
Worker: http://localhost:8002, Tokens: 543748.0
Selected worker: http://localhost:8002
INFO:     127.0.0.1:48774 - "POST /v1/completions HTTP/1.1" 200 OK
Worker: http://localhost:8001, Running: 16.0, Waiting: 0.0
Worker: http://localhost:8001, qlen: 16.0
Worker: http://localhost:8001, Tokens: 556547.0
Worker: http://localhost:8002, Running: 16.0, Waiting: 0.0
Worker: http://localhost:8002, qlen: 16.0
Worker: http://localhost:8002, Tokens: 543978.0
Selected worker: http://localhost:8002
INFO:     127.0.0.1:48784 - "POST /v1/completions HTTP/1.1" 200 OK
Worker: http://localhost:8001, Running: 15.0, Waiting: 0.0
Worker: http://localhost:8001, qlen: 15.0
Worker: http://localhost:8001, Tokens: 557248.0
Worker: http://localhost:8002, Running: 17.0, Waiting: 0.0
Worker: http://localhost:8002, qlen: 17.0
Worker: http://localhost:8002, Tokens: 546581.0
Selected worker: http://localhost:8001
INFO:     127.0.0.1:48792 - "POST /v1/completions HTTP/1.1" 200 OK
Worker: http://localhost:8001, Running: 15.0, Waiting: 0.0
Worker: http://localhost:8001, qlen: 15.0
Worker: http://localhost:8001, Tokens: 557308.0
Worker: http://localhost:8002, Running: 17.0, Waiting: 0.0
Worker: http://localhost:8002, qlen: 17.0
Worker: http://localhost:8002, Tokens: 543110.0
Selected worker: http://localhost:8001
INFO:     127.0.0.1:48800 - "POST /v1/completions HTTP/1.1" 200 OK
Worker: http://localhost:8001, Running: 17.0, Waiting: 0.0
Worker: http://localhost:8001, qlen: 17.0
Worker: http://localhost:8001, Tokens: 560693.0
Worker: http://localhost:8002, Running: 15.0, Waiting: 0.0
Worker: http://localhost:8002, qlen: 15.0
Worker: http://localhost:8002, Tokens: 547517.0
Selected worker: http://localhost:8002
INFO:     127.0.0.1:48816 - "POST /v1/completions HTTP/1.1" 200 OK
Worker: http://localhost:8001, Running: 16.0, Waiting: 0.0
Worker: http://localhost:8001, qlen: 16.0
Worker: http://localhost:8001, Tokens: 561249.0
Worker: http://localhost:8002, Running: 16.0, Waiting: 0.0
Worker: http://localhost:8002, qlen: 16.0
Worker: http://localhost:8002, Tokens: 544387.0
Selected worker: http://localhost:8002
INFO:     127.0.0.1:48828 - "POST /v1/completions HTTP/1.1" 200 OK
Worker: http://localhost:8001, Running: 16.0, Waiting: 0.0
Worker: http://localhost:8001, qlen: 16.0
Worker: http://localhost:8001, Tokens: 557576.0
Worker: http://localhost:8002, Running: 15.0, Waiting: 0.0
Worker: http://localhost:8002, qlen: 15.0
Worker: http://localhost:8002, Tokens: 547876.0
Selected worker: http://localhost:8002
INFO:     127.0.0.1:48840 - "POST /v1/completions HTTP/1.1" 200 OK
Worker: http://localhost:8001, Running: 15.0, Waiting: 0.0
Worker: http://localhost:8001, qlen: 15.0
Worker: http://localhost:8001, Tokens: 561603.0
Worker: http://localhost:8002, Running: 17.0, Waiting: 0.0
Worker: http://localhost:8002, qlen: 17.0
Worker: http://localhost:8002, Tokens: 550496.0
Selected worker: http://localhost:8001
INFO:     127.0.0.1:48842 - "POST /v1/completions HTTP/1.1" 200 OK
Worker: http://localhost:8001, Running: 15.0, Waiting: 0.0
Worker: http://localhost:8001, qlen: 15.0
Worker: http://localhost:8001, Tokens: 561738.0
Worker: http://localhost:8002, Running: 16.0, Waiting: 0.0
Worker: http://localhost:8002, qlen: 16.0
Worker: http://localhost:8002, Tokens: 548020.0
Selected worker: http://localhost:8001
INFO:     127.0.0.1:48850 - "POST /v1/completions HTTP/1.1" 200 OK
Worker: http://localhost:8001, Running: 17.0, Waiting: 0.0
Worker: http://localhost:8001, qlen: 17.0
Worker: http://localhost:8001, Tokens: 566252.0
Worker: http://localhost:8002, Running: 15.0, Waiting: 0.0
Worker: http://localhost:8002, qlen: 15.0
Worker: http://localhost:8002, Tokens: 551234.0
Selected worker: http://localhost:8002
INFO:     127.0.0.1:48862 - "POST /v1/completions HTTP/1.1" 200 OK
Worker: http://localhost:8001, Running: 17.0, Waiting: 0.0
Worker: http://localhost:8001, qlen: 17.0
Worker: http://localhost:8001, Tokens: 566660.0
Worker: http://localhost:8002, Running: 15.0, Waiting: 0.0
Worker: http://localhost:8002, qlen: 15.0
Worker: http://localhost:8002, Tokens: 551444.0
Selected worker: http://localhost:8002
INFO:     127.0.0.1:48874 - "POST /v1/completions HTTP/1.1" 200 OK
Worker: http://localhost:8001, Running: 17.0, Waiting: 0.0
Worker: http://localhost:8001, qlen: 17.0
Worker: http://localhost:8001, Tokens: 566770.0
Worker: http://localhost:8002, Running: 15.0, Waiting: 0.0
Worker: http://localhost:8002, qlen: 15.0
Worker: http://localhost:8002, Tokens: 554811.0
Selected worker: http://localhost:8002
INFO:     127.0.0.1:48884 - "POST /v1/completions HTTP/1.1" 200 OK
Worker: http://localhost:8001, Running: 16.0, Waiting: 0.0
Worker: http://localhost:8001, qlen: 16.0
Worker: http://localhost:8001, Tokens: 567698.0
Worker: http://localhost:8002, Running: 16.0, Waiting: 0.0
Worker: http://localhost:8002, qlen: 16.0
Worker: http://localhost:8002, Tokens: 554595.0
Selected worker: http://localhost:8002
INFO:     127.0.0.1:48894 - "POST /v1/completions HTTP/1.1" 200 OK
Worker: http://localhost:8001, Running: 16.0, Waiting: 0.0
Worker: http://localhost:8001, qlen: 16.0
Worker: http://localhost:8001, Tokens: 568098.0
Worker: http://localhost:8002, Running: 16.0, Waiting: 0.0
Worker: http://localhost:8002, qlen: 16.0
Worker: http://localhost:8002, Tokens: 558240.0
Selected worker: http://localhost:8001
INFO:     127.0.0.1:43532 - "POST /v1/completions HTTP/1.1" 200 OK
Worker: http://localhost:8001, Running: 17.0, Waiting: 0.0
Worker: http://localhost:8001, qlen: 17.0
Worker: http://localhost:8001, Tokens: 571474.0
Worker: http://localhost:8002, Running: 15.0, Waiting: 0.0
Worker: http://localhost:8002, qlen: 15.0
Worker: http://localhost:8002, Tokens: 555504.0
Selected worker: http://localhost:8002
INFO:     127.0.0.1:43538 - "POST /v1/completions HTTP/1.1" 200 OK
Worker: http://localhost:8001, Running: 17.0, Waiting: 0.0
Worker: http://localhost:8001, qlen: 17.0
Worker: http://localhost:8001, Tokens: 571719.0
Worker: http://localhost:8002, Running: 15.0, Waiting: 0.0
Worker: http://localhost:8002, qlen: 15.0
Worker: http://localhost:8002, Tokens: 559482.0
Selected worker: http://localhost:8002
INFO:     127.0.0.1:43540 - "POST /v1/completions HTTP/1.1" 200 OK
Worker: http://localhost:8001, Running: 16.0, Waiting: 0.0
Worker: http://localhost:8001, qlen: 16.0
Worker: http://localhost:8001, Tokens: 569292.0
Worker: http://localhost:8002, Running: 16.0, Waiting: 0.0
Worker: http://localhost:8002, qlen: 16.0
Worker: http://localhost:8002, Tokens: 559632.0
Selected worker: http://localhost:8001
INFO:     127.0.0.1:43554 - "POST /v1/completions HTTP/1.1" 200 OK
Worker: http://localhost:8001, Running: 16.0, Waiting: 0.0
Worker: http://localhost:8001, qlen: 16.0
Worker: http://localhost:8001, Tokens: 572836.0
Worker: http://localhost:8002, Running: 16.0, Waiting: 0.0
Worker: http://localhost:8002, qlen: 16.0
Worker: http://localhost:8002, Tokens: 570315.0
Selected worker: http://localhost:8001
INFO:     127.0.0.1:43570 - "POST /v1/completions HTTP/1.1" 200 OK
Worker: http://localhost:8001, Running: 17.0, Waiting: 0.0
Worker: http://localhost:8001, qlen: 17.0
Worker: http://localhost:8001, Tokens: 575290.0
Worker: http://localhost:8002, Running: 15.0, Waiting: 0.0
Worker: http://localhost:8002, qlen: 15.0
Worker: http://localhost:8002, Tokens: 570559.0
Selected worker: http://localhost:8002
INFO:     127.0.0.1:43586 - "POST /v1/completions HTTP/1.1" 200 OK
Worker: http://localhost:8001, Running: 17.0, Waiting: 0.0
Worker: http://localhost:8001, qlen: 17.0
Worker: http://localhost:8001, Tokens: 575229.0
Worker: http://localhost:8002, Running: 15.0, Waiting: 0.0
Worker: http://localhost:8002, qlen: 15.0
Worker: http://localhost:8002, Tokens: 571027.0
Selected worker: http://localhost:8002
INFO:     127.0.0.1:43600 - "POST /v1/completions HTTP/1.1" 200 OK
Worker: http://localhost:8001, Running: 17.0, Waiting: 0.0
Worker: http://localhost:8001, qlen: 17.0
Worker: http://localhost:8001, Tokens: 571723.0
Worker: http://localhost:8002, Running: 15.0, Waiting: 0.0
Worker: http://localhost:8002, qlen: 15.0
Worker: http://localhost:8002, Tokens: 571087.0
Selected worker: http://localhost:8002
INFO:     127.0.0.1:43612 - "POST /v1/completions HTTP/1.1" 200 OK
Worker: http://localhost:8001, Running: 15.0, Waiting: 0.0
Worker: http://localhost:8001, qlen: 15.0
Worker: http://localhost:8001, Tokens: 572736.0
Worker: http://localhost:8002, Running: 15.0, Waiting: 0.0
Worker: http://localhost:8002, qlen: 15.0
Worker: http://localhost:8002, Tokens: 571162.0
Selected worker: http://localhost:8001
INFO:     127.0.0.1:43626 - "POST /v1/completions HTTP/1.1" 200 OK
Worker: http://localhost:8001, Running: 15.0, Waiting: 0.0
Worker: http://localhost:8001, qlen: 15.0
Worker: http://localhost:8001, Tokens: 578712.0
Worker: http://localhost:8002, Running: 17.0, Waiting: 0.0
Worker: http://localhost:8002, qlen: 17.0
Worker: http://localhost:8002, Tokens: 572032.0
Selected worker: http://localhost:8001
INFO:     127.0.0.1:43636 - "POST /v1/completions HTTP/1.1" 200 OK
Worker: http://localhost:8001, Running: 16.0, Waiting: 0.0
Worker: http://localhost:8001, qlen: 16.0
Worker: http://localhost:8001, Tokens: 579268.0
Worker: http://localhost:8002, Running: 16.0, Waiting: 0.0
Worker: http://localhost:8002, qlen: 16.0
Worker: http://localhost:8002, Tokens: 575221.0
Selected worker: http://localhost:8002
INFO:     127.0.0.1:43650 - "POST /v1/completions HTTP/1.1" 200 OK
Worker: http://localhost:8001, Running: 16.0, Waiting: 0.0
Worker: http://localhost:8001, qlen: 16.0
Worker: http://localhost:8001, Tokens: 579924.0
Worker: http://localhost:8002, Running: 16.0, Waiting: 0.0
Worker: http://localhost:8002, qlen: 16.0
Worker: http://localhost:8002, Tokens: 574758.0
Selected worker: http://localhost:8002
INFO:     127.0.0.1:43662 - "POST /v1/completions HTTP/1.1" 200 OK
Worker: http://localhost:8001, Running: 16.0, Waiting: 0.0
Worker: http://localhost:8001, qlen: 16.0
Worker: http://localhost:8001, Tokens: 580324.0
Worker: http://localhost:8002, Running: 16.0, Waiting: 0.0
Worker: http://localhost:8002, qlen: 16.0
Worker: http://localhost:8002, Tokens: 578562.0
Selected worker: http://localhost:8002
INFO:     127.0.0.1:43668 - "POST /v1/completions HTTP/1.1" 200 OK
Worker: http://localhost:8001, Running: 16.0, Waiting: 0.0
Worker: http://localhost:8001, qlen: 16.0
Worker: http://localhost:8001, Tokens: 577944.0
Worker: http://localhost:8002, Running: 16.0, Waiting: 0.0
Worker: http://localhost:8002, qlen: 16.0
Worker: http://localhost:8002, Tokens: 583047.0
Selected worker: http://localhost:8002
INFO:     127.0.0.1:43672 - "POST /v1/completions HTTP/1.1" 200 OK
Worker: http://localhost:8001, Running: 15.0, Waiting: 0.0
Worker: http://localhost:8001, qlen: 15.0
Worker: http://localhost:8001, Tokens: 581326.0
Worker: http://localhost:8002, Running: 17.0, Waiting: 0.0
Worker: http://localhost:8002, qlen: 17.0
Worker: http://localhost:8002, Tokens: 583163.0
Selected worker: http://localhost:8001
INFO:     127.0.0.1:43682 - "POST /v1/completions HTTP/1.1" 200 OK
Worker: http://localhost:8001, Running: 15.0, Waiting: 0.0
Worker: http://localhost:8001, qlen: 15.0
Worker: http://localhost:8001, Tokens: 581112.0
Worker: http://localhost:8002, Running: 17.0, Waiting: 0.0
Worker: http://localhost:8002, qlen: 17.0
Worker: http://localhost:8002, Tokens: 583163.0
Selected worker: http://localhost:8001
INFO:     127.0.0.1:43696 - "POST /v1/completions HTTP/1.1" 200 OK
Worker: http://localhost:8001, Running: 15.0, Waiting: 1.0
Worker: http://localhost:8001, qlen: 15.0
Worker: http://localhost:8001, Tokens: 581499.0
Worker: http://localhost:8002, Running: 16.0, Waiting: 0.0
Worker: http://localhost:8002, qlen: 16.0
Worker: http://localhost:8002, Tokens: 580343.0
Selected worker: http://localhost:8001
INFO:     127.0.0.1:43710 - "POST /v1/completions HTTP/1.1" 200 OK
Worker: http://localhost:8001, Running: 17.0, Waiting: 0.0
Worker: http://localhost:8001, qlen: 17.0
Worker: http://localhost:8001, Tokens: 587552.0
Worker: http://localhost:8002, Running: 15.0, Waiting: 0.0
Worker: http://localhost:8002, qlen: 15.0
Worker: http://localhost:8002, Tokens: 580176.0
Selected worker: http://localhost:8002
INFO:     127.0.0.1:43726 - "POST /v1/completions HTTP/1.1" 200 OK
Worker: http://localhost:8001, Running: 17.0, Waiting: 0.0
Worker: http://localhost:8001, qlen: 17.0
Worker: http://localhost:8001, Tokens: 587960.0
Worker: http://localhost:8002, Running: 15.0, Waiting: 0.0
Worker: http://localhost:8002, qlen: 15.0
Worker: http://localhost:8002, Tokens: 584181.0
Selected worker: http://localhost:8002
INFO:     127.0.0.1:43736 - "POST /v1/completions HTTP/1.1" 200 OK
Worker: http://localhost:8001, Running: 17.0, Waiting: 0.0
Worker: http://localhost:8001, qlen: 17.0
Worker: http://localhost:8001, Tokens: 584802.0
Worker: http://localhost:8002, Running: 14.0, Waiting: 0.0
Worker: http://localhost:8002, qlen: 14.0
Worker: http://localhost:8002, Tokens: 584589.0
Selected worker: http://localhost:8002
INFO:     127.0.0.1:44716 - "POST /v1/completions HTTP/1.1" 200 OK
Worker: http://localhost:8001, Running: 16.0, Waiting: 0.0
Worker: http://localhost:8001, qlen: 16.0
Worker: http://localhost:8001, Tokens: 588306.0
Worker: http://localhost:8002, Running: 16.0, Waiting: 0.0
Worker: http://localhost:8002, qlen: 16.0
Worker: http://localhost:8002, Tokens: 587082.0
Selected worker: http://localhost:8002
INFO:     127.0.0.1:44726 - "POST /v1/completions HTTP/1.1" 200 OK
Worker: http://localhost:8001, Running: 15.0, Waiting: 0.0
Worker: http://localhost:8001, qlen: 15.0
Worker: http://localhost:8001, Tokens: 588528.0
Worker: http://localhost:8002, Running: 16.0, Waiting: 0.0
Worker: http://localhost:8002, qlen: 16.0
Worker: http://localhost:8002, Tokens: 590065.0
Selected worker: http://localhost:8001
INFO:     127.0.0.1:44738 - "POST /v1/completions HTTP/1.1" 200 OK
Worker: http://localhost:8001, Running: 16.0, Waiting: 0.0
Worker: http://localhost:8001, qlen: 16.0
Worker: http://localhost:8001, Tokens: 585734.0
Worker: http://localhost:8002, Running: 16.0, Waiting: 0.0
Worker: http://localhost:8002, qlen: 16.0
Worker: http://localhost:8002, Tokens: 590337.0
Selected worker: http://localhost:8001
INFO:     127.0.0.1:44748 - "POST /v1/completions HTTP/1.1" 200 OK
Worker: http://localhost:8001, Running: 15.0, Waiting: 0.0
Worker: http://localhost:8001, qlen: 15.0
Worker: http://localhost:8001, Tokens: 540947.0
Worker: http://localhost:8002, Running: 16.0, Waiting: 0.0
Worker: http://localhost:8002, qlen: 16.0
Worker: http://localhost:8002, Tokens: 590561.0
Selected worker: http://localhost:8001
INFO:     127.0.0.1:44752 - "POST /v1/completions HTTP/1.1" 200 OK
Worker: http://localhost:8001, Running: 16.0, Waiting: 0.0
Worker: http://localhost:8001, qlen: 16.0
Worker: http://localhost:8001, Tokens: 589601.0
Worker: http://localhost:8002, Running: 16.0, Waiting: 0.0
Worker: http://localhost:8002, qlen: 16.0
Worker: http://localhost:8002, Tokens: 587298.0
Selected worker: http://localhost:8002
INFO:     127.0.0.1:44756 - "POST /v1/completions HTTP/1.1" 200 OK
Worker: http://localhost:8001, Running: 16.0, Waiting: 0.0
Worker: http://localhost:8001, qlen: 16.0
Worker: http://localhost:8001, Tokens: 590129.0
Worker: http://localhost:8002, Running: 16.0, Waiting: 0.0
Worker: http://localhost:8002, qlen: 16.0
Worker: http://localhost:8002, Tokens: 593953.0
Selected worker: http://localhost:8001
INFO:     127.0.0.1:44772 - "POST /v1/completions HTTP/1.1" 200 OK
Worker: http://localhost:8001, Running: 16.0, Waiting: 0.0
Worker: http://localhost:8001, qlen: 16.0
Worker: http://localhost:8001, Tokens: 586812.0
Worker: http://localhost:8002, Running: 16.0, Waiting: 0.0
Worker: http://localhost:8002, qlen: 16.0
Worker: http://localhost:8002, Tokens: 593953.0
Selected worker: http://localhost:8001
INFO:     127.0.0.1:44778 - "POST /v1/completions HTTP/1.1" 200 OK
Worker: http://localhost:8001, Running: 17.0, Waiting: 0.0
Worker: http://localhost:8001, qlen: 17.0
Worker: http://localhost:8001, Tokens: 590546.0
Worker: http://localhost:8002, Running: 15.0, Waiting: 0.0
Worker: http://localhost:8002, qlen: 15.0
Worker: http://localhost:8002, Tokens: 594841.0
Selected worker: http://localhost:8002
INFO:     127.0.0.1:44794 - "POST /v1/completions HTTP/1.1" 200 OK
Worker: http://localhost:8001, Running: 16.0, Waiting: 0.0
Worker: http://localhost:8001, qlen: 16.0
Worker: http://localhost:8001, Tokens: 593861.0
Worker: http://localhost:8002, Running: 16.0, Waiting: 0.0
Worker: http://localhost:8002, qlen: 16.0
Worker: http://localhost:8002, Tokens: 594843.0
Selected worker: http://localhost:8001
INFO:     127.0.0.1:44800 - "POST /v1/completions HTTP/1.1" 200 OK
Worker: http://localhost:8001, Running: 17.0, Waiting: 0.0
Worker: http://localhost:8001, qlen: 17.0
Worker: http://localhost:8001, Tokens: 593758.0
Worker: http://localhost:8002, Running: 15.0, Waiting: 0.0
Worker: http://localhost:8002, qlen: 15.0
Worker: http://localhost:8002, Tokens: 595647.0
Selected worker: http://localhost:8002
INFO:     127.0.0.1:44812 - "POST /v1/completions HTTP/1.1" 200 OK
Worker: http://localhost:8001, Running: 16.0, Waiting: 0.0
Worker: http://localhost:8001, qlen: 16.0
Worker: http://localhost:8001, Tokens: 597069.0
Worker: http://localhost:8002, Running: 15.0, Waiting: 0.0
Worker: http://localhost:8002, qlen: 15.0
Worker: http://localhost:8002, Tokens: 595782.0
Selected worker: http://localhost:8002
INFO:     127.0.0.1:44814 - "POST /v1/completions HTTP/1.1" 200 OK
Worker: http://localhost:8001, Running: 15.0, Waiting: 0.0
Worker: http://localhost:8001, qlen: 15.0
Worker: http://localhost:8001, Tokens: 594103.0
Worker: http://localhost:8002, Running: 16.0, Waiting: 0.0
Worker: http://localhost:8002, qlen: 16.0
Worker: http://localhost:8002, Tokens: 595947.0
Selected worker: http://localhost:8001
INFO:     127.0.0.1:44822 - "POST /v1/completions HTTP/1.1" 200 OK
Worker: http://localhost:8001, Running: 15.0, Waiting: 0.0
Worker: http://localhost:8001, qlen: 15.0
Worker: http://localhost:8001, Tokens: 597927.0
Worker: http://localhost:8002, Running: 17.0, Waiting: 0.0
Worker: http://localhost:8002, qlen: 17.0
Worker: http://localhost:8002, Tokens: 598289.0
Selected worker: http://localhost:8001
INFO:     127.0.0.1:44836 - "POST /v1/completions HTTP/1.1" 200 OK
Worker: http://localhost:8001, Running: 16.0, Waiting: 0.0
Worker: http://localhost:8001, qlen: 16.0
Worker: http://localhost:8001, Tokens: 598166.0
Worker: http://localhost:8002, Running: 16.0, Waiting: 0.0
Worker: http://localhost:8002, qlen: 16.0
Worker: http://localhost:8002, Tokens: 598758.0
Selected worker: http://localhost:8001
Worker: http://localhost:8001, Running: 16.0, Waiting: 0.0
Worker: http://localhost:8001, qlen: 16.0
Worker: http://localhost:8001, Tokens: 598429.0
Worker: http://localhost:8002, Running: 16.0, Waiting: 0.0
Worker: http://localhost:8002, qlen: 16.0
Worker: http://localhost:8002, Tokens: 598758.0
Selected worker: http://localhost:8002
INFO:     127.0.0.1:44838 - "POST /v1/completions HTTP/1.1" 200 OK
INFO:     127.0.0.1:44854 - "POST /v1/completions HTTP/1.1" 200 OK
Worker: http://localhost:8001, Running: 16.0, Waiting: 0.0
Worker: http://localhost:8001, qlen: 16.0
Worker: http://localhost:8001, Tokens: 602121.0
Worker: http://localhost:8002, Running: 16.0, Waiting: 0.0
Worker: http://localhost:8002, qlen: 16.0
Worker: http://localhost:8002, Tokens: 602134.0
Selected worker: http://localhost:8001
INFO:     127.0.0.1:44870 - "POST /v1/completions HTTP/1.1" 200 OK
Worker: http://localhost:8001, Running: 16.0, Waiting: 0.0
Worker: http://localhost:8001, qlen: 16.0
Worker: http://localhost:8001, Tokens: 599570.0
Worker: http://localhost:8002, Running: 16.0, Waiting: 0.0
Worker: http://localhost:8002, qlen: 16.0
Worker: http://localhost:8002, Tokens: 602470.0
Selected worker: http://localhost:8001
INFO:     127.0.0.1:44886 - "POST /v1/completions HTTP/1.1" 200 OK
Worker: http://localhost:8001, Running: 16.0, Waiting: 0.0
Worker: http://localhost:8001, qlen: 16.0
Worker: http://localhost:8001, Tokens: 602657.0
Worker: http://localhost:8002, Running: 16.0, Waiting: 0.0
Worker: http://localhost:8002, qlen: 16.0
Worker: http://localhost:8002, Tokens: 602790.0
Selected worker: http://localhost:8002
INFO:     127.0.0.1:44896 - "POST /v1/completions HTTP/1.1" 200 OK
Worker: http://localhost:8001, Running: 15.0, Waiting: 0.0
Worker: http://localhost:8001, qlen: 15.0
Worker: http://localhost:8001, Tokens: 606992.0
Worker: http://localhost:8002, Running: 17.0, Waiting: 0.0
Worker: http://localhost:8002, qlen: 17.0
Worker: http://localhost:8002, Tokens: 603596.0
Selected worker: http://localhost:8001
INFO:     127.0.0.1:44910 - "POST /v1/completions HTTP/1.1" 200 OK
Worker: http://localhost:8001, Running: 15.0, Waiting: 0.0
Worker: http://localhost:8001, qlen: 15.0
Worker: http://localhost:8001, Tokens: 607406.0
Worker: http://localhost:8002, Running: 17.0, Waiting: 0.0
Worker: http://localhost:8002, qlen: 17.0
Worker: http://localhost:8002, Tokens: 600289.0
Selected worker: http://localhost:8001
INFO:     127.0.0.1:44924 - "POST /v1/completions HTTP/1.1" 200 OK
Worker: http://localhost:8001, Running: 16.0, Waiting: 0.0
Worker: http://localhost:8001, qlen: 16.0
Worker: http://localhost:8001, Tokens: 611344.0
Worker: http://localhost:8002, Running: 16.0, Waiting: 0.0
Worker: http://localhost:8002, qlen: 16.0
Worker: http://localhost:8002, Tokens: 603867.0
Selected worker: http://localhost:8001
INFO:     127.0.0.1:45206 - "POST /v1/completions HTTP/1.1" 200 OK
Worker: http://localhost:8001, Running: 16.0, Waiting: 0.0
Worker: http://localhost:8001, qlen: 16.0
Worker: http://localhost:8001, Tokens: 611504.0
Worker: http://localhost:8002, Running: 15.0, Waiting: 0.0
Worker: http://localhost:8002, qlen: 15.0
Worker: http://localhost:8002, Tokens: 601249.0
Selected worker: http://localhost:8002
INFO:     127.0.0.1:45212 - "POST /v1/completions HTTP/1.1" 200 OK
Worker: http://localhost:8001, Running: 17.0, Waiting: 0.0
Worker: http://localhost:8001, qlen: 17.0
Worker: http://localhost:8001, Tokens: 610967.0
Worker: http://localhost:8002, Running: 15.0, Waiting: 0.0
Worker: http://localhost:8002, qlen: 15.0
Worker: http://localhost:8002, Tokens: 604583.0
Selected worker: http://localhost:8002
INFO:     127.0.0.1:45218 - "POST /v1/completions HTTP/1.1" 200 OK
Worker: http://localhost:8001, Running: 16.0, Waiting: 0.0
Worker: http://localhost:8001, qlen: 16.0
Worker: http://localhost:8001, Tokens: 614813.0
Worker: http://localhost:8002, Running: 16.0, Waiting: 0.0
Worker: http://localhost:8002, qlen: 16.0
Worker: http://localhost:8002, Tokens: 607027.0
Selected worker: http://localhost:8001
INFO:     127.0.0.1:45228 - "POST /v1/completions HTTP/1.1" 200 OK
Worker: http://localhost:8001, Running: 17.0, Waiting: 0.0
Worker: http://localhost:8001, qlen: 17.0
Worker: http://localhost:8001, Tokens: 614848.0
Worker: http://localhost:8002, Running: 15.0, Waiting: 0.0
Worker: http://localhost:8002, qlen: 15.0
Worker: http://localhost:8002, Tokens: 607648.0
Selected worker: http://localhost:8002
INFO:     127.0.0.1:45238 - "POST /v1/completions HTTP/1.1" 200 OK
Worker: http://localhost:8001, Running: 16.0, Waiting: 0.0
Worker: http://localhost:8001, qlen: 16.0
Worker: http://localhost:8001, Tokens: 611231.0
Worker: http://localhost:8002, Running: 16.0, Waiting: 0.0
Worker: http://localhost:8002, qlen: 16.0
Worker: http://localhost:8002, Tokens: 607798.0
Selected worker: http://localhost:8001
INFO:     127.0.0.1:45250 - "POST /v1/completions HTTP/1.1" 200 OK
Worker: http://localhost:8001, Running: 16.0, Waiting: 0.0
Worker: http://localhost:8001, qlen: 16.0
Worker: http://localhost:8001, Tokens: 615602.0
Worker: http://localhost:8002, Running: 16.0, Waiting: 0.0
Worker: http://localhost:8002, qlen: 16.0
Worker: http://localhost:8002, Tokens: 608133.0
Selected worker: http://localhost:8001
INFO:     127.0.0.1:45258 - "POST /v1/completions HTTP/1.1" 200 OK
Worker: http://localhost:8001, Running: 17.0, Waiting: 0.0
Worker: http://localhost:8001, qlen: 17.0
Worker: http://localhost:8001, Tokens: 615499.0
Worker: http://localhost:8002, Running: 15.0, Waiting: 0.0
Worker: http://localhost:8002, qlen: 15.0
Worker: http://localhost:8002, Tokens: 611347.0
Selected worker: http://localhost:8002
INFO:     127.0.0.1:45264 - "POST /v1/completions HTTP/1.1" 200 OK
Worker: http://localhost:8001, Running: 16.0, Waiting: 0.0
Worker: http://localhost:8001, qlen: 16.0
Worker: http://localhost:8001, Tokens: 619096.0
Worker: http://localhost:8002, Running: 16.0, Waiting: 0.0
Worker: http://localhost:8002, qlen: 16.0
Worker: http://localhost:8002, Tokens: 612002.0
Selected worker: http://localhost:8001
INFO:     127.0.0.1:45276 - "POST /v1/completions HTTP/1.1" 200 OK
Worker: http://localhost:8001, Running: 15.0, Waiting: 0.0
Worker: http://localhost:8001, qlen: 15.0
Worker: http://localhost:8001, Tokens: 619433.0
Worker: http://localhost:8002, Running: 16.0, Waiting: 0.0
Worker: http://localhost:8002, qlen: 16.0
Worker: http://localhost:8002, Tokens: 608939.0
Selected worker: http://localhost:8001
INFO:     127.0.0.1:45286 - "POST /v1/completions HTTP/1.1" 200 OK
Worker: http://localhost:8001, Running: 17.0, Waiting: 0.0
Worker: http://localhost:8001, qlen: 17.0
Worker: http://localhost:8001, Tokens: 623396.0
Worker: http://localhost:8002, Running: 15.0, Waiting: 0.0
Worker: http://localhost:8002, qlen: 15.0
Worker: http://localhost:8002, Tokens: 612266.0
Selected worker: http://localhost:8002
INFO:     127.0.0.1:45300 - "POST /v1/completions HTTP/1.1" 200 OK
Worker: http://localhost:8001, Running: 17.0, Waiting: 0.0
Worker: http://localhost:8001, qlen: 17.0
Worker: http://localhost:8001, Tokens: 624042.0
Worker: http://localhost:8002, Running: 15.0, Waiting: 0.0
Worker: http://localhost:8002, qlen: 15.0
Worker: http://localhost:8002, Tokens: 615400.0
Selected worker: http://localhost:8002
INFO:     127.0.0.1:45304 - "POST /v1/completions HTTP/1.1" 200 OK
Worker: http://localhost:8001, Running: 17.0, Waiting: 0.0
Worker: http://localhost:8001, qlen: 17.0
Worker: http://localhost:8001, Tokens: 620907.0
Worker: http://localhost:8002, Running: 15.0, Waiting: 0.0
Worker: http://localhost:8002, qlen: 15.0
Worker: http://localhost:8002, Tokens: 618870.0
Selected worker: http://localhost:8002
INFO:     127.0.0.1:45320 - "POST /v1/completions HTTP/1.1" 200 OK
Worker: http://localhost:8001, Running: 16.0, Waiting: 0.0
Worker: http://localhost:8001, qlen: 16.0
Worker: http://localhost:8001, Tokens: 624279.0
Worker: http://localhost:8002, Running: 15.0, Waiting: 0.0
Worker: http://localhost:8002, qlen: 15.0
Worker: http://localhost:8002, Tokens: 618975.0
Selected worker: http://localhost:8002
INFO:     127.0.0.1:45330 - "POST /v1/completions HTTP/1.1" 200 OK
Worker: http://localhost:8001, Running: 15.0, Waiting: 0.0
Worker: http://localhost:8001, qlen: 15.0
Worker: http://localhost:8001, Tokens: 625295.0
Worker: http://localhost:8002, Running: 17.0, Waiting: 0.0
Worker: http://localhost:8002, qlen: 17.0
Worker: http://localhost:8002, Tokens: 622925.0
Selected worker: http://localhost:8001
INFO:     127.0.0.1:45346 - "POST /v1/completions HTTP/1.1" 200 OK
Worker: http://localhost:8001, Running: 16.0, Waiting: 0.0
Worker: http://localhost:8001, qlen: 16.0
Worker: http://localhost:8001, Tokens: 628919.0
Worker: http://localhost:8002, Running: 16.0, Waiting: 0.0
Worker: http://localhost:8002, qlen: 16.0
Worker: http://localhost:8002, Tokens: 623586.0
Selected worker: http://localhost:8002
INFO:     127.0.0.1:45358 - "POST /v1/completions HTTP/1.1" 200 OK
Worker: http://localhost:8001, Running: 15.0, Waiting: 0.0
Worker: http://localhost:8001, qlen: 15.0
Worker: http://localhost:8001, Tokens: 626415.0
Worker: http://localhost:8002, Running: 17.0, Waiting: 0.0
Worker: http://localhost:8002, qlen: 17.0
Worker: http://localhost:8002, Tokens: 623849.0
Selected worker: http://localhost:8001
INFO:     127.0.0.1:45360 - "POST /v1/completions HTTP/1.1" 200 OK
Worker: http://localhost:8001, Running: 15.0, Waiting: 0.0
Worker: http://localhost:8001, qlen: 15.0
Worker: http://localhost:8001, Tokens: 632198.0
Worker: http://localhost:8002, Running: 17.0, Waiting: 0.0
Worker: http://localhost:8002, qlen: 17.0
Worker: http://localhost:8002, Tokens: 617971.0
Selected worker: http://localhost:8001
INFO:     127.0.0.1:45368 - "POST /v1/completions HTTP/1.1" 200 OK
Worker: http://localhost:8001, Running: 16.0, Waiting: 0.0
Worker: http://localhost:8001, qlen: 16.0
Worker: http://localhost:8001, Tokens: 632082.0
Worker: http://localhost:8002, Running: 16.0, Waiting: 0.0
Worker: http://localhost:8002, qlen: 16.0
Worker: http://localhost:8002, Tokens: 624316.0
Selected worker: http://localhost:8001
INFO:     127.0.0.1:45382 - "POST /v1/completions HTTP/1.1" 200 OK
Worker: http://localhost:8001, Running: 16.0, Waiting: 0.0
Worker: http://localhost:8001, qlen: 16.0
Worker: http://localhost:8001, Tokens: 631553.0
Worker: http://localhost:8002, Running: 16.0, Waiting: 0.0
Worker: http://localhost:8002, qlen: 16.0
Worker: http://localhost:8002, Tokens: 624588.0
Selected worker: http://localhost:8001
INFO:     127.0.0.1:45392 - "POST /v1/completions HTTP/1.1" 200 OK
Worker: http://localhost:8001, Running: 16.0, Waiting: 0.0
Worker: http://localhost:8001, qlen: 16.0
Worker: http://localhost:8001, Tokens: 634915.0
Worker: http://localhost:8002, Running: 16.0, Waiting: 0.0
Worker: http://localhost:8002, qlen: 16.0
Worker: http://localhost:8002, Tokens: 621127.0
Selected worker: http://localhost:8001
INFO:     127.0.0.1:45408 - "POST /v1/completions HTTP/1.1" 200 OK
Worker: http://localhost:8001, Running: 16.0, Waiting: 0.0
Worker: http://localhost:8001, qlen: 16.0
Worker: http://localhost:8001, Tokens: 638017.0
Worker: http://localhost:8002, Running: 15.0, Waiting: 0.0
Worker: http://localhost:8002, qlen: 15.0
Worker: http://localhost:8002, Tokens: 624533.0
Selected worker: http://localhost:8002
INFO:     127.0.0.1:45414 - "POST /v1/completions HTTP/1.1" 200 OK
Worker: http://localhost:8001, Running: 17.0, Waiting: 0.0
Worker: http://localhost:8001, qlen: 17.0
Worker: http://localhost:8001, Tokens: 637745.0
Worker: http://localhost:8002, Running: 15.0, Waiting: 0.0
Worker: http://localhost:8002, qlen: 15.0
Worker: http://localhost:8002, Tokens: 625601.0
Selected worker: http://localhost:8002
INFO:     127.0.0.1:37526 - "POST /v1/completions HTTP/1.1" 200 OK
Worker: http://localhost:8001, Running: 16.0, Waiting: 0.0
Worker: http://localhost:8001, qlen: 16.0
Worker: http://localhost:8001, Tokens: 638405.0
Worker: http://localhost:8002, Running: 15.0, Waiting: 0.0
Worker: http://localhost:8002, qlen: 15.0
Worker: http://localhost:8002, Tokens: 625210.0
Selected worker: http://localhost:8002
INFO:     127.0.0.1:37530 - "POST /v1/completions HTTP/1.1" 200 OK
Worker: http://localhost:8001, Running: 16.0, Waiting: 0.0
Worker: http://localhost:8001, qlen: 16.0
Worker: http://localhost:8001, Tokens: 638933.0
Worker: http://localhost:8002, Running: 16.0, Waiting: 0.0
Worker: http://localhost:8002, qlen: 16.0
Worker: http://localhost:8002, Tokens: 628745.0
Selected worker: http://localhost:8002
INFO:     127.0.0.1:37544 - "POST /v1/completions HTTP/1.1" 200 OK
Worker: http://localhost:8001, Running: 16.0, Waiting: 0.0
Worker: http://localhost:8001, qlen: 16.0
Worker: http://localhost:8001, Tokens: 639333.0
Worker: http://localhost:8002, Running: 16.0, Waiting: 0.0
Worker: http://localhost:8002, qlen: 16.0
Worker: http://localhost:8002, Tokens: 632078.0
Selected worker: http://localhost:8002
INFO:     127.0.0.1:37546 - "POST /v1/completions HTTP/1.1" 200 OK
Worker: http://localhost:8001, Running: 16.0, Waiting: 0.0
Worker: http://localhost:8001, qlen: 16.0
Worker: http://localhost:8001, Tokens: 639477.0
Worker: http://localhost:8002, Running: 15.0, Waiting: 0.0
Worker: http://localhost:8002, qlen: 15.0
Worker: http://localhost:8002, Tokens: 628707.0
Selected worker: http://localhost:8002
INFO:     127.0.0.1:37560 - "POST /v1/completions HTTP/1.1" 200 OK
Worker: http://localhost:8001, Running: 16.0, Waiting: 0.0
Worker: http://localhost:8001, qlen: 16.0
Worker: http://localhost:8001, Tokens: 636836.0
Worker: http://localhost:8002, Running: 16.0, Waiting: 0.0
Worker: http://localhost:8002, qlen: 16.0
Worker: http://localhost:8002, Tokens: 638517.0
Selected worker: http://localhost:8001
INFO:     127.0.0.1:37564 - "POST /v1/completions HTTP/1.1" 200 OK
Worker: http://localhost:8001, Running: 16.0, Waiting: 0.0
Worker: http://localhost:8001, qlen: 16.0
Worker: http://localhost:8001, Tokens: 637514.0
Worker: http://localhost:8002, Running: 16.0, Waiting: 0.0
Worker: http://localhost:8002, qlen: 16.0
Worker: http://localhost:8002, Tokens: 638677.0
Selected worker: http://localhost:8002
INFO:     127.0.0.1:37574 - "POST /v1/completions HTTP/1.1" 200 OK
Worker: http://localhost:8001, Running: 15.0, Waiting: 0.0
Worker: http://localhost:8001, qlen: 15.0
Worker: http://localhost:8001, Tokens: 640846.0
Worker: http://localhost:8002, Running: 17.0, Waiting: 0.0
Worker: http://localhost:8002, qlen: 17.0
Worker: http://localhost:8002, Tokens: 638549.0
Selected worker: http://localhost:8001
INFO:     127.0.0.1:37586 - "POST /v1/completions HTTP/1.1" 200 OK
Worker: http://localhost:8001, Running: 15.0, Waiting: 0.0
Worker: http://localhost:8001, qlen: 15.0
Worker: http://localhost:8001, Tokens: 640724.0
Worker: http://localhost:8002, Running: 16.0, Waiting: 0.0
Worker: http://localhost:8002, qlen: 16.0
Worker: http://localhost:8002, Tokens: 638852.0
Selected worker: http://localhost:8001
INFO:     127.0.0.1:37598 - "POST /v1/completions HTTP/1.1" 200 OK
Worker: http://localhost:8001, Running: 16.0, Waiting: 0.0
Worker: http://localhost:8001, qlen: 16.0
Worker: http://localhost:8001, Tokens: 648509.0
Worker: http://localhost:8002, Running: 16.0, Waiting: 0.0
Worker: http://localhost:8002, qlen: 16.0
Worker: http://localhost:8002, Tokens: 647999.0
Selected worker: http://localhost:8002
INFO:     127.0.0.1:37612 - "POST /v1/completions HTTP/1.1" 200 OK
Worker: http://localhost:8001, Running: 15.0, Waiting: 0.0
Worker: http://localhost:8001, qlen: 15.0
Worker: http://localhost:8001, Tokens: 649137.0
Worker: http://localhost:8002, Running: 17.0, Waiting: 0.0
Worker: http://localhost:8002, qlen: 17.0
Worker: http://localhost:8002, Tokens: 645351.0
Selected worker: http://localhost:8001
INFO:     127.0.0.1:37626 - "POST /v1/completions HTTP/1.1" 200 OK
Worker: http://localhost:8001, Running: 15.0, Waiting: 0.0
Worker: http://localhost:8001, qlen: 15.0
Worker: http://localhost:8001, Tokens: 649272.0
Worker: http://localhost:8002, Running: 16.0, Waiting: 0.0
Worker: http://localhost:8002, qlen: 16.0
Worker: http://localhost:8002, Tokens: 648251.0
Selected worker: http://localhost:8001
INFO:     127.0.0.1:37638 - "POST /v1/completions HTTP/1.1" 200 OK
Worker: http://localhost:8001, Running: 15.0, Waiting: 0.0
Worker: http://localhost:8001, qlen: 15.0
Worker: http://localhost:8001, Tokens: 649545.0
Worker: http://localhost:8002, Running: 15.0, Waiting: 0.0
Worker: http://localhost:8002, qlen: 15.0
Worker: http://localhost:8002, Tokens: 645563.0
Selected worker: http://localhost:8002
INFO:     127.0.0.1:37650 - "POST /v1/completions HTTP/1.1" 200 OK
Worker: http://localhost:8001, Running: 17.0, Waiting: 0.0
Worker: http://localhost:8001, qlen: 17.0
Worker: http://localhost:8001, Tokens: 656372.0
Worker: http://localhost:8002, Running: 15.0, Waiting: 0.0
Worker: http://localhost:8002, qlen: 15.0
Worker: http://localhost:8002, Tokens: 657155.0
Selected worker: http://localhost:8002
INFO:     127.0.0.1:37664 - "POST /v1/completions HTTP/1.1" 200 OK
Worker: http://localhost:8001, Running: 17.0, Waiting: 0.0
Worker: http://localhost:8001, qlen: 17.0
Worker: http://localhost:8001, Tokens: 656508.0
Worker: http://localhost:8002, Running: 14.0, Waiting: 0.0
Worker: http://localhost:8002, qlen: 14.0
Worker: http://localhost:8002, Tokens: 654265.0
Selected worker: http://localhost:8002
INFO:     127.0.0.1:37672 - "POST /v1/completions HTTP/1.1" 200 OK
Worker: http://localhost:8001, Running: 17.0, Waiting: 0.0
Worker: http://localhost:8001, qlen: 17.0
Worker: http://localhost:8001, Tokens: 653482.0
Worker: http://localhost:8002, Running: 15.0, Waiting: 0.0
Worker: http://localhost:8002, qlen: 15.0
Worker: http://localhost:8002, Tokens: 657658.0
Selected worker: http://localhost:8002
INFO:     127.0.0.1:37686 - "POST /v1/completions HTTP/1.1" 200 OK
Worker: http://localhost:8001, Running: 16.0, Waiting: 0.0
Worker: http://localhost:8001, qlen: 16.0
Worker: http://localhost:8001, Tokens: 657322.0
Worker: http://localhost:8002, Running: 16.0, Waiting: 0.0
Worker: http://localhost:8002, qlen: 16.0
Worker: http://localhost:8002, Tokens: 660349.0
Selected worker: http://localhost:8002
INFO:     127.0.0.1:43126 - "POST /v1/completions HTTP/1.1" 200 OK
Worker: http://localhost:8001, Running: 16.0, Waiting: 0.0
Worker: http://localhost:8001, qlen: 16.0
Worker: http://localhost:8001, Tokens: 654076.0
Worker: http://localhost:8002, Running: 15.0, Waiting: 0.0
Worker: http://localhost:8002, qlen: 15.0
Worker: http://localhost:8002, Tokens: 660684.0
Selected worker: http://localhost:8002
INFO:     127.0.0.1:43142 - "POST /v1/completions HTTP/1.1" 200 OK
Worker: http://localhost:8001, Running: 15.0, Waiting: 0.0
Worker: http://localhost:8001, qlen: 15.0
Worker: http://localhost:8001, Tokens: 657566.0
Worker: http://localhost:8002, Running: 17.0, Waiting: 0.0
Worker: http://localhost:8002, qlen: 17.0
Worker: http://localhost:8002, Tokens: 663484.0
Selected worker: http://localhost:8001
INFO:     127.0.0.1:43158 - "POST /v1/completions HTTP/1.1" 200 OK
Worker: http://localhost:8001, Running: 15.0, Waiting: 0.0
Worker: http://localhost:8001, qlen: 15.0
Worker: http://localhost:8001, Tokens: 657242.0
Worker: http://localhost:8002, Running: 17.0, Waiting: 0.0
Worker: http://localhost:8002, qlen: 17.0
Worker: http://localhost:8002, Tokens: 664113.0
Selected worker: http://localhost:8001
INFO:     127.0.0.1:43166 - "POST /v1/completions HTTP/1.1" 200 OK
Worker: http://localhost:8001, Running: 15.0, Waiting: 0.0
Worker: http://localhost:8001, qlen: 15.0
Worker: http://localhost:8001, Tokens: 657504.0
Worker: http://localhost:8002, Running: 17.0, Waiting: 0.0
Worker: http://localhost:8002, qlen: 17.0
Worker: http://localhost:8002, Tokens: 664113.0
Selected worker: http://localhost:8001
INFO:     127.0.0.1:43176 - "POST /v1/completions HTTP/1.1" 200 OK
Worker: http://localhost:8001, Running: 15.0, Waiting: 0.0
Worker: http://localhost:8001, qlen: 15.0
Worker: http://localhost:8001, Tokens: 661147.0
Worker: http://localhost:8002, Running: 17.0, Waiting: 0.0
Worker: http://localhost:8002, qlen: 17.0
Worker: http://localhost:8002, Tokens: 661370.0
Selected worker: http://localhost:8001
INFO:     127.0.0.1:43178 - "POST /v1/completions HTTP/1.1" 200 OK
Worker: http://localhost:8001, Running: 15.0, Waiting: 1.0
Worker: http://localhost:8001, qlen: 15.0
Worker: http://localhost:8001, Tokens: 661189.0
Worker: http://localhost:8002, Running: 16.0, Waiting: 0.0
Worker: http://localhost:8002, qlen: 16.0
Worker: http://localhost:8002, Tokens: 664507.0
Selected worker: http://localhost:8001
INFO:     127.0.0.1:43190 - "POST /v1/completions HTTP/1.1" 200 OK
Worker: http://localhost:8001, Running: 17.0, Waiting: 0.0
Worker: http://localhost:8001, qlen: 17.0
Worker: http://localhost:8001, Tokens: 675982.0
Worker: http://localhost:8002, Running: 15.0, Waiting: 0.0
Worker: http://localhost:8002, qlen: 15.0
Worker: http://localhost:8002, Tokens: 662164.0
Selected worker: http://localhost:8002
INFO:     127.0.0.1:43206 - "POST /v1/completions HTTP/1.1" 200 OK
Worker: http://localhost:8001, Running: 17.0, Waiting: 0.0
Worker: http://localhost:8001, qlen: 17.0
Worker: http://localhost:8001, Tokens: 676338.0
Worker: http://localhost:8002, Running: 15.0, Waiting: 0.0
Worker: http://localhost:8002, qlen: 15.0
Worker: http://localhost:8002, Tokens: 665822.0
Selected worker: http://localhost:8002
INFO:     127.0.0.1:43216 - "POST /v1/completions HTTP/1.1" 200 OK
Worker: http://localhost:8001, Running: 16.0, Waiting: 0.0
Worker: http://localhost:8001, qlen: 16.0
Worker: http://localhost:8001, Tokens: 673833.0
Worker: http://localhost:8002, Running: 16.0, Waiting: 0.0
Worker: http://localhost:8002, qlen: 16.0
Worker: http://localhost:8002, Tokens: 669137.0
Selected worker: http://localhost:8001
INFO:     127.0.0.1:43230 - "POST /v1/completions HTTP/1.1" 200 OK
Worker: http://localhost:8001, Running: 16.0, Waiting: 0.0
Worker: http://localhost:8001, qlen: 16.0
Worker: http://localhost:8001, Tokens: 677327.0
Worker: http://localhost:8002, Running: 16.0, Waiting: 0.0
Worker: http://localhost:8002, qlen: 16.0
Worker: http://localhost:8002, Tokens: 669015.0
Selected worker: http://localhost:8002
INFO:     127.0.0.1:43246 - "POST /v1/completions HTTP/1.1" 200 OK
Worker: http://localhost:8001, Running: 16.0, Waiting: 0.0
Worker: http://localhost:8001, qlen: 16.0
Worker: http://localhost:8001, Tokens: 677631.0
Worker: http://localhost:8002, Running: 16.0, Waiting: 0.0
Worker: http://localhost:8002, qlen: 16.0
Worker: http://localhost:8002, Tokens: 672102.0
Selected worker: http://localhost:8002
INFO:     127.0.0.1:43252 - "POST /v1/completions HTTP/1.1" 200 OK
Worker: http://localhost:8001, Running: 16.0, Waiting: 0.0
Worker: http://localhost:8001, qlen: 16.0
Worker: http://localhost:8001, Tokens: 674584.0
Worker: http://localhost:8002, Running: 16.0, Waiting: 0.0
Worker: http://localhost:8002, qlen: 16.0
Worker: http://localhost:8002, Tokens: 672916.0
Selected worker: http://localhost:8001
INFO:     127.0.0.1:43256 - "POST /v1/completions HTTP/1.1" 200 OK
Worker: http://localhost:8001, Running: 15.0, Waiting: 0.0
Worker: http://localhost:8001, qlen: 15.0
Worker: http://localhost:8001, Tokens: 678249.0
Worker: http://localhost:8002, Running: 16.0, Waiting: 0.0
Worker: http://localhost:8002, qlen: 16.0
Worker: http://localhost:8002, Tokens: 672731.0
Selected worker: http://localhost:8001
INFO:     127.0.0.1:43264 - "POST /v1/completions HTTP/1.1" 200 OK
Worker: http://localhost:8001, Running: 17.0, Waiting: 0.0
Worker: http://localhost:8001, qlen: 17.0
Worker: http://localhost:8001, Tokens: 678433.0
Worker: http://localhost:8002, Running: 15.0, Waiting: 0.0
Worker: http://localhost:8002, qlen: 15.0
Worker: http://localhost:8002, Tokens: 673465.0
Selected worker: http://localhost:8002
INFO:     127.0.0.1:43274 - "POST /v1/completions HTTP/1.1" 200 OK
Worker: http://localhost:8001, Running: 16.0, Waiting: 0.0
Worker: http://localhost:8001, qlen: 16.0
Worker: http://localhost:8001, Tokens: 681836.0
Worker: http://localhost:8002, Running: 16.0, Waiting: 0.0
Worker: http://localhost:8002, qlen: 16.0
Worker: http://localhost:8002, Tokens: 673501.0
Selected worker: http://localhost:8001
INFO:     127.0.0.1:43278 - "POST /v1/completions HTTP/1.1" 200 OK
Worker: http://localhost:8001, Running: 17.0, Waiting: 0.0
Worker: http://localhost:8001, qlen: 17.0
Worker: http://localhost:8001, Tokens: 682517.0
Worker: http://localhost:8002, Running: 15.0, Waiting: 0.0
Worker: http://localhost:8002, qlen: 15.0
Worker: http://localhost:8002, Tokens: 673976.0
Selected worker: http://localhost:8002
INFO:     127.0.0.1:43292 - "POST /v1/completions HTTP/1.1" 200 OK
Worker: http://localhost:8001, Running: 17.0, Waiting: 0.0
Worker: http://localhost:8001, qlen: 17.0
Worker: http://localhost:8001, Tokens: 682493.0
Worker: http://localhost:8002, Running: 15.0, Waiting: 0.0
Worker: http://localhost:8002, qlen: 15.0
Worker: http://localhost:8002, Tokens: 679661.0
Selected worker: http://localhost:8002
INFO:     127.0.0.1:43296 - "POST /v1/completions HTTP/1.1" 200 OK
Worker: http://localhost:8001, Running: 16.0, Waiting: 0.0
Worker: http://localhost:8001, qlen: 16.0
Worker: http://localhost:8001, Tokens: 682599.0
Worker: http://localhost:8002, Running: 15.0, Waiting: 0.0
Worker: http://localhost:8002, qlen: 15.0
Worker: http://localhost:8002, Tokens: 679736.0
Selected worker: http://localhost:8002
INFO:     127.0.0.1:43308 - "POST /v1/completions HTTP/1.1" 200 OK
Worker: http://localhost:8001, Running: 15.0, Waiting: 0.0
Worker: http://localhost:8001, qlen: 15.0
Worker: http://localhost:8001, Tokens: 679461.0
Worker: http://localhost:8002, Running: 16.0, Waiting: 0.0
Worker: http://localhost:8002, qlen: 16.0
Worker: http://localhost:8002, Tokens: 679888.0
Selected worker: http://localhost:8001
INFO:     127.0.0.1:48526 - "POST /v1/completions HTTP/1.1" 200 OK
Worker: http://localhost:8001, Running: 15.0, Waiting: 0.0
Worker: http://localhost:8001, qlen: 15.0
Worker: http://localhost:8001, Tokens: 683350.0
Worker: http://localhost:8002, Running: 17.0, Waiting: 0.0
Worker: http://localhost:8002, qlen: 17.0
Worker: http://localhost:8002, Tokens: 682629.0
Selected worker: http://localhost:8001
INFO:     127.0.0.1:48534 - "POST /v1/completions HTTP/1.1" 200 OK
Worker: http://localhost:8001, Running: 16.0, Waiting: 0.0
Worker: http://localhost:8001, qlen: 16.0
Worker: http://localhost:8001, Tokens: 683359.0
Worker: http://localhost:8002, Running: 16.0, Waiting: 0.0
Worker: http://localhost:8002, qlen: 16.0
Worker: http://localhost:8002, Tokens: 683537.0
Selected worker: http://localhost:8001
INFO:     127.0.0.1:48538 - "POST /v1/completions HTTP/1.1" 200 OK
Worker: http://localhost:8001, Running: 16.0, Waiting: 0.0
Worker: http://localhost:8001, qlen: 16.0
Worker: http://localhost:8001, Tokens: 686677.0
Worker: http://localhost:8002, Running: 16.0, Waiting: 0.0
Worker: http://localhost:8002, qlen: 16.0
Worker: http://localhost:8002, Tokens: 683857.0
Selected worker: http://localhost:8001
INFO:     127.0.0.1:48540 - "POST /v1/completions HTTP/1.1" 200 OK
Worker: http://localhost:8001, Running: 16.0, Waiting: 0.0
Worker: http://localhost:8001, qlen: 16.0
Worker: http://localhost:8001, Tokens: 687110.0
Worker: http://localhost:8002, Running: 16.0, Waiting: 0.0
Worker: http://localhost:8002, qlen: 16.0
Worker: http://localhost:8002, Tokens: 678737.0
Selected worker: http://localhost:8002
INFO:     127.0.0.1:48552 - "POST /v1/completions HTTP/1.1" 200 OK
Worker: http://localhost:8001, Running: 16.0, Waiting: 0.0
Worker: http://localhost:8001, qlen: 16.0
Worker: http://localhost:8001, Tokens: 690726.0
Worker: http://localhost:8002, Running: 16.0, Waiting: 0.0
Worker: http://localhost:8002, qlen: 16.0
Worker: http://localhost:8002, Tokens: 684126.0
Selected worker: http://localhost:8001
INFO:     127.0.0.1:48558 - "POST /v1/completions HTTP/1.1" 200 OK
Worker: http://localhost:8001, Running: 17.0, Waiting: 0.0
Worker: http://localhost:8001, qlen: 17.0
Worker: http://localhost:8001, Tokens: 694205.0
Worker: http://localhost:8002, Running: 15.0, Waiting: 0.0
Worker: http://localhost:8002, qlen: 15.0
Worker: http://localhost:8002, Tokens: 681622.0
Selected worker: http://localhost:8002
INFO:     127.0.0.1:48574 - "POST /v1/completions HTTP/1.1" 200 OK
Worker: http://localhost:8001, Running: 17.0, Waiting: 0.0
Worker: http://localhost:8001, qlen: 17.0
Worker: http://localhost:8001, Tokens: 694373.0
Worker: http://localhost:8002, Running: 15.0, Waiting: 0.0
Worker: http://localhost:8002, qlen: 15.0
Worker: http://localhost:8002, Tokens: 685186.0
Selected worker: http://localhost:8002
INFO:     127.0.0.1:48580 - "POST /v1/completions HTTP/1.1" 200 OK
Worker: http://localhost:8001, Running: 16.0, Waiting: 0.0
Worker: http://localhost:8001, qlen: 16.0
Worker: http://localhost:8001, Tokens: 695266.0
Worker: http://localhost:8002, Running: 16.0, Waiting: 0.0
Worker: http://localhost:8002, qlen: 16.0
Worker: http://localhost:8002, Tokens: 688367.0
Selected worker: http://localhost:8001
INFO:     127.0.0.1:48584 - "POST /v1/completions HTTP/1.1" 200 OK
Worker: http://localhost:8001, Running: 15.0, Waiting: 0.0
Worker: http://localhost:8001, qlen: 15.0
Worker: http://localhost:8001, Tokens: 692508.0
Worker: http://localhost:8002, Running: 16.0, Waiting: 0.0
Worker: http://localhost:8002, qlen: 16.0
Worker: http://localhost:8002, Tokens: 688479.0
Selected worker: http://localhost:8001
INFO:     127.0.0.1:48590 - "POST /v1/completions HTTP/1.1" 200 OK
Worker: http://localhost:8001, Running: 16.0, Waiting: 0.0
Worker: http://localhost:8001, qlen: 16.0
Worker: http://localhost:8001, Tokens: 698598.0
Worker: http://localhost:8002, Running: 16.0, Waiting: 0.0
Worker: http://localhost:8002, qlen: 16.0
Worker: http://localhost:8002, Tokens: 688773.0
Selected worker: http://localhost:8001
INFO:     127.0.0.1:48598 - "POST /v1/completions HTTP/1.1" 200 OK
Worker: http://localhost:8001, Running: 16.0, Waiting: 0.0
Worker: http://localhost:8001, qlen: 16.0
Worker: http://localhost:8001, Tokens: 695440.0
Worker: http://localhost:8002, Running: 15.0, Waiting: 0.0
Worker: http://localhost:8002, qlen: 15.0
Worker: http://localhost:8002, Tokens: 689115.0
Selected worker: http://localhost:8002
INFO:     127.0.0.1:48610 - "POST /v1/completions HTTP/1.1" 200 OK
Worker: http://localhost:8001, Running: 16.0, Waiting: 0.0
Worker: http://localhost:8001, qlen: 16.0
Worker: http://localhost:8001, Tokens: 696168.0
Worker: http://localhost:8002, Running: 16.0, Waiting: 0.0
Worker: http://localhost:8002, qlen: 16.0
Worker: http://localhost:8002, Tokens: 692815.0
Selected worker: http://localhost:8001
INFO:     127.0.0.1:48620 - "POST /v1/completions HTTP/1.1" 200 OK
Worker: http://localhost:8001, Running: 16.0, Waiting: 0.0
Worker: http://localhost:8001, qlen: 16.0
Worker: http://localhost:8001, Tokens: 699030.0
Worker: http://localhost:8002, Running: 16.0, Waiting: 0.0
Worker: http://localhost:8002, qlen: 16.0
Worker: http://localhost:8002, Tokens: 692959.0
Selected worker: http://localhost:8001
INFO:     127.0.0.1:48630 - "POST /v1/completions HTTP/1.1" 200 OK
Worker: http://localhost:8001, Running: 16.0, Waiting: 0.0
Worker: http://localhost:8001, qlen: 16.0
Worker: http://localhost:8001, Tokens: 699422.0
Worker: http://localhost:8002, Running: 16.0, Waiting: 0.0
Worker: http://localhost:8002, qlen: 16.0
Worker: http://localhost:8002, Tokens: 693327.0
Selected worker: http://localhost:8001
INFO:     127.0.0.1:48638 - "POST /v1/completions HTTP/1.1" 200 OK
Worker: http://localhost:8001, Running: 16.0, Waiting: 0.0
Worker: http://localhost:8001, qlen: 16.0
Worker: http://localhost:8001, Tokens: 702930.0
Worker: http://localhost:8002, Running: 16.0, Waiting: 0.0
Worker: http://localhost:8002, qlen: 16.0
Worker: http://localhost:8002, Tokens: 690393.0
Selected worker: http://localhost:8001
INFO:     127.0.0.1:48654 - "POST /v1/completions HTTP/1.1" 200 OK
Worker: http://localhost:8001, Running: 17.0, Waiting: 0.0
Worker: http://localhost:8001, qlen: 17.0
Worker: http://localhost:8001, Tokens: 705676.0
Worker: http://localhost:8002, Running: 15.0, Waiting: 0.0
Worker: http://localhost:8002, qlen: 15.0
Worker: http://localhost:8002, Tokens: 694072.0
Selected worker: http://localhost:8002
INFO:     127.0.0.1:48662 - "POST /v1/completions HTTP/1.1" 200 OK
Worker: http://localhost:8001, Running: 16.0, Waiting: 0.0
Worker: http://localhost:8001, qlen: 16.0
Worker: http://localhost:8001, Tokens: 706034.0
Worker: http://localhost:8002, Running: 15.0, Waiting: 0.0
Worker: http://localhost:8002, qlen: 15.0
Worker: http://localhost:8002, Tokens: 693865.0
Selected worker: http://localhost:8002
INFO:     127.0.0.1:48670 - "POST /v1/completions HTTP/1.1" 200 OK
Worker: http://localhost:8001, Running: 16.0, Waiting: 0.0
Worker: http://localhost:8001, qlen: 16.0
Worker: http://localhost:8001, Tokens: 706498.0
Worker: http://localhost:8002, Running: 16.0, Waiting: 0.0
Worker: http://localhost:8002, qlen: 16.0
Worker: http://localhost:8002, Tokens: 694006.0
Selected worker: http://localhost:8002
INFO:     127.0.0.1:48684 - "POST /v1/completions HTTP/1.1" 200 OK
Worker: http://localhost:8001, Running: 16.0, Waiting: 0.0
Worker: http://localhost:8001, qlen: 16.0
Worker: http://localhost:8001, Tokens: 706754.0
Worker: http://localhost:8002, Running: 16.0, Waiting: 0.0
Worker: http://localhost:8002, qlen: 16.0
Worker: http://localhost:8002, Tokens: 697395.0
Selected worker: http://localhost:8002
INFO:     127.0.0.1:48698 - "POST /v1/completions HTTP/1.1" 200 OK
Worker: http://localhost:8001, Running: 16.0, Waiting: 0.0
Worker: http://localhost:8001, qlen: 16.0
Worker: http://localhost:8001, Tokens: 707074.0
Worker: http://localhost:8002, Running: 16.0, Waiting: 0.0
Worker: http://localhost:8002, qlen: 16.0
Worker: http://localhost:8002, Tokens: 694977.0
Selected worker: http://localhost:8002
INFO:     127.0.0.1:52734 - "POST /v1/completions HTTP/1.1" 200 OK
Worker: http://localhost:8001, Running: 16.0, Waiting: 0.0
Worker: http://localhost:8001, qlen: 16.0
Worker: http://localhost:8001, Tokens: 707922.0
Worker: http://localhost:8002, Running: 16.0, Waiting: 0.0
Worker: http://localhost:8002, qlen: 16.0
Worker: http://localhost:8002, Tokens: 693227.0
Selected worker: http://localhost:8001
INFO:     127.0.0.1:52740 - "POST /v1/completions HTTP/1.1" 200 OK
Worker: http://localhost:8001, Running: 17.0, Waiting: 0.0
Worker: http://localhost:8001, qlen: 17.0
Worker: http://localhost:8001, Tokens: 710421.0
Worker: http://localhost:8002, Running: 15.0, Waiting: 0.0
Worker: http://localhost:8002, qlen: 15.0
Worker: http://localhost:8002, Tokens: 701600.0
Selected worker: http://localhost:8002
INFO:     127.0.0.1:52746 - "POST /v1/completions HTTP/1.1" 200 OK
Worker: http://localhost:8001, Running: 16.0, Waiting: 0.0
Worker: http://localhost:8001, qlen: 16.0
Worker: http://localhost:8001, Tokens: 711003.0
Worker: http://localhost:8002, Running: 16.0, Waiting: 0.0
Worker: http://localhost:8002, qlen: 16.0
Worker: http://localhost:8002, Tokens: 702166.0
Selected worker: http://localhost:8001
INFO:     127.0.0.1:52750 - "POST /v1/completions HTTP/1.1" 200 OK
Worker: http://localhost:8001, Running: 16.0, Waiting: 0.0
Worker: http://localhost:8001, qlen: 16.0
Worker: http://localhost:8001, Tokens: 714794.0
Worker: http://localhost:8002, Running: 16.0, Waiting: 0.0
Worker: http://localhost:8002, qlen: 16.0
Worker: http://localhost:8002, Tokens: 695251.0
Selected worker: http://localhost:8002
INFO:     127.0.0.1:52764 - "POST /v1/completions HTTP/1.1" 200 OK
Worker: http://localhost:8001, Running: 16.0, Waiting: 0.0
Worker: http://localhost:8001, qlen: 16.0
Worker: http://localhost:8001, Tokens: 707850.0
Worker: http://localhost:8002, Running: 16.0, Waiting: 0.0
Worker: http://localhost:8002, qlen: 16.0
Worker: http://localhost:8002, Tokens: 702709.0
Selected worker: http://localhost:8002
INFO:     127.0.0.1:52770 - "POST /v1/completions HTTP/1.1" 200 OK
Worker: http://localhost:8001, Running: 15.0, Waiting: 0.0
Worker: http://localhost:8001, qlen: 15.0
Worker: http://localhost:8001, Tokens: 714809.0
Worker: http://localhost:8002, Running: 16.0, Waiting: 0.0
Worker: http://localhost:8002, qlen: 16.0
Worker: http://localhost:8002, Tokens: 702821.0
Selected worker: http://localhost:8001
INFO:     127.0.0.1:52786 - "POST /v1/completions HTTP/1.1" 200 OK
Worker: http://localhost:8001, Running: 15.0, Waiting: 0.0
Worker: http://localhost:8001, qlen: 15.0
Worker: http://localhost:8001, Tokens: 715076.0
Worker: http://localhost:8002, Running: 17.0, Waiting: 0.0
Worker: http://localhost:8002, qlen: 17.0
Worker: http://localhost:8002, Tokens: 705401.0
Selected worker: http://localhost:8001
INFO:     127.0.0.1:52790 - "POST /v1/completions HTTP/1.1" 200 OK
Worker: http://localhost:8001, Running: 15.0, Waiting: 0.0
Worker: http://localhost:8001, qlen: 15.0
Worker: http://localhost:8001, Tokens: 713119.0
Worker: http://localhost:8002, Running: 17.0, Waiting: 0.0
Worker: http://localhost:8002, qlen: 17.0
Worker: http://localhost:8002, Tokens: 705826.0
Selected worker: http://localhost:8001
INFO:     127.0.0.1:52804 - "POST /v1/completions HTTP/1.1" 200 OK
Worker: http://localhost:8001, Running: 15.0, Waiting: 0.0
Worker: http://localhost:8001, qlen: 15.0
Worker: http://localhost:8001, Tokens: 718996.0
Worker: http://localhost:8002, Running: 17.0, Waiting: 0.0
Worker: http://localhost:8002, qlen: 17.0
Worker: http://localhost:8002, Tokens: 702765.0
Selected worker: http://localhost:8001
Worker: http://localhost:8001, Running: 15.0, Waiting: 0.0
Worker: http://localhost:8001, qlen: 15.0
Worker: http://localhost:8001, Tokens: 722101.0
Worker: http://localhost:8002, Running: 17.0, Waiting: 0.0
Worker: http://localhost:8002, qlen: 17.0
Worker: http://localhost:8002, Tokens: 702765.0
Selected worker: http://localhost:8001
INFO:     127.0.0.1:52812 - "POST /v1/completions HTTP/1.1" 200 OK
INFO:     127.0.0.1:52826 - "POST /v1/completions HTTP/1.1" 200 OK
Worker: http://localhost:8001, Running: 17.0, Waiting: 0.0
Worker: http://localhost:8001, qlen: 17.0
Worker: http://localhost:8001, Tokens: 722133.0
Worker: http://localhost:8002, Running: 15.0, Waiting: 0.0
Worker: http://localhost:8002, qlen: 15.0
Worker: http://localhost:8002, Tokens: 706076.0
Selected worker: http://localhost:8002
INFO:     127.0.0.1:52828 - "POST /v1/completions HTTP/1.1" 200 OK
Worker: http://localhost:8001, Running: 17.0, Waiting: 0.0
Worker: http://localhost:8001, qlen: 17.0
Worker: http://localhost:8001, Tokens: 722507.0
Worker: http://localhost:8002, Running: 15.0, Waiting: 0.0
Worker: http://localhost:8002, qlen: 15.0
Worker: http://localhost:8002, Tokens: 706843.0
Selected worker: http://localhost:8002
INFO:     127.0.0.1:52838 - "POST /v1/completions HTTP/1.1" 200 OK
Worker: http://localhost:8001, Running: 17.0, Waiting: 0.0
Worker: http://localhost:8001, qlen: 17.0
Worker: http://localhost:8001, Tokens: 722643.0
Worker: http://localhost:8002, Running: 14.0, Waiting: 0.0
Worker: http://localhost:8002, qlen: 14.0
Worker: http://localhost:8002, Tokens: 709583.0
Selected worker: http://localhost:8002
INFO:     127.0.0.1:52842 - "POST /v1/completions HTTP/1.1" 200 OK
Worker: http://localhost:8001, Running: 17.0, Waiting: 0.0
Worker: http://localhost:8001, qlen: 17.0
Worker: http://localhost:8001, Tokens: 723952.0
Worker: http://localhost:8002, Running: 15.0, Waiting: 0.0
Worker: http://localhost:8002, qlen: 15.0
Worker: http://localhost:8002, Tokens: 713948.0
Selected worker: http://localhost:8002
INFO:     127.0.0.1:52846 - "POST /v1/completions HTTP/1.1" 200 OK
Worker: http://localhost:8001, Running: 17.0, Waiting: 0.0
Worker: http://localhost:8001, qlen: 17.0
Worker: http://localhost:8001, Tokens: 721371.0
Worker: http://localhost:8002, Running: 15.0, Waiting: 0.0
Worker: http://localhost:8002, qlen: 15.0
Worker: http://localhost:8002, Tokens: 715061.0
Selected worker: http://localhost:8002
INFO:     127.0.0.1:52850 - "POST /v1/completions HTTP/1.1" 200 OK
Worker: http://localhost:8001, Running: 16.0, Waiting: 0.0
Worker: http://localhost:8001, qlen: 16.0
Worker: http://localhost:8001, Tokens: 724751.0
Worker: http://localhost:8002, Running: 15.0, Waiting: 0.0
Worker: http://localhost:8002, qlen: 15.0
Worker: http://localhost:8002, Tokens: 717897.0
Selected worker: http://localhost:8002
INFO:     127.0.0.1:52858 - "POST /v1/completions HTTP/1.1" 200 OK
Worker: http://localhost:8001, Running: 16.0, Waiting: 0.0
Worker: http://localhost:8001, qlen: 16.0
Worker: http://localhost:8001, Tokens: 714461.0
Worker: http://localhost:8002, Running: 16.0, Waiting: 0.0
Worker: http://localhost:8002, qlen: 16.0
Worker: http://localhost:8002, Tokens: 715092.0
Selected worker: http://localhost:8002
Worker: http://localhost:8001, Running: 16.0, Waiting: 0.0
Worker: http://localhost:8001, qlen: 16.0
Worker: http://localhost:8001, Tokens: 714461.0
Worker: http://localhost:8002, Running: 16.0, Waiting: 0.0
Worker: http://localhost:8002, qlen: 16.0
Worker: http://localhost:8002, Tokens: 721276.0
Selected worker: http://localhost:8001
INFO:     127.0.0.1:43712 - "POST /v1/completions HTTP/1.1" 200 OK
INFO:     127.0.0.1:43728 - "POST /v1/completions HTTP/1.1" 200 OK
Worker: http://localhost:8001, Running: 15.0, Waiting: 0.0
Worker: http://localhost:8001, qlen: 15.0
Worker: http://localhost:8001, Tokens: 721246.0
Worker: http://localhost:8002, Running: 16.0, Waiting: 0.0
Worker: http://localhost:8002, qlen: 16.0
Worker: http://localhost:8002, Tokens: 721276.0
Selected worker: http://localhost:8001
INFO:     127.0.0.1:43730 - "POST /v1/completions HTTP/1.1" 200 OK
Worker: http://localhost:8001, Running: 16.0, Waiting: 0.0
Worker: http://localhost:8001, qlen: 16.0
Worker: http://localhost:8001, Tokens: 727977.0
Worker: http://localhost:8002, Running: 16.0, Waiting: 0.0
Worker: http://localhost:8002, qlen: 16.0
Worker: http://localhost:8002, Tokens: 718589.0
Selected worker: http://localhost:8002
INFO:     127.0.0.1:43740 - "POST /v1/completions HTTP/1.1" 200 OK
Worker: http://localhost:8001, Running: 15.0, Waiting: 0.0
Worker: http://localhost:8001, qlen: 15.0
Worker: http://localhost:8001, Tokens: 728520.0
Worker: http://localhost:8002, Running: 17.0, Waiting: 0.0
Worker: http://localhost:8002, qlen: 17.0
Worker: http://localhost:8002, Tokens: 729592.0
Selected worker: http://localhost:8001
INFO:     127.0.0.1:43754 - "POST /v1/completions HTTP/1.1" 200 OK
Worker: http://localhost:8001, Running: 15.0, Waiting: 0.0
Worker: http://localhost:8001, qlen: 15.0
Worker: http://localhost:8001, Tokens: 728908.0
Worker: http://localhost:8002, Running: 17.0, Waiting: 0.0
Worker: http://localhost:8002, qlen: 17.0
Worker: http://localhost:8002, Tokens: 726170.0
Selected worker: http://localhost:8001
INFO:     127.0.0.1:43766 - "POST /v1/completions HTTP/1.1" 200 OK
Worker: http://localhost:8001, Running: 15.0, Waiting: 0.0
Worker: http://localhost:8001, qlen: 15.0
Worker: http://localhost:8001, Tokens: 728660.0
Worker: http://localhost:8002, Running: 16.0, Waiting: 0.0
Worker: http://localhost:8002, qlen: 16.0
Worker: http://localhost:8002, Tokens: 730059.0
Selected worker: http://localhost:8001
INFO:     127.0.0.1:43780 - "POST /v1/completions HTTP/1.1" 200 OK
Worker: http://localhost:8001, Running: 16.0, Waiting: 0.0
Worker: http://localhost:8001, qlen: 16.0
Worker: http://localhost:8001, Tokens: 737481.0
Worker: http://localhost:8002, Running: 16.0, Waiting: 0.0
Worker: http://localhost:8002, qlen: 16.0
Worker: http://localhost:8002, Tokens: 730433.0
Selected worker: http://localhost:8001
INFO:     127.0.0.1:43786 - "POST /v1/completions HTTP/1.1" 200 OK
Worker: http://localhost:8001, Running: 17.0, Waiting: 0.0
Worker: http://localhost:8001, qlen: 17.0
Worker: http://localhost:8001, Tokens: 738002.0
Worker: http://localhost:8002, Running: 15.0, Waiting: 0.0
Worker: http://localhost:8002, qlen: 15.0
Worker: http://localhost:8002, Tokens: 728012.0
Selected worker: http://localhost:8002
INFO:     127.0.0.1:43802 - "POST /v1/completions HTTP/1.1" 200 OK
Worker: http://localhost:8001, Running: 17.0, Waiting: 0.0
Worker: http://localhost:8001, qlen: 17.0
Worker: http://localhost:8001, Tokens: 735120.0
Worker: http://localhost:8002, Running: 15.0, Waiting: 0.0
Worker: http://localhost:8002, qlen: 15.0
Worker: http://localhost:8002, Tokens: 734384.0
Selected worker: http://localhost:8002
INFO:     127.0.0.1:43810 - "POST /v1/completions HTTP/1.1" 200 OK
Worker: http://localhost:8001, Running: 16.0, Waiting: 0.0
Worker: http://localhost:8001, qlen: 16.0
Worker: http://localhost:8001, Tokens: 739081.0
Worker: http://localhost:8002, Running: 16.0, Waiting: 0.0
Worker: http://localhost:8002, qlen: 16.0
Worker: http://localhost:8002, Tokens: 734832.0
Selected worker: http://localhost:8001
INFO:     127.0.0.1:43826 - "POST /v1/completions HTTP/1.1" 200 OK
Worker: http://localhost:8001, Running: 16.0, Waiting: 0.0
Worker: http://localhost:8001, qlen: 16.0
Worker: http://localhost:8001, Tokens: 742357.0
Worker: http://localhost:8002, Running: 15.0, Waiting: 0.0
Worker: http://localhost:8002, qlen: 15.0
Worker: http://localhost:8002, Tokens: 732201.0
Selected worker: http://localhost:8002
INFO:     127.0.0.1:43834 - "POST /v1/completions HTTP/1.1" 200 OK
Worker: http://localhost:8001, Running: 17.0, Waiting: 0.0
Worker: http://localhost:8001, qlen: 17.0
Worker: http://localhost:8001, Tokens: 742833.0
Worker: http://localhost:8002, Running: 15.0, Waiting: 0.0
Worker: http://localhost:8002, qlen: 15.0
Worker: http://localhost:8002, Tokens: 732064.0
Selected worker: http://localhost:8002
INFO:     127.0.0.1:43840 - "POST /v1/completions HTTP/1.1" 200 OK
Worker: http://localhost:8001, Running: 17.0, Waiting: 0.0
Worker: http://localhost:8001, qlen: 17.0
Worker: http://localhost:8001, Tokens: 743479.0
Worker: http://localhost:8002, Running: 15.0, Waiting: 0.0
Worker: http://localhost:8002, qlen: 15.0
Worker: http://localhost:8002, Tokens: 739057.0
Selected worker: http://localhost:8002
INFO:     127.0.0.1:43844 - "POST /v1/completions HTTP/1.1" 200 OK
Worker: http://localhost:8001, Running: 17.0, Waiting: 0.0
Worker: http://localhost:8001, qlen: 17.0
Worker: http://localhost:8001, Tokens: 743615.0
Worker: http://localhost:8002, Running: 15.0, Waiting: 0.0
Worker: http://localhost:8002, qlen: 15.0
Worker: http://localhost:8002, Tokens: 739700.0
Selected worker: http://localhost:8002
INFO:     127.0.0.1:43852 - "POST /v1/completions HTTP/1.1" 200 OK
Worker: http://localhost:8001, Running: 16.0, Waiting: 0.0
Worker: http://localhost:8001, qlen: 16.0
Worker: http://localhost:8001, Tokens: 744210.0
Worker: http://localhost:8002, Running: 16.0, Waiting: 0.0
Worker: http://localhost:8002, qlen: 16.0
Worker: http://localhost:8002, Tokens: 741895.0
Selected worker: http://localhost:8001
INFO:     127.0.0.1:43858 - "POST /v1/completions HTTP/1.1" 200 OK
Worker: http://localhost:8001, Running: 17.0, Waiting: 0.0
Worker: http://localhost:8001, qlen: 17.0
Worker: http://localhost:8001, Tokens: 741261.0
Worker: http://localhost:8002, Running: 15.0, Waiting: 0.0
Worker: http://localhost:8002, qlen: 15.0
Worker: http://localhost:8002, Tokens: 742309.0
Selected worker: http://localhost:8002
INFO:     127.0.0.1:43864 - "POST /v1/completions HTTP/1.1" 200 OK
Worker: http://localhost:8001, Running: 16.0, Waiting: 0.0
Worker: http://localhost:8001, qlen: 16.0
Worker: http://localhost:8001, Tokens: 744494.0
Worker: http://localhost:8002, Running: 16.0, Waiting: 0.0
Worker: http://localhost:8002, qlen: 16.0
Worker: http://localhost:8002, Tokens: 746264.0
Selected worker: http://localhost:8001
INFO:     127.0.0.1:43870 - "POST /v1/completions HTTP/1.1" 200 OK
Worker: http://localhost:8001, Running: 16.0, Waiting: 0.0
Worker: http://localhost:8001, qlen: 16.0
Worker: http://localhost:8001, Tokens: 741564.0
Worker: http://localhost:8002, Running: 16.0, Waiting: 0.0
Worker: http://localhost:8002, qlen: 16.0
Worker: http://localhost:8002, Tokens: 746712.0
Selected worker: http://localhost:8002
INFO:     127.0.0.1:43872 - "POST /v1/completions HTTP/1.1" 200 OK
Worker: http://localhost:8001, Running: 15.0, Waiting: 0.0
Worker: http://localhost:8001, qlen: 15.0
Worker: http://localhost:8001, Tokens: 745090.0
Worker: http://localhost:8002, Running: 16.0, Waiting: 0.0
Worker: http://localhost:8002, qlen: 16.0
Worker: http://localhost:8002, Tokens: 746856.0
Selected worker: http://localhost:8001
INFO:     127.0.0.1:43880 - "POST /v1/completions HTTP/1.1" 200 OK
Worker: http://localhost:8001, Running: 15.0, Waiting: 0.0
Worker: http://localhost:8001, qlen: 15.0
Worker: http://localhost:8001, Tokens: 742529.0
Worker: http://localhost:8002, Running: 17.0, Waiting: 0.0
Worker: http://localhost:8002, qlen: 17.0
Worker: http://localhost:8002, Tokens: 749509.0
Selected worker: http://localhost:8001
INFO:     127.0.0.1:43896 - "POST /v1/completions HTTP/1.1" 200 OK
Worker: http://localhost:8001, Running: 15.0, Waiting: 0.0
Worker: http://localhost:8001, qlen: 15.0
Worker: http://localhost:8001, Tokens: 748947.0
Worker: http://localhost:8002, Running: 17.0, Waiting: 0.0
Worker: http://localhost:8002, qlen: 17.0
Worker: http://localhost:8002, Tokens: 746987.0
Selected worker: http://localhost:8001
INFO:     127.0.0.1:36948 - "POST /v1/completions HTTP/1.1" 200 OK
Worker: http://localhost:8001, Running: 16.0, Waiting: 0.0
Worker: http://localhost:8001, qlen: 16.0
Worker: http://localhost:8001, Tokens: 749427.0
Worker: http://localhost:8002, Running: 16.0, Waiting: 0.0
Worker: http://localhost:8002, qlen: 16.0
Worker: http://localhost:8002, Tokens: 750171.0
Selected worker: http://localhost:8002
INFO:     127.0.0.1:36958 - "POST /v1/completions HTTP/1.1" 200 OK
Worker: http://localhost:8001, Running: 16.0, Waiting: 0.0
Worker: http://localhost:8001, qlen: 16.0
Worker: http://localhost:8001, Tokens: 747067.0
Worker: http://localhost:8002, Running: 16.0, Waiting: 0.0
Worker: http://localhost:8002, qlen: 16.0
Worker: http://localhost:8002, Tokens: 754120.0
Selected worker: http://localhost:8002
INFO:     127.0.0.1:36972 - "POST /v1/completions HTTP/1.1" 200 OK
Worker: http://localhost:8001, Running: 15.0, Waiting: 0.0
Worker: http://localhost:8001, qlen: 15.0
Worker: http://localhost:8001, Tokens: 750405.0
Worker: http://localhost:8002, Running: 17.0, Waiting: 0.0
Worker: http://localhost:8002, qlen: 17.0
Worker: http://localhost:8002, Tokens: 754085.0
Selected worker: http://localhost:8001
INFO:     127.0.0.1:36974 - "POST /v1/completions HTTP/1.1" 200 OK
Worker: http://localhost:8001, Running: 16.0, Waiting: 0.0
Worker: http://localhost:8001, qlen: 16.0
Worker: http://localhost:8001, Tokens: 753575.0
Worker: http://localhost:8002, Running: 16.0, Waiting: 0.0
Worker: http://localhost:8002, qlen: 16.0
Worker: http://localhost:8002, Tokens: 750858.0
Selected worker: http://localhost:8002
INFO:     127.0.0.1:36990 - "POST /v1/completions HTTP/1.1" 200 OK
Worker: http://localhost:8001, Running: 16.0, Waiting: 0.0
Worker: http://localhost:8001, qlen: 16.0
Worker: http://localhost:8001, Tokens: 754119.0
Worker: http://localhost:8002, Running: 16.0, Waiting: 0.0
Worker: http://localhost:8002, qlen: 16.0
Worker: http://localhost:8002, Tokens: 755010.0
Selected worker: http://localhost:8001
INFO:     127.0.0.1:36992 - "POST /v1/completions HTTP/1.1" 200 OK
Worker: http://localhost:8001, Running: 16.0, Waiting: 0.0
Worker: http://localhost:8001, qlen: 16.0
Worker: http://localhost:8001, Tokens: 750712.0
Worker: http://localhost:8002, Running: 16.0, Waiting: 0.0
Worker: http://localhost:8002, qlen: 16.0
Worker: http://localhost:8002, Tokens: 755010.0
Selected worker: http://localhost:8002
INFO:     127.0.0.1:37002 - "POST /v1/completions HTTP/1.1" 200 OK
Worker: http://localhost:8001, Running: 16.0, Waiting: 0.0
Worker: http://localhost:8001, qlen: 16.0
Worker: http://localhost:8001, Tokens: 757934.0
Worker: http://localhost:8002, Running: 16.0, Waiting: 0.0
Worker: http://localhost:8002, qlen: 16.0
Worker: http://localhost:8002, Tokens: 755745.0
Selected worker: http://localhost:8002
INFO:     127.0.0.1:37012 - "POST /v1/completions HTTP/1.1" 200 OK
Worker: http://localhost:8001, Running: 15.0, Waiting: 0.0
Worker: http://localhost:8001, qlen: 15.0
Worker: http://localhost:8001, Tokens: 755310.0
Worker: http://localhost:8002, Running: 17.0, Waiting: 0.0
Worker: http://localhost:8002, qlen: 17.0
Worker: http://localhost:8002, Tokens: 755921.0
Selected worker: http://localhost:8001
INFO:     127.0.0.1:37018 - "POST /v1/completions HTTP/1.1" 200 OK
Worker: http://localhost:8001, Running: 15.0, Waiting: 0.0
Worker: http://localhost:8001, qlen: 15.0
Worker: http://localhost:8001, Tokens: 758483.0
Worker: http://localhost:8002, Running: 17.0, Waiting: 0.0
Worker: http://localhost:8002, qlen: 17.0
Worker: http://localhost:8002, Tokens: 755937.0
Selected worker: http://localhost:8001
INFO:     127.0.0.1:37034 - "POST /v1/completions HTTP/1.1" 200 OK
Worker: http://localhost:8001, Running: 15.0, Waiting: 0.0
Worker: http://localhost:8001, qlen: 15.0
Worker: http://localhost:8001, Tokens: 761361.0
Worker: http://localhost:8002, Running: 17.0, Waiting: 0.0
Worker: http://localhost:8002, qlen: 17.0
Worker: http://localhost:8002, Tokens: 756017.0
Selected worker: http://localhost:8001
INFO:     127.0.0.1:37050 - "POST /v1/completions HTTP/1.1" 200 OK
Worker: http://localhost:8001, Running: 15.0, Waiting: 0.0
Worker: http://localhost:8001, qlen: 15.0
Worker: http://localhost:8001, Tokens: 761977.0
Worker: http://localhost:8002, Running: 17.0, Waiting: 0.0
Worker: http://localhost:8002, qlen: 17.0
Worker: http://localhost:8002, Tokens: 774904.0
Selected worker: http://localhost:8001
INFO:     127.0.0.1:37052 - "POST /v1/completions HTTP/1.1" 200 OK
Worker: http://localhost:8001, Running: 14.0, Waiting: 0.0
Worker: http://localhost:8001, qlen: 14.0
Worker: http://localhost:8001, Tokens: 762314.0
Worker: http://localhost:8002, Running: 17.0, Waiting: 0.0
Worker: http://localhost:8002, qlen: 17.0
Worker: http://localhost:8002, Tokens: 771491.0
Selected worker: http://localhost:8001
INFO:     127.0.0.1:37062 - "POST /v1/completions HTTP/1.1" 200 OK
Worker: http://localhost:8001, Running: 16.0, Waiting: 0.0
Worker: http://localhost:8001, qlen: 16.0
Worker: http://localhost:8001, Tokens: 766033.0
Worker: http://localhost:8002, Running: 16.0, Waiting: 0.0
Worker: http://localhost:8002, qlen: 16.0
Worker: http://localhost:8002, Tokens: 772589.0
Selected worker: http://localhost:8001
INFO:     127.0.0.1:37078 - "POST /v1/completions HTTP/1.1" 200 OK
Worker: http://localhost:8001, Running: 17.0, Waiting: 0.0
Worker: http://localhost:8001, qlen: 17.0
Worker: http://localhost:8001, Tokens: 768282.0
Worker: http://localhost:8002, Running: 15.0, Waiting: 0.0
Worker: http://localhost:8002, qlen: 15.0
Worker: http://localhost:8002, Tokens: 776027.0
Selected worker: http://localhost:8002
INFO:     127.0.0.1:37084 - "POST /v1/completions HTTP/1.1" 200 OK
Worker: http://localhost:8001, Running: 16.0, Waiting: 0.0
Worker: http://localhost:8001, qlen: 16.0
Worker: http://localhost:8001, Tokens: 769000.0
Worker: http://localhost:8002, Running: 16.0, Waiting: 0.0
Worker: http://localhost:8002, qlen: 16.0
Worker: http://localhost:8002, Tokens: 776784.0
Selected worker: http://localhost:8002
INFO:     127.0.0.1:37092 - "POST /v1/completions HTTP/1.1" 200 OK
Worker: http://localhost:8001, Running: 15.0, Waiting: 0.0
Worker: http://localhost:8001, qlen: 15.0
Worker: http://localhost:8001, Tokens: 772428.0
Worker: http://localhost:8002, Running: 17.0, Waiting: 0.0
Worker: http://localhost:8002, qlen: 17.0
Worker: http://localhost:8002, Tokens: 779647.0
Selected worker: http://localhost:8001
INFO:     127.0.0.1:43854 - "POST /v1/completions HTTP/1.1" 200 OK
Worker: http://localhost:8001, Running: 16.0, Waiting: 0.0
Worker: http://localhost:8001, qlen: 16.0
Worker: http://localhost:8001, Tokens: 769427.0
Worker: http://localhost:8002, Running: 16.0, Waiting: 0.0
Worker: http://localhost:8002, qlen: 16.0
Worker: http://localhost:8002, Tokens: 780241.0
Selected worker: http://localhost:8002
INFO:     127.0.0.1:43866 - "POST /v1/completions HTTP/1.1" 200 OK
Worker: http://localhost:8001, Running: 13.0, Waiting: 0.0
Worker: http://localhost:8001, qlen: 13.0
Worker: http://localhost:8001, Tokens: 769803.0
Worker: http://localhost:8002, Running: 17.0, Waiting: 0.0
Worker: http://localhost:8002, qlen: 17.0
Worker: http://localhost:8002, Tokens: 782660.0
Selected worker: http://localhost:8001
INFO:     127.0.0.1:43870 - "POST /v1/completions HTTP/1.1" 200 OK
Worker: http://localhost:8001, Running: 13.0, Waiting: 0.0
Worker: http://localhost:8001, qlen: 13.0
Worker: http://localhost:8001, Tokens: 770070.0
Worker: http://localhost:8002, Running: 17.0, Waiting: 0.0
Worker: http://localhost:8002, qlen: 17.0
Worker: http://localhost:8002, Tokens: 782660.0
Selected worker: http://localhost:8001
INFO:     127.0.0.1:43874 - "POST /v1/completions HTTP/1.1" 200 OK
Worker: http://localhost:8001, Running: 13.0, Waiting: 0.0
Worker: http://localhost:8001, qlen: 13.0
Worker: http://localhost:8001, Tokens: 774230.0
Worker: http://localhost:8002, Running: 17.0, Waiting: 0.0
Worker: http://localhost:8002, qlen: 17.0
Worker: http://localhost:8002, Tokens: 782660.0
Selected worker: http://localhost:8001
INFO:     127.0.0.1:43884 - "POST /v1/completions HTTP/1.1" 200 OK
Worker: http://localhost:8001, Running: 16.0, Waiting: 0.0
Worker: http://localhost:8001, qlen: 16.0
Worker: http://localhost:8001, Tokens: 777586.0
Worker: http://localhost:8002, Running: 16.0, Waiting: 0.0
Worker: http://localhost:8002, qlen: 16.0
Worker: http://localhost:8002, Tokens: 780420.0
Selected worker: http://localhost:8001
INFO:     127.0.0.1:43890 - "POST /v1/completions HTTP/1.1" 200 OK
Worker: http://localhost:8001, Running: 16.0, Waiting: 0.0
Worker: http://localhost:8001, qlen: 16.0
Worker: http://localhost:8001, Tokens: 777730.0
Worker: http://localhost:8002, Running: 15.0, Waiting: 0.0
Worker: http://localhost:8002, qlen: 15.0
Worker: http://localhost:8002, Tokens: 783198.0
Selected worker: http://localhost:8002
INFO:     127.0.0.1:43904 - "POST /v1/completions HTTP/1.1" 200 OK
Worker: http://localhost:8001, Running: 17.0, Waiting: 0.0
Worker: http://localhost:8001, qlen: 17.0
Worker: http://localhost:8001, Tokens: 781169.0
Worker: http://localhost:8002, Running: 15.0, Waiting: 0.0
Worker: http://localhost:8002, qlen: 15.0
Worker: http://localhost:8002, Tokens: 783924.0
Selected worker: http://localhost:8002
INFO:     127.0.0.1:43916 - "POST /v1/completions HTTP/1.1" 200 OK
Worker: http://localhost:8001, Running: 16.0, Waiting: 0.0
Worker: http://localhost:8001, qlen: 16.0
Worker: http://localhost:8001, Tokens: 781816.0
Worker: http://localhost:8002, Running: 16.0, Waiting: 0.0
Worker: http://localhost:8002, qlen: 16.0
Worker: http://localhost:8002, Tokens: 786708.0
Selected worker: http://localhost:8001
INFO:     127.0.0.1:43932 - "POST /v1/completions HTTP/1.1" 200 OK
Worker: http://localhost:8001, Running: 16.0, Waiting: 0.0
Worker: http://localhost:8001, qlen: 16.0
Worker: http://localhost:8001, Tokens: 782601.0
Worker: http://localhost:8002, Running: 16.0, Waiting: 0.0
Worker: http://localhost:8002, qlen: 16.0
Worker: http://localhost:8002, Tokens: 783873.0
Selected worker: http://localhost:8001
INFO:     127.0.0.1:43938 - "POST /v1/completions HTTP/1.1" 200 OK
Worker: http://localhost:8001, Running: 17.0, Waiting: 0.0
Worker: http://localhost:8001, qlen: 17.0
Worker: http://localhost:8001, Tokens: 785521.0
Worker: http://localhost:8002, Running: 15.0, Waiting: 0.0
Worker: http://localhost:8002, qlen: 15.0
Worker: http://localhost:8002, Tokens: 784228.0
Selected worker: http://localhost:8002
INFO:     127.0.0.1:43946 - "POST /v1/completions HTTP/1.1" 200 OK
Worker: http://localhost:8001, Running: 17.0, Waiting: 0.0
Worker: http://localhost:8001, qlen: 17.0
Worker: http://localhost:8001, Tokens: 785912.0
Worker: http://localhost:8002, Running: 15.0, Waiting: 0.0
Worker: http://localhost:8002, qlen: 15.0
Worker: http://localhost:8002, Tokens: 787645.0
Selected worker: http://localhost:8002
INFO:     127.0.0.1:43962 - "POST /v1/completions HTTP/1.1" 200 OK
Worker: http://localhost:8001, Running: 17.0, Waiting: 0.0
Worker: http://localhost:8001, qlen: 17.0
Worker: http://localhost:8001, Tokens: 783585.0
Worker: http://localhost:8002, Running: 15.0, Waiting: 0.0
Worker: http://localhost:8002, qlen: 15.0
Worker: http://localhost:8002, Tokens: 791908.0
Selected worker: http://localhost:8002
INFO:     127.0.0.1:43972 - "POST /v1/completions HTTP/1.1" 200 OK
Worker: http://localhost:8001, Running: 16.0, Waiting: 0.0
Worker: http://localhost:8001, qlen: 16.0
Worker: http://localhost:8001, Tokens: 786523.0
Worker: http://localhost:8002, Running: 16.0, Waiting: 0.0
Worker: http://localhost:8002, qlen: 16.0
Worker: http://localhost:8002, Tokens: 792098.0
Selected worker: http://localhost:8001
INFO:     127.0.0.1:43980 - "POST /v1/completions HTTP/1.1" 200 OK
Worker: http://localhost:8001, Running: 16.0, Waiting: 0.0
Worker: http://localhost:8001, qlen: 16.0
Worker: http://localhost:8001, Tokens: 785542.0
Worker: http://localhost:8002, Running: 16.0, Waiting: 0.0
Worker: http://localhost:8002, qlen: 16.0
Worker: http://localhost:8002, Tokens: 792738.0
Selected worker: http://localhost:8001
INFO:     127.0.0.1:43984 - "POST /v1/completions HTTP/1.1" 200 OK
Worker: http://localhost:8001, Running: 16.0, Waiting: 0.0
Worker: http://localhost:8001, qlen: 16.0
Worker: http://localhost:8001, Tokens: 787664.0
Worker: http://localhost:8002, Running: 16.0, Waiting: 0.0
Worker: http://localhost:8002, qlen: 16.0
Worker: http://localhost:8002, Tokens: 792882.0
Selected worker: http://localhost:8002
INFO:     127.0.0.1:43986 - "POST /v1/completions HTTP/1.1" 200 OK
Worker: http://localhost:8001, Running: 16.0, Waiting: 0.0
Worker: http://localhost:8001, qlen: 16.0
Worker: http://localhost:8001, Tokens: 787102.0
Worker: http://localhost:8002, Running: 16.0, Waiting: 0.0
Worker: http://localhost:8002, qlen: 16.0
Worker: http://localhost:8002, Tokens: 792930.0
Selected worker: http://localhost:8002
INFO:     127.0.0.1:43998 - "POST /v1/completions HTTP/1.1" 200 OK
Worker: http://localhost:8001, Running: 16.0, Waiting: 0.0
Worker: http://localhost:8001, qlen: 16.0
Worker: http://localhost:8001, Tokens: 787102.0
Worker: http://localhost:8002, Running: 16.0, Waiting: 0.0
Worker: http://localhost:8002, qlen: 16.0
Worker: http://localhost:8002, Tokens: 793195.0
Selected worker: http://localhost:8002
INFO:     127.0.0.1:44014 - "POST /v1/completions HTTP/1.1" 200 OK
Worker: http://localhost:8001, Running: 13.0, Waiting: 0.0
Worker: http://localhost:8001, qlen: 13.0
Worker: http://localhost:8001, Tokens: 791249.0
Worker: http://localhost:8002, Running: 19.0, Waiting: 0.0
Worker: http://localhost:8002, qlen: 19.0
Worker: http://localhost:8002, Tokens: 795849.0
Selected worker: http://localhost:8001
INFO:     127.0.0.1:44026 - "POST /v1/completions HTTP/1.1" 200 OK
Worker: http://localhost:8001, Running: 14.0, Waiting: 0.0
Worker: http://localhost:8001, qlen: 14.0
Worker: http://localhost:8001, Tokens: 791540.0
Worker: http://localhost:8002, Running: 18.0, Waiting: 0.0
Worker: http://localhost:8002, qlen: 18.0
Worker: http://localhost:8002, Tokens: 799023.0
Selected worker: http://localhost:8001
INFO:     127.0.0.1:44042 - "POST /v1/completions HTTP/1.1" 200 OK
Worker: http://localhost:8001, Running: 15.0, Waiting: 0.0
Worker: http://localhost:8001, qlen: 15.0
Worker: http://localhost:8001, Tokens: 793851.0
Worker: http://localhost:8002, Running: 17.0, Waiting: 0.0
Worker: http://localhost:8002, qlen: 17.0
Worker: http://localhost:8002, Tokens: 799597.0
Selected worker: http://localhost:8001
INFO:     127.0.0.1:44044 - "POST /v1/completions HTTP/1.1" 200 OK
Worker: http://localhost:8001, Running: 14.0, Waiting: 0.0
Worker: http://localhost:8001, qlen: 14.0
Worker: http://localhost:8001, Tokens: 794208.0
Worker: http://localhost:8002, Running: 17.0, Waiting: 0.0
Worker: http://localhost:8002, qlen: 17.0
Worker: http://localhost:8002, Tokens: 793413.0
Selected worker: http://localhost:8001
INFO:     127.0.0.1:53736 - "POST /v1/completions HTTP/1.1" 200 OK
Worker: http://localhost:8001, Running: 16.0, Waiting: 0.0
Worker: http://localhost:8001, qlen: 16.0
Worker: http://localhost:8001, Tokens: 794993.0
Worker: http://localhost:8002, Running: 16.0, Waiting: 0.0
Worker: http://localhost:8002, qlen: 16.0
Worker: http://localhost:8002, Tokens: 800401.0
Selected worker: http://localhost:8001
INFO:     127.0.0.1:53738 - "POST /v1/completions HTTP/1.1" 200 OK
Worker: http://localhost:8001, Running: 16.0, Waiting: 0.0
Worker: http://localhost:8001, qlen: 16.0
Worker: http://localhost:8001, Tokens: 798865.0
Worker: http://localhost:8002, Running: 16.0, Waiting: 0.0
Worker: http://localhost:8002, qlen: 16.0
Worker: http://localhost:8002, Tokens: 800745.0
Selected worker: http://localhost:8001
INFO:     127.0.0.1:53742 - "POST /v1/completions HTTP/1.1" 200 OK
Worker: http://localhost:8001, Running: 17.0, Waiting: 0.0
Worker: http://localhost:8001, qlen: 17.0
Worker: http://localhost:8001, Tokens: 801646.0
Worker: http://localhost:8002, Running: 15.0, Waiting: 0.0
Worker: http://localhost:8002, qlen: 15.0
Worker: http://localhost:8002, Tokens: 798288.0
Selected worker: http://localhost:8002
INFO:     127.0.0.1:53744 - "POST /v1/completions HTTP/1.1" 200 OK
Worker: http://localhost:8001, Running: 17.0, Waiting: 0.0
Worker: http://localhost:8001, qlen: 17.0
Worker: http://localhost:8001, Tokens: 802173.0
Worker: http://localhost:8002, Running: 15.0, Waiting: 0.0
Worker: http://localhost:8002, qlen: 15.0
Worker: http://localhost:8002, Tokens: 801550.0
Selected worker: http://localhost:8002
INFO:     127.0.0.1:53746 - "POST /v1/completions HTTP/1.1" 200 OK
Worker: http://localhost:8001, Running: 17.0, Waiting: 0.0
Worker: http://localhost:8001, qlen: 17.0
Worker: http://localhost:8001, Tokens: 802494.0
Worker: http://localhost:8002, Running: 15.0, Waiting: 0.0
Worker: http://localhost:8002, qlen: 15.0
Worker: http://localhost:8002, Tokens: 805158.0
Selected worker: http://localhost:8002
INFO:     127.0.0.1:53760 - "POST /v1/completions HTTP/1.1" 200 OK
Worker: http://localhost:8001, Running: 16.0, Waiting: 0.0
Worker: http://localhost:8001, qlen: 16.0
Worker: http://localhost:8001, Tokens: 803219.0
Worker: http://localhost:8002, Running: 16.0, Waiting: 0.0
Worker: http://localhost:8002, qlen: 16.0
Worker: http://localhost:8002, Tokens: 802200.0
Selected worker: http://localhost:8002
INFO:     127.0.0.1:53762 - "POST /v1/completions HTTP/1.1" 200 OK
Worker: http://localhost:8001, Running: 16.0, Waiting: 0.0
Worker: http://localhost:8001, qlen: 16.0
Worker: http://localhost:8001, Tokens: 803555.0
Worker: http://localhost:8002, Running: 16.0, Waiting: 0.0
Worker: http://localhost:8002, qlen: 16.0
Worker: http://localhost:8002, Tokens: 808472.0
Selected worker: http://localhost:8002
INFO:     127.0.0.1:53766 - "POST /v1/completions HTTP/1.1" 200 OK
Worker: http://localhost:8001, Running: 16.0, Waiting: 0.0
Worker: http://localhost:8001, qlen: 16.0
Worker: http://localhost:8001, Tokens: 799918.0
Worker: http://localhost:8002, Running: 15.0, Waiting: 0.0
Worker: http://localhost:8002, qlen: 15.0
Worker: http://localhost:8002, Tokens: 808861.0
Selected worker: http://localhost:8002
Worker: http://localhost:8001, Running: 16.0, Waiting: 0.0
Worker: http://localhost:8001, qlen: 16.0
Worker: http://localhost:8001, Tokens: 799918.0
Worker: http://localhost:8002, Running: 15.0, Waiting: 0.0
Worker: http://localhost:8002, qlen: 15.0
Worker: http://localhost:8002, Tokens: 811876.0
Selected worker: http://localhost:8002
INFO:     127.0.0.1:53770 - "POST /v1/completions HTTP/1.1" 200 OK
INFO:     127.0.0.1:53778 - "POST /v1/completions HTTP/1.1" 200 OK
Worker: http://localhost:8001, Running: 14.0, Waiting: 0.0
Worker: http://localhost:8001, qlen: 14.0
Worker: http://localhost:8001, Tokens: 803914.0
Worker: http://localhost:8002, Running: 18.0, Waiting: 0.0
Worker: http://localhost:8002, qlen: 18.0
Worker: http://localhost:8002, Tokens: 811665.0
Selected worker: http://localhost:8001
INFO:     127.0.0.1:53788 - "POST /v1/completions HTTP/1.1" 200 OK
Worker: http://localhost:8001, Running: 14.0, Waiting: 0.0
Worker: http://localhost:8001, qlen: 14.0
Worker: http://localhost:8001, Tokens: 804292.0
Worker: http://localhost:8002, Running: 18.0, Waiting: 0.0
Worker: http://localhost:8002, qlen: 18.0
Worker: http://localhost:8002, Tokens: 808949.0
Selected worker: http://localhost:8001
INFO:     127.0.0.1:53804 - "POST /v1/completions HTTP/1.1" 200 OK
Worker: http://localhost:8001, Running: 15.0, Waiting: 0.0
Worker: http://localhost:8001, qlen: 15.0
Worker: http://localhost:8001, Tokens: 810931.0
Worker: http://localhost:8002, Running: 17.0, Waiting: 0.0
Worker: http://localhost:8002, qlen: 17.0
Worker: http://localhost:8002, Tokens: 808282.0
Selected worker: http://localhost:8001
INFO:     127.0.0.1:53820 - "POST /v1/completions HTTP/1.1" 200 OK
Worker: http://localhost:8001, Running: 15.0, Waiting: 0.0
Worker: http://localhost:8001, qlen: 15.0
Worker: http://localhost:8001, Tokens: 814072.0
Worker: http://localhost:8002, Running: 16.0, Waiting: 0.0
Worker: http://localhost:8002, qlen: 16.0
Worker: http://localhost:8002, Tokens: 812797.0
Selected worker: http://localhost:8001
INFO:     127.0.0.1:53824 - "POST /v1/completions HTTP/1.1" 200 OK
Worker: http://localhost:8001, Running: 16.0, Waiting: 0.0
Worker: http://localhost:8001, qlen: 16.0
Worker: http://localhost:8001, Tokens: 814462.0
Worker: http://localhost:8002, Running: 16.0, Waiting: 0.0
Worker: http://localhost:8002, qlen: 16.0
Worker: http://localhost:8002, Tokens: 809929.0
Selected worker: http://localhost:8002
INFO:     127.0.0.1:53838 - "POST /v1/completions HTTP/1.1" 200 OK
Worker: http://localhost:8001, Running: 16.0, Waiting: 0.0
Worker: http://localhost:8001, qlen: 16.0
Worker: http://localhost:8001, Tokens: 811690.0
Worker: http://localhost:8002, Running: 16.0, Waiting: 0.0
Worker: http://localhost:8002, qlen: 16.0
Worker: http://localhost:8002, Tokens: 815820.0
Selected worker: http://localhost:8001
INFO:     127.0.0.1:53848 - "POST /v1/completions HTTP/1.1" 200 OK
Worker: http://localhost:8001, Running: 16.0, Waiting: 0.0
Worker: http://localhost:8001, qlen: 16.0
Worker: http://localhost:8001, Tokens: 815593.0
Worker: http://localhost:8002, Running: 16.0, Waiting: 0.0
Worker: http://localhost:8002, qlen: 16.0
Worker: http://localhost:8002, Tokens: 816294.0
Selected worker: http://localhost:8001
INFO:     127.0.0.1:53856 - "POST /v1/completions HTTP/1.1" 200 OK
Worker: http://localhost:8001, Running: 16.0, Waiting: 0.0
Worker: http://localhost:8001, qlen: 16.0
Worker: http://localhost:8001, Tokens: 815582.0
Worker: http://localhost:8002, Running: 15.0, Waiting: 0.0
Worker: http://localhost:8002, qlen: 15.0
Worker: http://localhost:8002, Tokens: 816619.0
Selected worker: http://localhost:8002
INFO:     127.0.0.1:53866 - "POST /v1/completions HTTP/1.1" 200 OK
Worker: http://localhost:8001, Running: 15.0, Waiting: 0.0
Worker: http://localhost:8001, qlen: 15.0
Worker: http://localhost:8001, Tokens: 815732.0
Worker: http://localhost:8002, Running: 16.0, Waiting: 0.0
Worker: http://localhost:8002, qlen: 16.0
Worker: http://localhost:8002, Tokens: 813459.0
Selected worker: http://localhost:8001
INFO:     127.0.0.1:43490 - "POST /v1/completions HTTP/1.1" 200 OK
Worker: http://localhost:8001, Running: 17.0, Waiting: 0.0
Worker: http://localhost:8001, qlen: 17.0
Worker: http://localhost:8001, Tokens: 821489.0
Worker: http://localhost:8002, Running: 15.0, Waiting: 0.0
Worker: http://localhost:8002, qlen: 15.0
Worker: http://localhost:8002, Tokens: 817155.0
Selected worker: http://localhost:8002
INFO:     127.0.0.1:43506 - "POST /v1/completions HTTP/1.1" 200 OK
Worker: http://localhost:8001, Running: 17.0, Waiting: 0.0
Worker: http://localhost:8001, qlen: 17.0
Worker: http://localhost:8001, Tokens: 818657.0
Worker: http://localhost:8002, Running: 14.0, Waiting: 0.0
Worker: http://localhost:8002, qlen: 14.0
Worker: http://localhost:8002, Tokens: 817544.0
Selected worker: http://localhost:8002
INFO:     127.0.0.1:43510 - "POST /v1/completions HTTP/1.1" 200 OK
Worker: http://localhost:8001, Running: 16.0, Waiting: 0.0
Worker: http://localhost:8001, qlen: 16.0
Worker: http://localhost:8001, Tokens: 822201.0
Worker: http://localhost:8002, Running: 16.0, Waiting: 0.0
Worker: http://localhost:8002, qlen: 16.0
Worker: http://localhost:8002, Tokens: 820936.0
Selected worker: http://localhost:8001
INFO:     127.0.0.1:43520 - "POST /v1/completions HTTP/1.1" 200 OK
Worker: http://localhost:8001, Running: 17.0, Waiting: 0.0
Worker: http://localhost:8001, qlen: 17.0
Worker: http://localhost:8001, Tokens: 822400.0
Worker: http://localhost:8002, Running: 15.0, Waiting: 0.0
Worker: http://localhost:8002, qlen: 15.0
Worker: http://localhost:8002, Tokens: 821045.0
Selected worker: http://localhost:8002
INFO:     127.0.0.1:43522 - "POST /v1/completions HTTP/1.1" 200 OK
Worker: http://localhost:8001, Running: 17.0, Waiting: 0.0
Worker: http://localhost:8001, qlen: 17.0
Worker: http://localhost:8001, Tokens: 819374.0
Worker: http://localhost:8002, Running: 15.0, Waiting: 0.0
Worker: http://localhost:8002, qlen: 15.0
Worker: http://localhost:8002, Tokens: 825314.0
Selected worker: http://localhost:8002
INFO:     127.0.0.1:43526 - "POST /v1/completions HTTP/1.1" 200 OK
Worker: http://localhost:8001, Running: 16.0, Waiting: 0.0
Worker: http://localhost:8001, qlen: 16.0
Worker: http://localhost:8001, Tokens: 822802.0
Worker: http://localhost:8002, Running: 16.0, Waiting: 0.0
Worker: http://localhost:8002, qlen: 16.0
Worker: http://localhost:8002, Tokens: 825586.0
Selected worker: http://localhost:8002
INFO:     127.0.0.1:43536 - "POST /v1/completions HTTP/1.1" 200 OK
Worker: http://localhost:8001, Running: 15.0, Waiting: 0.0
Worker: http://localhost:8001, qlen: 15.0
Worker: http://localhost:8001, Tokens: 819523.0
Worker: http://localhost:8002, Running: 17.0, Waiting: 0.0
Worker: http://localhost:8002, qlen: 17.0
Worker: http://localhost:8002, Tokens: 825730.0
Selected worker: http://localhost:8001
INFO:     127.0.0.1:43552 - "POST /v1/completions HTTP/1.1" 200 OK
Worker: http://localhost:8001, Running: 15.0, Waiting: 0.0
Worker: http://localhost:8001, qlen: 15.0
Worker: http://localhost:8001, Tokens: 823508.0
Worker: http://localhost:8002, Running: 17.0, Waiting: 0.0
Worker: http://localhost:8002, qlen: 17.0
Worker: http://localhost:8002, Tokens: 816076.0
Selected worker: http://localhost:8001
INFO:     127.0.0.1:43558 - "POST /v1/completions HTTP/1.1" 200 OK
Worker: http://localhost:8001, Running: 16.0, Waiting: 0.0
Worker: http://localhost:8001, qlen: 16.0
Worker: http://localhost:8001, Tokens: 826844.0
Worker: http://localhost:8002, Running: 16.0, Waiting: 0.0
Worker: http://localhost:8002, qlen: 16.0
Worker: http://localhost:8002, Tokens: 829114.0
Selected worker: http://localhost:8001
INFO:     127.0.0.1:43572 - "POST /v1/completions HTTP/1.1" 200 OK
Worker: http://localhost:8001, Running: 16.0, Waiting: 0.0
Worker: http://localhost:8001, qlen: 16.0
Worker: http://localhost:8001, Tokens: 827286.0
Worker: http://localhost:8002, Running: 16.0, Waiting: 0.0
Worker: http://localhost:8002, qlen: 16.0
Worker: http://localhost:8002, Tokens: 829642.0
Selected worker: http://localhost:8001
INFO:     127.0.0.1:43584 - "POST /v1/completions HTTP/1.1" 200 OK
Worker: http://localhost:8001, Running: 16.0, Waiting: 0.0
Worker: http://localhost:8001, qlen: 16.0
Worker: http://localhost:8001, Tokens: 831225.0
Worker: http://localhost:8002, Running: 16.0, Waiting: 0.0
Worker: http://localhost:8002, qlen: 16.0
Worker: http://localhost:8002, Tokens: 830289.0
Selected worker: http://localhost:8002
INFO:     127.0.0.1:43600 - "POST /v1/completions HTTP/1.1" 200 OK
Worker: http://localhost:8001, Running: 16.0, Waiting: 0.0
Worker: http://localhost:8001, qlen: 16.0
Worker: http://localhost:8001, Tokens: 831689.0
Worker: http://localhost:8002, Running: 16.0, Waiting: 0.0
Worker: http://localhost:8002, qlen: 16.0
Worker: http://localhost:8002, Tokens: 827524.0
Selected worker: http://localhost:8002
INFO:     127.0.0.1:43608 - "POST /v1/completions HTTP/1.1" 200 OK
Worker: http://localhost:8001, Running: 16.0, Waiting: 0.0
Worker: http://localhost:8001, qlen: 16.0
Worker: http://localhost:8001, Tokens: 827737.0
Worker: http://localhost:8002, Running: 16.0, Waiting: 0.0
Worker: http://localhost:8002, qlen: 16.0
Worker: http://localhost:8002, Tokens: 831130.0
Selected worker: http://localhost:8002
INFO:     127.0.0.1:43618 - "POST /v1/completions HTTP/1.1" 200 OK
Worker: http://localhost:8001, Running: 15.0, Waiting: 0.0
Worker: http://localhost:8001, qlen: 15.0
Worker: http://localhost:8001, Tokens: 829059.0
Worker: http://localhost:8002, Running: 17.0, Waiting: 0.0
Worker: http://localhost:8002, qlen: 17.0
Worker: http://localhost:8002, Tokens: 834087.0
Selected worker: http://localhost:8001
INFO:     127.0.0.1:43628 - "POST /v1/completions HTTP/1.1" 200 OK
Worker: http://localhost:8001, Running: 15.0, Waiting: 0.0
Worker: http://localhost:8001, qlen: 15.0
Worker: http://localhost:8001, Tokens: 832096.0
Worker: http://localhost:8002, Running: 17.0, Waiting: 0.0
Worker: http://localhost:8002, qlen: 17.0
Worker: http://localhost:8002, Tokens: 834087.0
Selected worker: http://localhost:8001
INFO:     127.0.0.1:43640 - "POST /v1/completions HTTP/1.1" 200 OK
Worker: http://localhost:8001, Running: 14.0, Waiting: 0.0
Worker: http://localhost:8001, qlen: 14.0
Worker: http://localhost:8001, Tokens: 832331.0
Worker: http://localhost:8002, Running: 16.0, Waiting: 0.0
Worker: http://localhost:8002, qlen: 16.0
Worker: http://localhost:8002, Tokens: 831559.0
Selected worker: http://localhost:8001
INFO:     127.0.0.1:43654 - "POST /v1/completions HTTP/1.1" 200 OK
Worker: http://localhost:8001, Running: 17.0, Waiting: 0.0
Worker: http://localhost:8001, qlen: 17.0
Worker: http://localhost:8001, Tokens: 839635.0
Worker: http://localhost:8002, Running: 15.0, Waiting: 0.0
Worker: http://localhost:8002, qlen: 15.0
Worker: http://localhost:8002, Tokens: 835057.0
Selected worker: http://localhost:8002
INFO:     127.0.0.1:43656 - "POST /v1/completions HTTP/1.1" 200 OK
Worker: http://localhost:8001, Running: 16.0, Waiting: 0.0
Worker: http://localhost:8001, qlen: 16.0
Worker: http://localhost:8001, Tokens: 840037.0
Worker: http://localhost:8002, Running: 16.0, Waiting: 0.0
Worker: http://localhost:8002, qlen: 16.0
Worker: http://localhost:8002, Tokens: 835029.0
Selected worker: http://localhost:8001
INFO:     127.0.0.1:43666 - "POST /v1/completions HTTP/1.1" 200 OK
Worker: http://localhost:8001, Running: 17.0, Waiting: 0.0
Worker: http://localhost:8001, qlen: 17.0
Worker: http://localhost:8001, Tokens: 842556.0
Worker: http://localhost:8002, Running: 15.0, Waiting: 0.0
Worker: http://localhost:8002, qlen: 15.0
Worker: http://localhost:8002, Tokens: 832606.0
Selected worker: http://localhost:8002
INFO:     127.0.0.1:43682 - "POST /v1/completions HTTP/1.1" 200 OK
Worker: http://localhost:8001, Running: 17.0, Waiting: 0.0
Worker: http://localhost:8001, qlen: 17.0
Worker: http://localhost:8001, Tokens: 840190.0
Worker: http://localhost:8002, Running: 15.0, Waiting: 0.0
Worker: http://localhost:8002, qlen: 15.0
Worker: http://localhost:8002, Tokens: 836366.0
Selected worker: http://localhost:8002
INFO:     127.0.0.1:53752 - "POST /v1/completions HTTP/1.1" 200 OK
Worker: http://localhost:8001, Running: 16.0, Waiting: 0.0
Worker: http://localhost:8001, qlen: 16.0
Worker: http://localhost:8001, Tokens: 843076.0
Worker: http://localhost:8002, Running: 15.0, Waiting: 0.0
Worker: http://localhost:8002, qlen: 15.0
Worker: http://localhost:8002, Tokens: 839438.0
Selected worker: http://localhost:8002
INFO:     127.0.0.1:53756 - "POST /v1/completions HTTP/1.1" 200 OK
Worker: http://localhost:8001, Running: 15.0, Waiting: 0.0
Worker: http://localhost:8001, qlen: 15.0
Worker: http://localhost:8001, Tokens: 843579.0
Worker: http://localhost:8002, Running: 17.0, Waiting: 0.0
Worker: http://localhost:8002, qlen: 17.0
Worker: http://localhost:8002, Tokens: 839460.0
Selected worker: http://localhost:8001
INFO:     127.0.0.1:53766 - "POST /v1/completions HTTP/1.1" 200 OK
Worker: http://localhost:8001, Running: 15.0, Waiting: 0.0
Worker: http://localhost:8001, qlen: 15.0
Worker: http://localhost:8001, Tokens: 848068.0
Worker: http://localhost:8002, Running: 17.0, Waiting: 0.0
Worker: http://localhost:8002, qlen: 17.0
Worker: http://localhost:8002, Tokens: 836195.0
Selected worker: http://localhost:8001
INFO:     127.0.0.1:53776 - "POST /v1/completions HTTP/1.1" 200 OK
Worker: http://localhost:8001, Running: 16.0, Waiting: 0.0
Worker: http://localhost:8001, qlen: 16.0
Worker: http://localhost:8001, Tokens: 848328.0
Worker: http://localhost:8002, Running: 16.0, Waiting: 0.0
Worker: http://localhost:8002, qlen: 16.0
Worker: http://localhost:8002, Tokens: 840031.0
Selected worker: http://localhost:8001
INFO:     127.0.0.1:53786 - "POST /v1/completions HTTP/1.1" 200 OK
Worker: http://localhost:8001, Running: 17.0, Waiting: 0.0
Worker: http://localhost:8001, qlen: 17.0
Worker: http://localhost:8001, Tokens: 851785.0
Worker: http://localhost:8002, Running: 15.0, Waiting: 0.0
Worker: http://localhost:8002, qlen: 15.0
Worker: http://localhost:8002, Tokens: 840546.0
Selected worker: http://localhost:8002
INFO:     127.0.0.1:53790 - "POST /v1/completions HTTP/1.1" 200 OK
Worker: http://localhost:8001, Running: 17.0, Waiting: 0.0
Worker: http://localhost:8001, qlen: 17.0
Worker: http://localhost:8001, Tokens: 848450.0
Worker: http://localhost:8002, Running: 14.0, Waiting: 0.0
Worker: http://localhost:8002, qlen: 14.0
Worker: http://localhost:8002, Tokens: 840905.0
Selected worker: http://localhost:8002
INFO:     127.0.0.1:53804 - "POST /v1/completions HTTP/1.1" 200 OK
Worker: http://localhost:8001, Running: 16.0, Waiting: 0.0
Worker: http://localhost:8001, qlen: 16.0
Worker: http://localhost:8001, Tokens: 852482.0
Worker: http://localhost:8002, Running: 16.0, Waiting: 0.0
Worker: http://localhost:8002, qlen: 16.0
Worker: http://localhost:8002, Tokens: 840907.0
Selected worker: http://localhost:8001
INFO:     127.0.0.1:53822 - "POST /v1/completions HTTP/1.1" 200 OK
Worker: http://localhost:8001, Running: 16.0, Waiting: 0.0
Worker: http://localhost:8001, qlen: 16.0
Worker: http://localhost:8001, Tokens: 852530.0
Worker: http://localhost:8002, Running: 16.0, Waiting: 0.0
Worker: http://localhost:8002, qlen: 16.0
Worker: http://localhost:8002, Tokens: 837494.0
Selected worker: http://localhost:8001
INFO:     127.0.0.1:53832 - "POST /v1/completions HTTP/1.1" 200 OK
Worker: http://localhost:8001, Running: 18.0, Waiting: 0.0
Worker: http://localhost:8001, qlen: 18.0
Worker: http://localhost:8001, Tokens: 855834.0
Worker: http://localhost:8002, Running: 14.0, Waiting: 0.0
Worker: http://localhost:8002, qlen: 14.0
Worker: http://localhost:8002, Tokens: 844287.0
Selected worker: http://localhost:8002
INFO:     127.0.0.1:53846 - "POST /v1/completions HTTP/1.1" 200 OK
Worker: http://localhost:8001, Running: 18.0, Waiting: 0.0
Worker: http://localhost:8001, qlen: 18.0
Worker: http://localhost:8001, Tokens: 855940.0
Worker: http://localhost:8002, Running: 14.0, Waiting: 0.0
Worker: http://localhost:8002, qlen: 14.0
Worker: http://localhost:8002, Tokens: 844987.0
Selected worker: http://localhost:8002
INFO:     127.0.0.1:53852 - "POST /v1/completions HTTP/1.1" 200 OK
Worker: http://localhost:8001, Running: 17.0, Waiting: 0.0
Worker: http://localhost:8001, qlen: 17.0
Worker: http://localhost:8001, Tokens: 856470.0
Worker: http://localhost:8002, Running: 15.0, Waiting: 0.0
Worker: http://localhost:8002, qlen: 15.0
Worker: http://localhost:8002, Tokens: 844848.0
Selected worker: http://localhost:8002
INFO:     127.0.0.1:53858 - "POST /v1/completions HTTP/1.1" 200 OK
Worker: http://localhost:8001, Running: 17.0, Waiting: 0.0
Worker: http://localhost:8001, qlen: 17.0
Worker: http://localhost:8001, Tokens: 853897.0
Worker: http://localhost:8002, Running: 15.0, Waiting: 0.0
Worker: http://localhost:8002, qlen: 15.0
Worker: http://localhost:8002, Tokens: 848474.0
Selected worker: http://localhost:8002
INFO:     127.0.0.1:53870 - "POST /v1/completions HTTP/1.1" 200 OK
Worker: http://localhost:8001, Running: 16.0, Waiting: 0.0
Worker: http://localhost:8001, qlen: 16.0
Worker: http://localhost:8001, Tokens: 853482.0
Worker: http://localhost:8002, Running: 16.0, Waiting: 0.0
Worker: http://localhost:8002, qlen: 16.0
Worker: http://localhost:8002, Tokens: 851391.0
Selected worker: http://localhost:8002
INFO:     127.0.0.1:53878 - "POST /v1/completions HTTP/1.1" 200 OK
Worker: http://localhost:8001, Running: 15.0, Waiting: 0.0
Worker: http://localhost:8001, qlen: 15.0
Worker: http://localhost:8001, Tokens: 857356.0
Worker: http://localhost:8002, Running: 17.0, Waiting: 0.0
Worker: http://localhost:8002, qlen: 17.0
Worker: http://localhost:8002, Tokens: 851316.0
Selected worker: http://localhost:8001
INFO:     127.0.0.1:53890 - "POST /v1/completions HTTP/1.1" 200 OK
Worker: http://localhost:8001, Running: 16.0, Waiting: 0.0
Worker: http://localhost:8001, qlen: 16.0
Worker: http://localhost:8001, Tokens: 861210.0
Worker: http://localhost:8002, Running: 16.0, Waiting: 0.0
Worker: http://localhost:8002, qlen: 16.0
Worker: http://localhost:8002, Tokens: 849556.0
Selected worker: http://localhost:8001
INFO:     127.0.0.1:53898 - "POST /v1/completions HTTP/1.1" 200 OK
Worker: http://localhost:8001, Running: 16.0, Waiting: 0.0
Worker: http://localhost:8001, qlen: 16.0
Worker: http://localhost:8001, Tokens: 858245.0
Worker: http://localhost:8002, Running: 16.0, Waiting: 0.0
Worker: http://localhost:8002, qlen: 16.0
Worker: http://localhost:8002, Tokens: 849556.0
Selected worker: http://localhost:8001
INFO:     127.0.0.1:53914 - "POST /v1/completions HTTP/1.1" 200 OK
Worker: http://localhost:8001, Running: 16.0, Waiting: 0.0
Worker: http://localhost:8001, qlen: 16.0
Worker: http://localhost:8001, Tokens: 861015.0
Worker: http://localhost:8002, Running: 16.0, Waiting: 0.0
Worker: http://localhost:8002, qlen: 16.0
Worker: http://localhost:8002, Tokens: 849556.0
Selected worker: http://localhost:8002
INFO:     127.0.0.1:53926 - "POST /v1/completions HTTP/1.1" 200 OK
Worker: http://localhost:8001, Running: 16.0, Waiting: 0.0
Worker: http://localhost:8001, qlen: 16.0
Worker: http://localhost:8001, Tokens: 864820.0
Worker: http://localhost:8002, Running: 16.0, Waiting: 0.0
Worker: http://localhost:8002, qlen: 16.0
Worker: http://localhost:8002, Tokens: 853027.0
Selected worker: http://localhost:8001
INFO:     127.0.0.1:53942 - "POST /v1/completions HTTP/1.1" 200 OK
Worker: http://localhost:8001, Running: 17.0, Waiting: 0.0
Worker: http://localhost:8001, qlen: 17.0
Worker: http://localhost:8001, Tokens: 868631.0
Worker: http://localhost:8002, Running: 14.0, Waiting: 0.0
Worker: http://localhost:8002, qlen: 14.0
Worker: http://localhost:8002, Tokens: 853815.0
Selected worker: http://localhost:8002
INFO:     127.0.0.1:53956 - "POST /v1/completions HTTP/1.1" 200 OK
Worker: http://localhost:8001, Running: 17.0, Waiting: 0.0
Worker: http://localhost:8001, qlen: 17.0
Worker: http://localhost:8001, Tokens: 868886.0
Worker: http://localhost:8002, Running: 15.0, Waiting: 0.0
Worker: http://localhost:8002, qlen: 15.0
Worker: http://localhost:8002, Tokens: 851078.0
Selected worker: http://localhost:8002
INFO:     127.0.0.1:52594 - "POST /v1/completions HTTP/1.1" 200 OK
Worker: http://localhost:8001, Running: 17.0, Waiting: 0.0
Worker: http://localhost:8001, qlen: 17.0
Worker: http://localhost:8001, Tokens: 869311.0
Worker: http://localhost:8002, Running: 15.0, Waiting: 0.0
Worker: http://localhost:8002, qlen: 15.0
Worker: http://localhost:8002, Tokens: 857336.0
Selected worker: http://localhost:8002
INFO:     127.0.0.1:52602 - "POST /v1/completions HTTP/1.1" 200 OK
Worker: http://localhost:8001, Running: 17.0, Waiting: 0.0
Worker: http://localhost:8001, qlen: 17.0
Worker: http://localhost:8001, Tokens: 869356.0
Worker: http://localhost:8002, Running: 15.0, Waiting: 0.0
Worker: http://localhost:8002, qlen: 15.0
Worker: http://localhost:8002, Tokens: 857979.0
Selected worker: http://localhost:8002
INFO:     127.0.0.1:52608 - "POST /v1/completions HTTP/1.1" 200 OK
Worker: http://localhost:8001, Running: 16.0, Waiting: 0.0
Worker: http://localhost:8001, qlen: 16.0
Worker: http://localhost:8001, Tokens: 869973.0
Worker: http://localhost:8002, Running: 16.0, Waiting: 0.0
Worker: http://localhost:8002, qlen: 16.0
Worker: http://localhost:8002, Tokens: 857847.0
Selected worker: http://localhost:8001
INFO:     127.0.0.1:52620 - "POST /v1/completions HTTP/1.1" 200 OK
Worker: http://localhost:8001, Running: 17.0, Waiting: 0.0
Worker: http://localhost:8001, qlen: 17.0
Worker: http://localhost:8001, Tokens: 870526.0
Worker: http://localhost:8002, Running: 15.0, Waiting: 0.0
Worker: http://localhost:8002, qlen: 15.0
Worker: http://localhost:8002, Tokens: 862055.0
Selected worker: http://localhost:8002
INFO:     127.0.0.1:52632 - "POST /v1/completions HTTP/1.1" 200 OK
Worker: http://localhost:8001, Running: 17.0, Waiting: 0.0
Worker: http://localhost:8001, qlen: 17.0
Worker: http://localhost:8001, Tokens: 870594.0
Worker: http://localhost:8002, Running: 14.0, Waiting: 0.0
Worker: http://localhost:8002, qlen: 14.0
Worker: http://localhost:8002, Tokens: 859261.0
Selected worker: http://localhost:8002
INFO:     127.0.0.1:52634 - "POST /v1/completions HTTP/1.1" 200 OK
Worker: http://localhost:8001, Running: 17.0, Waiting: 0.0
Worker: http://localhost:8001, qlen: 17.0
Worker: http://localhost:8001, Tokens: 867755.0
Worker: http://localhost:8002, Running: 15.0, Waiting: 0.0
Worker: http://localhost:8002, qlen: 15.0
Worker: http://localhost:8002, Tokens: 866037.0
Selected worker: http://localhost:8002
INFO:     127.0.0.1:52650 - "POST /v1/completions HTTP/1.1" 200 OK
Worker: http://localhost:8001, Running: 16.0, Waiting: 0.0
Worker: http://localhost:8001, qlen: 16.0
Worker: http://localhost:8001, Tokens: 868618.0
Worker: http://localhost:8002, Running: 16.0, Waiting: 0.0
Worker: http://localhost:8002, qlen: 16.0
Worker: http://localhost:8002, Tokens: 869026.0
Selected worker: http://localhost:8001
INFO:     127.0.0.1:52652 - "POST /v1/completions HTTP/1.1" 200 OK
Worker: http://localhost:8001, Running: 16.0, Waiting: 0.0
Worker: http://localhost:8001, qlen: 16.0
Worker: http://localhost:8001, Tokens: 872327.0
Worker: http://localhost:8002, Running: 16.0, Waiting: 0.0
Worker: http://localhost:8002, qlen: 16.0
Worker: http://localhost:8002, Tokens: 869500.0
Selected worker: http://localhost:8002
INFO:     127.0.0.1:52662 - "POST /v1/completions HTTP/1.1" 200 OK
Worker: http://localhost:8001, Running: 16.0, Waiting: 0.0
Worker: http://localhost:8001, qlen: 16.0
Worker: http://localhost:8001, Tokens: 872265.0
Worker: http://localhost:8002, Running: 15.0, Waiting: 0.0
Worker: http://localhost:8002, qlen: 15.0
Worker: http://localhost:8002, Tokens: 869900.0
Selected worker: http://localhost:8002
INFO:     127.0.0.1:52674 - "POST /v1/completions HTTP/1.1" 200 OK
Worker: http://localhost:8001, Running: 15.0, Waiting: 0.0
Worker: http://localhost:8001, qlen: 15.0
Worker: http://localhost:8001, Tokens: 872897.0
Worker: http://localhost:8002, Running: 17.0, Waiting: 0.0
Worker: http://localhost:8002, qlen: 17.0
Worker: http://localhost:8002, Tokens: 869878.0
Selected worker: http://localhost:8001
INFO:     127.0.0.1:52688 - "POST /v1/completions HTTP/1.1" 200 OK
Worker: http://localhost:8001, Running: 16.0, Waiting: 0.0
Worker: http://localhost:8001, qlen: 16.0
Worker: http://localhost:8001, Tokens: 873047.0
Worker: http://localhost:8002, Running: 16.0, Waiting: 0.0
Worker: http://localhost:8002, qlen: 16.0
Worker: http://localhost:8002, Tokens: 873524.0
Selected worker: http://localhost:8001
INFO:     127.0.0.1:52700 - "POST /v1/completions HTTP/1.1" 200 OK
Worker: http://localhost:8001, Running: 16.0, Waiting: 0.0
Worker: http://localhost:8001, qlen: 16.0
Worker: http://localhost:8001, Tokens: 872867.0
Worker: http://localhost:8002, Running: 15.0, Waiting: 0.0
Worker: http://localhost:8002, qlen: 15.0
Worker: http://localhost:8002, Tokens: 873925.0
Selected worker: http://localhost:8002
INFO:     127.0.0.1:52706 - "POST /v1/completions HTTP/1.1" 200 OK
Worker: http://localhost:8001, Running: 16.0, Waiting: 0.0
Worker: http://localhost:8001, qlen: 16.0
Worker: http://localhost:8001, Tokens: 872420.0
Worker: http://localhost:8002, Running: 15.0, Waiting: 0.0
Worker: http://localhost:8002, qlen: 15.0
Worker: http://localhost:8002, Tokens: 877460.0
Selected worker: http://localhost:8002
INFO:     127.0.0.1:52718 - "POST /v1/completions HTTP/1.1" 200 OK
Worker: http://localhost:8001, Running: 15.0, Waiting: 0.0
Worker: http://localhost:8001, qlen: 15.0
Worker: http://localhost:8001, Tokens: 876084.0
Worker: http://localhost:8002, Running: 17.0, Waiting: 0.0
Worker: http://localhost:8002, qlen: 17.0
Worker: http://localhost:8002, Tokens: 873277.0
Selected worker: http://localhost:8001
INFO:     127.0.0.1:52726 - "POST /v1/completions HTTP/1.1" 200 OK
Worker: http://localhost:8001, Running: 16.0, Waiting: 0.0
Worker: http://localhost:8001, qlen: 16.0
Worker: http://localhost:8001, Tokens: 876234.0
Worker: http://localhost:8002, Running: 16.0, Waiting: 0.0
Worker: http://localhost:8002, qlen: 16.0
Worker: http://localhost:8002, Tokens: 876891.0
Selected worker: http://localhost:8002
INFO:     127.0.0.1:52742 - "POST /v1/completions HTTP/1.1" 200 OK
Worker: http://localhost:8001, Running: 16.0, Waiting: 0.0
Worker: http://localhost:8001, qlen: 16.0
Worker: http://localhost:8001, Tokens: 880382.0
Worker: http://localhost:8002, Running: 16.0, Waiting: 0.0
Worker: http://localhost:8002, qlen: 16.0
Worker: http://localhost:8002, Tokens: 873992.0
Selected worker: http://localhost:8002
INFO:     127.0.0.1:52748 - "POST /v1/completions HTTP/1.1" 200 OK
Worker: http://localhost:8001, Running: 16.0, Waiting: 0.0
Worker: http://localhost:8001, qlen: 16.0
Worker: http://localhost:8001, Tokens: 880559.0
Worker: http://localhost:8002, Running: 16.0, Waiting: 0.0
Worker: http://localhost:8002, qlen: 16.0
Worker: http://localhost:8002, Tokens: 879956.0
Selected worker: http://localhost:8002
INFO:     127.0.0.1:52752 - "POST /v1/completions HTTP/1.1" 200 OK
Worker: http://localhost:8001, Running: 15.0, Waiting: 0.0
Worker: http://localhost:8001, qlen: 15.0
Worker: http://localhost:8001, Tokens: 881461.0
Worker: http://localhost:8002, Running: 17.0, Waiting: 0.0
Worker: http://localhost:8002, qlen: 17.0
Worker: http://localhost:8002, Tokens: 880473.0
Selected worker: http://localhost:8001
INFO:     127.0.0.1:52762 - "POST /v1/completions HTTP/1.1" 200 OK
Worker: http://localhost:8001, Running: 16.0, Waiting: 0.0
Worker: http://localhost:8001, qlen: 16.0
Worker: http://localhost:8001, Tokens: 885078.0
Worker: http://localhost:8002, Running: 16.0, Waiting: 0.0
Worker: http://localhost:8002, qlen: 16.0
Worker: http://localhost:8002, Tokens: 881792.0
Selected worker: http://localhost:8002
INFO:     127.0.0.1:40962 - "POST /v1/completions HTTP/1.1" 200 OK
Worker: http://localhost:8001, Running: 15.0, Waiting: 0.0
Worker: http://localhost:8001, qlen: 15.0
Worker: http://localhost:8001, Tokens: 881857.0
Worker: http://localhost:8002, Running: 16.0, Waiting: 0.0
Worker: http://localhost:8002, qlen: 16.0
Worker: http://localhost:8002, Tokens: 881888.0
Selected worker: http://localhost:8001
INFO:     127.0.0.1:40978 - "POST /v1/completions HTTP/1.1" 200 OK
Worker: http://localhost:8001, Running: 15.0, Waiting: 0.0
Worker: http://localhost:8001, qlen: 15.0
Worker: http://localhost:8001, Tokens: 888552.0
Worker: http://localhost:8002, Running: 17.0, Waiting: 0.0
Worker: http://localhost:8002, qlen: 17.0
Worker: http://localhost:8002, Tokens: 878921.0
Selected worker: http://localhost:8001
INFO:     127.0.0.1:40994 - "POST /v1/completions HTTP/1.1" 200 OK
Worker: http://localhost:8001, Running: 16.0, Waiting: 0.0
Worker: http://localhost:8001, qlen: 16.0
Worker: http://localhost:8001, Tokens: 888699.0
Worker: http://localhost:8002, Running: 16.0, Waiting: 0.0
Worker: http://localhost:8002, qlen: 16.0
Worker: http://localhost:8002, Tokens: 882183.0
Selected worker: http://localhost:8001
INFO:     127.0.0.1:41000 - "POST /v1/completions HTTP/1.1" 200 OK
Worker: http://localhost:8001, Running: 17.0, Waiting: 0.0
Worker: http://localhost:8001, qlen: 17.0
Worker: http://localhost:8001, Tokens: 888007.0
Worker: http://localhost:8002, Running: 15.0, Waiting: 0.0
Worker: http://localhost:8002, qlen: 15.0
Worker: http://localhost:8002, Tokens: 882920.0
Selected worker: http://localhost:8002
INFO:     127.0.0.1:41012 - "POST /v1/completions HTTP/1.1" 200 OK
Worker: http://localhost:8001, Running: 16.0, Waiting: 0.0
Worker: http://localhost:8001, qlen: 16.0
Worker: http://localhost:8001, Tokens: 891652.0
Worker: http://localhost:8002, Running: 16.0, Waiting: 0.0
Worker: http://localhost:8002, qlen: 16.0
Worker: http://localhost:8002, Tokens: 882948.0
Selected worker: http://localhost:8001
INFO:     127.0.0.1:41026 - "POST /v1/completions HTTP/1.1" 200 OK
Worker: http://localhost:8001, Running: 17.0, Waiting: 0.0
Worker: http://localhost:8001, qlen: 17.0
Worker: http://localhost:8001, Tokens: 895576.0
Worker: http://localhost:8002, Running: 15.0, Waiting: 0.0
Worker: http://localhost:8002, qlen: 15.0
Worker: http://localhost:8002, Tokens: 883405.0
Selected worker: http://localhost:8002
INFO:     127.0.0.1:41042 - "POST /v1/completions HTTP/1.1" 200 OK
Worker: http://localhost:8001, Running: 17.0, Waiting: 0.0
Worker: http://localhost:8001, qlen: 17.0
Worker: http://localhost:8001, Tokens: 895404.0
Worker: http://localhost:8002, Running: 14.0, Waiting: 0.0
Worker: http://localhost:8002, qlen: 14.0
Worker: http://localhost:8002, Tokens: 883740.0
Selected worker: http://localhost:8002
INFO:     127.0.0.1:41048 - "POST /v1/completions HTTP/1.1" 200 OK
Worker: http://localhost:8001, Running: 16.0, Waiting: 0.0
Worker: http://localhost:8001, qlen: 16.0
Worker: http://localhost:8001, Tokens: 896111.0
Worker: http://localhost:8002, Running: 16.0, Waiting: 0.0
Worker: http://localhost:8002, qlen: 16.0
Worker: http://localhost:8002, Tokens: 886320.0
Selected worker: http://localhost:8002
INFO:     127.0.0.1:41062 - "POST /v1/completions HTTP/1.1" 200 OK
Worker: http://localhost:8001, Running: 16.0, Waiting: 0.0
Worker: http://localhost:8001, qlen: 16.0
Worker: http://localhost:8001, Tokens: 896671.0
Worker: http://localhost:8002, Running: 16.0, Waiting: 0.0
Worker: http://localhost:8002, qlen: 16.0
Worker: http://localhost:8002, Tokens: 884064.0
Selected worker: http://localhost:8002
INFO:     127.0.0.1:41074 - "POST /v1/completions HTTP/1.1" 200 OK
Worker: http://localhost:8001, Running: 16.0, Waiting: 0.0
Worker: http://localhost:8001, qlen: 16.0
Worker: http://localhost:8001, Tokens: 893778.0
Worker: http://localhost:8002, Running: 15.0, Waiting: 0.0
Worker: http://localhost:8002, qlen: 15.0
Worker: http://localhost:8002, Tokens: 887274.0
Selected worker: http://localhost:8002
INFO:     127.0.0.1:41086 - "POST /v1/completions HTTP/1.1" 200 OK
Worker: http://localhost:8001, Running: 16.0, Waiting: 0.0
Worker: http://localhost:8001, qlen: 16.0
Worker: http://localhost:8001, Tokens: 890247.0
Worker: http://localhost:8002, Running: 15.0, Waiting: 0.0
Worker: http://localhost:8002, qlen: 15.0
Worker: http://localhost:8002, Tokens: 887274.0
Selected worker: http://localhost:8002
INFO:     127.0.0.1:41100 - "POST /v1/completions HTTP/1.1" 200 OK
Worker: http://localhost:8001, Running: 14.0, Waiting: 0.0
Worker: http://localhost:8001, qlen: 14.0
Worker: http://localhost:8001, Tokens: 894212.0
Worker: http://localhost:8002, Running: 18.0, Waiting: 0.0
Worker: http://localhost:8002, qlen: 18.0
Worker: http://localhost:8002, Tokens: 893129.0
Selected worker: http://localhost:8001
INFO:     127.0.0.1:41114 - "POST /v1/completions HTTP/1.1" 200 OK
Worker: http://localhost:8001, Running: 14.0, Waiting: 0.0
Worker: http://localhost:8001, qlen: 14.0
Worker: http://localhost:8001, Tokens: 898043.0
Worker: http://localhost:8002, Running: 18.0, Waiting: 0.0
Worker: http://localhost:8002, qlen: 18.0
Worker: http://localhost:8002, Tokens: 893688.0
Selected worker: http://localhost:8001
INFO:     127.0.0.1:41118 - "POST /v1/completions HTTP/1.1" 200 OK
Worker: http://localhost:8001, Running: 15.0, Waiting: 0.0
Worker: http://localhost:8001, qlen: 15.0
Worker: http://localhost:8001, Tokens: 901590.0
Worker: http://localhost:8002, Running: 17.0, Waiting: 0.0
Worker: http://localhost:8002, qlen: 17.0
Worker: http://localhost:8002, Tokens: 894691.0
Selected worker: http://localhost:8001
INFO:     127.0.0.1:41122 - "POST /v1/completions HTTP/1.1" 200 OK
Worker: http://localhost:8001, Running: 14.0, Waiting: 0.0
Worker: http://localhost:8001, qlen: 14.0
Worker: http://localhost:8001, Tokens: 901930.0
Worker: http://localhost:8002, Running: 17.0, Waiting: 0.0
Worker: http://localhost:8002, qlen: 17.0
Worker: http://localhost:8002, Tokens: 891740.0
Selected worker: http://localhost:8001
INFO:     127.0.0.1:41128 - "POST /v1/completions HTTP/1.1" 200 OK
Worker: http://localhost:8001, Running: 16.0, Waiting: 0.0
Worker: http://localhost:8001, qlen: 16.0
Worker: http://localhost:8001, Tokens: 897980.0
Worker: http://localhost:8002, Running: 16.0, Waiting: 0.0
Worker: http://localhost:8002, qlen: 16.0
Worker: http://localhost:8002, Tokens: 894982.0
Selected worker: http://localhost:8001
INFO:     127.0.0.1:41144 - "POST /v1/completions HTTP/1.1" 200 OK
Worker: http://localhost:8001, Running: 16.0, Waiting: 0.0
Worker: http://localhost:8001, qlen: 16.0
Worker: http://localhost:8001, Tokens: 905068.0
Worker: http://localhost:8002, Running: 16.0, Waiting: 0.0
Worker: http://localhost:8002, qlen: 16.0
Worker: http://localhost:8002, Tokens: 894877.0
Selected worker: http://localhost:8001
INFO:     127.0.0.1:41150 - "POST /v1/completions HTTP/1.1" 200 OK
Worker: http://localhost:8001, Running: 17.0, Waiting: 0.0
Worker: http://localhost:8001, qlen: 17.0
Worker: http://localhost:8001, Tokens: 904828.0
Worker: http://localhost:8002, Running: 15.0, Waiting: 0.0
Worker: http://localhost:8002, qlen: 15.0
Worker: http://localhost:8002, Tokens: 895654.0
Selected worker: http://localhost:8002
INFO:     127.0.0.1:41156 - "POST /v1/completions HTTP/1.1" 200 OK
Worker: http://localhost:8001, Running: 16.0, Waiting: 0.0
Worker: http://localhost:8001, qlen: 16.0
Worker: http://localhost:8001, Tokens: 908322.0
Worker: http://localhost:8002, Running: 16.0, Waiting: 0.0
Worker: http://localhost:8002, qlen: 16.0
Worker: http://localhost:8002, Tokens: 895739.0
Selected worker: http://localhost:8001
INFO:     127.0.0.1:41160 - "POST /v1/completions HTTP/1.1" 200 OK
Worker: http://localhost:8001, Running: 16.0, Waiting: 0.0
Worker: http://localhost:8001, qlen: 16.0
Worker: http://localhost:8001, Tokens: 908466.0
Worker: http://localhost:8002, Running: 15.0, Waiting: 0.0
Worker: http://localhost:8002, qlen: 15.0
Worker: http://localhost:8002, Tokens: 892903.0
Selected worker: http://localhost:8002
INFO:     127.0.0.1:41164 - "POST /v1/completions HTTP/1.1" 200 OK
Worker: http://localhost:8001, Running: 17.0, Waiting: 0.0
Worker: http://localhost:8001, qlen: 17.0
Worker: http://localhost:8001, Tokens: 911419.0
Worker: http://localhost:8002, Running: 15.0, Waiting: 0.0
Worker: http://localhost:8002, qlen: 15.0
Worker: http://localhost:8002, Tokens: 896163.0
Selected worker: http://localhost:8002
INFO:     127.0.0.1:49928 - "POST /v1/completions HTTP/1.1" 200 OK
Worker: http://localhost:8001, Running: 17.0, Waiting: 0.0
Worker: http://localhost:8001, qlen: 17.0
Worker: http://localhost:8001, Tokens: 911810.0
Worker: http://localhost:8002, Running: 15.0, Waiting: 0.0
Worker: http://localhost:8002, qlen: 15.0
Worker: http://localhost:8002, Tokens: 896487.0
Selected worker: http://localhost:8002
INFO:     127.0.0.1:49936 - "POST /v1/completions HTTP/1.1" 200 OK
Worker: http://localhost:8001, Running: 17.0, Waiting: 0.0
Worker: http://localhost:8001, qlen: 17.0
Worker: http://localhost:8001, Tokens: 908556.0
Worker: http://localhost:8002, Running: 15.0, Waiting: 0.0
Worker: http://localhost:8002, qlen: 15.0
Worker: http://localhost:8002, Tokens: 899594.0
Selected worker: http://localhost:8002
INFO:     127.0.0.1:49946 - "POST /v1/completions HTTP/1.1" 200 OK
Worker: http://localhost:8001, Running: 16.0, Waiting: 0.0
Worker: http://localhost:8001, qlen: 16.0
Worker: http://localhost:8001, Tokens: 912221.0
Worker: http://localhost:8002, Running: 16.0, Waiting: 0.0
Worker: http://localhost:8002, qlen: 16.0
Worker: http://localhost:8002, Tokens: 902296.0
Selected worker: http://localhost:8001
INFO:     127.0.0.1:49952 - "POST /v1/completions HTTP/1.1" 200 OK
Worker: http://localhost:8001, Running: 17.0, Waiting: 0.0
Worker: http://localhost:8001, qlen: 17.0
Worker: http://localhost:8001, Tokens: 912779.0
Worker: http://localhost:8002, Running: 15.0, Waiting: 0.0
Worker: http://localhost:8002, qlen: 15.0
Worker: http://localhost:8002, Tokens: 903366.0
Selected worker: http://localhost:8002
INFO:     127.0.0.1:49954 - "POST /v1/completions HTTP/1.1" 200 OK
Worker: http://localhost:8001, Running: 16.0, Waiting: 0.0
Worker: http://localhost:8001, qlen: 16.0
Worker: http://localhost:8001, Tokens: 910592.0
Worker: http://localhost:8002, Running: 16.0, Waiting: 0.0
Worker: http://localhost:8002, qlen: 16.0
Worker: http://localhost:8002, Tokens: 906527.0
Selected worker: http://localhost:8001
INFO:     127.0.0.1:49958 - "POST /v1/completions HTTP/1.1" 200 OK
Worker: http://localhost:8001, Running: 16.0, Waiting: 0.0
Worker: http://localhost:8001, qlen: 16.0
Worker: http://localhost:8001, Tokens: 914283.0
Worker: http://localhost:8002, Running: 16.0, Waiting: 0.0
Worker: http://localhost:8002, qlen: 16.0
Worker: http://localhost:8002, Tokens: 907327.0
Selected worker: http://localhost:8002
INFO:     127.0.0.1:49964 - "POST /v1/completions HTTP/1.1" 200 OK
Worker: http://localhost:8001, Running: 15.0, Waiting: 0.0
Worker: http://localhost:8001, qlen: 15.0
Worker: http://localhost:8001, Tokens: 914448.0
Worker: http://localhost:8002, Running: 16.0, Waiting: 0.0
Worker: http://localhost:8002, qlen: 16.0
Worker: http://localhost:8002, Tokens: 907407.0
Selected worker: http://localhost:8001
INFO:     127.0.0.1:49972 - "POST /v1/completions HTTP/1.1" 200 OK
Worker: http://localhost:8001, Running: 15.0, Waiting: 0.0
Worker: http://localhost:8001, qlen: 15.0
Worker: http://localhost:8001, Tokens: 912413.0
Worker: http://localhost:8002, Running: 17.0, Waiting: 0.0
Worker: http://localhost:8002, qlen: 17.0
Worker: http://localhost:8002, Tokens: 910331.0
Selected worker: http://localhost:8001
INFO:     127.0.0.1:49984 - "POST /v1/completions HTTP/1.1" 200 OK
Worker: http://localhost:8001, Running: 14.0, Waiting: 0.0
Worker: http://localhost:8001, qlen: 14.0
Worker: http://localhost:8001, Tokens: 915564.0
Worker: http://localhost:8002, Running: 16.0, Waiting: 0.0
Worker: http://localhost:8002, qlen: 16.0
Worker: http://localhost:8002, Tokens: 907485.0
Selected worker: http://localhost:8001
INFO:     127.0.0.1:49998 - "POST /v1/completions HTTP/1.1" 200 OK
Worker: http://localhost:8001, Running: 15.0, Waiting: 0.0
Worker: http://localhost:8001, qlen: 15.0
Worker: http://localhost:8001, Tokens: 912447.0
Worker: http://localhost:8002, Running: 16.0, Waiting: 0.0
Worker: http://localhost:8002, qlen: 16.0
Worker: http://localhost:8002, Tokens: 910696.0
Selected worker: http://localhost:8001
INFO:     127.0.0.1:50002 - "POST /v1/completions HTTP/1.1" 200 OK
Worker: http://localhost:8001, Running: 14.0, Waiting: 0.0
Worker: http://localhost:8001, qlen: 14.0
Worker: http://localhost:8001, Tokens: 915592.0
Worker: http://localhost:8002, Running: 16.0, Waiting: 0.0
Worker: http://localhost:8002, qlen: 16.0
Worker: http://localhost:8002, Tokens: 910538.0
Selected worker: http://localhost:8001
INFO:     127.0.0.1:50008 - "POST /v1/completions HTTP/1.1" 200 OK
Worker: http://localhost:8001, Running: 14.0, Waiting: 1.0
Worker: http://localhost:8001, qlen: 14.0
Worker: http://localhost:8001, Tokens: 877669.0
Worker: http://localhost:8002, Running: 16.0, Waiting: 0.0
Worker: http://localhost:8002, qlen: 16.0
Worker: http://localhost:8002, Tokens: 910538.0
Selected worker: http://localhost:8001
INFO:     127.0.0.1:50014 - "POST /v1/completions HTTP/1.1" 200 OK
Worker: http://localhost:8001, Running: 17.0, Waiting: 0.0
Worker: http://localhost:8001, qlen: 17.0
Worker: http://localhost:8001, Tokens: 923396.0
Worker: http://localhost:8002, Running: 15.0, Waiting: 0.0
Worker: http://localhost:8002, qlen: 15.0
Worker: http://localhost:8002, Tokens: 907773.0
Selected worker: http://localhost:8002
INFO:     127.0.0.1:50020 - "POST /v1/completions HTTP/1.1" 200 OK
Worker: http://localhost:8001, Running: 17.0, Waiting: 0.0
Worker: http://localhost:8001, qlen: 17.0
Worker: http://localhost:8001, Tokens: 926819.0
Worker: http://localhost:8002, Running: 15.0, Waiting: 0.0
Worker: http://localhost:8002, qlen: 15.0
Worker: http://localhost:8002, Tokens: 907804.0
Selected worker: http://localhost:8002
INFO:     127.0.0.1:50024 - "POST /v1/completions HTTP/1.1" 200 OK
Worker: http://localhost:8001, Running: 17.0, Waiting: 0.0
Worker: http://localhost:8001, qlen: 17.0
Worker: http://localhost:8001, Tokens: 927499.0
Worker: http://localhost:8002, Running: 15.0, Waiting: 0.0
Worker: http://localhost:8002, qlen: 15.0
Worker: http://localhost:8002, Tokens: 913861.0
Selected worker: http://localhost:8002
INFO:     127.0.0.1:50036 - "POST /v1/completions HTTP/1.1" 200 OK
Worker: http://localhost:8001, Running: 17.0, Waiting: 0.0
Worker: http://localhost:8001, qlen: 17.0
Worker: http://localhost:8001, Tokens: 927652.0
Worker: http://localhost:8002, Running: 15.0, Waiting: 0.0
Worker: http://localhost:8002, qlen: 15.0
Worker: http://localhost:8002, Tokens: 910872.0
Selected worker: http://localhost:8002
INFO:     127.0.0.1:50046 - "POST /v1/completions HTTP/1.1" 200 OK
Worker: http://localhost:8001, Running: 17.0, Waiting: 0.0
Worker: http://localhost:8001, qlen: 17.0
Worker: http://localhost:8001, Tokens: 927958.0
Worker: http://localhost:8002, Running: 15.0, Waiting: 0.0
Worker: http://localhost:8002, qlen: 15.0
Worker: http://localhost:8002, Tokens: 917905.0
Selected worker: http://localhost:8002
INFO:     127.0.0.1:50054 - "POST /v1/completions HTTP/1.1" 200 OK
Worker: http://localhost:8001, Running: 16.0, Waiting: 0.0
Worker: http://localhost:8001, qlen: 16.0
Worker: http://localhost:8001, Tokens: 928376.0
Worker: http://localhost:8002, Running: 16.0, Waiting: 0.0
Worker: http://localhost:8002, qlen: 16.0
Worker: http://localhost:8002, Tokens: 915067.0
Selected worker: http://localhost:8002
INFO:     127.0.0.1:50068 - "POST /v1/completions HTTP/1.1" 200 OK
Worker: http://localhost:8001, Running: 16.0, Waiting: 0.0
Worker: http://localhost:8001, qlen: 16.0
Worker: http://localhost:8001, Tokens: 929496.0
Worker: http://localhost:8002, Running: 16.0, Waiting: 0.0
Worker: http://localhost:8002, qlen: 16.0
Worker: http://localhost:8002, Tokens: 919862.0
Selected worker: http://localhost:8001
INFO:     127.0.0.1:34270 - "POST /v1/completions HTTP/1.1" 200 OK
Worker: http://localhost:8001, Running: 16.0, Waiting: 0.0
Worker: http://localhost:8001, qlen: 16.0
Worker: http://localhost:8001, Tokens: 929461.0
Worker: http://localhost:8002, Running: 15.0, Waiting: 0.0
Worker: http://localhost:8002, qlen: 15.0
Worker: http://localhost:8002, Tokens: 923172.0
Selected worker: http://localhost:8002
INFO:     127.0.0.1:34284 - "POST /v1/completions HTTP/1.1" 200 OK
Worker: http://localhost:8001, Running: 16.0, Waiting: 0.0
Worker: http://localhost:8001, qlen: 16.0
Worker: http://localhost:8001, Tokens: 930146.0
Worker: http://localhost:8002, Running: 16.0, Waiting: 0.0
Worker: http://localhost:8002, qlen: 16.0
Worker: http://localhost:8002, Tokens: 927980.0
Selected worker: http://localhost:8002
INFO:     127.0.0.1:34298 - "POST /v1/completions HTTP/1.1" 200 OK
Worker: http://localhost:8001, Running: 15.0, Waiting: 0.0
Worker: http://localhost:8001, qlen: 15.0
Worker: http://localhost:8001, Tokens: 930536.0
Worker: http://localhost:8002, Running: 16.0, Waiting: 0.0
Worker: http://localhost:8002, qlen: 16.0
Worker: http://localhost:8002, Tokens: 924716.0
Selected worker: http://localhost:8001
INFO:     127.0.0.1:34312 - "POST /v1/completions HTTP/1.1" 200 OK
Worker: http://localhost:8001, Running: 16.0, Waiting: 0.0
Worker: http://localhost:8001, qlen: 16.0
Worker: http://localhost:8001, Tokens: 935679.0
Worker: http://localhost:8002, Running: 16.0, Waiting: 0.0
Worker: http://localhost:8002, qlen: 16.0
Worker: http://localhost:8002, Tokens: 928620.0
Selected worker: http://localhost:8001
INFO:     127.0.0.1:34320 - "POST /v1/completions HTTP/1.1" 200 OK
Worker: http://localhost:8001, Running: 15.0, Waiting: 0.0
Worker: http://localhost:8001, qlen: 15.0
Worker: http://localhost:8001, Tokens: 935733.0
Worker: http://localhost:8002, Running: 16.0, Waiting: 0.0
Worker: http://localhost:8002, qlen: 16.0
Worker: http://localhost:8002, Tokens: 928620.0
Selected worker: http://localhost:8001
INFO:     127.0.0.1:34322 - "POST /v1/completions HTTP/1.1" 200 OK
Worker: http://localhost:8001, Running: 15.0, Waiting: 0.0
Worker: http://localhost:8001, qlen: 15.0
Worker: http://localhost:8001, Tokens: 938905.0
Worker: http://localhost:8002, Running: 16.0, Waiting: 0.0
Worker: http://localhost:8002, qlen: 16.0
Worker: http://localhost:8002, Tokens: 925632.0
Selected worker: http://localhost:8001
INFO:     127.0.0.1:34330 - "POST /v1/completions HTTP/1.1" 200 OK
Worker: http://localhost:8001, Running: 17.0, Waiting: 0.0
Worker: http://localhost:8001, qlen: 17.0
Worker: http://localhost:8001, Tokens: 939456.0
Worker: http://localhost:8002, Running: 15.0, Waiting: 0.0
Worker: http://localhost:8002, qlen: 15.0
Worker: http://localhost:8002, Tokens: 928629.0
Selected worker: http://localhost:8002
INFO:     127.0.0.1:34336 - "POST /v1/completions HTTP/1.1" 200 OK
Worker: http://localhost:8001, Running: 17.0, Waiting: 0.0
Worker: http://localhost:8001, qlen: 17.0
Worker: http://localhost:8001, Tokens: 936601.0
Worker: http://localhost:8002, Running: 14.0, Waiting: 0.0
Worker: http://localhost:8002, qlen: 14.0
Worker: http://localhost:8002, Tokens: 929044.0
Selected worker: http://localhost:8002
INFO:     127.0.0.1:34340 - "POST /v1/completions HTTP/1.1" 200 OK
Worker: http://localhost:8001, Running: 16.0, Waiting: 0.0
Worker: http://localhost:8001, qlen: 16.0
Worker: http://localhost:8001, Tokens: 940106.0
Worker: http://localhost:8002, Running: 16.0, Waiting: 0.0
Worker: http://localhost:8002, qlen: 16.0
Worker: http://localhost:8002, Tokens: 932363.0
Selected worker: http://localhost:8002
INFO:     127.0.0.1:34354 - "POST /v1/completions HTTP/1.1" 200 OK
Worker: http://localhost:8001, Running: 16.0, Waiting: 0.0
Worker: http://localhost:8001, qlen: 16.0
Worker: http://localhost:8001, Tokens: 936005.0
Worker: http://localhost:8002, Running: 16.0, Waiting: 0.0
Worker: http://localhost:8002, qlen: 16.0
Worker: http://localhost:8002, Tokens: 935352.0
Selected worker: http://localhost:8001
INFO:     127.0.0.1:34364 - "POST /v1/completions HTTP/1.1" 200 OK
Worker: http://localhost:8001, Running: 16.0, Waiting: 0.0
Worker: http://localhost:8001, qlen: 16.0
Worker: http://localhost:8001, Tokens: 940836.0
Worker: http://localhost:8002, Running: 16.0, Waiting: 0.0
Worker: http://localhost:8002, qlen: 16.0
Worker: http://localhost:8002, Tokens: 935854.0
Selected worker: http://localhost:8001
INFO:     127.0.0.1:34378 - "POST /v1/completions HTTP/1.1" 200 OK
Worker: http://localhost:8001, Running: 17.0, Waiting: 0.0
Worker: http://localhost:8001, qlen: 17.0
Worker: http://localhost:8001, Tokens: 941641.0
Worker: http://localhost:8002, Running: 15.0, Waiting: 0.0
Worker: http://localhost:8002, qlen: 15.0
Worker: http://localhost:8002, Tokens: 937034.0
Selected worker: http://localhost:8002
INFO:     127.0.0.1:34380 - "POST /v1/completions HTTP/1.1" 200 OK
Worker: http://localhost:8001, Running: 16.0, Waiting: 0.0
Worker: http://localhost:8001, qlen: 16.0
Worker: http://localhost:8001, Tokens: 945266.0
Worker: http://localhost:8002, Running: 16.0, Waiting: 0.0
Worker: http://localhost:8002, qlen: 16.0
Worker: http://localhost:8002, Tokens: 937630.0
Selected worker: http://localhost:8001
INFO:     127.0.0.1:34388 - "POST /v1/completions HTTP/1.1" 200 OK
Worker: http://localhost:8001, Running: 16.0, Waiting: 0.0
Worker: http://localhost:8001, qlen: 16.0
Worker: http://localhost:8001, Tokens: 948562.0
Worker: http://localhost:8002, Running: 16.0, Waiting: 0.0
Worker: http://localhost:8002, qlen: 16.0
Worker: http://localhost:8002, Tokens: 937823.0
Selected worker: http://localhost:8002
INFO:     127.0.0.1:34394 - "POST /v1/completions HTTP/1.1" 200 OK
Worker: http://localhost:8001, Running: 16.0, Waiting: 0.0
Worker: http://localhost:8001, qlen: 16.0
Worker: http://localhost:8001, Tokens: 945453.0
Worker: http://localhost:8002, Running: 16.0, Waiting: 0.0
Worker: http://localhost:8002, qlen: 16.0
Worker: http://localhost:8002, Tokens: 938257.0
Selected worker: http://localhost:8002
INFO:     127.0.0.1:34402 - "POST /v1/completions HTTP/1.1" 200 OK
Worker: http://localhost:8001, Running: 15.0, Waiting: 0.0
Worker: http://localhost:8001, qlen: 15.0
Worker: http://localhost:8001, Tokens: 946173.0
Worker: http://localhost:8002, Running: 17.0, Waiting: 0.0
Worker: http://localhost:8002, qlen: 17.0
Worker: http://localhost:8002, Tokens: 941726.0
Selected worker: http://localhost:8001
INFO:     127.0.0.1:34410 - "POST /v1/completions HTTP/1.1" 200 OK
Worker: http://localhost:8001, Running: 15.0, Waiting: 0.0
Worker: http://localhost:8001, qlen: 15.0
Worker: http://localhost:8001, Tokens: 949400.0
Worker: http://localhost:8002, Running: 16.0, Waiting: 0.0
Worker: http://localhost:8002, qlen: 16.0
Worker: http://localhost:8002, Tokens: 942133.0
Selected worker: http://localhost:8001
INFO:     127.0.0.1:34414 - "POST /v1/completions HTTP/1.1" 200 OK
Worker: http://localhost:8001, Running: 15.0, Waiting: 0.0
Worker: http://localhost:8001, qlen: 15.0
Worker: http://localhost:8001, Tokens: 949278.0
Worker: http://localhost:8002, Running: 16.0, Waiting: 0.0
Worker: http://localhost:8002, qlen: 16.0
Worker: http://localhost:8002, Tokens: 942309.0
Selected worker: http://localhost:8001
INFO:     127.0.0.1:34426 - "POST /v1/completions HTTP/1.1" 200 OK
Worker: http://localhost:8001, Running: 14.0, Waiting: 0.0
Worker: http://localhost:8001, qlen: 14.0
Worker: http://localhost:8001, Tokens: 949335.0
Worker: http://localhost:8002, Running: 16.0, Waiting: 0.0
Worker: http://localhost:8002, qlen: 16.0
Worker: http://localhost:8002, Tokens: 942309.0
Selected worker: http://localhost:8001
INFO:     127.0.0.1:34438 - "POST /v1/completions HTTP/1.1" 200 OK
Worker: http://localhost:8001, Running: 14.0, Waiting: 0.0
Worker: http://localhost:8001, qlen: 14.0
Worker: http://localhost:8001, Tokens: 900251.0
Worker: http://localhost:8002, Running: 16.0, Waiting: 0.0
Worker: http://localhost:8002, qlen: 16.0
Worker: http://localhost:8002, Tokens: 942120.0
Selected worker: http://localhost:8001
INFO:     127.0.0.1:34440 - "POST /v1/completions HTTP/1.1" 200 OK
Worker: http://localhost:8001, Running: 14.0, Waiting: 0.0
Worker: http://localhost:8001, qlen: 14.0
Worker: http://localhost:8001, Tokens: 900525.0
Worker: http://localhost:8002, Running: 16.0, Waiting: 0.0
Worker: http://localhost:8002, qlen: 16.0
Worker: http://localhost:8002, Tokens: 942120.0
Selected worker: http://localhost:8001
INFO:     127.0.0.1:34456 - "POST /v1/completions HTTP/1.1" 200 OK
Worker: http://localhost:8001, Running: 14.0, Waiting: 0.0
Worker: http://localhost:8001, qlen: 14.0
Worker: http://localhost:8001, Tokens: 903747.0
Worker: http://localhost:8002, Running: 16.0, Waiting: 0.0
Worker: http://localhost:8002, qlen: 16.0
Worker: http://localhost:8002, Tokens: 942120.0
Selected worker: http://localhost:8001
INFO:     127.0.0.1:34468 - "POST /v1/completions HTTP/1.1" 200 OK
Worker: http://localhost:8001, Running: 17.0, Waiting: 0.0
Worker: http://localhost:8001, qlen: 17.0
Worker: http://localhost:8001, Tokens: 955523.0
Worker: http://localhost:8002, Running: 15.0, Waiting: 0.0
Worker: http://localhost:8002, qlen: 15.0
Worker: http://localhost:8002, Tokens: 939845.0
Selected worker: http://localhost:8002
INFO:     127.0.0.1:34480 - "POST /v1/completions HTTP/1.1" 200 OK
Worker: http://localhost:8001, Running: 17.0, Waiting: 0.0
Worker: http://localhost:8001, qlen: 17.0
Worker: http://localhost:8001, Tokens: 955574.0
Worker: http://localhost:8002, Running: 15.0, Waiting: 0.0
Worker: http://localhost:8002, qlen: 15.0
Worker: http://localhost:8002, Tokens: 939528.0
Selected worker: http://localhost:8002
INFO:     127.0.0.1:45586 - "POST /v1/completions HTTP/1.1" 200 OK
Worker: http://localhost:8001, Running: 17.0, Waiting: 0.0
Worker: http://localhost:8001, qlen: 17.0
Worker: http://localhost:8001, Tokens: 955731.0
Worker: http://localhost:8002, Running: 15.0, Waiting: 0.0
Worker: http://localhost:8002, qlen: 15.0
Worker: http://localhost:8002, Tokens: 945768.0
Selected worker: http://localhost:8002
INFO:     127.0.0.1:45596 - "POST /v1/completions HTTP/1.1" 200 OK
Worker: http://localhost:8001, Running: 16.0, Waiting: 0.0
Worker: http://localhost:8001, qlen: 16.0
Worker: http://localhost:8001, Tokens: 957297.0
Worker: http://localhost:8002, Running: 16.0, Waiting: 0.0
Worker: http://localhost:8002, qlen: 16.0
Worker: http://localhost:8002, Tokens: 949389.0
Selected worker: http://localhost:8001
INFO:     127.0.0.1:45610 - "POST /v1/completions HTTP/1.1" 200 OK
Worker: http://localhost:8001, Running: 17.0, Waiting: 0.0
Worker: http://localhost:8001, qlen: 17.0
Worker: http://localhost:8001, Tokens: 954022.0
Worker: http://localhost:8002, Running: 15.0, Waiting: 0.0
Worker: http://localhost:8002, qlen: 15.0
Worker: http://localhost:8002, Tokens: 950507.0
Selected worker: http://localhost:8002
INFO:     127.0.0.1:45616 - "POST /v1/completions HTTP/1.1" 200 OK
Worker: http://localhost:8001, Running: 16.0, Waiting: 0.0
Worker: http://localhost:8001, qlen: 16.0
Worker: http://localhost:8001, Tokens: 958427.0
Worker: http://localhost:8002, Running: 16.0, Waiting: 0.0
Worker: http://localhost:8002, qlen: 16.0
Worker: http://localhost:8002, Tokens: 950347.0
Selected worker: http://localhost:8001
INFO:     127.0.0.1:45626 - "POST /v1/completions HTTP/1.1" 200 OK
Worker: http://localhost:8001, Running: 17.0, Waiting: 0.0
Worker: http://localhost:8001, qlen: 17.0
Worker: http://localhost:8001, Tokens: 955516.0
Worker: http://localhost:8002, Running: 15.0, Waiting: 0.0
Worker: http://localhost:8002, qlen: 15.0
Worker: http://localhost:8002, Tokens: 953541.0
Selected worker: http://localhost:8002
INFO:     127.0.0.1:45632 - "POST /v1/completions HTTP/1.1" 200 OK
Worker: http://localhost:8001, Running: 16.0, Waiting: 0.0
Worker: http://localhost:8001, qlen: 16.0
Worker: http://localhost:8001, Tokens: 958640.0
Worker: http://localhost:8002, Running: 15.0, Waiting: 0.0
Worker: http://localhost:8002, qlen: 15.0
Worker: http://localhost:8002, Tokens: 953646.0
Selected worker: http://localhost:8002
INFO:     127.0.0.1:45636 - "POST /v1/completions HTTP/1.1" 200 OK
Worker: http://localhost:8001, Running: 15.0, Waiting: 0.0
Worker: http://localhost:8001, qlen: 15.0
Worker: http://localhost:8001, Tokens: 955962.0
Worker: http://localhost:8002, Running: 16.0, Waiting: 0.0
Worker: http://localhost:8002, qlen: 16.0
Worker: http://localhost:8002, Tokens: 953661.0
Selected worker: http://localhost:8001
INFO:     127.0.0.1:45638 - "POST /v1/completions HTTP/1.1" 200 OK
Worker: http://localhost:8001, Running: 15.0, Waiting: 0.0
Worker: http://localhost:8001, qlen: 15.0
Worker: http://localhost:8001, Tokens: 963104.0
Worker: http://localhost:8002, Running: 17.0, Waiting: 0.0
Worker: http://localhost:8002, qlen: 17.0
Worker: http://localhost:8002, Tokens: 956658.0
Selected worker: http://localhost:8001
INFO:     127.0.0.1:45644 - "POST /v1/completions HTTP/1.1" 200 OK
Worker: http://localhost:8001, Running: 14.0, Waiting: 0.0
Worker: http://localhost:8001, qlen: 14.0
Worker: http://localhost:8001, Tokens: 963434.0
Worker: http://localhost:8002, Running: 17.0, Waiting: 0.0
Worker: http://localhost:8002, qlen: 17.0
Worker: http://localhost:8002, Tokens: 953463.0
Selected worker: http://localhost:8001
INFO:     127.0.0.1:45654 - "POST /v1/completions HTTP/1.1" 200 OK
Worker: http://localhost:8001, Running: 14.0, Waiting: 0.0
Worker: http://localhost:8001, qlen: 14.0
Worker: http://localhost:8001, Tokens: 965939.0
Worker: http://localhost:8002, Running: 16.0, Waiting: 0.0
Worker: http://localhost:8002, qlen: 16.0
Worker: http://localhost:8002, Tokens: 956742.0
Selected worker: http://localhost:8001
INFO:     127.0.0.1:45670 - "POST /v1/completions HTTP/1.1" 200 OK
Worker: http://localhost:8001, Running: 14.0, Waiting: 0.0
Worker: http://localhost:8001, qlen: 14.0
Worker: http://localhost:8001, Tokens: 966214.0
Worker: http://localhost:8002, Running: 16.0, Waiting: 0.0
Worker: http://localhost:8002, qlen: 16.0
Worker: http://localhost:8002, Tokens: 956742.0
Selected worker: http://localhost:8001
INFO:     127.0.0.1:45672 - "POST /v1/completions HTTP/1.1" 200 OK
Worker: http://localhost:8001, Running: 16.0, Waiting: 0.0
Worker: http://localhost:8001, qlen: 16.0
Worker: http://localhost:8001, Tokens: 966212.0
Worker: http://localhost:8002, Running: 16.0, Waiting: 0.0
Worker: http://localhost:8002, qlen: 16.0
Worker: http://localhost:8002, Tokens: 953913.0
Selected worker: http://localhost:8001
INFO:     127.0.0.1:45678 - "POST /v1/completions HTTP/1.1" 200 OK
Worker: http://localhost:8001, Running: 16.0, Waiting: 0.0
Worker: http://localhost:8001, qlen: 16.0
Worker: http://localhost:8001, Tokens: 968304.0
Worker: http://localhost:8002, Running: 15.0, Waiting: 0.0
Worker: http://localhost:8002, qlen: 15.0
Worker: http://localhost:8002, Tokens: 956985.0
Selected worker: http://localhost:8002
Worker: http://localhost:8001, Running: 16.0, Waiting: 0.0
Worker: http://localhost:8001, qlen: 16.0
Worker: http://localhost:8001, Tokens: 968304.0
Worker: http://localhost:8002, Running: 15.0, Waiting: 0.0
Worker: http://localhost:8002, qlen: 15.0
Worker: http://localhost:8002, Tokens: 962047.0
Selected worker: http://localhost:8002
INFO:     127.0.0.1:45686 - "POST /v1/completions HTTP/1.1" 200 OK
INFO:     127.0.0.1:45692 - "POST /v1/completions HTTP/1.1" 200 OK
Worker: http://localhost:8001, Running: 16.0, Waiting: 0.0
Worker: http://localhost:8001, qlen: 16.0
Worker: http://localhost:8001, Tokens: 972508.0
Worker: http://localhost:8002, Running: 16.0, Waiting: 0.0
Worker: http://localhost:8002, qlen: 16.0
Worker: http://localhost:8002, Tokens: 960070.0
Selected worker: http://localhost:8001
INFO:     127.0.0.1:45696 - "POST /v1/completions HTTP/1.1" 200 OK
Worker: http://localhost:8001, Running: 17.0, Waiting: 0.0
Worker: http://localhost:8001, qlen: 17.0
Worker: http://localhost:8001, Tokens: 978260.0
Worker: http://localhost:8002, Running: 15.0, Waiting: 0.0
Worker: http://localhost:8002, qlen: 15.0
Worker: http://localhost:8002, Tokens: 964318.0
Selected worker: http://localhost:8002
INFO:     127.0.0.1:45702 - "POST /v1/completions HTTP/1.1" 200 OK
Worker: http://localhost:8001, Running: 16.0, Waiting: 0.0
Worker: http://localhost:8001, qlen: 16.0
Worker: http://localhost:8001, Tokens: 978711.0
Worker: http://localhost:8002, Running: 15.0, Waiting: 0.0
Worker: http://localhost:8002, qlen: 15.0
Worker: http://localhost:8002, Tokens: 961258.0
Selected worker: http://localhost:8002
INFO:     127.0.0.1:45716 - "POST /v1/completions HTTP/1.1" 200 OK
Worker: http://localhost:8001, Running: 16.0, Waiting: 0.0
Worker: http://localhost:8001, qlen: 16.0
Worker: http://localhost:8001, Tokens: 979282.0
Worker: http://localhost:8002, Running: 16.0, Waiting: 0.0
Worker: http://localhost:8002, qlen: 16.0
Worker: http://localhost:8002, Tokens: 970305.0
Selected worker: http://localhost:8002
INFO:     127.0.0.1:54676 - "POST /v1/completions HTTP/1.1" 200 OK
Worker: http://localhost:8001, Running: 15.0, Waiting: 0.0
Worker: http://localhost:8001, qlen: 15.0
Worker: http://localhost:8001, Tokens: 979652.0
Worker: http://localhost:8002, Running: 16.0, Waiting: 0.0
Worker: http://localhost:8002, qlen: 16.0
Worker: http://localhost:8002, Tokens: 970160.0
Selected worker: http://localhost:8001
INFO:     127.0.0.1:54680 - "POST /v1/completions HTTP/1.1" 200 OK
Worker: http://localhost:8001, Running: 16.0, Waiting: 0.0
Worker: http://localhost:8001, qlen: 16.0
Worker: http://localhost:8001, Tokens: 979832.0
Worker: http://localhost:8002, Running: 16.0, Waiting: 0.0
Worker: http://localhost:8002, qlen: 16.0
Worker: http://localhost:8002, Tokens: 967989.0
Selected worker: http://localhost:8001
INFO:     127.0.0.1:54692 - "POST /v1/completions HTTP/1.1" 200 OK
Worker: http://localhost:8001, Running: 17.0, Waiting: 0.0
Worker: http://localhost:8001, qlen: 17.0
Worker: http://localhost:8001, Tokens: 979018.0
Worker: http://localhost:8002, Running: 15.0, Waiting: 0.0
Worker: http://localhost:8002, qlen: 15.0
Worker: http://localhost:8002, Tokens: 971386.0
Selected worker: http://localhost:8002
INFO:     127.0.0.1:54696 - "POST /v1/completions HTTP/1.1" 200 OK
Worker: http://localhost:8001, Running: 16.0, Waiting: 0.0
Worker: http://localhost:8001, qlen: 16.0
Worker: http://localhost:8001, Tokens: 982072.0
Worker: http://localhost:8002, Running: 15.0, Waiting: 0.0
Worker: http://localhost:8002, qlen: 15.0
Worker: http://localhost:8002, Tokens: 971521.0
Selected worker: http://localhost:8002
INFO:     127.0.0.1:54702 - "POST /v1/completions HTTP/1.1" 200 OK
Worker: http://localhost:8001, Running: 15.0, Waiting: 0.0
Worker: http://localhost:8001, qlen: 15.0
Worker: http://localhost:8001, Tokens: 985489.0
Worker: http://localhost:8002, Running: 16.0, Waiting: 0.0
Worker: http://localhost:8002, qlen: 16.0
Worker: http://localhost:8002, Tokens: 974205.0
Selected worker: http://localhost:8001
INFO:     127.0.0.1:54708 - "POST /v1/completions HTTP/1.1" 200 OK
Worker: http://localhost:8001, Running: 15.0, Waiting: 0.0
Worker: http://localhost:8001, qlen: 15.0
Worker: http://localhost:8001, Tokens: 988571.0
Worker: http://localhost:8002, Running: 17.0, Waiting: 0.0
Worker: http://localhost:8002, qlen: 17.0
Worker: http://localhost:8002, Tokens: 971091.0
Selected worker: http://localhost:8001
INFO:     127.0.0.1:54710 - "POST /v1/completions HTTP/1.1" 200 OK
Worker: http://localhost:8001, Running: 14.0, Waiting: 0.0
Worker: http://localhost:8001, qlen: 14.0
Worker: http://localhost:8001, Tokens: 985571.0
Worker: http://localhost:8002, Running: 17.0, Waiting: 0.0
Worker: http://localhost:8002, qlen: 17.0
Worker: http://localhost:8002, Tokens: 971091.0
Selected worker: http://localhost:8001
INFO:     127.0.0.1:54714 - "POST /v1/completions HTTP/1.1" 200 OK
Worker: http://localhost:8001, Running: 14.0, Waiting: 0.0
Worker: http://localhost:8001, qlen: 14.0
Worker: http://localhost:8001, Tokens: 985886.0
Worker: http://localhost:8002, Running: 16.0, Waiting: 0.0
Worker: http://localhost:8002, qlen: 16.0
Worker: http://localhost:8002, Tokens: 974232.0
Selected worker: http://localhost:8001
INFO:     127.0.0.1:54730 - "POST /v1/completions HTTP/1.1" 200 OK
Worker: http://localhost:8001, Running: 14.0, Waiting: 0.0
Worker: http://localhost:8001, qlen: 14.0
Worker: http://localhost:8001, Tokens: 985624.0
Worker: http://localhost:8002, Running: 16.0, Waiting: 0.0
Worker: http://localhost:8002, qlen: 16.0
Worker: http://localhost:8002, Tokens: 974232.0
Selected worker: http://localhost:8001
INFO:     127.0.0.1:54732 - "POST /v1/completions HTTP/1.1" 200 OK
Worker: http://localhost:8001, Running: 15.0, Waiting: 2.0
Worker: http://localhost:8001, qlen: 15.0
Worker: http://localhost:8001, Tokens: 988617.0
Worker: http://localhost:8002, Running: 15.0, Waiting: 0.0
Worker: http://localhost:8002, qlen: 15.0
Worker: http://localhost:8002, Tokens: 971500.0
Selected worker: http://localhost:8001
INFO:     127.0.0.1:54736 - "POST /v1/completions HTTP/1.1" 200 OK
Worker: http://localhost:8001, Running: 18.0, Waiting: 0.0
Worker: http://localhost:8001, qlen: 18.0
Worker: http://localhost:8001, Tokens: 1010019.0
Worker: http://localhost:8002, Running: 14.0, Waiting: 0.0
Worker: http://localhost:8002, qlen: 14.0
Worker: http://localhost:8002, Tokens: 972131.0
Selected worker: http://localhost:8002
INFO:     127.0.0.1:54752 - "POST /v1/completions HTTP/1.1" 200 OK
Worker: http://localhost:8001, Running: 18.0, Waiting: 0.0
Worker: http://localhost:8001, qlen: 18.0
Worker: http://localhost:8001, Tokens: 1010559.0
Worker: http://localhost:8002, Running: 14.0, Waiting: 0.0
Worker: http://localhost:8002, qlen: 14.0
Worker: http://localhost:8002, Tokens: 978793.0
Selected worker: http://localhost:8002
INFO:     127.0.0.1:54754 - "POST /v1/completions HTTP/1.1" 200 OK
Worker: http://localhost:8001, Running: 18.0, Waiting: 0.0
Worker: http://localhost:8001, qlen: 18.0
Worker: http://localhost:8001, Tokens: 1011225.0
Worker: http://localhost:8002, Running: 14.0, Waiting: 0.0
Worker: http://localhost:8002, qlen: 14.0
Worker: http://localhost:8002, Tokens: 979463.0
Selected worker: http://localhost:8002
INFO:     127.0.0.1:54766 - "POST /v1/completions HTTP/1.1" 200 OK
Worker: http://localhost:8001, Running: 18.0, Waiting: 0.0
Worker: http://localhost:8001, qlen: 18.0
Worker: http://localhost:8001, Tokens: 1011783.0
Worker: http://localhost:8002, Running: 14.0, Waiting: 0.0
Worker: http://localhost:8002, qlen: 14.0
Worker: http://localhost:8002, Tokens: 979823.0
Selected worker: http://localhost:8002
INFO:     127.0.0.1:54774 - "POST /v1/completions HTTP/1.1" 200 OK
Worker: http://localhost:8001, Running: 18.0, Waiting: 0.0
Worker: http://localhost:8001, qlen: 18.0
Worker: http://localhost:8001, Tokens: 1012323.0
Worker: http://localhost:8002, Running: 14.0, Waiting: 0.0
Worker: http://localhost:8002, qlen: 14.0
Worker: http://localhost:8002, Tokens: 983169.0
Selected worker: http://localhost:8002
INFO:     127.0.0.1:54784 - "POST /v1/completions HTTP/1.1" 200 OK
Worker: http://localhost:8001, Running: 18.0, Waiting: 0.0
Worker: http://localhost:8001, qlen: 18.0
Worker: http://localhost:8001, Tokens: 1012323.0
Worker: http://localhost:8002, Running: 13.0, Waiting: 0.0
Worker: http://localhost:8002, qlen: 13.0
Worker: http://localhost:8002, Tokens: 980501.0
Selected worker: http://localhost:8002
INFO:     127.0.0.1:54794 - "POST /v1/completions HTTP/1.1" 200 OK
Worker: http://localhost:8001, Running: 18.0, Waiting: 0.0
Worker: http://localhost:8001, qlen: 18.0
Worker: http://localhost:8001, Tokens: 1013162.0
Worker: http://localhost:8002, Running: 14.0, Waiting: 0.0
Worker: http://localhost:8002, qlen: 14.0
Worker: http://localhost:8002, Tokens: 987701.0
Selected worker: http://localhost:8002
INFO:     127.0.0.1:35762 - "POST /v1/completions HTTP/1.1" 200 OK
Worker: http://localhost:8001, Running: 17.0, Waiting: 0.0
Worker: http://localhost:8001, qlen: 17.0
Worker: http://localhost:8001, Tokens: 1008466.0
Worker: http://localhost:8002, Running: 15.0, Waiting: 0.0
Worker: http://localhost:8002, qlen: 15.0
Worker: http://localhost:8002, Tokens: 990929.0
Selected worker: http://localhost:8002
INFO:     127.0.0.1:35774 - "POST /v1/completions HTTP/1.1" 200 OK
Worker: http://localhost:8001, Running: 16.0, Waiting: 0.0
Worker: http://localhost:8001, qlen: 16.0
Worker: http://localhost:8001, Tokens: 1010815.0
Worker: http://localhost:8002, Running: 16.0, Waiting: 0.0
Worker: http://localhost:8002, qlen: 16.0
Worker: http://localhost:8002, Tokens: 991259.0
Selected worker: http://localhost:8002
INFO:     127.0.0.1:35790 - "POST /v1/completions HTTP/1.1" 200 OK
Worker: http://localhost:8001, Running: 14.0, Waiting: 0.0
Worker: http://localhost:8001, qlen: 14.0
Worker: http://localhost:8001, Tokens: 1014291.0
Worker: http://localhost:8002, Running: 17.0, Waiting: 0.0
Worker: http://localhost:8002, qlen: 17.0
Worker: http://localhost:8002, Tokens: 993791.0
Selected worker: http://localhost:8001
INFO:     127.0.0.1:35806 - "POST /v1/completions HTTP/1.1" 200 OK
Worker: http://localhost:8001, Running: 14.0, Waiting: 0.0
Worker: http://localhost:8001, qlen: 14.0
Worker: http://localhost:8001, Tokens: 1014071.0
Worker: http://localhost:8002, Running: 17.0, Waiting: 0.0
Worker: http://localhost:8002, qlen: 17.0
Worker: http://localhost:8002, Tokens: 993876.0
Selected worker: http://localhost:8001
INFO:     127.0.0.1:35808 - "POST /v1/completions HTTP/1.1" 200 OK
Worker: http://localhost:8001, Running: 14.0, Waiting: 0.0
Worker: http://localhost:8001, qlen: 14.0
Worker: http://localhost:8001, Tokens: 1017359.0
Worker: http://localhost:8002, Running: 17.0, Waiting: 0.0
Worker: http://localhost:8002, qlen: 17.0
Worker: http://localhost:8002, Tokens: 993944.0
Selected worker: http://localhost:8001
INFO:     127.0.0.1:35822 - "POST /v1/completions HTTP/1.1" 200 OK
Worker: http://localhost:8001, Running: 15.0, Waiting: 0.0
Worker: http://localhost:8001, qlen: 15.0
Worker: http://localhost:8001, Tokens: 1018063.0
Worker: http://localhost:8002, Running: 17.0, Waiting: 0.0
Worker: http://localhost:8002, qlen: 17.0
Worker: http://localhost:8002, Tokens: 994049.0
Selected worker: http://localhost:8001
INFO:     127.0.0.1:35838 - "POST /v1/completions HTTP/1.1" 200 OK
Worker: http://localhost:8001, Running: 16.0, Waiting: 0.0
Worker: http://localhost:8001, qlen: 16.0
Worker: http://localhost:8001, Tokens: 1021382.0
Worker: http://localhost:8002, Running: 16.0, Waiting: 0.0
Worker: http://localhost:8002, qlen: 16.0
Worker: http://localhost:8002, Tokens: 991044.0
Selected worker: http://localhost:8001
INFO:     127.0.0.1:35850 - "POST /v1/completions HTTP/1.1" 200 OK
Worker: http://localhost:8001, Running: 17.0, Waiting: 0.0
Worker: http://localhost:8001, qlen: 17.0
Worker: http://localhost:8001, Tokens: 1018730.0
Worker: http://localhost:8002, Running: 15.0, Waiting: 0.0
Worker: http://localhost:8002, qlen: 15.0
Worker: http://localhost:8002, Tokens: 995285.0
Selected worker: http://localhost:8002
Worker: http://localhost:8001, Running: 17.0, Waiting: 0.0
Worker: http://localhost:8001, qlen: 17.0
Worker: http://localhost:8001, Tokens: 1018730.0
Worker: http://localhost:8002, Running: 15.0, Waiting: 0.0
Worker: http://localhost:8002, qlen: 15.0
Worker: http://localhost:8002, Tokens: 998243.0
Selected worker: http://localhost:8002
INFO:     127.0.0.1:35864 - "POST /v1/completions HTTP/1.1" 200 OK
INFO:     127.0.0.1:35868 - "POST /v1/completions HTTP/1.1" 200 OK
Worker: http://localhost:8001, Running: 16.0, Waiting: 0.0
Worker: http://localhost:8001, qlen: 16.0
Worker: http://localhost:8001, Tokens: 1022818.0
Worker: http://localhost:8002, Running: 16.0, Waiting: 0.0
Worker: http://localhost:8002, qlen: 16.0
Worker: http://localhost:8002, Tokens: 995843.0
Selected worker: http://localhost:8001
INFO:     127.0.0.1:35870 - "POST /v1/completions HTTP/1.1" 200 OK
Worker: http://localhost:8001, Running: 16.0, Waiting: 0.0
Worker: http://localhost:8001, qlen: 16.0
Worker: http://localhost:8001, Tokens: 1025800.0
Worker: http://localhost:8002, Running: 16.0, Waiting: 0.0
Worker: http://localhost:8002, qlen: 16.0
Worker: http://localhost:8002, Tokens: 995843.0
Selected worker: http://localhost:8001
INFO:     127.0.0.1:35878 - "POST /v1/completions HTTP/1.1" 200 OK
Worker: http://localhost:8001, Running: 18.0, Waiting: 0.0
Worker: http://localhost:8001, qlen: 18.0
Worker: http://localhost:8001, Tokens: 1026187.0
Worker: http://localhost:8002, Running: 14.0, Waiting: 0.0
Worker: http://localhost:8002, qlen: 14.0
Worker: http://localhost:8002, Tokens: 996827.0
Selected worker: http://localhost:8002
INFO:     127.0.0.1:35890 - "POST /v1/completions HTTP/1.1" 200 OK
Worker: http://localhost:8001, Running: 18.0, Waiting: 0.0
Worker: http://localhost:8001, qlen: 18.0
Worker: http://localhost:8001, Tokens: 1022972.0
Worker: http://localhost:8002, Running: 14.0, Waiting: 0.0
Worker: http://localhost:8002, qlen: 14.0
Worker: http://localhost:8002, Tokens: 1002873.0
Selected worker: http://localhost:8002
INFO:     127.0.0.1:35898 - "POST /v1/completions HTTP/1.1" 200 OK
Worker: http://localhost:8001, Running: 17.0, Waiting: 0.0
Worker: http://localhost:8001, qlen: 17.0
Worker: http://localhost:8001, Tokens: 1027217.0
Worker: http://localhost:8002, Running: 15.0, Waiting: 0.0
Worker: http://localhost:8002, qlen: 15.0
Worker: http://localhost:8002, Tokens: 1003163.0
Selected worker: http://localhost:8002
INFO:     127.0.0.1:35904 - "POST /v1/completions HTTP/1.1" 200 OK
Worker: http://localhost:8001, Running: 17.0, Waiting: 0.0
Worker: http://localhost:8001, qlen: 17.0
Worker: http://localhost:8001, Tokens: 1025165.0
Worker: http://localhost:8002, Running: 15.0, Waiting: 0.0
Worker: http://localhost:8002, qlen: 15.0
Worker: http://localhost:8002, Tokens: 1007410.0
Selected worker: http://localhost:8002
INFO:     127.0.0.1:35908 - "POST /v1/completions HTTP/1.1" 200 OK
Worker: http://localhost:8001, Running: 17.0, Waiting: 0.0
Worker: http://localhost:8001, qlen: 17.0
Worker: http://localhost:8001, Tokens: 1021943.0
Worker: http://localhost:8002, Running: 15.0, Waiting: 0.0
Worker: http://localhost:8002, qlen: 15.0
Worker: http://localhost:8002, Tokens: 1007470.0
Selected worker: http://localhost:8002
INFO:     127.0.0.1:35914 - "POST /v1/completions HTTP/1.1" 200 OK
Worker: http://localhost:8001, Running: 15.0, Waiting: 0.0
Worker: http://localhost:8001, qlen: 15.0
Worker: http://localhost:8001, Tokens: 1028043.0
Worker: http://localhost:8002, Running: 16.0, Waiting: 0.0
Worker: http://localhost:8002, qlen: 16.0
Worker: http://localhost:8002, Tokens: 1007594.0
Selected worker: http://localhost:8001
INFO:     127.0.0.1:35926 - "POST /v1/completions HTTP/1.1" 200 OK
Worker: http://localhost:8001, Running: 14.0, Waiting: 0.0
Worker: http://localhost:8001, qlen: 14.0
Worker: http://localhost:8001, Tokens: 1028350.0
Worker: http://localhost:8002, Running: 17.0, Waiting: 0.0
Worker: http://localhost:8002, qlen: 17.0
Worker: http://localhost:8002, Tokens: 1004662.0
Selected worker: http://localhost:8001
INFO:     127.0.0.1:35928 - "POST /v1/completions HTTP/1.1" 200 OK
Worker: http://localhost:8001, Running: 15.0, Waiting: 0.0
Worker: http://localhost:8001, qlen: 15.0
Worker: http://localhost:8001, Tokens: 1028167.0
Worker: http://localhost:8002, Running: 16.0, Waiting: 0.0
Worker: http://localhost:8002, qlen: 16.0
Worker: http://localhost:8002, Tokens: 1010625.0
Selected worker: http://localhost:8001
INFO:     127.0.0.1:35934 - "POST /v1/completions HTTP/1.1" 200 OK
Worker: http://localhost:8001, Running: 16.0, Waiting: 0.0
Worker: http://localhost:8001, qlen: 16.0
Worker: http://localhost:8001, Tokens: 1031516.0
Worker: http://localhost:8002, Running: 16.0, Waiting: 0.0
Worker: http://localhost:8002, qlen: 16.0
Worker: http://localhost:8002, Tokens: 1007877.0
Selected worker: http://localhost:8002
INFO:     127.0.0.1:35938 - "POST /v1/completions HTTP/1.1" 200 OK
Worker: http://localhost:8001, Running: 16.0, Waiting: 0.0
Worker: http://localhost:8001, qlen: 16.0
Worker: http://localhost:8001, Tokens: 1031481.0
Worker: http://localhost:8002, Running: 16.0, Waiting: 0.0
Worker: http://localhost:8002, qlen: 16.0
Worker: http://localhost:8002, Tokens: 1011114.0
Selected worker: http://localhost:8001
INFO:     127.0.0.1:46280 - "POST /v1/completions HTTP/1.1" 200 OK
Worker: http://localhost:8001, Running: 16.0, Waiting: 0.0
Worker: http://localhost:8001, qlen: 16.0
Worker: http://localhost:8001, Tokens: 1032477.0
Worker: http://localhost:8002, Running: 16.0, Waiting: 0.0
Worker: http://localhost:8002, qlen: 16.0
Worker: http://localhost:8002, Tokens: 1017244.0
Selected worker: http://localhost:8001
INFO:     127.0.0.1:46294 - "POST /v1/completions HTTP/1.1" 200 OK
Worker: http://localhost:8001, Running: 17.0, Waiting: 0.0
Worker: http://localhost:8001, qlen: 17.0
Worker: http://localhost:8001, Tokens: 1036255.0
Worker: http://localhost:8002, Running: 15.0, Waiting: 0.0
Worker: http://localhost:8002, qlen: 15.0
Worker: http://localhost:8002, Tokens: 1013122.0
Selected worker: http://localhost:8002
INFO:     127.0.0.1:46298 - "POST /v1/completions HTTP/1.1" 200 OK
Worker: http://localhost:8001, Running: 17.0, Waiting: 0.0
Worker: http://localhost:8001, qlen: 17.0
Worker: http://localhost:8001, Tokens: 1036294.0
Worker: http://localhost:8002, Running: 15.0, Waiting: 0.0
Worker: http://localhost:8002, qlen: 15.0
Worker: http://localhost:8002, Tokens: 1018547.0
Selected worker: http://localhost:8002
INFO:     127.0.0.1:46308 - "POST /v1/completions HTTP/1.1" 200 OK
Worker: http://localhost:8001, Running: 16.0, Waiting: 0.0
Worker: http://localhost:8001, qlen: 16.0
Worker: http://localhost:8001, Tokens: 1036964.0
Worker: http://localhost:8002, Running: 16.0, Waiting: 0.0
Worker: http://localhost:8002, qlen: 16.0
Worker: http://localhost:8002, Tokens: 1021574.0
Selected worker: http://localhost:8002
INFO:     127.0.0.1:46322 - "POST /v1/completions HTTP/1.1" 200 OK
Worker: http://localhost:8001, Running: 16.0, Waiting: 0.0
Worker: http://localhost:8001, qlen: 16.0
Worker: http://localhost:8001, Tokens: 1034946.0
Worker: http://localhost:8002, Running: 16.0, Waiting: 0.0
Worker: http://localhost:8002, qlen: 16.0
Worker: http://localhost:8002, Tokens: 1023044.0
Selected worker: http://localhost:8002
INFO:     127.0.0.1:46338 - "POST /v1/completions HTTP/1.1" 200 OK
Worker: http://localhost:8001, Running: 15.0, Waiting: 0.0
Worker: http://localhost:8001, qlen: 15.0
Worker: http://localhost:8001, Tokens: 1035463.0
Worker: http://localhost:8002, Running: 17.0, Waiting: 0.0
Worker: http://localhost:8002, qlen: 17.0
Worker: http://localhost:8002, Tokens: 1023849.0
Selected worker: http://localhost:8001
Worker: http://localhost:8001, Running: 15.0, Waiting: 0.0
Worker: http://localhost:8001, qlen: 15.0
Worker: http://localhost:8001, Tokens: 1035723.0
Worker: http://localhost:8002, Running: 17.0, Waiting: 0.0
Worker: http://localhost:8002, qlen: 17.0
Worker: http://localhost:8002, Tokens: 1023849.0
Selected worker: http://localhost:8001
INFO:     127.0.0.1:46352 - "POST /v1/completions HTTP/1.1" 200 OK
INFO:     127.0.0.1:46356 - "POST /v1/completions HTTP/1.1" 200 OK
Worker: http://localhost:8001, Running: 14.0, Waiting: 0.0
Worker: http://localhost:8001, qlen: 14.0
Worker: http://localhost:8001, Tokens: 1033478.0
Worker: http://localhost:8002, Running: 17.0, Waiting: 0.0
Worker: http://localhost:8002, qlen: 17.0
Worker: http://localhost:8002, Tokens: 1023849.0
Selected worker: http://localhost:8001
INFO:     127.0.0.1:46370 - "POST /v1/completions HTTP/1.1" 200 OK
Worker: http://localhost:8001, Running: 14.0, Waiting: 0.0
Worker: http://localhost:8001, qlen: 14.0
Worker: http://localhost:8001, Tokens: 1033746.0
Worker: http://localhost:8002, Running: 17.0, Waiting: 0.0
Worker: http://localhost:8002, qlen: 17.0
Worker: http://localhost:8002, Tokens: 1023578.0
Selected worker: http://localhost:8001
INFO:     127.0.0.1:46380 - "POST /v1/completions HTTP/1.1" 200 OK
Worker: http://localhost:8001, Running: 14.0, Waiting: 0.0
Worker: http://localhost:8001, qlen: 14.0
Worker: http://localhost:8001, Tokens: 1038415.0
Worker: http://localhost:8002, Running: 15.0, Waiting: 0.0
Worker: http://localhost:8002, qlen: 15.0
Worker: http://localhost:8002, Tokens: 1029160.0
Selected worker: http://localhost:8001
INFO:     127.0.0.1:46388 - "POST /v1/completions HTTP/1.1" 200 OK
Worker: http://localhost:8001, Running: 17.0, Waiting: 0.0
Worker: http://localhost:8001, qlen: 17.0
Worker: http://localhost:8001, Tokens: 1044556.0
Worker: http://localhost:8002, Running: 15.0, Waiting: 0.0
Worker: http://localhost:8002, qlen: 15.0
Worker: http://localhost:8002, Tokens: 1029460.0
Selected worker: http://localhost:8002
INFO:     127.0.0.1:46396 - "POST /v1/completions HTTP/1.1" 200 OK
Worker: http://localhost:8001, Running: 16.0, Waiting: 0.0
Worker: http://localhost:8001, qlen: 16.0
Worker: http://localhost:8001, Tokens: 1045068.0
Worker: http://localhost:8002, Running: 16.0, Waiting: 0.0
Worker: http://localhost:8002, qlen: 16.0
Worker: http://localhost:8002, Tokens: 1032585.0
Selected worker: http://localhost:8002
INFO:     127.0.0.1:46410 - "POST /v1/completions HTTP/1.1" 200 OK
Worker: http://localhost:8001, Running: 15.0, Waiting: 0.0
Worker: http://localhost:8001, qlen: 15.0
Worker: http://localhost:8001, Tokens: 1040751.0
Worker: http://localhost:8002, Running: 17.0, Waiting: 0.0
Worker: http://localhost:8002, qlen: 17.0
Worker: http://localhost:8002, Tokens: 1033124.0
Selected worker: http://localhost:8001
INFO:     127.0.0.1:46416 - "POST /v1/completions HTTP/1.1" 200 OK
Worker: http://localhost:8001, Running: 14.0, Waiting: 0.0
Worker: http://localhost:8001, qlen: 14.0
Worker: http://localhost:8001, Tokens: 1045967.0
Worker: http://localhost:8002, Running: 17.0, Waiting: 0.0
Worker: http://localhost:8002, qlen: 17.0
Worker: http://localhost:8002, Tokens: 1030223.0
Selected worker: http://localhost:8001
INFO:     127.0.0.1:46424 - "POST /v1/completions HTTP/1.1" 200 OK
Worker: http://localhost:8001, Running: 16.0, Waiting: 0.0
Worker: http://localhost:8001, qlen: 16.0
Worker: http://localhost:8001, Tokens: 1048914.0
Worker: http://localhost:8002, Running: 16.0, Waiting: 0.0
Worker: http://localhost:8002, qlen: 16.0
Worker: http://localhost:8002, Tokens: 1033450.0
Selected worker: http://localhost:8001
INFO:     127.0.0.1:46438 - "POST /v1/completions HTTP/1.1" 200 OK
Worker: http://localhost:8001, Running: 17.0, Waiting: 0.0
Worker: http://localhost:8001, qlen: 17.0
Worker: http://localhost:8001, Tokens: 1052340.0
Worker: http://localhost:8002, Running: 15.0, Waiting: 0.0
Worker: http://localhost:8002, qlen: 15.0
Worker: http://localhost:8002, Tokens: 1034063.0
Selected worker: http://localhost:8002
INFO:     127.0.0.1:46448 - "POST /v1/completions HTTP/1.1" 200 OK
Worker: http://localhost:8001, Running: 17.0, Waiting: 0.0
Worker: http://localhost:8001, qlen: 17.0
Worker: http://localhost:8001, Tokens: 1053105.0
Worker: http://localhost:8002, Running: 15.0, Waiting: 0.0
Worker: http://localhost:8002, qlen: 15.0
Worker: http://localhost:8002, Tokens: 1031826.0
Selected worker: http://localhost:8002
INFO:     127.0.0.1:32804 - "POST /v1/completions HTTP/1.1" 200 OK
Worker: http://localhost:8001, Running: 17.0, Waiting: 0.0
Worker: http://localhost:8001, qlen: 17.0
Worker: http://localhost:8001, Tokens: 1048406.0
Worker: http://localhost:8002, Running: 15.0, Waiting: 0.0
Worker: http://localhost:8002, qlen: 15.0
Worker: http://localhost:8002, Tokens: 1038546.0
Selected worker: http://localhost:8002
INFO:     127.0.0.1:32810 - "POST /v1/completions HTTP/1.1" 200 OK
Worker: http://localhost:8001, Running: 16.0, Waiting: 0.0
Worker: http://localhost:8001, qlen: 16.0
Worker: http://localhost:8001, Tokens: 1051264.0
Worker: http://localhost:8002, Running: 16.0, Waiting: 0.0
Worker: http://localhost:8002, qlen: 16.0
Worker: http://localhost:8002, Tokens: 1039497.0
Selected worker: http://localhost:8002
INFO:     127.0.0.1:32816 - "POST /v1/completions HTTP/1.1" 200 OK
Worker: http://localhost:8001, Running: 15.0, Waiting: 0.0
Worker: http://localhost:8001, qlen: 15.0
Worker: http://localhost:8001, Tokens: 1048226.0
Worker: http://localhost:8002, Running: 16.0, Waiting: 0.0
Worker: http://localhost:8002, qlen: 16.0
Worker: http://localhost:8002, Tokens: 1039577.0
Selected worker: http://localhost:8001
INFO:     127.0.0.1:32818 - "POST /v1/completions HTTP/1.1" 200 OK
Worker: http://localhost:8001, Running: 14.0, Waiting: 0.0
Worker: http://localhost:8001, qlen: 14.0
Worker: http://localhost:8001, Tokens: 1053696.0
Worker: http://localhost:8002, Running: 16.0, Waiting: 0.0
Worker: http://localhost:8002, qlen: 16.0
Worker: http://localhost:8002, Tokens: 1039577.0
Selected worker: http://localhost:8001
INFO:     127.0.0.1:32832 - "POST /v1/completions HTTP/1.1" 200 OK
Worker: http://localhost:8001, Running: 14.0, Waiting: 0.0
Worker: http://localhost:8001, qlen: 14.0
Worker: http://localhost:8001, Tokens: 1050311.0
Worker: http://localhost:8002, Running: 16.0, Waiting: 0.0
Worker: http://localhost:8002, qlen: 16.0
Worker: http://localhost:8002, Tokens: 1039577.0
Selected worker: http://localhost:8001
INFO:     127.0.0.1:32844 - "POST /v1/completions HTTP/1.1" 200 OK
Worker: http://localhost:8001, Running: 14.0, Waiting: 0.0
Worker: http://localhost:8001, qlen: 14.0
Worker: http://localhost:8001, Tokens: 1050573.0
Worker: http://localhost:8002, Running: 16.0, Waiting: 0.0
Worker: http://localhost:8002, qlen: 16.0
Worker: http://localhost:8002, Tokens: 1039577.0
Selected worker: http://localhost:8001
INFO:     127.0.0.1:32848 - "POST /v1/completions HTTP/1.1" 200 OK
Worker: http://localhost:8001, Running: 14.0, Waiting: 0.0
Worker: http://localhost:8001, qlen: 14.0
Worker: http://localhost:8001, Tokens: 1053688.0
Worker: http://localhost:8002, Running: 16.0, Waiting: 0.0
Worker: http://localhost:8002, qlen: 16.0
Worker: http://localhost:8002, Tokens: 1039577.0
Selected worker: http://localhost:8001
INFO:     127.0.0.1:32856 - "POST /v1/completions HTTP/1.1" 200 OK
Worker: http://localhost:8001, Running: 14.0, Waiting: 0.0
Worker: http://localhost:8001, qlen: 14.0
Worker: http://localhost:8001, Tokens: 1053949.0
Worker: http://localhost:8002, Running: 17.0, Waiting: 0.0
Worker: http://localhost:8002, qlen: 17.0
Worker: http://localhost:8002, Tokens: 1036309.0
Selected worker: http://localhost:8001
INFO:     127.0.0.1:32866 - "POST /v1/completions HTTP/1.1" 200 OK
Worker: http://localhost:8001, Running: 14.0, Waiting: 2.0
Worker: http://localhost:8001, qlen: 14.0
Worker: http://localhost:8001, Tokens: 1057640.0
Worker: http://localhost:8002, Running: 16.0, Waiting: 0.0
Worker: http://localhost:8002, qlen: 16.0
Worker: http://localhost:8002, Tokens: 1042590.0
Selected worker: http://localhost:8001
INFO:     127.0.0.1:32874 - "POST /v1/completions HTTP/1.1" 200 OK
Worker: http://localhost:8001, Running: 17.0, Waiting: 0.0
Worker: http://localhost:8001, qlen: 17.0
Worker: http://localhost:8001, Tokens: 1064644.0
Worker: http://localhost:8002, Running: 15.0, Waiting: 0.0
Worker: http://localhost:8002, qlen: 15.0
Worker: http://localhost:8002, Tokens: 1040091.0
Selected worker: http://localhost:8002
INFO:     127.0.0.1:32886 - "POST /v1/completions HTTP/1.1" 200 OK
Worker: http://localhost:8001, Running: 17.0, Waiting: 0.0
Worker: http://localhost:8001, qlen: 17.0
Worker: http://localhost:8001, Tokens: 1064929.0
Worker: http://localhost:8002, Running: 15.0, Waiting: 0.0
Worker: http://localhost:8002, qlen: 15.0
Worker: http://localhost:8002, Tokens: 1046878.0
Selected worker: http://localhost:8002
INFO:     127.0.0.1:32890 - "POST /v1/completions HTTP/1.1" 200 OK
Worker: http://localhost:8001, Running: 16.0, Waiting: 0.0
Worker: http://localhost:8001, qlen: 16.0
Worker: http://localhost:8001, Tokens: 1065861.0
Worker: http://localhost:8002, Running: 16.0, Waiting: 0.0
Worker: http://localhost:8002, qlen: 16.0
Worker: http://localhost:8002, Tokens: 1047319.0
Selected worker: http://localhost:8001
INFO:     127.0.0.1:32896 - "POST /v1/completions HTTP/1.1" 200 OK
Worker: http://localhost:8001, Running: 16.0, Waiting: 0.0
Worker: http://localhost:8001, qlen: 16.0
Worker: http://localhost:8001, Tokens: 1065957.0
Worker: http://localhost:8002, Running: 15.0, Waiting: 0.0
Worker: http://localhost:8002, qlen: 15.0
Worker: http://localhost:8002, Tokens: 1044612.0
Selected worker: http://localhost:8002
INFO:     127.0.0.1:32898 - "POST /v1/completions HTTP/1.1" 200 OK
Worker: http://localhost:8001, Running: 17.0, Waiting: 0.0
Worker: http://localhost:8001, qlen: 17.0
Worker: http://localhost:8001, Tokens: 1069595.0
Worker: http://localhost:8002, Running: 15.0, Waiting: 0.0
Worker: http://localhost:8002, qlen: 15.0
Worker: http://localhost:8002, Tokens: 1045211.0
Selected worker: http://localhost:8002
INFO:     127.0.0.1:32906 - "POST /v1/completions HTTP/1.1" 200 OK
Worker: http://localhost:8001, Running: 17.0, Waiting: 0.0
Worker: http://localhost:8001, qlen: 17.0
Worker: http://localhost:8001, Tokens: 1070190.0
Worker: http://localhost:8002, Running: 15.0, Waiting: 0.0
Worker: http://localhost:8002, qlen: 15.0
Worker: http://localhost:8002, Tokens: 1050961.0
Selected worker: http://localhost:8002
INFO:     127.0.0.1:32922 - "POST /v1/completions HTTP/1.1" 200 OK
Worker: http://localhost:8001, Running: 17.0, Waiting: 0.0
Worker: http://localhost:8001, qlen: 17.0
Worker: http://localhost:8001, Tokens: 1067654.0
Worker: http://localhost:8002, Running: 15.0, Waiting: 0.0
Worker: http://localhost:8002, qlen: 15.0
Worker: http://localhost:8002, Tokens: 1052521.0
Selected worker: http://localhost:8002
INFO:     127.0.0.1:32926 - "POST /v1/completions HTTP/1.1" 200 OK
Worker: http://localhost:8001, Running: 17.0, Waiting: 0.0
Worker: http://localhost:8001, qlen: 17.0
Worker: http://localhost:8001, Tokens: 1067654.0
Worker: http://localhost:8002, Running: 15.0, Waiting: 0.0
Worker: http://localhost:8002, qlen: 15.0
Worker: http://localhost:8002, Tokens: 1052581.0
Selected worker: http://localhost:8002
INFO:     127.0.0.1:32940 - "POST /v1/completions HTTP/1.1" 200 OK
Worker: http://localhost:8001, Running: 17.0, Waiting: 0.0
Worker: http://localhost:8001, qlen: 17.0
Worker: http://localhost:8001, Tokens: 1067392.0
Worker: http://localhost:8002, Running: 15.0, Waiting: 0.0
Worker: http://localhost:8002, qlen: 15.0
Worker: http://localhost:8002, Tokens: 1052851.0
Selected worker: http://localhost:8002
INFO:     127.0.0.1:32944 - "POST /v1/completions HTTP/1.1" 200 OK
Worker: http://localhost:8001, Running: 14.0, Waiting: 0.0
Worker: http://localhost:8001, qlen: 14.0
Worker: http://localhost:8001, Tokens: 1071061.0
Worker: http://localhost:8002, Running: 15.0, Waiting: 0.0
Worker: http://localhost:8002, qlen: 15.0
Worker: http://localhost:8002, Tokens: 1056027.0
Selected worker: http://localhost:8001
INFO:     127.0.0.1:32956 - "POST /v1/completions HTTP/1.1" 200 OK
Worker: http://localhost:8001, Running: 14.0, Waiting: 0.0
Worker: http://localhost:8001, qlen: 14.0
Worker: http://localhost:8001, Tokens: 1071338.0
Worker: http://localhost:8002, Running: 15.0, Waiting: 0.0
Worker: http://localhost:8002, qlen: 15.0
Worker: http://localhost:8002, Tokens: 1056027.0
Selected worker: http://localhost:8001
INFO:     127.0.0.1:32960 - "POST /v1/completions HTTP/1.1" 200 OK
Worker: http://localhost:8001, Running: 14.0, Waiting: 0.0
Worker: http://localhost:8001, qlen: 14.0
Worker: http://localhost:8001, Tokens: 1071175.0
Worker: http://localhost:8002, Running: 15.0, Waiting: 0.0
Worker: http://localhost:8002, qlen: 15.0
Worker: http://localhost:8002, Tokens: 1052701.0
Selected worker: http://localhost:8001
INFO:     127.0.0.1:32974 - "POST /v1/completions HTTP/1.1" 200 OK
Worker: http://localhost:8001, Running: 14.0, Waiting: 0.0
Worker: http://localhost:8001, qlen: 14.0
Worker: http://localhost:8001, Tokens: 1075299.0
Worker: http://localhost:8002, Running: 18.0, Waiting: 0.0
Worker: http://localhost:8002, qlen: 18.0
Worker: http://localhost:8002, Tokens: 1063958.0
Selected worker: http://localhost:8001
INFO:     127.0.0.1:53186 - "POST /v1/completions HTTP/1.1" 200 OK
Worker: http://localhost:8001, Running: 15.0, Waiting: 0.0
Worker: http://localhost:8001, qlen: 15.0
Worker: http://localhost:8001, Tokens: 1079321.0
Worker: http://localhost:8002, Running: 17.0, Waiting: 0.0
Worker: http://localhost:8002, qlen: 17.0
Worker: http://localhost:8002, Tokens: 1067592.0
Selected worker: http://localhost:8001
INFO:     127.0.0.1:53194 - "POST /v1/completions HTTP/1.1" 200 OK
Worker: http://localhost:8001, Running: 15.0, Waiting: 0.0
Worker: http://localhost:8001, qlen: 15.0
Worker: http://localhost:8001, Tokens: 1076399.0
Worker: http://localhost:8002, Running: 17.0, Waiting: 0.0
Worker: http://localhost:8002, qlen: 17.0
Worker: http://localhost:8002, Tokens: 1067592.0
Selected worker: http://localhost:8001
INFO:     127.0.0.1:53202 - "POST /v1/completions HTTP/1.1" 200 OK
Worker: http://localhost:8001, Running: 15.0, Waiting: 0.0
Worker: http://localhost:8001, qlen: 15.0
Worker: http://localhost:8001, Tokens: 1079830.0
Worker: http://localhost:8002, Running: 16.0, Waiting: 0.0
Worker: http://localhost:8002, qlen: 16.0
Worker: http://localhost:8002, Tokens: 1065056.0
Selected worker: http://localhost:8001
INFO:     127.0.0.1:53204 - "POST /v1/completions HTTP/1.1" 200 OK
Worker: http://localhost:8001, Running: 17.0, Waiting: 0.0
Worker: http://localhost:8001, qlen: 17.0
Worker: http://localhost:8001, Tokens: 1083032.0
Worker: http://localhost:8002, Running: 15.0, Waiting: 0.0
Worker: http://localhost:8002, qlen: 15.0
Worker: http://localhost:8002, Tokens: 1068308.0
Selected worker: http://localhost:8002
INFO:     127.0.0.1:53216 - "POST /v1/completions HTTP/1.1" 200 OK
Worker: http://localhost:8001, Running: 17.0, Waiting: 0.0
Worker: http://localhost:8001, qlen: 17.0
Worker: http://localhost:8001, Tokens: 1083491.0
Worker: http://localhost:8002, Running: 15.0, Waiting: 0.0
Worker: http://localhost:8002, qlen: 15.0
Worker: http://localhost:8002, Tokens: 1068152.0
Selected worker: http://localhost:8002
INFO:     127.0.0.1:53224 - "POST /v1/completions HTTP/1.1" 200 OK
Worker: http://localhost:8001, Running: 17.0, Waiting: 0.0
Worker: http://localhost:8001, qlen: 17.0
Worker: http://localhost:8001, Tokens: 1084205.0
Worker: http://localhost:8002, Running: 15.0, Waiting: 0.0
Worker: http://localhost:8002, qlen: 15.0
Worker: http://localhost:8002, Tokens: 1072151.0
Selected worker: http://localhost:8002
INFO:     127.0.0.1:53228 - "POST /v1/completions HTTP/1.1" 200 OK
Worker: http://localhost:8001, Running: 17.0, Waiting: 0.0
Worker: http://localhost:8001, qlen: 17.0
Worker: http://localhost:8001, Tokens: 1084630.0
Worker: http://localhost:8002, Running: 15.0, Waiting: 0.0
Worker: http://localhost:8002, qlen: 15.0
Worker: http://localhost:8002, Tokens: 1071523.0
Selected worker: http://localhost:8002
INFO:     127.0.0.1:53240 - "POST /v1/completions HTTP/1.1" 200 OK
Worker: http://localhost:8001, Running: 17.0, Waiting: 0.0
Worker: http://localhost:8001, qlen: 17.0
Worker: http://localhost:8001, Tokens: 1081356.0
Worker: http://localhost:8002, Running: 15.0, Waiting: 0.0
Worker: http://localhost:8002, qlen: 15.0
Worker: http://localhost:8002, Tokens: 1075480.0
Selected worker: http://localhost:8002
INFO:     127.0.0.1:53244 - "POST /v1/completions HTTP/1.1" 200 OK
Worker: http://localhost:8001, Running: 16.0, Waiting: 0.0
Worker: http://localhost:8001, qlen: 16.0
Worker: http://localhost:8001, Tokens: 1084734.0
Worker: http://localhost:8002, Running: 15.0, Waiting: 0.0
Worker: http://localhost:8002, qlen: 15.0
Worker: http://localhost:8002, Tokens: 1075585.0
Selected worker: http://localhost:8002
INFO:     127.0.0.1:53252 - "POST /v1/completions HTTP/1.1" 200 OK
Worker: http://localhost:8001, Running: 16.0, Waiting: 0.0
Worker: http://localhost:8001, qlen: 16.0
Worker: http://localhost:8001, Tokens: 1084443.0
Worker: http://localhost:8002, Running: 16.0, Waiting: 0.0
Worker: http://localhost:8002, qlen: 16.0
Worker: http://localhost:8002, Tokens: 1075600.0
Selected worker: http://localhost:8001
INFO:     127.0.0.1:53268 - "POST /v1/completions HTTP/1.1" 200 OK
Worker: http://localhost:8001, Running: 15.0, Waiting: 0.0
Worker: http://localhost:8001, qlen: 15.0
Worker: http://localhost:8001, Tokens: 1088441.0
Worker: http://localhost:8002, Running: 17.0, Waiting: 0.0
Worker: http://localhost:8002, qlen: 17.0
Worker: http://localhost:8002, Tokens: 1075869.0
Selected worker: http://localhost:8001
INFO:     127.0.0.1:53284 - "POST /v1/completions HTTP/1.1" 200 OK
Worker: http://localhost:8001, Running: 16.0, Waiting: 0.0
Worker: http://localhost:8001, qlen: 16.0
Worker: http://localhost:8001, Tokens: 1088985.0
Worker: http://localhost:8002, Running: 16.0, Waiting: 0.0
Worker: http://localhost:8002, qlen: 16.0
Worker: http://localhost:8002, Tokens: 1079493.0
Selected worker: http://localhost:8001
INFO:     127.0.0.1:53292 - "POST /v1/completions HTTP/1.1" 200 OK
Worker: http://localhost:8001, Running: 17.0, Waiting: 0.0
Worker: http://localhost:8001, qlen: 17.0
Worker: http://localhost:8001, Tokens: 1088434.0
Worker: http://localhost:8002, Running: 15.0, Waiting: 0.0
Worker: http://localhost:8002, qlen: 15.0
Worker: http://localhost:8002, Tokens: 1080064.0
Selected worker: http://localhost:8002
INFO:     127.0.0.1:53298 - "POST /v1/completions HTTP/1.1" 200 OK
Worker: http://localhost:8001, Running: 16.0, Waiting: 0.0
Worker: http://localhost:8001, qlen: 16.0
Worker: http://localhost:8001, Tokens: 1092124.0
Worker: http://localhost:8002, Running: 16.0, Waiting: 0.0
Worker: http://localhost:8002, qlen: 16.0
Worker: http://localhost:8002, Tokens: 1080675.0
Selected worker: http://localhost:8002
INFO:     127.0.0.1:53312 - "POST /v1/completions HTTP/1.1" 200 OK
Worker: http://localhost:8001, Running: 15.0, Waiting: 0.0
Worker: http://localhost:8001, qlen: 15.0
Worker: http://localhost:8001, Tokens: 1092187.0
Worker: http://localhost:8002, Running: 16.0, Waiting: 0.0
Worker: http://localhost:8002, qlen: 16.0
Worker: http://localhost:8002, Tokens: 1080755.0
Selected worker: http://localhost:8001
INFO:     127.0.0.1:53318 - "POST /v1/completions HTTP/1.1" 200 OK
Worker: http://localhost:8001, Running: 15.0, Waiting: 0.0
Worker: http://localhost:8001, qlen: 15.0
Worker: http://localhost:8001, Tokens: 1092805.0
Worker: http://localhost:8002, Running: 17.0, Waiting: 0.0
Worker: http://localhost:8002, qlen: 17.0
Worker: http://localhost:8002, Tokens: 1080659.0
Selected worker: http://localhost:8001
INFO:     127.0.0.1:53334 - "POST /v1/completions HTTP/1.1" 200 OK
Worker: http://localhost:8001, Running: 16.0, Waiting: 0.0
Worker: http://localhost:8001, qlen: 16.0
Worker: http://localhost:8001, Tokens: 1096526.0
Worker: http://localhost:8002, Running: 16.0, Waiting: 0.0
Worker: http://localhost:8002, qlen: 16.0
Worker: http://localhost:8002, Tokens: 1084832.0
Selected worker: http://localhost:8001
INFO:     127.0.0.1:59032 - "POST /v1/completions HTTP/1.1" 200 OK
Worker: http://localhost:8001, Running: 17.0, Waiting: 0.0
Worker: http://localhost:8001, qlen: 17.0
Worker: http://localhost:8001, Tokens: 1097177.0
Worker: http://localhost:8002, Running: 15.0, Waiting: 0.0
Worker: http://localhost:8002, qlen: 15.0
Worker: http://localhost:8002, Tokens: 1079995.0
Selected worker: http://localhost:8002
INFO:     127.0.0.1:59038 - "POST /v1/completions HTTP/1.1" 200 OK
Worker: http://localhost:8001, Running: 17.0, Waiting: 0.0
Worker: http://localhost:8001, qlen: 17.0
Worker: http://localhost:8001, Tokens: 1091056.0
Worker: http://localhost:8002, Running: 15.0, Waiting: 0.0
Worker: http://localhost:8002, qlen: 15.0
Worker: http://localhost:8002, Tokens: 1085843.0
Selected worker: http://localhost:8002
Worker: http://localhost:8001, Running: 17.0, Waiting: 0.0
Worker: http://localhost:8001, qlen: 17.0
Worker: http://localhost:8001, Tokens: 1091056.0
Worker: http://localhost:8002, Running: 15.0, Waiting: 0.0
Worker: http://localhost:8002, qlen: 15.0
Worker: http://localhost:8002, Tokens: 1086151.0
Selected worker: http://localhost:8002
INFO:     127.0.0.1:59054 - "POST /v1/completions HTTP/1.1" 200 OK
INFO:     127.0.0.1:59068 - "POST /v1/completions HTTP/1.1" 200 OK
Worker: http://localhost:8001, Running: 15.0, Waiting: 0.0
Worker: http://localhost:8001, qlen: 15.0
Worker: http://localhost:8001, Tokens: 1097877.0
Worker: http://localhost:8002, Running: 15.0, Waiting: 2.0
Worker: http://localhost:8002, qlen: 15.0
Worker: http://localhost:8002, Tokens: 1085913.0
Selected worker: http://localhost:8002
INFO:     127.0.0.1:59082 - "POST /v1/completions HTTP/1.1" 200 OK
Worker: http://localhost:8001, Running: 14.0, Waiting: 0.0
Worker: http://localhost:8001, qlen: 14.0
Worker: http://localhost:8001, Tokens: 1095469.0
Worker: http://localhost:8002, Running: 17.0, Waiting: 1.0
Worker: http://localhost:8002, qlen: 17.0
Worker: http://localhost:8002, Tokens: 1102759.0
Selected worker: http://localhost:8001
INFO:     127.0.0.1:59098 - "POST /v1/completions HTTP/1.1" 200 OK
Worker: http://localhost:8001, Running: 13.0, Waiting: 0.0
Worker: http://localhost:8001, qlen: 13.0
Worker: http://localhost:8001, Tokens: 1098739.0
Worker: http://localhost:8002, Running: 17.0, Waiting: 1.0
Worker: http://localhost:8002, qlen: 17.0
Worker: http://localhost:8002, Tokens: 1102483.0
Selected worker: http://localhost:8001
INFO:     127.0.0.1:59102 - "POST /v1/completions HTTP/1.1" 200 OK
Worker: http://localhost:8001, Running: 15.0, Waiting: 0.0
Worker: http://localhost:8001, qlen: 15.0
Worker: http://localhost:8001, Tokens: 1101853.0
Worker: http://localhost:8002, Running: 17.0, Waiting: 0.0
Worker: http://localhost:8002, qlen: 17.0
Worker: http://localhost:8002, Tokens: 1108696.0
Selected worker: http://localhost:8001
INFO:     127.0.0.1:59112 - "POST /v1/completions HTTP/1.1" 200 OK
Worker: http://localhost:8001, Running: 16.0, Waiting: 0.0
Worker: http://localhost:8001, qlen: 16.0
Worker: http://localhost:8001, Tokens: 1102018.0
Worker: http://localhost:8002, Running: 16.0, Waiting: 0.0
Worker: http://localhost:8002, qlen: 16.0
Worker: http://localhost:8002, Tokens: 1106032.0
Selected worker: http://localhost:8001
INFO:     127.0.0.1:59118 - "POST /v1/completions HTTP/1.1" 200 OK
Worker: http://localhost:8001, Running: 16.0, Waiting: 0.0
Worker: http://localhost:8001, qlen: 16.0
Worker: http://localhost:8001, Tokens: 1098506.0
Worker: http://localhost:8002, Running: 15.0, Waiting: 0.0
Worker: http://localhost:8002, qlen: 15.0
Worker: http://localhost:8002, Tokens: 1109370.0
Selected worker: http://localhost:8002
INFO:     127.0.0.1:59122 - "POST /v1/completions HTTP/1.1" 200 OK
Worker: http://localhost:8001, Running: 16.0, Waiting: 0.0
Worker: http://localhost:8001, qlen: 16.0
Worker: http://localhost:8001, Tokens: 1110330.0
Worker: http://localhost:8002, Running: 16.0, Waiting: 0.0
Worker: http://localhost:8002, qlen: 16.0
Worker: http://localhost:8002, Tokens: 1117732.0
Selected worker: http://localhost:8001
INFO:     127.0.0.1:59134 - "POST /v1/completions HTTP/1.1" 200 OK
Worker: http://localhost:8001, Running: 16.0, Waiting: 0.0
Worker: http://localhost:8001, qlen: 16.0
Worker: http://localhost:8001, Tokens: 1111403.0
Worker: http://localhost:8002, Running: 16.0, Waiting: 0.0
Worker: http://localhost:8002, qlen: 16.0
Worker: http://localhost:8002, Tokens: 1118084.0
Selected worker: http://localhost:8001
INFO:     127.0.0.1:59138 - "POST /v1/completions HTTP/1.1" 200 OK
Worker: http://localhost:8001, Running: 17.0, Waiting: 0.0
Worker: http://localhost:8001, qlen: 17.0
Worker: http://localhost:8001, Tokens: 1114666.0
Worker: http://localhost:8002, Running: 15.0, Waiting: 0.0
Worker: http://localhost:8002, qlen: 15.0
Worker: http://localhost:8002, Tokens: 1118795.0
Selected worker: http://localhost:8002
INFO:     127.0.0.1:59142 - "POST /v1/completions HTTP/1.1" 200 OK
Worker: http://localhost:8001, Running: 16.0, Waiting: 0.0
Worker: http://localhost:8001, qlen: 16.0
Worker: http://localhost:8001, Tokens: 1112448.0
Worker: http://localhost:8002, Running: 16.0, Waiting: 0.0
Worker: http://localhost:8002, qlen: 16.0
Worker: http://localhost:8002, Tokens: 1119632.0
Selected worker: http://localhost:8002
INFO:     127.0.0.1:59146 - "POST /v1/completions HTTP/1.1" 200 OK
Worker: http://localhost:8001, Running: 16.0, Waiting: 0.0
Worker: http://localhost:8001, qlen: 16.0
Worker: http://localhost:8001, Tokens: 1105678.0
Worker: http://localhost:8002, Running: 16.0, Waiting: 0.0
Worker: http://localhost:8002, qlen: 16.0
Worker: http://localhost:8002, Tokens: 1119680.0
Selected worker: http://localhost:8001
INFO:     127.0.0.1:59160 - "POST /v1/completions HTTP/1.1" 200 OK
Worker: http://localhost:8001, Running: 16.0, Waiting: 0.0
Worker: http://localhost:8001, qlen: 16.0
Worker: http://localhost:8001, Tokens: 1105946.0
Worker: http://localhost:8002, Running: 16.0, Waiting: 0.0
Worker: http://localhost:8002, qlen: 16.0
Worker: http://localhost:8002, Tokens: 1119680.0
Selected worker: http://localhost:8002
INFO:     127.0.0.1:59162 - "POST /v1/completions HTTP/1.1" 200 OK
Worker: http://localhost:8001, Running: 14.0, Waiting: 0.0
Worker: http://localhost:8001, qlen: 14.0
Worker: http://localhost:8001, Tokens: 1116753.0
Worker: http://localhost:8002, Running: 18.0, Waiting: 0.0
Worker: http://localhost:8002, qlen: 18.0
Worker: http://localhost:8002, Tokens: 1126808.0
Selected worker: http://localhost:8001
INFO:     127.0.0.1:56046 - "POST /v1/completions HTTP/1.1" 200 OK
Worker: http://localhost:8001, Running: 14.0, Waiting: 0.0
Worker: http://localhost:8001, qlen: 14.0
Worker: http://localhost:8001, Tokens: 1117021.0
Worker: http://localhost:8002, Running: 18.0, Waiting: 0.0
Worker: http://localhost:8002, qlen: 18.0
Worker: http://localhost:8002, Tokens: 1123240.0
Selected worker: http://localhost:8001
INFO:     127.0.0.1:56060 - "POST /v1/completions HTTP/1.1" 200 OK
Worker: http://localhost:8001, Running: 15.0, Waiting: 0.0
Worker: http://localhost:8001, qlen: 15.0
Worker: http://localhost:8001, Tokens: 1121453.0
Worker: http://localhost:8002, Running: 17.0, Waiting: 0.0
Worker: http://localhost:8002, qlen: 17.0
Worker: http://localhost:8002, Tokens: 1127272.0
Selected worker: http://localhost:8001
INFO:     127.0.0.1:56068 - "POST /v1/completions HTTP/1.1" 200 OK
Worker: http://localhost:8001, Running: 15.0, Waiting: 0.0
Worker: http://localhost:8001, qlen: 15.0
Worker: http://localhost:8001, Tokens: 1121966.0
Worker: http://localhost:8002, Running: 17.0, Waiting: 0.0
Worker: http://localhost:8002, qlen: 17.0
Worker: http://localhost:8002, Tokens: 1127151.0
Selected worker: http://localhost:8001
INFO:     127.0.0.1:56076 - "POST /v1/completions HTTP/1.1" 200 OK
Worker: http://localhost:8001, Running: 15.0, Waiting: 0.0
Worker: http://localhost:8001, qlen: 15.0
Worker: http://localhost:8001, Tokens: 1124877.0
Worker: http://localhost:8002, Running: 16.0, Waiting: 0.0
Worker: http://localhost:8002, qlen: 16.0
Worker: http://localhost:8002, Tokens: 1127245.0
Selected worker: http://localhost:8001
INFO:     127.0.0.1:56078 - "POST /v1/completions HTTP/1.1" 200 OK
Worker: http://localhost:8001, Running: 16.0, Waiting: 0.0
Worker: http://localhost:8001, qlen: 16.0
Worker: http://localhost:8001, Tokens: 1119019.0
Worker: http://localhost:8002, Running: 15.0, Waiting: 0.0
Worker: http://localhost:8002, qlen: 15.0
Worker: http://localhost:8002, Tokens: 1127708.0
Selected worker: http://localhost:8002
INFO:     127.0.0.1:56094 - "POST /v1/completions HTTP/1.1" 200 OK
Worker: http://localhost:8001, Running: 16.0, Waiting: 0.0
Worker: http://localhost:8001, qlen: 16.0
Worker: http://localhost:8001, Tokens: 1124479.0
Worker: http://localhost:8002, Running: 15.0, Waiting: 0.0
Worker: http://localhost:8002, qlen: 15.0
Worker: http://localhost:8002, Tokens: 1127798.0
Selected worker: http://localhost:8002
INFO:     127.0.0.1:56100 - "POST /v1/completions HTTP/1.1" 200 OK
Worker: http://localhost:8001, Running: 15.0, Waiting: 0.0
Worker: http://localhost:8001, qlen: 15.0
Worker: http://localhost:8001, Tokens: 1125138.0
Worker: http://localhost:8002, Running: 17.0, Waiting: 0.0
Worker: http://localhost:8002, qlen: 17.0
Worker: http://localhost:8002, Tokens: 1127883.0
Selected worker: http://localhost:8001
INFO:     127.0.0.1:56116 - "POST /v1/completions HTTP/1.1" 200 OK
Worker: http://localhost:8001, Running: 15.0, Waiting: 0.0
Worker: http://localhost:8001, qlen: 15.0
Worker: http://localhost:8001, Tokens: 1060450.0
Worker: http://localhost:8002, Running: 16.0, Waiting: 0.0
Worker: http://localhost:8002, qlen: 16.0
Worker: http://localhost:8002, Tokens: 1131648.0
Selected worker: http://localhost:8001
INFO:     127.0.0.1:56120 - "POST /v1/completions HTTP/1.1" 200 OK
Worker: http://localhost:8001, Running: 16.0, Waiting: 0.0
Worker: http://localhost:8001, qlen: 16.0
Worker: http://localhost:8001, Tokens: 1126617.0
Worker: http://localhost:8002, Running: 16.0, Waiting: 0.0
Worker: http://localhost:8002, qlen: 16.0
Worker: http://localhost:8002, Tokens: 1129100.0
Selected worker: http://localhost:8001
INFO:     127.0.0.1:56132 - "POST /v1/completions HTTP/1.1" 200 OK
Worker: http://localhost:8001, Running: 17.0, Waiting: 0.0
Worker: http://localhost:8001, qlen: 17.0
Worker: http://localhost:8001, Tokens: 1130560.0
Worker: http://localhost:8002, Running: 15.0, Waiting: 0.0
Worker: http://localhost:8002, qlen: 15.0
Worker: http://localhost:8002, Tokens: 1132582.0
Selected worker: http://localhost:8002
INFO:     127.0.0.1:56142 - "POST /v1/completions HTTP/1.1" 200 OK
Worker: http://localhost:8001, Running: 17.0, Waiting: 0.0
Worker: http://localhost:8001, qlen: 17.0
Worker: http://localhost:8001, Tokens: 1127009.0
Worker: http://localhost:8002, Running: 14.0, Waiting: 0.0
Worker: http://localhost:8002, qlen: 14.0
Worker: http://localhost:8002, Tokens: 1132948.0
Selected worker: http://localhost:8002
Worker: http://localhost:8001, Running: 17.0, Waiting: 0.0
Worker: http://localhost:8001, qlen: 17.0
Worker: http://localhost:8001, Tokens: 1127009.0
Worker: http://localhost:8002, Running: 14.0, Waiting: 0.0
Worker: http://localhost:8002, qlen: 14.0
Worker: http://localhost:8002, Tokens: 1140880.0
Selected worker: http://localhost:8002
INFO:     127.0.0.1:56156 - "POST /v1/completions HTTP/1.1" 200 OK
INFO:     127.0.0.1:56164 - "POST /v1/completions HTTP/1.1" 200 OK
Worker: http://localhost:8001, Running: 15.0, Waiting: 0.0
Worker: http://localhost:8001, qlen: 15.0
Worker: http://localhost:8001, Tokens: 1127783.0
Worker: http://localhost:8002, Running: 16.0, Waiting: 1.0
Worker: http://localhost:8002, qlen: 16.0
Worker: http://localhost:8002, Tokens: 1133210.0
Selected worker: http://localhost:8001
INFO:     127.0.0.1:56174 - "POST /v1/completions HTTP/1.1" 200 OK
Worker: http://localhost:8001, Running: 15.0, Waiting: 0.0
Worker: http://localhost:8001, qlen: 15.0
Worker: http://localhost:8001, Tokens: 1137281.0
Worker: http://localhost:8002, Running: 17.0, Waiting: 0.0
Worker: http://localhost:8002, qlen: 17.0
Worker: http://localhost:8002, Tokens: 1143764.0
Selected worker: http://localhost:8001
INFO:     127.0.0.1:56188 - "POST /v1/completions HTTP/1.1" 200 OK
Worker: http://localhost:8001, Running: 15.0, Waiting: 0.0
Worker: http://localhost:8001, qlen: 15.0
Worker: http://localhost:8001, Tokens: 1137543.0
Worker: http://localhost:8002, Running: 17.0, Waiting: 0.0
Worker: http://localhost:8002, qlen: 17.0
Worker: http://localhost:8002, Tokens: 1144053.0
Selected worker: http://localhost:8001
INFO:     127.0.0.1:56194 - "POST /v1/completions HTTP/1.1" 200 OK
Worker: http://localhost:8001, Running: 15.0, Waiting: 0.0
Worker: http://localhost:8001, qlen: 15.0
Worker: http://localhost:8001, Tokens: 1138008.0
Worker: http://localhost:8002, Running: 17.0, Waiting: 0.0
Worker: http://localhost:8002, qlen: 17.0
Worker: http://localhost:8002, Tokens: 1141192.0
Selected worker: http://localhost:8001
INFO:     127.0.0.1:56206 - "POST /v1/completions HTTP/1.1" 200 OK
Worker: http://localhost:8001, Running: 16.0, Waiting: 0.0
Worker: http://localhost:8001, qlen: 16.0
Worker: http://localhost:8001, Tokens: 1152736.0
Worker: http://localhost:8002, Running: 16.0, Waiting: 0.0
Worker: http://localhost:8002, qlen: 16.0
Worker: http://localhost:8002, Tokens: 1145033.0
Selected worker: http://localhost:8001
INFO:     127.0.0.1:56214 - "POST /v1/completions HTTP/1.1" 200 OK
Worker: http://localhost:8001, Running: 15.0, Waiting: 0.0
Worker: http://localhost:8001, qlen: 15.0
Worker: http://localhost:8001, Tokens: 1149650.0
Worker: http://localhost:8002, Running: 16.0, Waiting: 0.0
Worker: http://localhost:8002, qlen: 16.0
Worker: http://localhost:8002, Tokens: 1145097.0
Selected worker: http://localhost:8001
INFO:     127.0.0.1:56226 - "POST /v1/completions HTTP/1.1" 200 OK
Worker: http://localhost:8001, Running: 16.0, Waiting: 0.0
Worker: http://localhost:8001, qlen: 16.0
Worker: http://localhost:8001, Tokens: 1155662.0
Worker: http://localhost:8002, Running: 16.0, Waiting: 0.0
Worker: http://localhost:8002, qlen: 16.0
Worker: http://localhost:8002, Tokens: 1145134.0
Selected worker: http://localhost:8002
INFO:     127.0.0.1:54832 - "POST /v1/completions HTTP/1.1" 200 OK
Worker: http://localhost:8001, Running: 16.0, Waiting: 0.0
Worker: http://localhost:8001, qlen: 16.0
Worker: http://localhost:8001, Tokens: 1156190.0
Worker: http://localhost:8002, Running: 16.0, Waiting: 0.0
Worker: http://localhost:8002, qlen: 16.0
Worker: http://localhost:8002, Tokens: 1148694.0
Selected worker: http://localhost:8001
INFO:     127.0.0.1:54838 - "POST /v1/completions HTTP/1.1" 200 OK
Worker: http://localhost:8001, Running: 16.0, Waiting: 0.0
Worker: http://localhost:8001, qlen: 16.0
Worker: http://localhost:8001, Tokens: 1156682.0
Worker: http://localhost:8002, Running: 16.0, Waiting: 0.0
Worker: http://localhost:8002, qlen: 16.0
Worker: http://localhost:8002, Tokens: 1142686.0
Selected worker: http://localhost:8002
INFO:     127.0.0.1:54850 - "POST /v1/completions HTTP/1.1" 200 OK
Worker: http://localhost:8001, Running: 16.0, Waiting: 0.0
Worker: http://localhost:8001, qlen: 16.0
Worker: http://localhost:8001, Tokens: 1156746.0
Worker: http://localhost:8002, Running: 16.0, Waiting: 0.0
Worker: http://localhost:8002, qlen: 16.0
Worker: http://localhost:8002, Tokens: 1142852.0
Selected worker: http://localhost:8002
INFO:     127.0.0.1:54858 - "POST /v1/completions HTTP/1.1" 200 OK
Worker: http://localhost:8001, Running: 16.0, Waiting: 0.0
Worker: http://localhost:8001, qlen: 16.0
Worker: http://localhost:8001, Tokens: 1157802.0
Worker: http://localhost:8002, Running: 16.0, Waiting: 0.0
Worker: http://localhost:8002, qlen: 16.0
Worker: http://localhost:8002, Tokens: 1152233.0
Selected worker: http://localhost:8001
INFO:     127.0.0.1:54870 - "POST /v1/completions HTTP/1.1" 200 OK
Worker: http://localhost:8001, Running: 17.0, Waiting: 0.0
Worker: http://localhost:8001, qlen: 17.0
Worker: http://localhost:8001, Tokens: 1157946.0
Worker: http://localhost:8002, Running: 15.0, Waiting: 0.0
Worker: http://localhost:8002, qlen: 15.0
Worker: http://localhost:8002, Tokens: 1152486.0
Selected worker: http://localhost:8002
INFO:     127.0.0.1:54876 - "POST /v1/completions HTTP/1.1" 200 OK
Worker: http://localhost:8001, Running: 17.0, Waiting: 0.0
Worker: http://localhost:8001, qlen: 17.0
Worker: http://localhost:8001, Tokens: 1157156.0
Worker: http://localhost:8002, Running: 15.0, Waiting: 0.0
Worker: http://localhost:8002, qlen: 15.0
Worker: http://localhost:8002, Tokens: 1152755.0
Selected worker: http://localhost:8002
INFO:     127.0.0.1:54886 - "POST /v1/completions HTTP/1.1" 200 OK
Worker: http://localhost:8001, Running: 16.0, Waiting: 0.0
Worker: http://localhost:8001, qlen: 16.0
Worker: http://localhost:8001, Tokens: 1161268.0
Worker: http://localhost:8002, Running: 16.0, Waiting: 0.0
Worker: http://localhost:8002, qlen: 16.0
Worker: http://localhost:8002, Tokens: 1152227.0
Selected worker: http://localhost:8001
INFO:     127.0.0.1:54894 - "POST /v1/completions HTTP/1.1" 200 OK
Worker: http://localhost:8001, Running: 17.0, Waiting: 0.0
Worker: http://localhost:8001, qlen: 17.0
Worker: http://localhost:8001, Tokens: 1158515.0
Worker: http://localhost:8002, Running: 15.0, Waiting: 0.0
Worker: http://localhost:8002, qlen: 15.0
Worker: http://localhost:8002, Tokens: 1155862.0
Selected worker: http://localhost:8002
INFO:     127.0.0.1:54904 - "POST /v1/completions HTTP/1.1" 200 OK
Worker: http://localhost:8001, Running: 16.0, Waiting: 0.0
Worker: http://localhost:8001, qlen: 16.0
Worker: http://localhost:8001, Tokens: 1161385.0
Worker: http://localhost:8002, Running: 16.0, Waiting: 0.0
Worker: http://localhost:8002, qlen: 16.0
Worker: http://localhost:8002, Tokens: 1158590.0
Selected worker: http://localhost:8001
INFO:     127.0.0.1:54920 - "POST /v1/completions HTTP/1.1" 200 OK
Worker: http://localhost:8001, Running: 16.0, Waiting: 0.0
Worker: http://localhost:8001, qlen: 16.0
Worker: http://localhost:8001, Tokens: 1161873.0
Worker: http://localhost:8002, Running: 16.0, Waiting: 0.0
Worker: http://localhost:8002, qlen: 16.0
Worker: http://localhost:8002, Tokens: 1158990.0
Selected worker: http://localhost:8002
INFO:     127.0.0.1:54934 - "POST /v1/completions HTTP/1.1" 200 OK
Worker: http://localhost:8001, Running: 15.0, Waiting: 0.0
Worker: http://localhost:8001, qlen: 15.0
Worker: http://localhost:8001, Tokens: 1162008.0
Worker: http://localhost:8002, Running: 16.0, Waiting: 0.0
Worker: http://localhost:8002, qlen: 16.0
Worker: http://localhost:8002, Tokens: 1159134.0
Selected worker: http://localhost:8001
INFO:     127.0.0.1:54948 - "POST /v1/completions HTTP/1.1" 200 OK
Worker: http://localhost:8001, Running: 15.0, Waiting: 0.0
Worker: http://localhost:8001, qlen: 15.0
Worker: http://localhost:8001, Tokens: 1162485.0
Worker: http://localhost:8002, Running: 17.0, Waiting: 0.0
Worker: http://localhost:8002, qlen: 17.0
Worker: http://localhost:8002, Tokens: 1158576.0
Selected worker: http://localhost:8001
INFO:     127.0.0.1:54954 - "POST /v1/completions HTTP/1.1" 200 OK
Worker: http://localhost:8001, Running: 16.0, Waiting: 0.0
Worker: http://localhost:8001, qlen: 16.0
Worker: http://localhost:8001, Tokens: 1161822.0
Worker: http://localhost:8002, Running: 16.0, Waiting: 0.0
Worker: http://localhost:8002, qlen: 16.0
Worker: http://localhost:8002, Tokens: 1161904.0
Selected worker: http://localhost:8001
INFO:     127.0.0.1:54964 - "POST /v1/completions HTTP/1.1" 200 OK
Worker: http://localhost:8001, Running: 16.0, Waiting: 0.0
Worker: http://localhost:8001, qlen: 16.0
Worker: http://localhost:8001, Tokens: 1165099.0
Worker: http://localhost:8002, Running: 16.0, Waiting: 0.0
Worker: http://localhost:8002, qlen: 16.0
Worker: http://localhost:8002, Tokens: 1159058.0
Selected worker: http://localhost:8002
INFO:     127.0.0.1:54966 - "POST /v1/completions HTTP/1.1" 200 OK
Worker: http://localhost:8001, Running: 16.0, Waiting: 0.0
Worker: http://localhost:8001, qlen: 16.0
Worker: http://localhost:8001, Tokens: 1165310.0
Worker: http://localhost:8002, Running: 16.0, Waiting: 0.0
Worker: http://localhost:8002, qlen: 16.0
Worker: http://localhost:8002, Tokens: 1164972.0
Selected worker: http://localhost:8002
INFO:     127.0.0.1:54982 - "POST /v1/completions HTTP/1.1" 200 OK
Worker: http://localhost:8001, Running: 15.0, Waiting: 0.0
Worker: http://localhost:8001, qlen: 15.0
Worker: http://localhost:8001, Tokens: 1166286.0
Worker: http://localhost:8002, Running: 17.0, Waiting: 0.0
Worker: http://localhost:8002, qlen: 17.0
Worker: http://localhost:8002, Tokens: 1165447.0
Selected worker: http://localhost:8001
INFO:     127.0.0.1:54994 - "POST /v1/completions HTTP/1.1" 200 OK
Worker: http://localhost:8001, Running: 16.0, Waiting: 0.0
Worker: http://localhost:8001, qlen: 16.0
Worker: http://localhost:8001, Tokens: 1170149.0
Worker: http://localhost:8002, Running: 16.0, Waiting: 0.0
Worker: http://localhost:8002, qlen: 16.0
Worker: http://localhost:8002, Tokens: 1163687.0
Selected worker: http://localhost:8002
INFO:     127.0.0.1:35460 - "POST /v1/completions HTTP/1.1" 200 OK
Worker: http://localhost:8001, Running: 16.0, Waiting: 0.0
Worker: http://localhost:8001, qlen: 16.0
Worker: http://localhost:8001, Tokens: 1170485.0
Worker: http://localhost:8002, Running: 16.0, Waiting: 0.0
Worker: http://localhost:8002, qlen: 16.0
Worker: http://localhost:8002, Tokens: 1166680.0
Selected worker: http://localhost:8002
INFO:     127.0.0.1:35476 - "POST /v1/completions HTTP/1.1" 200 OK
Worker: http://localhost:8001, Running: 16.0, Waiting: 0.0
Worker: http://localhost:8001, qlen: 16.0
Worker: http://localhost:8001, Tokens: 1170423.0
Worker: http://localhost:8002, Running: 16.0, Waiting: 0.0
Worker: http://localhost:8002, qlen: 16.0
Worker: http://localhost:8002, Tokens: 1167086.0
Selected worker: http://localhost:8002
INFO:     127.0.0.1:35490 - "POST /v1/completions HTTP/1.1" 200 OK
Worker: http://localhost:8001, Running: 15.0, Waiting: 0.0
Worker: http://localhost:8001, qlen: 15.0
Worker: http://localhost:8001, Tokens: 1167494.0
Worker: http://localhost:8002, Running: 17.0, Waiting: 0.0
Worker: http://localhost:8002, qlen: 17.0
Worker: http://localhost:8002, Tokens: 1169539.0
Selected worker: http://localhost:8001
INFO:     127.0.0.1:35500 - "POST /v1/completions HTTP/1.1" 200 OK
Worker: http://localhost:8001, Running: 15.0, Waiting: 0.0
Worker: http://localhost:8001, qlen: 15.0
Worker: http://localhost:8001, Tokens: 1173306.0
Worker: http://localhost:8002, Running: 17.0, Waiting: 0.0
Worker: http://localhost:8002, qlen: 17.0
Worker: http://localhost:8002, Tokens: 1169828.0
Selected worker: http://localhost:8001
INFO:     127.0.0.1:35504 - "POST /v1/completions HTTP/1.1" 200 OK
Worker: http://localhost:8001, Running: 14.0, Waiting: 0.0
Worker: http://localhost:8001, qlen: 14.0
Worker: http://localhost:8001, Tokens: 1170467.0
Worker: http://localhost:8002, Running: 17.0, Waiting: 0.0
Worker: http://localhost:8002, qlen: 17.0
Worker: http://localhost:8002, Tokens: 1169964.0
Selected worker: http://localhost:8001
INFO:     127.0.0.1:35510 - "POST /v1/completions HTTP/1.1" 200 OK
Worker: http://localhost:8001, Running: 15.0, Waiting: 0.0
Worker: http://localhost:8001, qlen: 15.0
Worker: http://localhost:8001, Tokens: 1176216.0
Worker: http://localhost:8002, Running: 17.0, Waiting: 0.0
Worker: http://localhost:8002, qlen: 17.0
Worker: http://localhost:8002, Tokens: 1170508.0
Selected worker: http://localhost:8001
INFO:     127.0.0.1:35526 - "POST /v1/completions HTTP/1.1" 200 OK
Worker: http://localhost:8001, Running: 15.0, Waiting: 0.0
Worker: http://localhost:8001, qlen: 15.0
Worker: http://localhost:8001, Tokens: 1176647.0
Worker: http://localhost:8002, Running: 17.0, Waiting: 0.0
Worker: http://localhost:8002, qlen: 17.0
Worker: http://localhost:8002, Tokens: 1170865.0
Selected worker: http://localhost:8001
INFO:     127.0.0.1:35530 - "POST /v1/completions HTTP/1.1" 200 OK
Worker: http://localhost:8001, Running: 14.0, Waiting: 0.0
Worker: http://localhost:8001, qlen: 14.0
Worker: http://localhost:8001, Tokens: 1177010.0
Worker: http://localhost:8002, Running: 17.0, Waiting: 0.0
Worker: http://localhost:8002, qlen: 17.0
Worker: http://localhost:8002, Tokens: 1161078.0
Selected worker: http://localhost:8001
INFO:     127.0.0.1:35540 - "POST /v1/completions HTTP/1.1" 200 OK
Worker: http://localhost:8001, Running: 14.0, Waiting: 0.0
Worker: http://localhost:8001, qlen: 14.0
Worker: http://localhost:8001, Tokens: 1177293.0
Worker: http://localhost:8002, Running: 16.0, Waiting: 0.0
Worker: http://localhost:8002, qlen: 16.0
Worker: http://localhost:8002, Tokens: 1166452.0
Selected worker: http://localhost:8001
INFO:     127.0.0.1:35546 - "POST /v1/completions HTTP/1.1" 200 OK
Worker: http://localhost:8001, Running: 16.0, Waiting: 0.0
Worker: http://localhost:8001, qlen: 16.0
Worker: http://localhost:8001, Tokens: 1179393.0
Worker: http://localhost:8002, Running: 15.0, Waiting: 0.0
Worker: http://localhost:8002, qlen: 15.0
Worker: http://localhost:8002, Tokens: 1171290.0
Selected worker: http://localhost:8002
INFO:     127.0.0.1:35548 - "POST /v1/completions HTTP/1.1" 200 OK
Worker: http://localhost:8001, Running: 16.0, Waiting: 0.0
Worker: http://localhost:8001, qlen: 16.0
Worker: http://localhost:8001, Tokens: 1179393.0
Worker: http://localhost:8002, Running: 14.0, Waiting: 0.0
Worker: http://localhost:8002, qlen: 14.0
Worker: http://localhost:8002, Tokens: 1171649.0
Selected worker: http://localhost:8002
INFO:     127.0.0.1:35564 - "POST /v1/completions HTTP/1.1" 200 OK
Worker: http://localhost:8001, Running: 16.0, Waiting: 0.0
Worker: http://localhost:8001, qlen: 16.0
Worker: http://localhost:8001, Tokens: 1183196.0
Worker: http://localhost:8002, Running: 16.0, Waiting: 0.0
Worker: http://localhost:8002, qlen: 16.0
Worker: http://localhost:8002, Tokens: 1168610.0
Selected worker: http://localhost:8002
INFO:     127.0.0.1:35574 - "POST /v1/completions HTTP/1.1" 200 OK
Worker: http://localhost:8001, Running: 16.0, Waiting: 0.0
Worker: http://localhost:8001, qlen: 16.0
Worker: http://localhost:8001, Tokens: 1184716.0
Worker: http://localhost:8002, Running: 16.0, Waiting: 0.0
Worker: http://localhost:8002, qlen: 16.0
Worker: http://localhost:8002, Tokens: 1180954.0
Selected worker: http://localhost:8001
INFO:     127.0.0.1:35576 - "POST /v1/completions HTTP/1.1" 200 OK
Worker: http://localhost:8001, Running: 17.0, Waiting: 0.0
Worker: http://localhost:8001, qlen: 17.0
Worker: http://localhost:8001, Tokens: 1187483.0
Worker: http://localhost:8002, Running: 15.0, Waiting: 0.0
Worker: http://localhost:8002, qlen: 15.0
Worker: http://localhost:8002, Tokens: 1181370.0
Selected worker: http://localhost:8002
INFO:     127.0.0.1:35578 - "POST /v1/completions HTTP/1.1" 200 OK
Worker: http://localhost:8001, Running: 17.0, Waiting: 0.0
Worker: http://localhost:8001, qlen: 17.0
Worker: http://localhost:8001, Tokens: 1187738.0
Worker: http://localhost:8002, Running: 15.0, Waiting: 0.0
Worker: http://localhost:8002, qlen: 15.0
Worker: http://localhost:8002, Tokens: 1174951.0
Selected worker: http://localhost:8002
Worker: http://localhost:8001, Running: 17.0, Waiting: 0.0
Worker: http://localhost:8001, qlen: 17.0
Worker: http://localhost:8001, Tokens: 1187738.0
Worker: http://localhost:8002, Running: 15.0, Waiting: 0.0
Worker: http://localhost:8002, qlen: 15.0
Worker: http://localhost:8002, Tokens: 1178257.0
Selected worker: http://localhost:8002
INFO:     127.0.0.1:35586 - "POST /v1/completions HTTP/1.1" 200 OK
INFO:     127.0.0.1:35596 - "POST /v1/completions HTTP/1.1" 200 OK
Worker: http://localhost:8001, Running: 17.0, Waiting: 0.0
Worker: http://localhost:8001, qlen: 17.0
Worker: http://localhost:8001, Tokens: 1183643.0
Worker: http://localhost:8002, Running: 13.0, Waiting: 0.0
Worker: http://localhost:8002, qlen: 13.0
Worker: http://localhost:8002, Tokens: 1182017.0
Selected worker: http://localhost:8002
INFO:     127.0.0.1:35610 - "POST /v1/completions HTTP/1.1" 200 OK
Worker: http://localhost:8001, Running: 16.0, Waiting: 0.0
Worker: http://localhost:8001, qlen: 16.0
Worker: http://localhost:8001, Tokens: 1187768.0
Worker: http://localhost:8002, Running: 14.0, Waiting: 1.0
Worker: http://localhost:8002, qlen: 14.0
Worker: http://localhost:8002, Tokens: 1182030.0
Selected worker: http://localhost:8002
INFO:     127.0.0.1:35624 - "POST /v1/completions HTTP/1.1" 200 OK
Worker: http://localhost:8001, Running: 15.0, Waiting: 0.0
Worker: http://localhost:8001, qlen: 15.0
Worker: http://localhost:8001, Tokens: 1185428.0
Worker: http://localhost:8002, Running: 17.0, Waiting: 0.0
Worker: http://localhost:8002, qlen: 17.0
Worker: http://localhost:8002, Tokens: 1188167.0
Selected worker: http://localhost:8001
INFO:     127.0.0.1:60702 - "POST /v1/completions HTTP/1.1" 200 OK
Worker: http://localhost:8001, Running: 15.0, Waiting: 0.0
Worker: http://localhost:8001, qlen: 15.0
Worker: http://localhost:8001, Tokens: 1191363.0
Worker: http://localhost:8002, Running: 17.0, Waiting: 0.0
Worker: http://localhost:8002, qlen: 17.0
Worker: http://localhost:8002, Tokens: 1188507.0
Selected worker: http://localhost:8001
INFO:     127.0.0.1:60704 - "POST /v1/completions HTTP/1.1" 200 OK
Worker: http://localhost:8001, Running: 15.0, Waiting: 0.0
Worker: http://localhost:8001, qlen: 15.0
Worker: http://localhost:8001, Tokens: 1191765.0
Worker: http://localhost:8002, Running: 17.0, Waiting: 0.0
Worker: http://localhost:8002, qlen: 17.0
Worker: http://localhost:8002, Tokens: 1189034.0
Selected worker: http://localhost:8001
INFO:     127.0.0.1:60710 - "POST /v1/completions HTTP/1.1" 200 OK
Worker: http://localhost:8001, Running: 15.0, Waiting: 0.0
Worker: http://localhost:8001, qlen: 15.0
Worker: http://localhost:8001, Tokens: 1192191.0
Worker: http://localhost:8002, Running: 17.0, Waiting: 0.0
Worker: http://localhost:8002, qlen: 17.0
Worker: http://localhost:8002, Tokens: 1185577.0
Selected worker: http://localhost:8001
INFO:     127.0.0.1:60720 - "POST /v1/completions HTTP/1.1" 200 OK
Worker: http://localhost:8001, Running: 16.0, Waiting: 0.0
Worker: http://localhost:8001, qlen: 16.0
Worker: http://localhost:8001, Tokens: 1195597.0
Worker: http://localhost:8002, Running: 16.0, Waiting: 0.0
Worker: http://localhost:8002, qlen: 16.0
Worker: http://localhost:8002, Tokens: 1189466.0
Selected worker: http://localhost:8002
INFO:     127.0.0.1:60728 - "POST /v1/completions HTTP/1.1" 200 OK
Worker: http://localhost:8001, Running: 16.0, Waiting: 0.0
Worker: http://localhost:8001, qlen: 16.0
Worker: http://localhost:8001, Tokens: 1195693.0
Worker: http://localhost:8002, Running: 15.0, Waiting: 0.0
Worker: http://localhost:8002, qlen: 15.0
Worker: http://localhost:8002, Tokens: 1189527.0
Selected worker: http://localhost:8002
INFO:     127.0.0.1:60736 - "POST /v1/completions HTTP/1.1" 200 OK
Worker: http://localhost:8001, Running: 16.0, Waiting: 0.0
Worker: http://localhost:8001, qlen: 16.0
Worker: http://localhost:8001, Tokens: 1193485.0
Worker: http://localhost:8002, Running: 15.0, Waiting: 1.0
Worker: http://localhost:8002, qlen: 15.0
Worker: http://localhost:8002, Tokens: 1190030.0
Selected worker: http://localhost:8002
INFO:     127.0.0.1:60746 - "POST /v1/completions HTTP/1.1" 200 OK
Worker: http://localhost:8001, Running: 15.0, Waiting: 0.0
Worker: http://localhost:8001, qlen: 15.0
Worker: http://localhost:8001, Tokens: 1194408.0
Worker: http://localhost:8002, Running: 15.0, Waiting: 2.0
Worker: http://localhost:8002, qlen: 15.0
Worker: http://localhost:8002, Tokens: 1190114.0
Selected worker: http://localhost:8002
INFO:     127.0.0.1:60752 - "POST /v1/completions HTTP/1.1" 200 OK
Worker: http://localhost:8001, Running: 14.0, Waiting: 0.0
Worker: http://localhost:8001, qlen: 14.0
Worker: http://localhost:8001, Tokens: 1194890.0
Worker: http://localhost:8002, Running: 15.0, Waiting: 3.0
Worker: http://localhost:8002, qlen: 15.0
Worker: http://localhost:8002, Tokens: 1190156.0
Selected worker: http://localhost:8001
INFO:     127.0.0.1:60756 - "POST /v1/completions HTTP/1.1" 200 OK
Worker: http://localhost:8001, Running: 14.0, Waiting: 0.0
Worker: http://localhost:8001, qlen: 14.0
Worker: http://localhost:8001, Tokens: 1195419.0
Worker: http://localhost:8002, Running: 18.0, Waiting: 0.0
Worker: http://localhost:8002, qlen: 18.0
Worker: http://localhost:8002, Tokens: 1224923.0
Selected worker: http://localhost:8001
INFO:     127.0.0.1:60766 - "POST /v1/completions HTTP/1.1" 200 OK
Worker: http://localhost:8001, Running: 14.0, Waiting: 0.0
Worker: http://localhost:8001, qlen: 14.0
Worker: http://localhost:8001, Tokens: 1201585.0
Worker: http://localhost:8002, Running: 18.0, Waiting: 0.0
Worker: http://localhost:8002, qlen: 18.0
Worker: http://localhost:8002, Tokens: 1225103.0
Selected worker: http://localhost:8001
INFO:     127.0.0.1:60770 - "POST /v1/completions HTTP/1.1" 200 OK
Worker: http://localhost:8001, Running: 14.0, Waiting: 0.0
Worker: http://localhost:8001, qlen: 14.0
Worker: http://localhost:8001, Tokens: 1205574.0
Worker: http://localhost:8002, Running: 18.0, Waiting: 0.0
Worker: http://localhost:8002, qlen: 18.0
Worker: http://localhost:8002, Tokens: 1225697.0
Selected worker: http://localhost:8001
INFO:     127.0.0.1:60776 - "POST /v1/completions HTTP/1.1" 200 OK
Worker: http://localhost:8001, Running: 14.0, Waiting: 0.0
Worker: http://localhost:8001, qlen: 14.0
Worker: http://localhost:8001, Tokens: 1206296.0
Worker: http://localhost:8002, Running: 18.0, Waiting: 0.0
Worker: http://localhost:8002, qlen: 18.0
Worker: http://localhost:8002, Tokens: 1218179.0
Selected worker: http://localhost:8001
INFO:     127.0.0.1:60786 - "POST /v1/completions HTTP/1.1" 200 OK
Worker: http://localhost:8001, Running: 15.0, Waiting: 0.0
Worker: http://localhost:8001, qlen: 15.0
Worker: http://localhost:8001, Tokens: 1209984.0
Worker: http://localhost:8002, Running: 17.0, Waiting: 0.0
Worker: http://localhost:8002, qlen: 17.0
Worker: http://localhost:8002, Tokens: 1226291.0
Selected worker: http://localhost:8001
INFO:     127.0.0.1:60792 - "POST /v1/completions HTTP/1.1" 200 OK
Worker: http://localhost:8001, Running: 16.0, Waiting: 0.0
Worker: http://localhost:8001, qlen: 16.0
Worker: http://localhost:8001, Tokens: 1210421.0
Worker: http://localhost:8002, Running: 16.0, Waiting: 0.0
Worker: http://localhost:8002, qlen: 16.0
Worker: http://localhost:8002, Tokens: 1226534.0
Selected worker: http://localhost:8001
INFO:     127.0.0.1:49634 - "POST /v1/completions HTTP/1.1" 200 OK
Worker: http://localhost:8001, Running: 16.0, Waiting: 0.0
Worker: http://localhost:8001, qlen: 16.0
Worker: http://localhost:8001, Tokens: 1213845.0
Worker: http://localhost:8002, Running: 15.0, Waiting: 0.0
Worker: http://localhost:8002, qlen: 15.0
Worker: http://localhost:8002, Tokens: 1226636.0
Selected worker: http://localhost:8002
INFO:     127.0.0.1:49644 - "POST /v1/completions HTTP/1.1" 200 OK
Worker: http://localhost:8001, Running: 17.0, Waiting: 0.0
Worker: http://localhost:8001, qlen: 17.0
Worker: http://localhost:8001, Tokens: 1210795.0
Worker: http://localhost:8002, Running: 15.0, Waiting: 0.0
Worker: http://localhost:8002, qlen: 15.0
Worker: http://localhost:8002, Tokens: 1227205.0
Selected worker: http://localhost:8002
INFO:     127.0.0.1:49646 - "POST /v1/completions HTTP/1.1" 200 OK
Worker: http://localhost:8001, Running: 16.0, Waiting: 0.0
Worker: http://localhost:8001, qlen: 16.0
Worker: http://localhost:8001, Tokens: 1215526.0
Worker: http://localhost:8002, Running: 16.0, Waiting: 0.0
Worker: http://localhost:8002, qlen: 16.0
Worker: http://localhost:8002, Tokens: 1227928.0
Selected worker: http://localhost:8001
INFO:     127.0.0.1:49648 - "POST /v1/completions HTTP/1.1" 200 OK
Worker: http://localhost:8001, Running: 17.0, Waiting: 0.0
Worker: http://localhost:8001, qlen: 17.0
Worker: http://localhost:8001, Tokens: 1215683.0
Worker: http://localhost:8002, Running: 15.0, Waiting: 0.0
Worker: http://localhost:8002, qlen: 15.0
Worker: http://localhost:8002, Tokens: 1231656.0
Selected worker: http://localhost:8002
INFO:     127.0.0.1:49652 - "POST /v1/completions HTTP/1.1" 200 OK
Worker: http://localhost:8001, Running: 16.0, Waiting: 0.0
Worker: http://localhost:8001, qlen: 16.0
Worker: http://localhost:8001, Tokens: 1213158.0
Worker: http://localhost:8002, Running: 15.0, Waiting: 0.0
Worker: http://localhost:8002, qlen: 15.0
Worker: http://localhost:8002, Tokens: 1231776.0
Selected worker: http://localhost:8002
INFO:     127.0.0.1:49662 - "POST /v1/completions HTTP/1.1" 200 OK
Worker: http://localhost:8001, Running: 15.0, Waiting: 0.0
Worker: http://localhost:8001, qlen: 15.0
Worker: http://localhost:8001, Tokens: 1216651.0
Worker: http://localhost:8002, Running: 17.0, Waiting: 0.0
Worker: http://localhost:8002, qlen: 17.0
Worker: http://localhost:8002, Tokens: 1235421.0
Selected worker: http://localhost:8001
INFO:     127.0.0.1:49676 - "POST /v1/completions HTTP/1.1" 200 OK
Worker: http://localhost:8001, Running: 15.0, Waiting: 0.0
Worker: http://localhost:8001, qlen: 15.0
Worker: http://localhost:8001, Tokens: 1216451.0
Worker: http://localhost:8002, Running: 17.0, Waiting: 0.0
Worker: http://localhost:8002, qlen: 17.0
Worker: http://localhost:8002, Tokens: 1231815.0
Selected worker: http://localhost:8001
INFO:     127.0.0.1:49684 - "POST /v1/completions HTTP/1.1" 200 OK
Worker: http://localhost:8001, Running: 15.0, Waiting: 0.0
Worker: http://localhost:8001, qlen: 15.0
Worker: http://localhost:8001, Tokens: 1216713.0
Worker: http://localhost:8002, Running: 17.0, Waiting: 0.0
Worker: http://localhost:8002, qlen: 17.0
Worker: http://localhost:8002, Tokens: 1231815.0
Selected worker: http://localhost:8001
INFO:     127.0.0.1:49694 - "POST /v1/completions HTTP/1.1" 200 OK
Worker: http://localhost:8001, Running: 15.0, Waiting: 0.0
Worker: http://localhost:8001, qlen: 15.0
Worker: http://localhost:8001, Tokens: 1219714.0
Worker: http://localhost:8002, Running: 17.0, Waiting: 0.0
Worker: http://localhost:8002, qlen: 17.0
Worker: http://localhost:8002, Tokens: 1231815.0
Selected worker: http://localhost:8001
INFO:     127.0.0.1:49710 - "POST /v1/completions HTTP/1.1" 200 OK
Worker: http://localhost:8001, Running: 18.0, Waiting: 0.0
Worker: http://localhost:8001, qlen: 18.0
Worker: http://localhost:8001, Tokens: 1223714.0
Worker: http://localhost:8002, Running: 14.0, Waiting: 0.0
Worker: http://localhost:8002, qlen: 14.0
Worker: http://localhost:8002, Tokens: 1236664.0
Selected worker: http://localhost:8002
INFO:     127.0.0.1:49716 - "POST /v1/completions HTTP/1.1" 200 OK
Worker: http://localhost:8001, Running: 18.0, Waiting: 0.0
Worker: http://localhost:8001, qlen: 18.0
Worker: http://localhost:8001, Tokens: 1220061.0
Worker: http://localhost:8002, Running: 14.0, Waiting: 0.0
Worker: http://localhost:8002, qlen: 14.0
Worker: http://localhost:8002, Tokens: 1239808.0
Selected worker: http://localhost:8002
INFO:     127.0.0.1:49720 - "POST /v1/completions HTTP/1.1" 200 OK
Worker: http://localhost:8001, Running: 16.0, Waiting: 0.0
Worker: http://localhost:8001, qlen: 16.0
Worker: http://localhost:8001, Tokens: 1224418.0
Worker: http://localhost:8002, Running: 16.0, Waiting: 0.0
Worker: http://localhost:8002, qlen: 16.0
Worker: http://localhost:8002, Tokens: 1237410.0
Selected worker: http://localhost:8001
INFO:     127.0.0.1:49730 - "POST /v1/completions HTTP/1.1" 200 OK
Worker: http://localhost:8001, Running: 17.0, Waiting: 0.0
Worker: http://localhost:8001, qlen: 17.0
Worker: http://localhost:8001, Tokens: 1228254.0
Worker: http://localhost:8002, Running: 15.0, Waiting: 0.0
Worker: http://localhost:8002, qlen: 15.0
Worker: http://localhost:8002, Tokens: 1240869.0
Selected worker: http://localhost:8002
INFO:     127.0.0.1:49738 - "POST /v1/completions HTTP/1.1" 200 OK
Worker: http://localhost:8001, Running: 17.0, Waiting: 0.0
Worker: http://localhost:8001, qlen: 17.0
Worker: http://localhost:8001, Tokens: 1228254.0
Worker: http://localhost:8002, Running: 14.0, Waiting: 0.0
Worker: http://localhost:8002, qlen: 14.0
Worker: http://localhost:8002, Tokens: 1237933.0
Selected worker: http://localhost:8002
INFO:     127.0.0.1:49742 - "POST /v1/completions HTTP/1.1" 200 OK
Worker: http://localhost:8001, Running: 17.0, Waiting: 0.0
Worker: http://localhost:8001, qlen: 17.0
Worker: http://localhost:8001, Tokens: 1225651.0
Worker: http://localhost:8002, Running: 15.0, Waiting: 0.0
Worker: http://localhost:8002, qlen: 15.0
Worker: http://localhost:8002, Tokens: 1244859.0
Selected worker: http://localhost:8002
INFO:     127.0.0.1:49744 - "POST /v1/completions HTTP/1.1" 200 OK
Worker: http://localhost:8001, Running: 16.0, Waiting: 0.0
Worker: http://localhost:8001, qlen: 16.0
Worker: http://localhost:8001, Tokens: 1229139.0
Worker: http://localhost:8002, Running: 16.0, Waiting: 0.0
Worker: http://localhost:8002, qlen: 16.0
Worker: http://localhost:8002, Tokens: 1241927.0
Selected worker: http://localhost:8002
INFO:     127.0.0.1:49760 - "POST /v1/completions HTTP/1.1" 200 OK
Worker: http://localhost:8001, Running: 16.0, Waiting: 0.0
Worker: http://localhost:8001, qlen: 16.0
Worker: http://localhost:8001, Tokens: 1226075.0
Worker: http://localhost:8002, Running: 15.0, Waiting: 0.0
Worker: http://localhost:8002, qlen: 15.0
Worker: http://localhost:8002, Tokens: 1245170.0
Selected worker: http://localhost:8002
INFO:     127.0.0.1:49764 - "POST /v1/completions HTTP/1.1" 200 OK
Worker: http://localhost:8001, Running: 15.0, Waiting: 0.0
Worker: http://localhost:8001, qlen: 15.0
Worker: http://localhost:8001, Tokens: 1228989.0
Worker: http://localhost:8002, Running: 15.0, Waiting: 0.0
Worker: http://localhost:8002, qlen: 15.0
Worker: http://localhost:8002, Tokens: 1245260.0
Selected worker: http://localhost:8001
INFO:     127.0.0.1:49774 - "POST /v1/completions HTTP/1.1" 200 OK
Worker: http://localhost:8001, Running: 15.0, Waiting: 0.0
Worker: http://localhost:8001, qlen: 15.0
Worker: http://localhost:8001, Tokens: 1229015.0
Worker: http://localhost:8002, Running: 17.0, Waiting: 0.0
Worker: http://localhost:8002, qlen: 17.0
Worker: http://localhost:8002, Tokens: 1245895.0
Selected worker: http://localhost:8001
Worker: http://localhost:8001, Running: 15.0, Waiting: 0.0
Worker: http://localhost:8001, qlen: 15.0
Worker: http://localhost:8001, Tokens: 1229283.0
Worker: http://localhost:8002, Running: 17.0, Waiting: 0.0
Worker: http://localhost:8002, qlen: 17.0
Worker: http://localhost:8002, Tokens: 1245895.0
Selected worker: http://localhost:8001
INFO:     127.0.0.1:37366 - "POST /v1/completions HTTP/1.1" 200 OK
INFO:     127.0.0.1:37378 - "POST /v1/completions HTTP/1.1" 200 OK
Worker: http://localhost:8001, Running: 14.0, Waiting: 0.0
Worker: http://localhost:8001, qlen: 14.0
Worker: http://localhost:8001, Tokens: 1229084.0
Worker: http://localhost:8002, Running: 17.0, Waiting: 0.0
Worker: http://localhost:8002, qlen: 17.0
Worker: http://localhost:8002, Tokens: 1245895.0
Selected worker: http://localhost:8001
INFO:     127.0.0.1:37394 - "POST /v1/completions HTTP/1.1" 200 OK
Worker: http://localhost:8001, Running: 16.0, Waiting: 0.0
Worker: http://localhost:8001, qlen: 16.0
Worker: http://localhost:8001, Tokens: 1234797.0
Worker: http://localhost:8002, Running: 16.0, Waiting: 0.0
Worker: http://localhost:8002, qlen: 16.0
Worker: http://localhost:8002, Tokens: 1249579.0
Selected worker: http://localhost:8002
INFO:     127.0.0.1:37404 - "POST /v1/completions HTTP/1.1" 200 OK
Worker: http://localhost:8001, Running: 15.0, Waiting: 0.0
Worker: http://localhost:8001, qlen: 15.0
Worker: http://localhost:8001, Tokens: 1234851.0
Worker: http://localhost:8002, Running: 16.0, Waiting: 0.0
Worker: http://localhost:8002, qlen: 16.0
Worker: http://localhost:8002, Tokens: 1252208.0
Selected worker: http://localhost:8001
INFO:     127.0.0.1:37408 - "POST /v1/completions HTTP/1.1" 200 OK
Worker: http://localhost:8001, Running: 15.0, Waiting: 0.0
Worker: http://localhost:8001, qlen: 15.0
Worker: http://localhost:8001, Tokens: 1235108.0
Worker: http://localhost:8002, Running: 16.0, Waiting: 0.0
Worker: http://localhost:8002, qlen: 16.0
Worker: http://localhost:8002, Tokens: 1252208.0
Selected worker: http://localhost:8001
INFO:     127.0.0.1:37418 - "POST /v1/completions HTTP/1.1" 200 OK
Worker: http://localhost:8001, Running: 16.0, Waiting: 0.0
Worker: http://localhost:8001, qlen: 16.0
Worker: http://localhost:8001, Tokens: 1239583.0
Worker: http://localhost:8002, Running: 16.0, Waiting: 0.0
Worker: http://localhost:8002, qlen: 16.0
Worker: http://localhost:8002, Tokens: 1253143.0
Selected worker: http://localhost:8001
INFO:     127.0.0.1:37422 - "POST /v1/completions HTTP/1.1" 200 OK
Worker: http://localhost:8001, Running: 17.0, Waiting: 0.0
Worker: http://localhost:8001, qlen: 17.0
Worker: http://localhost:8001, Tokens: 1236804.0
Worker: http://localhost:8002, Running: 15.0, Waiting: 0.0
Worker: http://localhost:8002, qlen: 15.0
Worker: http://localhost:8002, Tokens: 1253564.0
Selected worker: http://localhost:8002
INFO:     127.0.0.1:37424 - "POST /v1/completions HTTP/1.1" 200 OK
Worker: http://localhost:8001, Running: 16.0, Waiting: 0.0
Worker: http://localhost:8001, qlen: 16.0
Worker: http://localhost:8001, Tokens: 1239817.0
Worker: http://localhost:8002, Running: 15.0, Waiting: 0.0
Worker: http://localhost:8002, qlen: 15.0
Worker: http://localhost:8002, Tokens: 1250547.0
Selected worker: http://localhost:8002
INFO:     127.0.0.1:37438 - "POST /v1/completions HTTP/1.1" 200 OK
Worker: http://localhost:8001, Running: 16.0, Waiting: 0.0
Worker: http://localhost:8001, qlen: 16.0
Worker: http://localhost:8001, Tokens: 1240793.0
Worker: http://localhost:8002, Running: 16.0, Waiting: 0.0
Worker: http://localhost:8002, qlen: 16.0
Worker: http://localhost:8002, Tokens: 1256630.0
Selected worker: http://localhost:8002
INFO:     127.0.0.1:37452 - "POST /v1/completions HTTP/1.1" 200 OK
Worker: http://localhost:8001, Running: 16.0, Waiting: 0.0
Worker: http://localhost:8001, qlen: 16.0
Worker: http://localhost:8001, Tokens: 1237320.0
Worker: http://localhost:8002, Running: 15.0, Waiting: 0.0
Worker: http://localhost:8002, qlen: 15.0
Worker: http://localhost:8002, Tokens: 1256972.0
Selected worker: http://localhost:8002
INFO:     127.0.0.1:37462 - "POST /v1/completions HTTP/1.1" 200 OK
Worker: http://localhost:8001, Running: 15.0, Waiting: 0.0
Worker: http://localhost:8001, qlen: 15.0
Worker: http://localhost:8001, Tokens: 1241402.0
Worker: http://localhost:8002, Running: 17.0, Waiting: 0.0
Worker: http://localhost:8002, qlen: 17.0
Worker: http://localhost:8002, Tokens: 1259766.0
Selected worker: http://localhost:8001
INFO:     127.0.0.1:37470 - "POST /v1/completions HTTP/1.1" 200 OK
Worker: http://localhost:8001, Running: 16.0, Waiting: 0.0
Worker: http://localhost:8001, qlen: 16.0
Worker: http://localhost:8001, Tokens: 1238366.0
Worker: http://localhost:8002, Running: 16.0, Waiting: 0.0
Worker: http://localhost:8002, qlen: 16.0
Worker: http://localhost:8002, Tokens: 1260275.0
Selected worker: http://localhost:8002
INFO:     127.0.0.1:37472 - "POST /v1/completions HTTP/1.1" 200 OK
Worker: http://localhost:8001, Running: 15.0, Waiting: 0.0
Worker: http://localhost:8001, qlen: 15.0
Worker: http://localhost:8001, Tokens: 1244119.0
Worker: http://localhost:8002, Running: 16.0, Waiting: 0.0
Worker: http://localhost:8002, qlen: 16.0
Worker: http://localhost:8002, Tokens: 1260260.0
Selected worker: http://localhost:8001
INFO:     127.0.0.1:37482 - "POST /v1/completions HTTP/1.1" 200 OK
Worker: http://localhost:8001, Running: 15.0, Waiting: 0.0
Worker: http://localhost:8001, qlen: 15.0
Worker: http://localhost:8001, Tokens: 1247822.0
Worker: http://localhost:8002, Running: 16.0, Waiting: 0.0
Worker: http://localhost:8002, qlen: 16.0
Worker: http://localhost:8002, Tokens: 1260260.0
Selected worker: http://localhost:8001
INFO:     127.0.0.1:37484 - "POST /v1/completions HTTP/1.1" 200 OK
Worker: http://localhost:8001, Running: 15.0, Waiting: 0.0
Worker: http://localhost:8001, qlen: 15.0
Worker: http://localhost:8001, Tokens: 1248103.0
Worker: http://localhost:8002, Running: 16.0, Waiting: 0.0
Worker: http://localhost:8002, qlen: 16.0
Worker: http://localhost:8002, Tokens: 1260260.0
Selected worker: http://localhost:8001
INFO:     127.0.0.1:37494 - "POST /v1/completions HTTP/1.1" 200 OK
Worker: http://localhost:8001, Running: 16.0, Waiting: 0.0
Worker: http://localhost:8001, qlen: 16.0
Worker: http://localhost:8001, Tokens: 1250475.0
Worker: http://localhost:8002, Running: 16.0, Waiting: 0.0
Worker: http://localhost:8002, qlen: 16.0
Worker: http://localhost:8002, Tokens: 1260821.0
Selected worker: http://localhost:8001
INFO:     127.0.0.1:37502 - "POST /v1/completions HTTP/1.1" 200 OK
Worker: http://localhost:8001, Running: 16.0, Waiting: 0.0
Worker: http://localhost:8001, qlen: 16.0
Worker: http://localhost:8001, Tokens: 1251309.0
Worker: http://localhost:8002, Running: 16.0, Waiting: 0.0
Worker: http://localhost:8002, qlen: 16.0
Worker: http://localhost:8002, Tokens: 1254939.0
Selected worker: http://localhost:8001
INFO:     127.0.0.1:37514 - "POST /v1/completions HTTP/1.1" 200 OK
Worker: http://localhost:8001, Running: 17.0, Waiting: 0.0
Worker: http://localhost:8001, qlen: 17.0
Worker: http://localhost:8001, Tokens: 1255147.0
Worker: http://localhost:8002, Running: 15.0, Waiting: 0.0
Worker: http://localhost:8002, qlen: 15.0
Worker: http://localhost:8002, Tokens: 1262461.0
Selected worker: http://localhost:8002
INFO:     127.0.0.1:59498 - "POST /v1/completions HTTP/1.1" 200 OK
Worker: http://localhost:8001, Running: 16.0, Waiting: 0.0
Worker: http://localhost:8001, qlen: 16.0
Worker: http://localhost:8001, Tokens: 1256130.0
Worker: http://localhost:8002, Running: 16.0, Waiting: 0.0
Worker: http://localhost:8002, qlen: 16.0
Worker: http://localhost:8002, Tokens: 1262751.0
Selected worker: http://localhost:8001
INFO:     127.0.0.1:59504 - "POST /v1/completions HTTP/1.1" 200 OK
Worker: http://localhost:8001, Running: 17.0, Waiting: 0.0
Worker: http://localhost:8001, qlen: 17.0
Worker: http://localhost:8001, Tokens: 1259259.0
Worker: http://localhost:8002, Running: 15.0, Waiting: 0.0
Worker: http://localhost:8002, qlen: 15.0
Worker: http://localhost:8002, Tokens: 1260194.0
Selected worker: http://localhost:8002
INFO:     127.0.0.1:59510 - "POST /v1/completions HTTP/1.1" 200 OK
Worker: http://localhost:8001, Running: 17.0, Waiting: 0.0
Worker: http://localhost:8001, qlen: 17.0
Worker: http://localhost:8001, Tokens: 1259310.0
Worker: http://localhost:8002, Running: 15.0, Waiting: 0.0
Worker: http://localhost:8002, qlen: 15.0
Worker: http://localhost:8002, Tokens: 1257151.0
Selected worker: http://localhost:8002
INFO:     127.0.0.1:59524 - "POST /v1/completions HTTP/1.1" 200 OK
Worker: http://localhost:8001, Running: 17.0, Waiting: 0.0
Worker: http://localhost:8001, qlen: 17.0
Worker: http://localhost:8001, Tokens: 1255911.0
Worker: http://localhost:8002, Running: 13.0, Waiting: 0.0
Worker: http://localhost:8002, qlen: 13.0
Worker: http://localhost:8002, Tokens: 1263582.0
Selected worker: http://localhost:8002
INFO:     127.0.0.1:59526 - "POST /v1/completions HTTP/1.1" 200 OK
Worker: http://localhost:8001, Running: 16.0, Waiting: 0.0
Worker: http://localhost:8001, qlen: 16.0
Worker: http://localhost:8001, Tokens: 1256043.0
Worker: http://localhost:8002, Running: 16.0, Waiting: 0.0
Worker: http://localhost:8002, qlen: 16.0
Worker: http://localhost:8002, Tokens: 1266650.0
Selected worker: http://localhost:8002
Worker: http://localhost:8001, Running: 16.0, Waiting: 0.0
Worker: http://localhost:8001, qlen: 16.0
Worker: http://localhost:8001, Tokens: 1256043.0
Worker: http://localhost:8002, Running: 16.0, Waiting: 0.0
Worker: http://localhost:8002, qlen: 16.0
Worker: http://localhost:8002, Tokens: 1269872.0
Selected worker: http://localhost:8002
INFO:     127.0.0.1:59530 - "POST /v1/completions HTTP/1.1" 200 OK
INFO:     127.0.0.1:59536 - "POST /v1/completions HTTP/1.1" 200 OK
Worker: http://localhost:8001, Running: 15.0, Waiting: 0.0
Worker: http://localhost:8001, qlen: 15.0
Worker: http://localhost:8001, Tokens: 1259993.0
Worker: http://localhost:8002, Running: 17.0, Waiting: 0.0
Worker: http://localhost:8002, qlen: 17.0
Worker: http://localhost:8002, Tokens: 1272999.0
Selected worker: http://localhost:8001
INFO:     127.0.0.1:59540 - "POST /v1/completions HTTP/1.1" 200 OK
Worker: http://localhost:8001, Running: 15.0, Waiting: 0.0
Worker: http://localhost:8001, qlen: 15.0
Worker: http://localhost:8001, Tokens: 1262821.0
Worker: http://localhost:8002, Running: 17.0, Waiting: 0.0
Worker: http://localhost:8002, qlen: 17.0
Worker: http://localhost:8002, Tokens: 1273373.0
Selected worker: http://localhost:8001
INFO:     127.0.0.1:59550 - "POST /v1/completions HTTP/1.1" 200 OK
Worker: http://localhost:8001, Running: 14.0, Waiting: 0.0
Worker: http://localhost:8001, qlen: 14.0
Worker: http://localhost:8001, Tokens: 1263154.0
Worker: http://localhost:8002, Running: 17.0, Waiting: 0.0
Worker: http://localhost:8002, qlen: 17.0
Worker: http://localhost:8002, Tokens: 1273164.0
Selected worker: http://localhost:8001
INFO:     127.0.0.1:59562 - "POST /v1/completions HTTP/1.1" 200 OK
Worker: http://localhost:8001, Running: 16.0, Waiting: 0.0
Worker: http://localhost:8001, qlen: 16.0
Worker: http://localhost:8001, Tokens: 1262546.0
Worker: http://localhost:8002, Running: 16.0, Waiting: 0.0
Worker: http://localhost:8002, qlen: 16.0
Worker: http://localhost:8002, Tokens: 1273667.0
Selected worker: http://localhost:8002
INFO:     127.0.0.1:59570 - "POST /v1/completions HTTP/1.1" 200 OK
Worker: http://localhost:8001, Running: 15.0, Waiting: 0.0
Worker: http://localhost:8001, qlen: 15.0
Worker: http://localhost:8001, Tokens: 1263478.0
Worker: http://localhost:8002, Running: 17.0, Waiting: 0.0
Worker: http://localhost:8002, qlen: 17.0
Worker: http://localhost:8002, Tokens: 1274335.0
Selected worker: http://localhost:8001
INFO:     127.0.0.1:59574 - "POST /v1/completions HTTP/1.1" 200 OK
Worker: http://localhost:8001, Running: 15.0, Waiting: 0.0
Worker: http://localhost:8001, qlen: 15.0
Worker: http://localhost:8001, Tokens: 1270540.0
Worker: http://localhost:8002, Running: 17.0, Waiting: 0.0
Worker: http://localhost:8002, qlen: 17.0
Worker: http://localhost:8002, Tokens: 1252452.0
Selected worker: http://localhost:8001
INFO:     127.0.0.1:59586 - "POST /v1/completions HTTP/1.1" 200 OK
Worker: http://localhost:8001, Running: 15.0, Waiting: 0.0
Worker: http://localhost:8001, qlen: 15.0
Worker: http://localhost:8001, Tokens: 1270600.0
Worker: http://localhost:8002, Running: 17.0, Waiting: 0.0
Worker: http://localhost:8002, qlen: 17.0
Worker: http://localhost:8002, Tokens: 1248860.0
Selected worker: http://localhost:8001
INFO:     127.0.0.1:59602 - "POST /v1/completions HTTP/1.1" 200 OK
Worker: http://localhost:8001, Running: 17.0, Waiting: 0.0
Worker: http://localhost:8001, qlen: 17.0
Worker: http://localhost:8001, Tokens: 1274571.0
Worker: http://localhost:8002, Running: 15.0, Waiting: 0.0
Worker: http://localhost:8002, qlen: 15.0
Worker: http://localhost:8002, Tokens: 1275432.0
Selected worker: http://localhost:8002
INFO:     127.0.0.1:59618 - "POST /v1/completions HTTP/1.1" 200 OK
Worker: http://localhost:8001, Running: 17.0, Waiting: 0.0
Worker: http://localhost:8001, qlen: 17.0
Worker: http://localhost:8001, Tokens: 1275608.0
Worker: http://localhost:8002, Running: 15.0, Waiting: 0.0
Worker: http://localhost:8002, qlen: 15.0
Worker: http://localhost:8002, Tokens: 1276582.0
Selected worker: http://localhost:8002
INFO:     127.0.0.1:59628 - "POST /v1/completions HTTP/1.1" 200 OK
Worker: http://localhost:8001, Running: 17.0, Waiting: 0.0
Worker: http://localhost:8001, qlen: 17.0
Worker: http://localhost:8001, Tokens: 1275608.0
Worker: http://localhost:8002, Running: 14.0, Waiting: 0.0
Worker: http://localhost:8002, qlen: 14.0
Worker: http://localhost:8002, Tokens: 1276615.0
Selected worker: http://localhost:8002
INFO:     127.0.0.1:59640 - "POST /v1/completions HTTP/1.1" 200 OK
Worker: http://localhost:8001, Running: 17.0, Waiting: 0.0
Worker: http://localhost:8001, qlen: 17.0
Worker: http://localhost:8001, Tokens: 1276220.0
Worker: http://localhost:8002, Running: 15.0, Waiting: 0.0
Worker: http://localhost:8002, qlen: 15.0
Worker: http://localhost:8002, Tokens: 1283278.0
Selected worker: http://localhost:8002
INFO:     127.0.0.1:53932 - "POST /v1/completions HTTP/1.1" 200 OK
Worker: http://localhost:8001, Running: 17.0, Waiting: 0.0
Worker: http://localhost:8001, qlen: 17.0
Worker: http://localhost:8001, Tokens: 1272603.0
Worker: http://localhost:8002, Running: 14.0, Waiting: 0.0
Worker: http://localhost:8002, qlen: 14.0
Worker: http://localhost:8002, Tokens: 1280381.0
Selected worker: http://localhost:8002
INFO:     127.0.0.1:53940 - "POST /v1/completions HTTP/1.1" 200 OK
Worker: http://localhost:8001, Running: 17.0, Waiting: 0.0
Worker: http://localhost:8001, qlen: 17.0
Worker: http://localhost:8001, Tokens: 1272603.0
Worker: http://localhost:8002, Running: 14.0, Waiting: 0.0
Worker: http://localhost:8002, qlen: 14.0
Worker: http://localhost:8002, Tokens: 1280646.0
Selected worker: http://localhost:8002
INFO:     127.0.0.1:53948 - "POST /v1/completions HTTP/1.1" 200 OK
Worker: http://localhost:8001, Running: 17.0, Waiting: 0.0
Worker: http://localhost:8001, qlen: 17.0
Worker: http://localhost:8001, Tokens: 1269602.0
Worker: http://localhost:8002, Running: 14.0, Waiting: 0.0
Worker: http://localhost:8002, qlen: 14.0
Worker: http://localhost:8002, Tokens: 1283841.0
Selected worker: http://localhost:8002
INFO:     127.0.0.1:53960 - "POST /v1/completions HTTP/1.1" 200 OK
Worker: http://localhost:8001, Running: 15.0, Waiting: 0.0
Worker: http://localhost:8001, qlen: 15.0
Worker: http://localhost:8001, Tokens: 1276271.0
Worker: http://localhost:8002, Running: 14.0, Waiting: 3.0
Worker: http://localhost:8002, qlen: 14.0
Worker: http://localhost:8002, Tokens: 1283718.0
Selected worker: http://localhost:8002
INFO:     127.0.0.1:53974 - "POST /v1/completions HTTP/1.1" 200 OK
Worker: http://localhost:8001, Running: 14.0, Waiting: 0.0
Worker: http://localhost:8001, qlen: 14.0
Worker: http://localhost:8001, Tokens: 1274181.0
Worker: http://localhost:8002, Running: 18.0, Waiting: 0.0
Worker: http://localhost:8002, qlen: 18.0
Worker: http://localhost:8002, Tokens: 1295732.0
Selected worker: http://localhost:8001
Worker: http://localhost:8001, Running: 14.0, Waiting: 0.0
Worker: http://localhost:8001, qlen: 14.0
Worker: http://localhost:8001, Tokens: 1274441.0
Worker: http://localhost:8002, Running: 18.0, Waiting: 0.0
Worker: http://localhost:8002, qlen: 18.0
Worker: http://localhost:8002, Tokens: 1295732.0
Selected worker: http://localhost:8001
INFO:     127.0.0.1:53984 - "POST /v1/completions HTTP/1.1" 200 OK
INFO:     127.0.0.1:54000 - "POST /v1/completions HTTP/1.1" 200 OK
Worker: http://localhost:8001, Running: 15.0, Waiting: 0.0
Worker: http://localhost:8001, qlen: 15.0
Worker: http://localhost:8001, Tokens: 1280850.0
Worker: http://localhost:8002, Running: 17.0, Waiting: 0.0
Worker: http://localhost:8002, qlen: 17.0
Worker: http://localhost:8002, Tokens: 1296665.0
Selected worker: http://localhost:8001
INFO:     127.0.0.1:54016 - "POST /v1/completions HTTP/1.1" 200 OK
Worker: http://localhost:8001, Running: 15.0, Waiting: 0.0
Worker: http://localhost:8001, qlen: 15.0
Worker: http://localhost:8001, Tokens: 1281131.0
Worker: http://localhost:8002, Running: 17.0, Waiting: 0.0
Worker: http://localhost:8002, qlen: 17.0
Worker: http://localhost:8002, Tokens: 1293573.0
Selected worker: http://localhost:8001
INFO:     127.0.0.1:54026 - "POST /v1/completions HTTP/1.1" 200 OK
Worker: http://localhost:8001, Running: 16.0, Waiting: 0.0
Worker: http://localhost:8001, qlen: 16.0
Worker: http://localhost:8001, Tokens: 1283768.0
Worker: http://localhost:8002, Running: 16.0, Waiting: 0.0
Worker: http://localhost:8002, qlen: 16.0
Worker: http://localhost:8002, Tokens: 1297951.0
Selected worker: http://localhost:8002
INFO:     127.0.0.1:54034 - "POST /v1/completions HTTP/1.1" 200 OK
Worker: http://localhost:8001, Running: 15.0, Waiting: 0.0
Worker: http://localhost:8001, qlen: 15.0
Worker: http://localhost:8001, Tokens: 1286851.0
Worker: http://localhost:8002, Running: 16.0, Waiting: 0.0
Worker: http://localhost:8002, qlen: 16.0
Worker: http://localhost:8002, Tokens: 1297782.0
Selected worker: http://localhost:8001
INFO:     127.0.0.1:54038 - "POST /v1/completions HTTP/1.1" 200 OK
Worker: http://localhost:8001, Running: 15.0, Waiting: 0.0
Worker: http://localhost:8001, qlen: 15.0
Worker: http://localhost:8001, Tokens: 1286986.0
Worker: http://localhost:8002, Running: 16.0, Waiting: 0.0
Worker: http://localhost:8002, qlen: 16.0
Worker: http://localhost:8002, Tokens: 1295663.0
Selected worker: http://localhost:8001
INFO:     127.0.0.1:54040 - "POST /v1/completions HTTP/1.1" 200 OK
Worker: http://localhost:8001, Running: 17.0, Waiting: 0.0
Worker: http://localhost:8001, qlen: 17.0
Worker: http://localhost:8001, Tokens: 1297453.0
Worker: http://localhost:8002, Running: 15.0, Waiting: 0.0
Worker: http://localhost:8002, qlen: 15.0
Worker: http://localhost:8002, Tokens: 1296175.0
Selected worker: http://localhost:8002
INFO:     127.0.0.1:54054 - "POST /v1/completions HTTP/1.1" 200 OK
Worker: http://localhost:8001, Running: 17.0, Waiting: 0.0
Worker: http://localhost:8001, qlen: 17.0
Worker: http://localhost:8001, Tokens: 1297538.0
Worker: http://localhost:8002, Running: 14.0, Waiting: 0.0
Worker: http://localhost:8002, qlen: 14.0
Worker: http://localhost:8002, Tokens: 1299464.0
Selected worker: http://localhost:8002
INFO:     127.0.0.1:54070 - "POST /v1/completions HTTP/1.1" 200 OK
Worker: http://localhost:8001, Running: 17.0, Waiting: 0.0
Worker: http://localhost:8001, qlen: 17.0
Worker: http://localhost:8001, Tokens: 1294724.0
Worker: http://localhost:8002, Running: 14.0, Waiting: 0.0
Worker: http://localhost:8002, qlen: 14.0
Worker: http://localhost:8002, Tokens: 1299837.0
Selected worker: http://localhost:8002
INFO:     127.0.0.1:54080 - "POST /v1/completions HTTP/1.1" 200 OK
Worker: http://localhost:8001, Running: 16.0, Waiting: 0.0
Worker: http://localhost:8001, qlen: 16.0
Worker: http://localhost:8001, Tokens: 1298044.0
Worker: http://localhost:8002, Running: 16.0, Waiting: 0.0
Worker: http://localhost:8002, qlen: 16.0
Worker: http://localhost:8002, Tokens: 1305464.0
Selected worker: http://localhost:8001
INFO:     127.0.0.1:54090 - "POST /v1/completions HTTP/1.1" 200 OK

Shutting down... Final worker request counts:
{
    "http://localhost:8001": 261,
    "http://localhost:8002": 252
}
{
    "http://localhost:8001": 246,
    "http://localhost:8002": 266
}

Shutting down... Final worker request counts:
{
    "http://localhost:8001": 261,
    "http://localhost:8002": 252
}
{
    "http://localhost:8001": 246,
    "http://localhost:8002": 266
}
Metrics update failed for http://localhost:8001: 
Metrics update failed for http://localhost:8002: 
Metrics update failed for http://localhost:8001: All connection attempts failed
Metrics update failed for http://localhost:8002: All connection attempts failed
Metrics update failed for http://localhost:8001: All connection attempts failed
Metrics update failed for http://localhost:8002: All connection attempts failed
Metrics update failed for http://localhost:8001: All connection attempts failed
Metrics update failed for http://localhost:8002: All connection attempts failed
Metrics update failed for http://localhost:8001: All connection attempts failed
Metrics update failed for http://localhost:8002: All connection attempts failed
Metrics update failed for http://localhost:8001: All connection attempts failed
Metrics update failed for http://localhost:8002: All connection attempts failed
Metrics update failed for http://localhost:8001: All connection attempts failed
Metrics update failed for http://localhost:8002: All connection attempts failed
Metrics update failed for http://localhost:8001: All connection attempts failed
Metrics update failed for http://localhost:8002: All connection attempts failed
Metrics update failed for http://localhost:8001: All connection attempts failed
Metrics update failed for http://localhost:8002: All connection attempts failed
Metrics update failed for http://localhost:8001: All connection attempts failed
Metrics update failed for http://localhost:8002: All connection attempts failed
Metrics update failed for http://localhost:8001: All connection attempts failed
Metrics update failed for http://localhost:8002: All connection attempts failed
Metrics update failed for http://localhost:8001: All connection attempts failed
Metrics update failed for http://localhost:8002: All connection attempts failed
Metrics update failed for http://localhost:8001: All connection attempts failed
Metrics update failed for http://localhost:8002: All connection attempts failed
Metrics update failed for http://localhost:8001: All connection attempts failed
Metrics update failed for http://localhost:8002: All connection attempts failed
Metrics update failed for http://localhost:8001: All connection attempts failed
Metrics update failed for http://localhost:8002: All connection attempts failed
Metrics update failed for http://localhost:8001: All connection attempts failed
Metrics update failed for http://localhost:8002: All connection attempts failed
Metrics update failed for http://localhost:8001: All connection attempts failed
Metrics update failed for http://localhost:8002: All connection attempts failed
Metrics update failed for http://localhost:8001: All connection attempts failed
Metrics update failed for http://localhost:8002: All connection attempts failed
Metrics update failed for http://localhost:8001: All connection attempts failed
Metrics update failed for http://localhost:8002: All connection attempts failed
Metrics update failed for http://localhost:8001: All connection attempts failed
Metrics update failed for http://localhost:8002: All connection attempts failed
Metrics update failed for http://localhost:8001: All connection attempts failed
Metrics update failed for http://localhost:8002: All connection attempts failed
Metrics update failed for http://localhost:8001: All connection attempts failed
Metrics update failed for http://localhost:8002: All connection attempts failed
Metrics update failed for http://localhost:8001: All connection attempts failed
Metrics update failed for http://localhost:8002: All connection attempts failed
Metrics update failed for http://localhost:8001: All connection attempts failed
Metrics update failed for http://localhost:8002: All connection attempts failed
Metrics update failed for http://localhost:8001: All connection attempts failed
Metrics update failed for http://localhost:8002: All connection attempts failed
Metrics update failed for http://localhost:8001: All connection attempts failed
Metrics update failed for http://localhost:8002: All connection attempts failed
Metrics update failed for http://localhost:8001: All connection attempts failed
Metrics update failed for http://localhost:8002: All connection attempts failed
Metrics update failed for http://localhost:8001: All connection attempts failed
Metrics update failed for http://localhost:8002: All connection attempts failed
Metrics update failed for http://localhost:8001: All connection attempts failed
Metrics update failed for http://localhost:8002: All connection attempts failed
Metrics update failed for http://localhost:8001: All connection attempts failed
Metrics update failed for http://localhost:8002: All connection attempts failed
Metrics update failed for http://localhost:8001: All connection attempts failed
Metrics update failed for http://localhost:8002: All connection attempts failed
Metrics update failed for http://localhost:8001: All connection attempts failed
Metrics update failed for http://localhost:8002: All connection attempts failed
Metrics update failed for http://localhost:8001: All connection attempts failed
Metrics update failed for http://localhost:8002: All connection attempts failed
Metrics update failed for http://localhost:8001: All connection attempts failed
Metrics update failed for http://localhost:8002: All connection attempts failed
Metrics update failed for http://localhost:8001: All connection attempts failed
Metrics update failed for http://localhost:8002: All connection attempts failed
Metrics update failed for http://localhost:8001: All connection attempts failed
Metrics update failed for http://localhost:8002: All connection attempts failed
Metrics update failed for http://localhost:8001: All connection attempts failed
Metrics update failed for http://localhost:8002: All connection attempts failed
Metrics update failed for http://localhost:8001: All connection attempts failed
Metrics update failed for http://localhost:8002: All connection attempts failed
Metrics update failed for http://localhost:8001: All connection attempts failed
Metrics update failed for http://localhost:8002: All connection attempts failed
Metrics update failed for http://localhost:8001: All connection attempts failed
Metrics update failed for http://localhost:8002: All connection attempts failed
Metrics update failed for http://localhost:8001: All connection attempts failed
Metrics update failed for http://localhost:8002: All connection attempts failed
Metrics update failed for http://localhost:8001: All connection attempts failed
Metrics update failed for http://localhost:8002: All connection attempts failed
Metrics update failed for http://localhost:8001: All connection attempts failed
Metrics update failed for http://localhost:8002: All connection attempts failed
Metrics update failed for http://localhost:8001: All connection attempts failed
Metrics update failed for http://localhost:8002: All connection attempts failed
Metrics update failed for http://localhost:8001: All connection attempts failed
Metrics update failed for http://localhost:8002: All connection attempts failed
Metrics update failed for http://localhost:8001: All connection attempts failed
Metrics update failed for http://localhost:8002: All connection attempts failed
Metrics update failed for http://localhost:8001: All connection attempts failed
Metrics update failed for http://localhost:8002: All connection attempts failed
Metrics update failed for http://localhost:8001: All connection attempts failed
Metrics update failed for http://localhost:8002: All connection attempts failed
Metrics update failed for http://localhost:8001: All connection attempts failed
Metrics update failed for http://localhost:8002: All connection attempts failed
Metrics update failed for http://localhost:8001: All connection attempts failed
Metrics update failed for http://localhost:8002: All connection attempts failed
Metrics update failed for http://localhost:8001: All connection attempts failed
Metrics update failed for http://localhost:8002: All connection attempts failed
Metrics update failed for http://localhost:8001: All connection attempts failed
Metrics update failed for http://localhost:8002: All connection attempts failed
Metrics update failed for http://localhost:8001: All connection attempts failed
Metrics update failed for http://localhost:8002: All connection attempts failed
Metrics update failed for http://localhost:8001: All connection attempts failed
Metrics update failed for http://localhost:8002: All connection attempts failed
Metrics update failed for http://localhost:8001: All connection attempts failed
Metrics update failed for http://localhost:8002: All connection attempts failed
Metrics update failed for http://localhost:8001: All connection attempts failed
Metrics update failed for http://localhost:8002: All connection attempts failed
Metrics update failed for http://localhost:8001: All connection attempts failed
Metrics update failed for http://localhost:8002: All connection attempts failed
Metrics update failed for http://localhost:8001: All connection attempts failed
Metrics update failed for http://localhost:8002: All connection attempts failed
Metrics update failed for http://localhost:8001: All connection attempts failed
Metrics update failed for http://localhost:8002: All connection attempts failed
Metrics update failed for http://localhost:8001: All connection attempts failed
Metrics update failed for http://localhost:8002: All connection attempts failed
Metrics update failed for http://localhost:8001: All connection attempts failed
Metrics update failed for http://localhost:8002: All connection attempts failed
Metrics update failed for http://localhost:8001: All connection attempts failed
Metrics update failed for http://localhost:8002: All connection attempts failed
Metrics update failed for http://localhost:8001: All connection attempts failed
Metrics update failed for http://localhost:8002: All connection attempts failed
Metrics update failed for http://localhost:8001: All connection attempts failed
Metrics update failed for http://localhost:8002: All connection attempts failed
Metrics update failed for http://localhost:8001: All connection attempts failed
Metrics update failed for http://localhost:8002: All connection attempts failed
Metrics update failed for http://localhost:8001: All connection attempts failed
Metrics update failed for http://localhost:8002: All connection attempts failed
Metrics update failed for http://localhost:8001: All connection attempts failed
Metrics update failed for http://localhost:8002: All connection attempts failed
Metrics update failed for http://localhost:8001: All connection attempts failed
Metrics update failed for http://localhost:8002: All connection attempts failed
Metrics update failed for http://localhost:8001: All connection attempts failed
Metrics update failed for http://localhost:8002: All connection attempts failed
Metrics update failed for http://localhost:8001: All connection attempts failed
Metrics update failed for http://localhost:8002: All connection attempts failed
Metrics update failed for http://localhost:8001: All connection attempts failed
Metrics update failed for http://localhost:8002: All connection attempts failed
Metrics update failed for http://localhost:8001: All connection attempts failed
Metrics update failed for http://localhost:8002: All connection attempts failed
Metrics update failed for http://localhost:8001: All connection attempts failed
Metrics update failed for http://localhost:8002: All connection attempts failed
Metrics update failed for http://localhost:8001: All connection attempts failed
Metrics update failed for http://localhost:8002: All connection attempts failed
Metrics update failed for http://localhost:8001: All connection attempts failed
Metrics update failed for http://localhost:8002: All connection attempts failed
Metrics update failed for http://localhost:8001: All connection attempts failed
Metrics update failed for http://localhost:8002: All connection attempts failed
Metrics update failed for http://localhost:8001: All connection attempts failed
Metrics update failed for http://localhost:8002: All connection attempts failed
Metrics update failed for http://localhost:8001: All connection attempts failed
Metrics update failed for http://localhost:8002: All connection attempts failed
Metrics update failed for http://localhost:8001: All connection attempts failed
Metrics update failed for http://localhost:8002: All connection attempts failed
Metrics update failed for http://localhost:8001: All connection attempts failed
Metrics update failed for http://localhost:8002: All connection attempts failed
Metrics update failed for http://localhost:8001: All connection attempts failed
Metrics update failed for http://localhost:8002: All connection attempts failed
Metrics update failed for http://localhost:8001: All connection attempts failed
Metrics update failed for http://localhost:8002: All connection attempts failed
Metrics update failed for http://localhost:8001: All connection attempts failed
Metrics update failed for http://localhost:8002: All connection attempts failed
Metrics update failed for http://localhost:8001: All connection attempts failed
Metrics update failed for http://localhost:8002: All connection attempts failed
Metrics update failed for http://localhost:8001: All connection attempts failed
Metrics update failed for http://localhost:8002: All connection attempts failed
Metrics update failed for http://localhost:8001: All connection attempts failed
Metrics update failed for http://localhost:8002: All connection attempts failed
Metrics update failed for http://localhost:8001: All connection attempts failed
Metrics update failed for http://localhost:8002: All connection attempts failed
Metrics update failed for http://localhost:8001: All connection attempts failed
Metrics update failed for http://localhost:8002: All connection attempts failed
Metrics update failed for http://localhost:8001: All connection attempts failed
Metrics update failed for http://localhost:8002: All connection attempts failed
Metrics update failed for http://localhost:8001: All connection attempts failed
Metrics update failed for http://localhost:8002: All connection attempts failed
Metrics update failed for http://localhost:8001: All connection attempts failed
Metrics update failed for http://localhost:8002: All connection attempts failed
Metrics update failed for http://localhost:8001: All connection attempts failed
Metrics update failed for http://localhost:8002: All connection attempts failed
Metrics update failed for http://localhost:8001: All connection attempts failed
Metrics update failed for http://localhost:8002: All connection attempts failed
Metrics update failed for http://localhost:8001: All connection attempts failed
Metrics update failed for http://localhost:8002: All connection attempts failed
Metrics update failed for http://localhost:8001: All connection attempts failed
Metrics update failed for http://localhost:8002: All connection attempts failed
Metrics update failed for http://localhost:8001: All connection attempts failed
Metrics update failed for http://localhost:8002: All connection attempts failed
Metrics update failed for http://localhost:8001: All connection attempts failed
Metrics update failed for http://localhost:8002: All connection attempts failed
Metrics update failed for http://localhost:8001: All connection attempts failed
Metrics update failed for http://localhost:8002: All connection attempts failed
Metrics update failed for http://localhost:8001: All connection attempts failed
Metrics update failed for http://localhost:8002: All connection attempts failed
Metrics update failed for http://localhost:8001: All connection attempts failed
Metrics update failed for http://localhost:8002: All connection attempts failed
Metrics update failed for http://localhost:8001: All connection attempts failed
Metrics update failed for http://localhost:8002: All connection attempts failed
Metrics update failed for http://localhost:8001: All connection attempts failed
Metrics update failed for http://localhost:8002: All connection attempts failed
Metrics update failed for http://localhost:8001: All connection attempts failed
Metrics update failed for http://localhost:8002: All connection attempts failed
Metrics update failed for http://localhost:8001: All connection attempts failed
Metrics update failed for http://localhost:8002: All connection attempts failed
Metrics update failed for http://localhost:8001: All connection attempts failed
Metrics update failed for http://localhost:8002: All connection attempts failed
Metrics update failed for http://localhost:8001: All connection attempts failed
Metrics update failed for http://localhost:8002: All connection attempts failed
Metrics update failed for http://localhost:8001: All connection attempts failed
Metrics update failed for http://localhost:8002: All connection attempts failed
Metrics update failed for http://localhost:8001: All connection attempts failed
Metrics update failed for http://localhost:8002: All connection attempts failed
Metrics update failed for http://localhost:8001: All connection attempts failed
Metrics update failed for http://localhost:8002: All connection attempts failed
Metrics update failed for http://localhost:8001: All connection attempts failed
Metrics update failed for http://localhost:8002: All connection attempts failed
Metrics update failed for http://localhost:8001: All connection attempts failed
Metrics update failed for http://localhost:8002: All connection attempts failed
Metrics update failed for http://localhost:8001: All connection attempts failed
Metrics update failed for http://localhost:8002: All connection attempts failed
Metrics update failed for http://localhost:8001: All connection attempts failed
Metrics update failed for http://localhost:8002: All connection attempts failed
Metrics update failed for http://localhost:8001: All connection attempts failed
Metrics update failed for http://localhost:8002: All connection attempts failed
Metrics update failed for http://localhost:8001: All connection attempts failed
Metrics update failed for http://localhost:8002: All connection attempts failed
Metrics update failed for http://localhost:8001: All connection attempts failed
Metrics update failed for http://localhost:8002: All connection attempts failed
Metrics update failed for http://localhost:8001: All connection attempts failed
Metrics update failed for http://localhost:8002: All connection attempts failed
Metrics update failed for http://localhost:8001: All connection attempts failed
Metrics update failed for http://localhost:8002: All connection attempts failed
Metrics update failed for http://localhost:8001: All connection attempts failed
Metrics update failed for http://localhost:8002: All connection attempts failed
Metrics update failed for http://localhost:8001: All connection attempts failed
Metrics update failed for http://localhost:8002: All connection attempts failed
Metrics update failed for http://localhost:8001: All connection attempts failed
Metrics update failed for http://localhost:8002: All connection attempts failed
Metrics update failed for http://localhost:8001: All connection attempts failed
Metrics update failed for http://localhost:8002: All connection attempts failed
Metrics update failed for http://localhost:8001: All connection attempts failed
Metrics update failed for http://localhost:8002: All connection attempts failed
Metrics update failed for http://localhost:8001: All connection attempts failed
Metrics update failed for http://localhost:8002: All connection attempts failed
Metrics update failed for http://localhost:8001: All connection attempts failed
Metrics update failed for http://localhost:8002: All connection attempts failed
Metrics update failed for http://localhost:8001: All connection attempts failed
Metrics update failed for http://localhost:8002: All connection attempts failed
Metrics update failed for http://localhost:8001: All connection attempts failed
Metrics update failed for http://localhost:8002: All connection attempts failed
Metrics update failed for http://localhost:8001: All connection attempts failed
Metrics update failed for http://localhost:8002: All connection attempts failed
Metrics update failed for http://localhost:8001: All connection attempts failed
Metrics update failed for http://localhost:8002: All connection attempts failed
Metrics update failed for http://localhost:8001: All connection attempts failed
Metrics update failed for http://localhost:8002: All connection attempts failed
Metrics update failed for http://localhost:8001: All connection attempts failed
Metrics update failed for http://localhost:8002: All connection attempts failed
Metrics update failed for http://localhost:8001: All connection attempts failed
Metrics update failed for http://localhost:8002: All connection attempts failed
Metrics update failed for http://localhost:8001: All connection attempts failed
Metrics update failed for http://localhost:8002: All connection attempts failed
Metrics update failed for http://localhost:8001: All connection attempts failed
Metrics update failed for http://localhost:8002: All connection attempts failed
Metrics update failed for http://localhost:8001: All connection attempts failed
Metrics update failed for http://localhost:8002: All connection attempts failed
Metrics update failed for http://localhost:8001: All connection attempts failed
Metrics update failed for http://localhost:8002: All connection attempts failed
Metrics update failed for http://localhost:8001: All connection attempts failed
Metrics update failed for http://localhost:8002: All connection attempts failed
Metrics update failed for http://localhost:8001: All connection attempts failed
Metrics update failed for http://localhost:8002: All connection attempts failed
Metrics update failed for http://localhost:8001: All connection attempts failed
Metrics update failed for http://localhost:8002: All connection attempts failed
Metrics update failed for http://localhost:8001: All connection attempts failed
Metrics update failed for http://localhost:8002: All connection attempts failed
Metrics update failed for http://localhost:8001: All connection attempts failed
Metrics update failed for http://localhost:8002: All connection attempts failed
Metrics update failed for http://localhost:8001: All connection attempts failed
Metrics update failed for http://localhost:8002: All connection attempts failed
Metrics update failed for http://localhost:8001: All connection attempts failed
Metrics update failed for http://localhost:8002: All connection attempts failed
Metrics update failed for http://localhost:8001: All connection attempts failed
Metrics update failed for http://localhost:8002: All connection attempts failed
Metrics update failed for http://localhost:8001: All connection attempts failed
Metrics update failed for http://localhost:8002: All connection attempts failed
Metrics update failed for http://localhost:8001: All connection attempts failed
Metrics update failed for http://localhost:8002: All connection attempts failed
Metrics update failed for http://localhost:8001: All connection attempts failed
Metrics update failed for http://localhost:8002: All connection attempts failed
Metrics update failed for http://localhost:8001: All connection attempts failed
Metrics update failed for http://localhost:8002: All connection attempts failed
Metrics update failed for http://localhost:8001: All connection attempts failed
Metrics update failed for http://localhost:8002: All connection attempts failed
Metrics update failed for http://localhost:8001: All connection attempts failed
Metrics update failed for http://localhost:8002: All connection attempts failed
Metrics update failed for http://localhost:8001: All connection attempts failed
Metrics update failed for http://localhost:8002: All connection attempts failed
Metrics update failed for http://localhost:8001: All connection attempts failed
Metrics update failed for http://localhost:8002: All connection attempts failed
Metrics update failed for http://localhost:8001: All connection attempts failed
Metrics update failed for http://localhost:8002: All connection attempts failed
Metrics update failed for http://localhost:8001: All connection attempts failed
Metrics update failed for http://localhost:8002: All connection attempts failed
Metrics update failed for http://localhost:8001: All connection attempts failed
Metrics update failed for http://localhost:8002: All connection attempts failed
Metrics update failed for http://localhost:8001: All connection attempts failed
Metrics update failed for http://localhost:8002: All connection attempts failed
Metrics update failed for http://localhost:8001: All connection attempts failed
Metrics update failed for http://localhost:8002: All connection attempts failed
Metrics update failed for http://localhost:8001: All connection attempts failed
Metrics update failed for http://localhost:8002: All connection attempts failed
Metrics update failed for http://localhost:8001: All connection attempts failed
Metrics update failed for http://localhost:8002: All connection attempts failed
Metrics update failed for http://localhost:8001: All connection attempts failed
Metrics update failed for http://localhost:8002: All connection attempts failed
Metrics update failed for http://localhost:8001: All connection attempts failed
Metrics update failed for http://localhost:8002: All connection attempts failed
Metrics update failed for http://localhost:8001: All connection attempts failed
Metrics update failed for http://localhost:8002: All connection attempts failed
Metrics update failed for http://localhost:8001: All connection attempts failed
Metrics update failed for http://localhost:8002: All connection attempts failed
Metrics update failed for http://localhost:8001: All connection attempts failed
Metrics update failed for http://localhost:8002: All connection attempts failed
Metrics update failed for http://localhost:8001: All connection attempts failed
Metrics update failed for http://localhost:8002: All connection attempts failed
Metrics update failed for http://localhost:8001: All connection attempts failed
Metrics update failed for http://localhost:8002: All connection attempts failed
Metrics update failed for http://localhost:8001: All connection attempts failed
Metrics update failed for http://localhost:8002: All connection attempts failed
Metrics update failed for http://localhost:8001: All connection attempts failed
Metrics update failed for http://localhost:8002: All connection attempts failed
Metrics update failed for http://localhost:8001: All connection attempts failed
Metrics update failed for http://localhost:8002: All connection attempts failed
Metrics update failed for http://localhost:8001: All connection attempts failed
Metrics update failed for http://localhost:8002: All connection attempts failed
Metrics update failed for http://localhost:8001: All connection attempts failed
Metrics update failed for http://localhost:8002: All connection attempts failed
Metrics update failed for http://localhost:8001: All connection attempts failed
Metrics update failed for http://localhost:8002: All connection attempts failed
Metrics update failed for http://localhost:8001: All connection attempts failed
Metrics update failed for http://localhost:8002: All connection attempts failed
Metrics update failed for http://localhost:8001: All connection attempts failed
Metrics update failed for http://localhost:8002: All connection attempts failed
Metrics update failed for http://localhost:8001: All connection attempts failed
Metrics update failed for http://localhost:8002: All connection attempts failed
Metrics update failed for http://localhost:8001: All connection attempts failed
Metrics update failed for http://localhost:8002: All connection attempts failed
Metrics update failed for http://localhost:8001: All connection attempts failed
Metrics update failed for http://localhost:8002: All connection attempts failed
Metrics update failed for http://localhost:8001: All connection attempts failed
Metrics update failed for http://localhost:8002: All connection attempts failed
Metrics update failed for http://localhost:8001: All connection attempts failed
Metrics update failed for http://localhost:8002: All connection attempts failed
Metrics update failed for http://localhost:8001: All connection attempts failed
Metrics update failed for http://localhost:8002: All connection attempts failed
Metrics update failed for http://localhost:8001: All connection attempts failed
Metrics update failed for http://localhost:8002: All connection attempts failed
Metrics update failed for http://localhost:8001: All connection attempts failed
Metrics update failed for http://localhost:8002: All connection attempts failed
Metrics update failed for http://localhost:8001: All connection attempts failed
Metrics update failed for http://localhost:8002: All connection attempts failed
Metrics update failed for http://localhost:8001: All connection attempts failed
Metrics update failed for http://localhost:8002: All connection attempts failed
Metrics update failed for http://localhost:8001: All connection attempts failed
Metrics update failed for http://localhost:8002: All connection attempts failed
Metrics update failed for http://localhost:8001: All connection attempts failed
Metrics update failed for http://localhost:8002: All connection attempts failed
Metrics update failed for http://localhost:8001: All connection attempts failed
Metrics update failed for http://localhost:8002: All connection attempts failed
Metrics update failed for http://localhost:8001: All connection attempts failed
Metrics update failed for http://localhost:8002: All connection attempts failed
Metrics update failed for http://localhost:8001: All connection attempts failed
Metrics update failed for http://localhost:8002: All connection attempts failed
Metrics update failed for http://localhost:8001: All connection attempts failed
Metrics update failed for http://localhost:8002: All connection attempts failed
Metrics update failed for http://localhost:8001: All connection attempts failed
Metrics update failed for http://localhost:8002: All connection attempts failed
Metrics update failed for http://localhost:8001: All connection attempts failed
Metrics update failed for http://localhost:8002: All connection attempts failed
Metrics update failed for http://localhost:8001: All connection attempts failed
Metrics update failed for http://localhost:8002: All connection attempts failed
Metrics update failed for http://localhost:8001: All connection attempts failed
Metrics update failed for http://localhost:8002: All connection attempts failed
Metrics update failed for http://localhost:8001: All connection attempts failed
Metrics update failed for http://localhost:8002: All connection attempts failed
Metrics update failed for http://localhost:8001: All connection attempts failed
Metrics update failed for http://localhost:8002: All connection attempts failed
Metrics update failed for http://localhost:8001: All connection attempts failed
Metrics update failed for http://localhost:8002: All connection attempts failed
Metrics update failed for http://localhost:8001: All connection attempts failed
Metrics update failed for http://localhost:8002: All connection attempts failed
Metrics update failed for http://localhost:8001: All connection attempts failed
Metrics update failed for http://localhost:8002: All connection attempts failed
Metrics update failed for http://localhost:8001: All connection attempts failed
Metrics update failed for http://localhost:8002: All connection attempts failed
Metrics update failed for http://localhost:8001: All connection attempts failed
Metrics update failed for http://localhost:8002: All connection attempts failed
Metrics update failed for http://localhost:8001: All connection attempts failed
Metrics update failed for http://localhost:8002: All connection attempts failed
Metrics update failed for http://localhost:8001: All connection attempts failed
Metrics update failed for http://localhost:8002: All connection attempts failed
Metrics update failed for http://localhost:8001: All connection attempts failed
Metrics update failed for http://localhost:8002: All connection attempts failed
Metrics update failed for http://localhost:8001: All connection attempts failed
Metrics update failed for http://localhost:8002: All connection attempts failed
Metrics update failed for http://localhost:8001: All connection attempts failed
Metrics update failed for http://localhost:8002: All connection attempts failed
Metrics update failed for http://localhost:8001: All connection attempts failed
Metrics update failed for http://localhost:8002: All connection attempts failed
Metrics update failed for http://localhost:8001: All connection attempts failed
Metrics update failed for http://localhost:8002: All connection attempts failed
Metrics update failed for http://localhost:8001: All connection attempts failed
Metrics update failed for http://localhost:8002: All connection attempts failed
Metrics update failed for http://localhost:8001: All connection attempts failed
Metrics update failed for http://localhost:8002: All connection attempts failed
Metrics update failed for http://localhost:8001: All connection attempts failed
Metrics update failed for http://localhost:8002: All connection attempts failed
Metrics update failed for http://localhost:8001: All connection attempts failed
Metrics update failed for http://localhost:8002: All connection attempts failed
Metrics update failed for http://localhost:8001: All connection attempts failed
Metrics update failed for http://localhost:8002: All connection attempts failed
Metrics update failed for http://localhost:8001: All connection attempts failed
Metrics update failed for http://localhost:8002: All connection attempts failed
Metrics update failed for http://localhost:8001: All connection attempts failed
Metrics update failed for http://localhost:8002: All connection attempts failed
Metrics update failed for http://localhost:8001: All connection attempts failed
Metrics update failed for http://localhost:8002: All connection attempts failed
Metrics update failed for http://localhost:8001: All connection attempts failed
Metrics update failed for http://localhost:8002: All connection attempts failed
Metrics update failed for http://localhost:8001: All connection attempts failed
Metrics update failed for http://localhost:8002: All connection attempts failed
Metrics update failed for http://localhost:8001: All connection attempts failed
Metrics update failed for http://localhost:8002: All connection attempts failed
Metrics update failed for http://localhost:8001: All connection attempts failed
Metrics update failed for http://localhost:8002: All connection attempts failed
Metrics update failed for http://localhost:8001: All connection attempts failed
Metrics update failed for http://localhost:8002: All connection attempts failed
Metrics update failed for http://localhost:8001: All connection attempts failed
Metrics update failed for http://localhost:8002: All connection attempts failed
Metrics update failed for http://localhost:8001: All connection attempts failed
Metrics update failed for http://localhost:8002: All connection attempts failed
Metrics update failed for http://localhost:8001: All connection attempts failed
Metrics update failed for http://localhost:8002: All connection attempts failed
Metrics update failed for http://localhost:8001: All connection attempts failed
Metrics update failed for http://localhost:8002: All connection attempts failed
Metrics update failed for http://localhost:8001: All connection attempts failed
Metrics update failed for http://localhost:8002: All connection attempts failed
Metrics update failed for http://localhost:8001: All connection attempts failed
Metrics update failed for http://localhost:8002: All connection attempts failed
Metrics update failed for http://localhost:8001: All connection attempts failed
Metrics update failed for http://localhost:8002: All connection attempts failed
Metrics update failed for http://localhost:8001: All connection attempts failed
Metrics update failed for http://localhost:8002: All connection attempts failed
Metrics update failed for http://localhost:8001: All connection attempts failed
Metrics update failed for http://localhost:8002: All connection attempts failed
Metrics update failed for http://localhost:8001: All connection attempts failed
Metrics update failed for http://localhost:8002: All connection attempts failed
Metrics update failed for http://localhost:8001: All connection attempts failed
Metrics update failed for http://localhost:8002: All connection attempts failed
Metrics update failed for http://localhost:8001: All connection attempts failed
Metrics update failed for http://localhost:8002: All connection attempts failed
Metrics update failed for http://localhost:8001: All connection attempts failed
Metrics update failed for http://localhost:8002: All connection attempts failed
Metrics update failed for http://localhost:8001: All connection attempts failed
Metrics update failed for http://localhost:8002: All connection attempts failed
Metrics update failed for http://localhost:8001: All connection attempts failed
Metrics update failed for http://localhost:8002: All connection attempts failed
Metrics update failed for http://localhost:8001: All connection attempts failed
Metrics update failed for http://localhost:8002: All connection attempts failed
Metrics update failed for http://localhost:8001: All connection attempts failed
Metrics update failed for http://localhost:8002: All connection attempts failed
Metrics update failed for http://localhost:8001: All connection attempts failed
Metrics update failed for http://localhost:8002: All connection attempts failed
Metrics update failed for http://localhost:8001: All connection attempts failed
Metrics update failed for http://localhost:8002: All connection attempts failed
Metrics update failed for http://localhost:8001: All connection attempts failed
Metrics update failed for http://localhost:8002: All connection attempts failed
Metrics update failed for http://localhost:8001: All connection attempts failed
Metrics update failed for http://localhost:8002: All connection attempts failed
Metrics update failed for http://localhost:8001: All connection attempts failed
Metrics update failed for http://localhost:8002: All connection attempts failed
Metrics update failed for http://localhost:8001: All connection attempts failed
Metrics update failed for http://localhost:8002: All connection attempts failed
Metrics update failed for http://localhost:8001: All connection attempts failed
Metrics update failed for http://localhost:8002: All connection attempts failed
Metrics update failed for http://localhost:8001: All connection attempts failed
Metrics update failed for http://localhost:8002: All connection attempts failed
Metrics update failed for http://localhost:8001: All connection attempts failed
Metrics update failed for http://localhost:8002: All connection attempts failed
Metrics update failed for http://localhost:8001: All connection attempts failed
Metrics update failed for http://localhost:8002: All connection attempts failed
Metrics update failed for http://localhost:8001: All connection attempts failed
Metrics update failed for http://localhost:8002: All connection attempts failed
Metrics update failed for http://localhost:8001: All connection attempts failed
Metrics update failed for http://localhost:8002: All connection attempts failed
Metrics update failed for http://localhost:8001: All connection attempts failed
Metrics update failed for http://localhost:8002: All connection attempts failed
Metrics update failed for http://localhost:8001: All connection attempts failed
Metrics update failed for http://localhost:8002: All connection attempts failed
Metrics update failed for http://localhost:8001: All connection attempts failed
Metrics update failed for http://localhost:8002: All connection attempts failed
Metrics update failed for http://localhost:8001: All connection attempts failed
Metrics update failed for http://localhost:8002: All connection attempts failed
Metrics update failed for http://localhost:8001: All connection attempts failed
Metrics update failed for http://localhost:8002: All connection attempts failed
Metrics update failed for http://localhost:8001: All connection attempts failed
Metrics update failed for http://localhost:8002: All connection attempts failed
Metrics update failed for http://localhost:8001: All connection attempts failed
Metrics update failed for http://localhost:8002: All connection attempts failed
Metrics update failed for http://localhost:8001: All connection attempts failed
Metrics update failed for http://localhost:8002: All connection attempts failed
Metrics update failed for http://localhost:8001: All connection attempts failed
Metrics update failed for http://localhost:8002: All connection attempts failed
Metrics update failed for http://localhost:8001: All connection attempts failed
Metrics update failed for http://localhost:8002: All connection attempts failed
Metrics update failed for http://localhost:8001: All connection attempts failed
Metrics update failed for http://localhost:8002: All connection attempts failed
Metrics update failed for http://localhost:8001: All connection attempts failed
Metrics update failed for http://localhost:8002: All connection attempts failed
Metrics update failed for http://localhost:8001: All connection attempts failed
Metrics update failed for http://localhost:8002: All connection attempts failed
Metrics update failed for http://localhost:8001: All connection attempts failed
Metrics update failed for http://localhost:8002: All connection attempts failed
Metrics update failed for http://localhost:8001: All connection attempts failed
Metrics update failed for http://localhost:8002: All connection attempts failed
Metrics update failed for http://localhost:8001: All connection attempts failed
Metrics update failed for http://localhost:8002: All connection attempts failed
Metrics update failed for http://localhost:8001: All connection attempts failed
Metrics update failed for http://localhost:8002: All connection attempts failed
Metrics update failed for http://localhost:8001: All connection attempts failed
Metrics update failed for http://localhost:8002: All connection attempts failed
Metrics update failed for http://localhost:8001: All connection attempts failed
Metrics update failed for http://localhost:8002: All connection attempts failed
Metrics update failed for http://localhost:8001: All connection attempts failed
Metrics update failed for http://localhost:8002: All connection attempts failed
Metrics update failed for http://localhost:8001: All connection attempts failed
Metrics update failed for http://localhost:8002: All connection attempts failed
Metrics update failed for http://localhost:8001: All connection attempts failed
Metrics update failed for http://localhost:8002: All connection attempts failed
Metrics update failed for http://localhost:8001: All connection attempts failed
Metrics update failed for http://localhost:8002: All connection attempts failed
Metrics update failed for http://localhost:8001: All connection attempts failed
Metrics update failed for http://localhost:8002: All connection attempts failed
Metrics update failed for http://localhost:8001: All connection attempts failed
Metrics update failed for http://localhost:8002: All connection attempts failed
Metrics update failed for http://localhost:8001: All connection attempts failed
Metrics update failed for http://localhost:8002: All connection attempts failed
Metrics update failed for http://localhost:8001: All connection attempts failed
Metrics update failed for http://localhost:8002: All connection attempts failed
Metrics update failed for http://localhost:8001: All connection attempts failed
Metrics update failed for http://localhost:8002: All connection attempts failed
Metrics update failed for http://localhost:8001: All connection attempts failed
Metrics update failed for http://localhost:8002: All connection attempts failed
Metrics update failed for http://localhost:8001: All connection attempts failed
Metrics update failed for http://localhost:8002: All connection attempts failed
Metrics update failed for http://localhost:8001: All connection attempts failed
Metrics update failed for http://localhost:8002: All connection attempts failed
Metrics update failed for http://localhost:8001: All connection attempts failed
Metrics update failed for http://localhost:8002: All connection attempts failed
Metrics update failed for http://localhost:8001: All connection attempts failed
Metrics update failed for http://localhost:8002: All connection attempts failed
Metrics update failed for http://localhost:8001: All connection attempts failed
Metrics update failed for http://localhost:8002: All connection attempts failed
Metrics update failed for http://localhost:8001: All connection attempts failed
Metrics update failed for http://localhost:8002: All connection attempts failed
Metrics update failed for http://localhost:8001: All connection attempts failed
Metrics update failed for http://localhost:8002: All connection attempts failed
Metrics update failed for http://localhost:8001: All connection attempts failed
Metrics update failed for http://localhost:8002: All connection attempts failed
Metrics update failed for http://localhost:8001: All connection attempts failed
Metrics update failed for http://localhost:8002: All connection attempts failed
Metrics update failed for http://localhost:8001: All connection attempts failed
Metrics update failed for http://localhost:8002: All connection attempts failed
Metrics update failed for http://localhost:8001: All connection attempts failed
Metrics update failed for http://localhost:8002: All connection attempts failed
Metrics update failed for http://localhost:8001: All connection attempts failed
Metrics update failed for http://localhost:8002: All connection attempts failed
Metrics update failed for http://localhost:8001: All connection attempts failed
Metrics update failed for http://localhost:8002: All connection attempts failed
Metrics update failed for http://localhost:8001: All connection attempts failed
Metrics update failed for http://localhost:8002: All connection attempts failed
Metrics update failed for http://localhost:8001: All connection attempts failed
Metrics update failed for http://localhost:8002: All connection attempts failed
Metrics update failed for http://localhost:8001: All connection attempts failed
Metrics update failed for http://localhost:8002: All connection attempts failed
Metrics update failed for http://localhost:8001: All connection attempts failed
Metrics update failed for http://localhost:8002: All connection attempts failed
Metrics update failed for http://localhost:8001: All connection attempts failed
Metrics update failed for http://localhost:8002: All connection attempts failed
Metrics update failed for http://localhost:8001: All connection attempts failed
Metrics update failed for http://localhost:8002: All connection attempts failed
Metrics update failed for http://localhost:8001: All connection attempts failed
Metrics update failed for http://localhost:8002: All connection attempts failed
Metrics update failed for http://localhost:8001: All connection attempts failed
Metrics update failed for http://localhost:8002: All connection attempts failed
Metrics update failed for http://localhost:8001: All connection attempts failed
Metrics update failed for http://localhost:8002: All connection attempts failed
Metrics update failed for http://localhost:8001: All connection attempts failed
Metrics update failed for http://localhost:8002: All connection attempts failed
Metrics update failed for http://localhost:8001: All connection attempts failed
Metrics update failed for http://localhost:8002: All connection attempts failed
Metrics update failed for http://localhost:8001: All connection attempts failed
Metrics update failed for http://localhost:8002: All connection attempts failed
Metrics update failed for http://localhost:8001: All connection attempts failed
Metrics update failed for http://localhost:8002: All connection attempts failed
Metrics update failed for http://localhost:8001: All connection attempts failed
Metrics update failed for http://localhost:8002: All connection attempts failed
Metrics update failed for http://localhost:8001: All connection attempts failed
Metrics update failed for http://localhost:8002: All connection attempts failed
Metrics update failed for http://localhost:8001: All connection attempts failed
Metrics update failed for http://localhost:8002: All connection attempts failed
Metrics update failed for http://localhost:8001: All connection attempts failed
Metrics update failed for http://localhost:8002: All connection attempts failed
Metrics update failed for http://localhost:8001: All connection attempts failed
Metrics update failed for http://localhost:8002: All connection attempts failed
Metrics update failed for http://localhost:8001: All connection attempts failed
Metrics update failed for http://localhost:8002: All connection attempts failed
Metrics update failed for http://localhost:8001: All connection attempts failed
Metrics update failed for http://localhost:8002: All connection attempts failed
Metrics update failed for http://localhost:8001: All connection attempts failed
Metrics update failed for http://localhost:8002: All connection attempts failed
Metrics update failed for http://localhost:8001: All connection attempts failed
Metrics update failed for http://localhost:8002: All connection attempts failed
Metrics update failed for http://localhost:8001: All connection attempts failed
Metrics update failed for http://localhost:8002: All connection attempts failed
Metrics update failed for http://localhost:8001: All connection attempts failed
Metrics update failed for http://localhost:8002: All connection attempts failed
Metrics update failed for http://localhost:8001: All connection attempts failed
Metrics update failed for http://localhost:8002: All connection attempts failed
Metrics update failed for http://localhost:8001: All connection attempts failed
Metrics update failed for http://localhost:8002: All connection attempts failed
Metrics update failed for http://localhost:8001: All connection attempts failed
Metrics update failed for http://localhost:8002: All connection attempts failed
Metrics update failed for http://localhost:8001: All connection attempts failed
Metrics update failed for http://localhost:8002: All connection attempts failed
Metrics update failed for http://localhost:8001: All connection attempts failed
Metrics update failed for http://localhost:8002: All connection attempts failed
Metrics update failed for http://localhost:8001: All connection attempts failed
Metrics update failed for http://localhost:8002: All connection attempts failed
Metrics update failed for http://localhost:8001: All connection attempts failed
Metrics update failed for http://localhost:8002: All connection attempts failed
Metrics update failed for http://localhost:8001: All connection attempts failed
Metrics update failed for http://localhost:8002: All connection attempts failed
Metrics update failed for http://localhost:8001: All connection attempts failed
Metrics update failed for http://localhost:8002: All connection attempts failed
Metrics update failed for http://localhost:8001: All connection attempts failed
Metrics update failed for http://localhost:8002: All connection attempts failed
Metrics update failed for http://localhost:8001: All connection attempts failed
Metrics update failed for http://localhost:8002: All connection attempts failed
Metrics update failed for http://localhost:8001: All connection attempts failed
Metrics update failed for http://localhost:8002: All connection attempts failed
Metrics update failed for http://localhost:8001: All connection attempts failed
Metrics update failed for http://localhost:8002: All connection attempts failed
Metrics update failed for http://localhost:8001: All connection attempts failed
Metrics update failed for http://localhost:8002: All connection attempts failed
Metrics update failed for http://localhost:8001: All connection attempts failed
Metrics update failed for http://localhost:8002: All connection attempts failed
Metrics update failed for http://localhost:8001: All connection attempts failed
Metrics update failed for http://localhost:8002: All connection attempts failed
Metrics update failed for http://localhost:8001: All connection attempts failed
Metrics update failed for http://localhost:8002: All connection attempts failed
Metrics update failed for http://localhost:8001: All connection attempts failed
Metrics update failed for http://localhost:8002: All connection attempts failed
Metrics update failed for http://localhost:8001: All connection attempts failed
Metrics update failed for http://localhost:8002: All connection attempts failed
Metrics update failed for http://localhost:8001: All connection attempts failed
Metrics update failed for http://localhost:8002: All connection attempts failed
Metrics update failed for http://localhost:8001: All connection attempts failed
Metrics update failed for http://localhost:8002: All connection attempts failed
Metrics update failed for http://localhost:8001: All connection attempts failed
Metrics update failed for http://localhost:8002: All connection attempts failed
Metrics update failed for http://localhost:8001: All connection attempts failed
Metrics update failed for http://localhost:8002: All connection attempts failed
Metrics update failed for http://localhost:8001: All connection attempts failed
Metrics update failed for http://localhost:8002: All connection attempts failed
Metrics update failed for http://localhost:8001: All connection attempts failed
Metrics update failed for http://localhost:8002: All connection attempts failed
Metrics update failed for http://localhost:8001: All connection attempts failed
Metrics update failed for http://localhost:8002: All connection attempts failed
Metrics update failed for http://localhost:8001: All connection attempts failed
Metrics update failed for http://localhost:8002: All connection attempts failed
Metrics update failed for http://localhost:8001: All connection attempts failed
Metrics update failed for http://localhost:8002: All connection attempts failed
Metrics update failed for http://localhost:8001: All connection attempts failed
Metrics update failed for http://localhost:8002: All connection attempts failed
Metrics update failed for http://localhost:8001: All connection attempts failed
Metrics update failed for http://localhost:8002: All connection attempts failed
Metrics update failed for http://localhost:8001: All connection attempts failed
Metrics update failed for http://localhost:8002: All connection attempts failed
Metrics update failed for http://localhost:8001: All connection attempts failed
Metrics update failed for http://localhost:8002: All connection attempts failed
Metrics update failed for http://localhost:8001: All connection attempts failed
Metrics update failed for http://localhost:8002: All connection attempts failed
Metrics update failed for http://localhost:8001: All connection attempts failed
Metrics update failed for http://localhost:8002: All connection attempts failed
Metrics update failed for http://localhost:8001: All connection attempts failed
Metrics update failed for http://localhost:8002: All connection attempts failed
Metrics update failed for http://localhost:8001: All connection attempts failed
Metrics update failed for http://localhost:8002: All connection attempts failed
Metrics update failed for http://localhost:8001: All connection attempts failed
Metrics update failed for http://localhost:8002: All connection attempts failed
Metrics update failed for http://localhost:8001: All connection attempts failed
Metrics update failed for http://localhost:8002: All connection attempts failed
Metrics update failed for http://localhost:8001: All connection attempts failed
Metrics update failed for http://localhost:8002: All connection attempts failed
Metrics update failed for http://localhost:8001: All connection attempts failed
Metrics update failed for http://localhost:8002: All connection attempts failed
Metrics update failed for http://localhost:8001: All connection attempts failed
Metrics update failed for http://localhost:8002: All connection attempts failed
Metrics update failed for http://localhost:8001: All connection attempts failed
Metrics update failed for http://localhost:8002: All connection attempts failed
Metrics update failed for http://localhost:8001: All connection attempts failed
Metrics update failed for http://localhost:8002: All connection attempts failed
Metrics update failed for http://localhost:8001: All connection attempts failed
Metrics update failed for http://localhost:8002: All connection attempts failed
Metrics update failed for http://localhost:8001: All connection attempts failed
Metrics update failed for http://localhost:8002: All connection attempts failed
Metrics update failed for http://localhost:8001: All connection attempts failed
Metrics update failed for http://localhost:8002: All connection attempts failed
Metrics update failed for http://localhost:8001: All connection attempts failed
Metrics update failed for http://localhost:8002: All connection attempts failed
Metrics update failed for http://localhost:8001: All connection attempts failed
Metrics update failed for http://localhost:8002: All connection attempts failed
Metrics update failed for http://localhost:8001: All connection attempts failed
Metrics update failed for http://localhost:8002: All connection attempts failed
Metrics update failed for http://localhost:8001: All connection attempts failed
Metrics update failed for http://localhost:8002: All connection attempts failed
Metrics update failed for http://localhost:8001: All connection attempts failed
Metrics update failed for http://localhost:8002: All connection attempts failed
Metrics update failed for http://localhost:8001: All connection attempts failed
Metrics update failed for http://localhost:8002: All connection attempts failed
Metrics update failed for http://localhost:8001: All connection attempts failed
Metrics update failed for http://localhost:8002: All connection attempts failed
Metrics update failed for http://localhost:8001: All connection attempts failed
Metrics update failed for http://localhost:8002: All connection attempts failed
Metrics update failed for http://localhost:8001: All connection attempts failed
Metrics update failed for http://localhost:8002: All connection attempts failed
Metrics update failed for http://localhost:8001: All connection attempts failed
Metrics update failed for http://localhost:8002: All connection attempts failed
Metrics update failed for http://localhost:8001: All connection attempts failed
Metrics update failed for http://localhost:8002: All connection attempts failed
Metrics update failed for http://localhost:8001: All connection attempts failed
Metrics update failed for http://localhost:8002: All connection attempts failed
Metrics update failed for http://localhost:8001: All connection attempts failed
Metrics update failed for http://localhost:8002: All connection attempts failed
Metrics update failed for http://localhost:8001: All connection attempts failed
Metrics update failed for http://localhost:8002: All connection attempts failed
Metrics update failed for http://localhost:8001: All connection attempts failed
Metrics update failed for http://localhost:8002: All connection attempts failed
Metrics update failed for http://localhost:8001: All connection attempts failed
Metrics update failed for http://localhost:8002: All connection attempts failed
Metrics update failed for http://localhost:8001: All connection attempts failed
Metrics update failed for http://localhost:8002: All connection attempts failed
Metrics update failed for http://localhost:8001: All connection attempts failed
Metrics update failed for http://localhost:8002: All connection attempts failed
Metrics update failed for http://localhost:8001: All connection attempts failed
Metrics update failed for http://localhost:8002: All connection attempts failed
Metrics update failed for http://localhost:8001: All connection attempts failed
Metrics update failed for http://localhost:8002: All connection attempts failed
Metrics update failed for http://localhost:8001: All connection attempts failed
Metrics update failed for http://localhost:8002: All connection attempts failed
Metrics update failed for http://localhost:8001: All connection attempts failed
Metrics update failed for http://localhost:8002: All connection attempts failed
Metrics update failed for http://localhost:8001: All connection attempts failed
Metrics update failed for http://localhost:8002: All connection attempts failed
Metrics update failed for http://localhost:8001: All connection attempts failed
Metrics update failed for http://localhost:8002: All connection attempts failed
Metrics update failed for http://localhost:8001: All connection attempts failed
Metrics update failed for http://localhost:8002: All connection attempts failed
Metrics update failed for http://localhost:8001: All connection attempts failed
Metrics update failed for http://localhost:8002: All connection attempts failed
Metrics update failed for http://localhost:8001: All connection attempts failed
Metrics update failed for http://localhost:8002: All connection attempts failed
Metrics update failed for http://localhost:8001: All connection attempts failed
Metrics update failed for http://localhost:8002: All connection attempts failed
Metrics update failed for http://localhost:8001: All connection attempts failed
Metrics update failed for http://localhost:8002: All connection attempts failed
Metrics update failed for http://localhost:8001: All connection attempts failed
Metrics update failed for http://localhost:8002: All connection attempts failed
Metrics update failed for http://localhost:8001: All connection attempts failed
Metrics update failed for http://localhost:8002: All connection attempts failed
Metrics update failed for http://localhost:8001: All connection attempts failed
Metrics update failed for http://localhost:8002: All connection attempts failed
Metrics update failed for http://localhost:8001: All connection attempts failed
Metrics update failed for http://localhost:8002: All connection attempts failed
Metrics update failed for http://localhost:8001: All connection attempts failed
Metrics update failed for http://localhost:8002: All connection attempts failed
Metrics update failed for http://localhost:8001: All connection attempts failed
Metrics update failed for http://localhost:8002: All connection attempts failed
Metrics update failed for http://localhost:8001: All connection attempts failed
Metrics update failed for http://localhost:8002: All connection attempts failed
Metrics update failed for http://localhost:8001: All connection attempts failed
Metrics update failed for http://localhost:8002: All connection attempts failed
Metrics update failed for http://localhost:8001: All connection attempts failed
Metrics update failed for http://localhost:8002: All connection attempts failed
Metrics update failed for http://localhost:8001: All connection attempts failed
Metrics update failed for http://localhost:8002: All connection attempts failed
Metrics update failed for http://localhost:8001: All connection attempts failed
Metrics update failed for http://localhost:8002: All connection attempts failed
Metrics update failed for http://localhost:8001: All connection attempts failed
Metrics update failed for http://localhost:8002: All connection attempts failed
Metrics update failed for http://localhost:8001: All connection attempts failed
Metrics update failed for http://localhost:8002: All connection attempts failed
Metrics update failed for http://localhost:8001: All connection attempts failed
Metrics update failed for http://localhost:8002: All connection attempts failed
Metrics update failed for http://localhost:8001: All connection attempts failed
Metrics update failed for http://localhost:8002: All connection attempts failed
Metrics update failed for http://localhost:8001: All connection attempts failed
Metrics update failed for http://localhost:8002: All connection attempts failed
Metrics update failed for http://localhost:8001: All connection attempts failed
Metrics update failed for http://localhost:8002: All connection attempts failed
Metrics update failed for http://localhost:8001: All connection attempts failed
Metrics update failed for http://localhost:8002: All connection attempts failed
Metrics update failed for http://localhost:8001: All connection attempts failed
Metrics update failed for http://localhost:8002: All connection attempts failed
Metrics update failed for http://localhost:8001: All connection attempts failed
Metrics update failed for http://localhost:8002: All connection attempts failed
Metrics update failed for http://localhost:8001: All connection attempts failed
Metrics update failed for http://localhost:8002: All connection attempts failed
Metrics update failed for http://localhost:8001: All connection attempts failed
Metrics update failed for http://localhost:8002: All connection attempts failed
Metrics update failed for http://localhost:8001: All connection attempts failed
Metrics update failed for http://localhost:8002: All connection attempts failed
Metrics update failed for http://localhost:8001: All connection attempts failed
Metrics update failed for http://localhost:8002: All connection attempts failed
Metrics update failed for http://localhost:8001: All connection attempts failed
Metrics update failed for http://localhost:8002: All connection attempts failed
Metrics update failed for http://localhost:8001: All connection attempts failed
Metrics update failed for http://localhost:8002: All connection attempts failed
Metrics update failed for http://localhost:8001: All connection attempts failed
Metrics update failed for http://localhost:8002: All connection attempts failed
Metrics update failed for http://localhost:8001: All connection attempts failed
Metrics update failed for http://localhost:8002: All connection attempts failed
Metrics update failed for http://localhost:8001: All connection attempts failed
Metrics update failed for http://localhost:8002: All connection attempts failed
Metrics update failed for http://localhost:8001: All connection attempts failed
Metrics update failed for http://localhost:8002: All connection attempts failed
Metrics update failed for http://localhost:8001: All connection attempts failed
Metrics update failed for http://localhost:8002: All connection attempts failed
Metrics update failed for http://localhost:8001: All connection attempts failed
Metrics update failed for http://localhost:8002: All connection attempts failed
Metrics update failed for http://localhost:8001: All connection attempts failed
Metrics update failed for http://localhost:8002: All connection attempts failed
Metrics update failed for http://localhost:8001: All connection attempts failed
Metrics update failed for http://localhost:8002: All connection attempts failed
Metrics update failed for http://localhost:8001: All connection attempts failed
Metrics update failed for http://localhost:8002: All connection attempts failed
Metrics update failed for http://localhost:8001: All connection attempts failed
Metrics update failed for http://localhost:8002: All connection attempts failed
Metrics update failed for http://localhost:8001: All connection attempts failed
Metrics update failed for http://localhost:8002: All connection attempts failed
Metrics update failed for http://localhost:8001: All connection attempts failed
Metrics update failed for http://localhost:8002: All connection attempts failed
Metrics update failed for http://localhost:8001: All connection attempts failed
Metrics update failed for http://localhost:8002: All connection attempts failed
Metrics update failed for http://localhost:8001: All connection attempts failed
Metrics update failed for http://localhost:8002: All connection attempts failed
Metrics update failed for http://localhost:8001: All connection attempts failed
Metrics update failed for http://localhost:8002: All connection attempts failed
Metrics update failed for http://localhost:8001: All connection attempts failed
Metrics update failed for http://localhost:8002: All connection attempts failed
Metrics update failed for http://localhost:8001: All connection attempts failed
Metrics update failed for http://localhost:8002: All connection attempts failed
Metrics update failed for http://localhost:8001: All connection attempts failed
Metrics update failed for http://localhost:8002: All connection attempts failed
Metrics update failed for http://localhost:8001: All connection attempts failed
Metrics update failed for http://localhost:8002: All connection attempts failed
Metrics update failed for http://localhost:8001: All connection attempts failed
Metrics update failed for http://localhost:8002: All connection attempts failed
Metrics update failed for http://localhost:8001: All connection attempts failed
Metrics update failed for http://localhost:8002: All connection attempts failed
Metrics update failed for http://localhost:8001: All connection attempts failed
Metrics update failed for http://localhost:8002: All connection attempts failed
Metrics update failed for http://localhost:8001: All connection attempts failed
Metrics update failed for http://localhost:8002: All connection attempts failed
Metrics update failed for http://localhost:8001: All connection attempts failed
Metrics update failed for http://localhost:8002: All connection attempts failed
Metrics update failed for http://localhost:8001: All connection attempts failed
Metrics update failed for http://localhost:8002: All connection attempts failed
Metrics update failed for http://localhost:8001: All connection attempts failed
Metrics update failed for http://localhost:8002: All connection attempts failed
Metrics update failed for http://localhost:8001: All connection attempts failed
Metrics update failed for http://localhost:8002: All connection attempts failed
Metrics update failed for http://localhost:8001: All connection attempts failed
Metrics update failed for http://localhost:8002: All connection attempts failed
Metrics update failed for http://localhost:8001: All connection attempts failed
Metrics update failed for http://localhost:8002: All connection attempts failed
Metrics update failed for http://localhost:8001: All connection attempts failed
Metrics update failed for http://localhost:8002: All connection attempts failed
Metrics update failed for http://localhost:8001: All connection attempts failed
Metrics update failed for http://localhost:8002: All connection attempts failed
Metrics update failed for http://localhost:8001: All connection attempts failed
Metrics update failed for http://localhost:8002: All connection attempts failed
Metrics update failed for http://localhost:8001: All connection attempts failed
Metrics update failed for http://localhost:8002: All connection attempts failed
Metrics update failed for http://localhost:8001: All connection attempts failed
Metrics update failed for http://localhost:8002: All connection attempts failed
Metrics update failed for http://localhost:8001: All connection attempts failed
Metrics update failed for http://localhost:8002: All connection attempts failed
Metrics update failed for http://localhost:8001: All connection attempts failed
Metrics update failed for http://localhost:8002: All connection attempts failed
Metrics update failed for http://localhost:8001: All connection attempts failed
Metrics update failed for http://localhost:8002: All connection attempts failed
Metrics update failed for http://localhost:8001: All connection attempts failed
Metrics update failed for http://localhost:8002: All connection attempts failed
Metrics update failed for http://localhost:8001: All connection attempts failed
Metrics update failed for http://localhost:8002: All connection attempts failed
Metrics update failed for http://localhost:8001: All connection attempts failed
Metrics update failed for http://localhost:8002: All connection attempts failed
Metrics update failed for http://localhost:8001: All connection attempts failed
Metrics update failed for http://localhost:8002: All connection attempts failed
Metrics update failed for http://localhost:8001: All connection attempts failed
Metrics update failed for http://localhost:8002: All connection attempts failed
Metrics update failed for http://localhost:8001: All connection attempts failed
Metrics update failed for http://localhost:8002: All connection attempts failed
Metrics update failed for http://localhost:8001: All connection attempts failed
Metrics update failed for http://localhost:8002: All connection attempts failed
Metrics update failed for http://localhost:8001: All connection attempts failed
Metrics update failed for http://localhost:8002: All connection attempts failed
Metrics update failed for http://localhost:8001: All connection attempts failed
Metrics update failed for http://localhost:8002: All connection attempts failed
Metrics update failed for http://localhost:8001: All connection attempts failed
Metrics update failed for http://localhost:8002: All connection attempts failed
Metrics update failed for http://localhost:8001: All connection attempts failed
Metrics update failed for http://localhost:8002: All connection attempts failed
Metrics update failed for http://localhost:8001: All connection attempts failed
Metrics update failed for http://localhost:8002: All connection attempts failed
Metrics update failed for http://localhost:8001: All connection attempts failed
Metrics update failed for http://localhost:8002: All connection attempts failed
Metrics update failed for http://localhost:8001: All connection attempts failed
Metrics update failed for http://localhost:8002: All connection attempts failed
Metrics update failed for http://localhost:8001: All connection attempts failed
Metrics update failed for http://localhost:8002: All connection attempts failed
Metrics update failed for http://localhost:8001: All connection attempts failed
Metrics update failed for http://localhost:8002: All connection attempts failed
Metrics update failed for http://localhost:8001: All connection attempts failed
Metrics update failed for http://localhost:8002: All connection attempts failed
Metrics update failed for http://localhost:8001: All connection attempts failed
Metrics update failed for http://localhost:8002: All connection attempts failed
Metrics update failed for http://localhost:8001: All connection attempts failed
Metrics update failed for http://localhost:8002: All connection attempts failed
Metrics update failed for http://localhost:8001: All connection attempts failed
Metrics update failed for http://localhost:8002: All connection attempts failed
Metrics update failed for http://localhost:8001: All connection attempts failed
Metrics update failed for http://localhost:8002: All connection attempts failed
Metrics update failed for http://localhost:8001: All connection attempts failed
Metrics update failed for http://localhost:8002: All connection attempts failed
Metrics update failed for http://localhost:8001: All connection attempts failed
Metrics update failed for http://localhost:8002: All connection attempts failed
Metrics update failed for http://localhost:8001: All connection attempts failed
Metrics update failed for http://localhost:8002: All connection attempts failed
Metrics update failed for http://localhost:8001: All connection attempts failed
Metrics update failed for http://localhost:8002: All connection attempts failed
Metrics update failed for http://localhost:8001: All connection attempts failed
Metrics update failed for http://localhost:8002: All connection attempts failed
Metrics update failed for http://localhost:8001: All connection attempts failed
Metrics update failed for http://localhost:8002: All connection attempts failed
Metrics update failed for http://localhost:8001: All connection attempts failed
Metrics update failed for http://localhost:8002: All connection attempts failed
Metrics update failed for http://localhost:8001: All connection attempts failed
Metrics update failed for http://localhost:8002: All connection attempts failed
Metrics update failed for http://localhost:8001: All connection attempts failed
Metrics update failed for http://localhost:8002: All connection attempts failed
Metrics update failed for http://localhost:8001: All connection attempts failed
Metrics update failed for http://localhost:8002: All connection attempts failed
Metrics update failed for http://localhost:8001: All connection attempts failed
Metrics update failed for http://localhost:8002: All connection attempts failed
Metrics update failed for http://localhost:8001: All connection attempts failed
Metrics update failed for http://localhost:8002: All connection attempts failed
Metrics update failed for http://localhost:8001: All connection attempts failed
Metrics update failed for http://localhost:8002: All connection attempts failed
Metrics update failed for http://localhost:8001: All connection attempts failed
Metrics update failed for http://localhost:8002: All connection attempts failed
Metrics update failed for http://localhost:8001: All connection attempts failed
Metrics update failed for http://localhost:8002: All connection attempts failed
Metrics update failed for http://localhost:8001: All connection attempts failed
Metrics update failed for http://localhost:8002: All connection attempts failed
Metrics update failed for http://localhost:8001: All connection attempts failed
Metrics update failed for http://localhost:8002: All connection attempts failed
Metrics update failed for http://localhost:8001: All connection attempts failed
Metrics update failed for http://localhost:8002: All connection attempts failed
Metrics update failed for http://localhost:8001: All connection attempts failed
Metrics update failed for http://localhost:8002: All connection attempts failed
Metrics update failed for http://localhost:8001: All connection attempts failed
Metrics update failed for http://localhost:8002: All connection attempts failed
Metrics update failed for http://localhost:8001: All connection attempts failed
Metrics update failed for http://localhost:8002: All connection attempts failed
Metrics update failed for http://localhost:8001: All connection attempts failed
Metrics update failed for http://localhost:8002: All connection attempts failed
Metrics update failed for http://localhost:8001: All connection attempts failed
Metrics update failed for http://localhost:8002: All connection attempts failed
Metrics update failed for http://localhost:8001: All connection attempts failed
Metrics update failed for http://localhost:8002: All connection attempts failed
Metrics update failed for http://localhost:8001: All connection attempts failed
Metrics update failed for http://localhost:8002: All connection attempts failed
Metrics update failed for http://localhost:8001: All connection attempts failed
Metrics update failed for http://localhost:8002: All connection attempts failed
Metrics update failed for http://localhost:8001: All connection attempts failed
Metrics update failed for http://localhost:8002: All connection attempts failed
Metrics update failed for http://localhost:8001: All connection attempts failed
Metrics update failed for http://localhost:8002: All connection attempts failed
Metrics update failed for http://localhost:8001: All connection attempts failed
Metrics update failed for http://localhost:8002: All connection attempts failed
Metrics update failed for http://localhost:8001: All connection attempts failed
Metrics update failed for http://localhost:8002: All connection attempts failed
Metrics update failed for http://localhost:8001: All connection attempts failed
Metrics update failed for http://localhost:8002: All connection attempts failed
Metrics update failed for http://localhost:8001: All connection attempts failed
Metrics update failed for http://localhost:8002: All connection attempts failed
Metrics update failed for http://localhost:8001: All connection attempts failed
Metrics update failed for http://localhost:8002: All connection attempts failed
Metrics update failed for http://localhost:8001: All connection attempts failed
Metrics update failed for http://localhost:8002: All connection attempts failed
Metrics update failed for http://localhost:8001: All connection attempts failed
Metrics update failed for http://localhost:8002: All connection attempts failed
Metrics update failed for http://localhost:8001: All connection attempts failed
Metrics update failed for http://localhost:8002: All connection attempts failed
Metrics update failed for http://localhost:8001: All connection attempts failed
Metrics update failed for http://localhost:8002: All connection attempts failed
Metrics update failed for http://localhost:8001: All connection attempts failed
Metrics update failed for http://localhost:8002: All connection attempts failed
Metrics update failed for http://localhost:8001: All connection attempts failed
Metrics update failed for http://localhost:8002: All connection attempts failed
Metrics update failed for http://localhost:8001: All connection attempts failed
Metrics update failed for http://localhost:8002: All connection attempts failed
Metrics update failed for http://localhost:8001: All connection attempts failed
Metrics update failed for http://localhost:8002: All connection attempts failed
Metrics update failed for http://localhost:8001: All connection attempts failed
Metrics update failed for http://localhost:8002: All connection attempts failed
Metrics update failed for http://localhost:8001: All connection attempts failed
Metrics update failed for http://localhost:8002: All connection attempts failed
Metrics update failed for http://localhost:8001: All connection attempts failed
Metrics update failed for http://localhost:8002: All connection attempts failed
Metrics update failed for http://localhost:8001: All connection attempts failed
Metrics update failed for http://localhost:8002: All connection attempts failed
Metrics update failed for http://localhost:8001: All connection attempts failed
Metrics update failed for http://localhost:8002: All connection attempts failed
Metrics update failed for http://localhost:8001: All connection attempts failed
Metrics update failed for http://localhost:8002: All connection attempts failed
Metrics update failed for http://localhost:8001: All connection attempts failed
Metrics update failed for http://localhost:8002: All connection attempts failed
Metrics update failed for http://localhost:8001: All connection attempts failed
Metrics update failed for http://localhost:8002: All connection attempts failed
Metrics update failed for http://localhost:8001: All connection attempts failed
Metrics update failed for http://localhost:8002: All connection attempts failed
Metrics update failed for http://localhost:8001: All connection attempts failed
Metrics update failed for http://localhost:8002: All connection attempts failed
Metrics update failed for http://localhost:8001: All connection attempts failed
Metrics update failed for http://localhost:8002: All connection attempts failed
Metrics update failed for http://localhost:8001: All connection attempts failed
Metrics update failed for http://localhost:8002: All connection attempts failed
Metrics update failed for http://localhost:8001: All connection attempts failed
Metrics update failed for http://localhost:8002: All connection attempts failed
Metrics update failed for http://localhost:8001: All connection attempts failed
Metrics update failed for http://localhost:8002: All connection attempts failed
Metrics update failed for http://localhost:8001: All connection attempts failed
Metrics update failed for http://localhost:8002: All connection attempts failed
Metrics update failed for http://localhost:8001: All connection attempts failed
Metrics update failed for http://localhost:8002: All connection attempts failed
Metrics update failed for http://localhost:8001: All connection attempts failed
Metrics update failed for http://localhost:8002: All connection attempts failed
Metrics update failed for http://localhost:8001: All connection attempts failed
Metrics update failed for http://localhost:8002: All connection attempts failed
Metrics update failed for http://localhost:8001: All connection attempts failed
Metrics update failed for http://localhost:8002: All connection attempts failed
Metrics update failed for http://localhost:8001: All connection attempts failed
Metrics update failed for http://localhost:8002: All connection attempts failed
Metrics update failed for http://localhost:8001: All connection attempts failed
Metrics update failed for http://localhost:8002: All connection attempts failed
Metrics update failed for http://localhost:8001: All connection attempts failed
Metrics update failed for http://localhost:8002: All connection attempts failed
Metrics update failed for http://localhost:8001: All connection attempts failed
Metrics update failed for http://localhost:8002: All connection attempts failed
Metrics update failed for http://localhost:8001: All connection attempts failed
Metrics update failed for http://localhost:8002: All connection attempts failed
Metrics update failed for http://localhost:8001: All connection attempts failed
Metrics update failed for http://localhost:8002: All connection attempts failed
Metrics update failed for http://localhost:8001: All connection attempts failed
Metrics update failed for http://localhost:8002: All connection attempts failed
Metrics update failed for http://localhost:8001: All connection attempts failed
Metrics update failed for http://localhost:8002: All connection attempts failed
Metrics update failed for http://localhost:8001: All connection attempts failed
Metrics update failed for http://localhost:8002: All connection attempts failed
Metrics update failed for http://localhost:8001: All connection attempts failed
Metrics update failed for http://localhost:8002: All connection attempts failed
Metrics update failed for http://localhost:8001: All connection attempts failed
Metrics update failed for http://localhost:8002: All connection attempts failed
Metrics update failed for http://localhost:8001: All connection attempts failed
Metrics update failed for http://localhost:8002: All connection attempts failed
Metrics update failed for http://localhost:8001: All connection attempts failed
Metrics update failed for http://localhost:8002: All connection attempts failed
Metrics update failed for http://localhost:8001: All connection attempts failed
Metrics update failed for http://localhost:8002: All connection attempts failed
Metrics update failed for http://localhost:8001: All connection attempts failed
Metrics update failed for http://localhost:8002: All connection attempts failed
Metrics update failed for http://localhost:8001: All connection attempts failed
Metrics update failed for http://localhost:8002: All connection attempts failed
Metrics update failed for http://localhost:8001: All connection attempts failed
Metrics update failed for http://localhost:8002: All connection attempts failed
Metrics update failed for http://localhost:8001: All connection attempts failed
Metrics update failed for http://localhost:8002: All connection attempts failed
Metrics update failed for http://localhost:8001: All connection attempts failed
Metrics update failed for http://localhost:8002: All connection attempts failed
Metrics update failed for http://localhost:8001: All connection attempts failed
Metrics update failed for http://localhost:8002: All connection attempts failed
Metrics update failed for http://localhost:8001: All connection attempts failed
Metrics update failed for http://localhost:8002: All connection attempts failed
Metrics update failed for http://localhost:8001: All connection attempts failed
Metrics update failed for http://localhost:8002: All connection attempts failed
Metrics update failed for http://localhost:8001: All connection attempts failed
Metrics update failed for http://localhost:8002: All connection attempts failed
Metrics update failed for http://localhost:8001: All connection attempts failed
Metrics update failed for http://localhost:8002: All connection attempts failed
Metrics update failed for http://localhost:8001: All connection attempts failed
Metrics update failed for http://localhost:8002: All connection attempts failed
Metrics update failed for http://localhost:8001: All connection attempts failed
Metrics update failed for http://localhost:8002: All connection attempts failed
Metrics update failed for http://localhost:8001: All connection attempts failed
Metrics update failed for http://localhost:8002: All connection attempts failed
Metrics update failed for http://localhost:8001: All connection attempts failed
Metrics update failed for http://localhost:8002: All connection attempts failed
Metrics update failed for http://localhost:8001: All connection attempts failed
Metrics update failed for http://localhost:8002: All connection attempts failed
Metrics update failed for http://localhost:8001: All connection attempts failed
Metrics update failed for http://localhost:8002: All connection attempts failed
Metrics update failed for http://localhost:8001: All connection attempts failed
Metrics update failed for http://localhost:8002: All connection attempts failed
Metrics update failed for http://localhost:8001: All connection attempts failed
Metrics update failed for http://localhost:8002: All connection attempts failed
Metrics update failed for http://localhost:8001: All connection attempts failed
Metrics update failed for http://localhost:8002: All connection attempts failed
Metrics update failed for http://localhost:8001: All connection attempts failed
Metrics update failed for http://localhost:8002: All connection attempts failed
Metrics update failed for http://localhost:8001: All connection attempts failed
Metrics update failed for http://localhost:8002: All connection attempts failed
Metrics update failed for http://localhost:8001: All connection attempts failed
Metrics update failed for http://localhost:8002: All connection attempts failed
Metrics update failed for http://localhost:8001: All connection attempts failed
Metrics update failed for http://localhost:8002: All connection attempts failed
Metrics update failed for http://localhost:8001: All connection attempts failed
Metrics update failed for http://localhost:8002: All connection attempts failed
Metrics update failed for http://localhost:8001: All connection attempts failed
Metrics update failed for http://localhost:8002: All connection attempts failed
Metrics update failed for http://localhost:8001: All connection attempts failed
Metrics update failed for http://localhost:8002: All connection attempts failed
Metrics update failed for http://localhost:8001: All connection attempts failed
Metrics update failed for http://localhost:8002: All connection attempts failed
Metrics update failed for http://localhost:8001: All connection attempts failed
Metrics update failed for http://localhost:8002: All connection attempts failed
Metrics update failed for http://localhost:8001: All connection attempts failed
Metrics update failed for http://localhost:8002: All connection attempts failed
Metrics update failed for http://localhost:8001: All connection attempts failed
Metrics update failed for http://localhost:8002: All connection attempts failed
Metrics update failed for http://localhost:8001: All connection attempts failed
Metrics update failed for http://localhost:8002: All connection attempts failed
Metrics update failed for http://localhost:8001: All connection attempts failed
Metrics update failed for http://localhost:8002: All connection attempts failed
Metrics update failed for http://localhost:8001: All connection attempts failed
Metrics update failed for http://localhost:8002: All connection attempts failed
Metrics update failed for http://localhost:8001: All connection attempts failed
Metrics update failed for http://localhost:8002: All connection attempts failed
Metrics update failed for http://localhost:8001: All connection attempts failed
Metrics update failed for http://localhost:8002: All connection attempts failed
Metrics update failed for http://localhost:8001: All connection attempts failed
Metrics update failed for http://localhost:8002: All connection attempts failed
Metrics update failed for http://localhost:8001: All connection attempts failed
Metrics update failed for http://localhost:8002: All connection attempts failed
Metrics update failed for http://localhost:8001: All connection attempts failed
Metrics update failed for http://localhost:8002: All connection attempts failed
Metrics update failed for http://localhost:8001: All connection attempts failed
Metrics update failed for http://localhost:8002: All connection attempts failed
Metrics update failed for http://localhost:8001: All connection attempts failed
Metrics update failed for http://localhost:8002: All connection attempts failed
Metrics update failed for http://localhost:8001: All connection attempts failed
Metrics update failed for http://localhost:8002: All connection attempts failed
Metrics update failed for http://localhost:8001: All connection attempts failed
Metrics update failed for http://localhost:8002: All connection attempts failed
Metrics update failed for http://localhost:8001: All connection attempts failed
Metrics update failed for http://localhost:8002: All connection attempts failed
Metrics update failed for http://localhost:8001: All connection attempts failed
Metrics update failed for http://localhost:8002: All connection attempts failed
Metrics update failed for http://localhost:8001: All connection attempts failed
Metrics update failed for http://localhost:8002: All connection attempts failed
Metrics update failed for http://localhost:8001: All connection attempts failed
Metrics update failed for http://localhost:8002: All connection attempts failed
Metrics update failed for http://localhost:8001: All connection attempts failed
Metrics update failed for http://localhost:8002: All connection attempts failed
Metrics update failed for http://localhost:8001: All connection attempts failed
Metrics update failed for http://localhost:8002: All connection attempts failed
Metrics update failed for http://localhost:8001: All connection attempts failed
Metrics update failed for http://localhost:8002: All connection attempts failed
Metrics update failed for http://localhost:8001: All connection attempts failed
Metrics update failed for http://localhost:8002: All connection attempts failed
Metrics update failed for http://localhost:8001: All connection attempts failed
Metrics update failed for http://localhost:8002: All connection attempts failed
Metrics update failed for http://localhost:8001: All connection attempts failed
Metrics update failed for http://localhost:8002: All connection attempts failed
Metrics update failed for http://localhost:8001: All connection attempts failed
Metrics update failed for http://localhost:8002: All connection attempts failed
Metrics update failed for http://localhost:8001: All connection attempts failed
Metrics update failed for http://localhost:8002: All connection attempts failed
Metrics update failed for http://localhost:8001: All connection attempts failed
Metrics update failed for http://localhost:8002: All connection attempts failed
Metrics update failed for http://localhost:8001: All connection attempts failed
Metrics update failed for http://localhost:8002: All connection attempts failed
Metrics update failed for http://localhost:8001: All connection attempts failed
Metrics update failed for http://localhost:8002: All connection attempts failed
Metrics update failed for http://localhost:8001: All connection attempts failed
Metrics update failed for http://localhost:8002: All connection attempts failed
Metrics update failed for http://localhost:8001: All connection attempts failed
Metrics update failed for http://localhost:8002: All connection attempts failed
Metrics update failed for http://localhost:8001: All connection attempts failed
Metrics update failed for http://localhost:8002: All connection attempts failed
Metrics update failed for http://localhost:8001: All connection attempts failed
Metrics update failed for http://localhost:8002: All connection attempts failed
Metrics update failed for http://localhost:8001: All connection attempts failed
Metrics update failed for http://localhost:8002: All connection attempts failed
Metrics update failed for http://localhost:8001: All connection attempts failed
Metrics update failed for http://localhost:8002: All connection attempts failed
Metrics update failed for http://localhost:8001: All connection attempts failed
Metrics update failed for http://localhost:8002: All connection attempts failed
Metrics update failed for http://localhost:8001: All connection attempts failed
Metrics update failed for http://localhost:8002: All connection attempts failed
Metrics update failed for http://localhost:8001: All connection attempts failed
Metrics update failed for http://localhost:8002: All connection attempts failed
Metrics update failed for http://localhost:8001: All connection attempts failed
Metrics update failed for http://localhost:8002: All connection attempts failed
Metrics update failed for http://localhost:8001: All connection attempts failed
Metrics update failed for http://localhost:8002: All connection attempts failed
Metrics update failed for http://localhost:8001: All connection attempts failed
Metrics update failed for http://localhost:8002: All connection attempts failed
Metrics update failed for http://localhost:8001: All connection attempts failed
Metrics update failed for http://localhost:8002: All connection attempts failed
Metrics update failed for http://localhost:8001: All connection attempts failed
Metrics update failed for http://localhost:8002: All connection attempts failed
Metrics update failed for http://localhost:8001: All connection attempts failed
Metrics update failed for http://localhost:8002: All connection attempts failed
Metrics update failed for http://localhost:8001: All connection attempts failed
Metrics update failed for http://localhost:8002: All connection attempts failed
Metrics update failed for http://localhost:8001: All connection attempts failed
Metrics update failed for http://localhost:8002: All connection attempts failed
Metrics update failed for http://localhost:8001: All connection attempts failed
Metrics update failed for http://localhost:8002: All connection attempts failed
Metrics update failed for http://localhost:8001: All connection attempts failed
Metrics update failed for http://localhost:8002: All connection attempts failed
Metrics update failed for http://localhost:8001: All connection attempts failed
Metrics update failed for http://localhost:8002: All connection attempts failed
Metrics update failed for http://localhost:8001: All connection attempts failed
Metrics update failed for http://localhost:8002: All connection attempts failed
Metrics update failed for http://localhost:8001: All connection attempts failed
Metrics update failed for http://localhost:8002: All connection attempts failed
Metrics update failed for http://localhost:8001: All connection attempts failed
Metrics update failed for http://localhost:8002: All connection attempts failed
Metrics update failed for http://localhost:8001: All connection attempts failed
Metrics update failed for http://localhost:8002: All connection attempts failed
Metrics update failed for http://localhost:8001: All connection attempts failed
Metrics update failed for http://localhost:8002: All connection attempts failed
Metrics update failed for http://localhost:8001: All connection attempts failed
Metrics update failed for http://localhost:8002: All connection attempts failed
Metrics update failed for http://localhost:8001: All connection attempts failed
Metrics update failed for http://localhost:8002: All connection attempts failed
Metrics update failed for http://localhost:8001: All connection attempts failed
Metrics update failed for http://localhost:8002: All connection attempts failed
Metrics update failed for http://localhost:8001: All connection attempts failed
Metrics update failed for http://localhost:8002: All connection attempts failed
Metrics update failed for http://localhost:8001: All connection attempts failed
Metrics update failed for http://localhost:8002: All connection attempts failed
Metrics update failed for http://localhost:8001: All connection attempts failed
Metrics update failed for http://localhost:8002: All connection attempts failed
Metrics update failed for http://localhost:8001: All connection attempts failed
Metrics update failed for http://localhost:8002: All connection attempts failed
Metrics update failed for http://localhost:8001: All connection attempts failed
Metrics update failed for http://localhost:8002: All connection attempts failed
Metrics update failed for http://localhost:8001: All connection attempts failed
Metrics update failed for http://localhost:8002: All connection attempts failed
Metrics update failed for http://localhost:8001: All connection attempts failed
Metrics update failed for http://localhost:8002: All connection attempts failed
Metrics update failed for http://localhost:8001: All connection attempts failed
Metrics update failed for http://localhost:8002: All connection attempts failed
Metrics update failed for http://localhost:8001: All connection attempts failed
Metrics update failed for http://localhost:8002: All connection attempts failed
Metrics update failed for http://localhost:8001: All connection attempts failed
Metrics update failed for http://localhost:8002: All connection attempts failed
Metrics update failed for http://localhost:8001: All connection attempts failed
Metrics update failed for http://localhost:8002: All connection attempts failed
Metrics update failed for http://localhost:8001: All connection attempts failed
Metrics update failed for http://localhost:8002: All connection attempts failed
Metrics update failed for http://localhost:8001: All connection attempts failed
Metrics update failed for http://localhost:8002: All connection attempts failed
Metrics update failed for http://localhost:8001: All connection attempts failed
Metrics update failed for http://localhost:8002: All connection attempts failed
Metrics update failed for http://localhost:8001: All connection attempts failed
Metrics update failed for http://localhost:8002: All connection attempts failed
Metrics update failed for http://localhost:8001: All connection attempts failed
Metrics update failed for http://localhost:8002: All connection attempts failed
Metrics update failed for http://localhost:8001: All connection attempts failed
Metrics update failed for http://localhost:8002: All connection attempts failed
Metrics update failed for http://localhost:8001: All connection attempts failed
Metrics update failed for http://localhost:8002: All connection attempts failed
Metrics update failed for http://localhost:8001: All connection attempts failed
Metrics update failed for http://localhost:8002: All connection attempts failed
Metrics update failed for http://localhost:8001: All connection attempts failed
Metrics update failed for http://localhost:8002: All connection attempts failed
Metrics update failed for http://localhost:8001: All connection attempts failed
Metrics update failed for http://localhost:8002: All connection attempts failed
Metrics update failed for http://localhost:8001: All connection attempts failed
Metrics update failed for http://localhost:8002: All connection attempts failed
Metrics update failed for http://localhost:8001: All connection attempts failed
Metrics update failed for http://localhost:8002: All connection attempts failed
Metrics update failed for http://localhost:8001: All connection attempts failed
Metrics update failed for http://localhost:8002: All connection attempts failed
Metrics update failed for http://localhost:8001: All connection attempts failed
Metrics update failed for http://localhost:8002: All connection attempts failed
Metrics update failed for http://localhost:8001: All connection attempts failed
Metrics update failed for http://localhost:8002: All connection attempts failed
Metrics update failed for http://localhost:8001: All connection attempts failed
Metrics update failed for http://localhost:8002: All connection attempts failed
Metrics update failed for http://localhost:8001: All connection attempts failed
Metrics update failed for http://localhost:8002: All connection attempts failed
Metrics update failed for http://localhost:8001: All connection attempts failed
Metrics update failed for http://localhost:8002: All connection attempts failed
Metrics update failed for http://localhost:8001: All connection attempts failed
Metrics update failed for http://localhost:8002: All connection attempts failed
Metrics update failed for http://localhost:8001: All connection attempts failed
Metrics update failed for http://localhost:8002: All connection attempts failed
Metrics update failed for http://localhost:8001: All connection attempts failed
Metrics update failed for http://localhost:8002: All connection attempts failed
Metrics update failed for http://localhost:8001: All connection attempts failed
Metrics update failed for http://localhost:8002: All connection attempts failed
Metrics update failed for http://localhost:8001: All connection attempts failed
Metrics update failed for http://localhost:8002: All connection attempts failed
Metrics update failed for http://localhost:8001: All connection attempts failed
Metrics update failed for http://localhost:8002: All connection attempts failed
Metrics update failed for http://localhost:8001: All connection attempts failed
Metrics update failed for http://localhost:8002: All connection attempts failed
Metrics update failed for http://localhost:8001: All connection attempts failed
Metrics update failed for http://localhost:8002: All connection attempts failed
Metrics update failed for http://localhost:8001: All connection attempts failed
Metrics update failed for http://localhost:8002: All connection attempts failed
Metrics update failed for http://localhost:8001: All connection attempts failed
Metrics update failed for http://localhost:8002: All connection attempts failed
Metrics update failed for http://localhost:8001: All connection attempts failed
Metrics update failed for http://localhost:8002: All connection attempts failed
Metrics update failed for http://localhost:8001: All connection attempts failed
Metrics update failed for http://localhost:8002: All connection attempts failed
Metrics update failed for http://localhost:8001: All connection attempts failed
Metrics update failed for http://localhost:8002: All connection attempts failed
Metrics update failed for http://localhost:8001: All connection attempts failed
Metrics update failed for http://localhost:8002: All connection attempts failed
Metrics update failed for http://localhost:8001: All connection attempts failed
Metrics update failed for http://localhost:8002: All connection attempts failed
Metrics update failed for http://localhost:8001: All connection attempts failed
Metrics update failed for http://localhost:8002: All connection attempts failed
Metrics update failed for http://localhost:8001: All connection attempts failed
Metrics update failed for http://localhost:8002: All connection attempts failed
Metrics update failed for http://localhost:8001: All connection attempts failed
Metrics update failed for http://localhost:8002: All connection attempts failed
Metrics update failed for http://localhost:8001: All connection attempts failed
Metrics update failed for http://localhost:8002: All connection attempts failed
Metrics update failed for http://localhost:8001: All connection attempts failed
Metrics update failed for http://localhost:8002: All connection attempts failed
Metrics update failed for http://localhost:8001: All connection attempts failed
Metrics update failed for http://localhost:8002: All connection attempts failed
Metrics update failed for http://localhost:8001: All connection attempts failed
Metrics update failed for http://localhost:8002: All connection attempts failed
Metrics update failed for http://localhost:8001: All connection attempts failed
Metrics update failed for http://localhost:8002: All connection attempts failed
Metrics update failed for http://localhost:8001: All connection attempts failed
Metrics update failed for http://localhost:8002: All connection attempts failed
Metrics update failed for http://localhost:8001: All connection attempts failed
Metrics update failed for http://localhost:8002: All connection attempts failed
Metrics update failed for http://localhost:8001: All connection attempts failed
Metrics update failed for http://localhost:8002: All connection attempts failed
Metrics update failed for http://localhost:8001: All connection attempts failed
Metrics update failed for http://localhost:8002: All connection attempts failed
Metrics update failed for http://localhost:8001: All connection attempts failed
Metrics update failed for http://localhost:8002: All connection attempts failed
Metrics update failed for http://localhost:8001: All connection attempts failed
Metrics update failed for http://localhost:8002: All connection attempts failed
Metrics update failed for http://localhost:8001: All connection attempts failed
Metrics update failed for http://localhost:8002: All connection attempts failed
Metrics update failed for http://localhost:8001: All connection attempts failed
Metrics update failed for http://localhost:8002: All connection attempts failed
Metrics update failed for http://localhost:8001: All connection attempts failed
Metrics update failed for http://localhost:8002: All connection attempts failed
Metrics update failed for http://localhost:8001: All connection attempts failed
Metrics update failed for http://localhost:8002: All connection attempts failed
Metrics update failed for http://localhost:8001: All connection attempts failed
Metrics update failed for http://localhost:8002: All connection attempts failed
Metrics update failed for http://localhost:8001: All connection attempts failed
Metrics update failed for http://localhost:8002: All connection attempts failed
Metrics update failed for http://localhost:8001: All connection attempts failed
Metrics update failed for http://localhost:8002: All connection attempts failed
Metrics update failed for http://localhost:8001: All connection attempts failed
Metrics update failed for http://localhost:8002: All connection attempts failed
Metrics update failed for http://localhost:8001: All connection attempts failed
Metrics update failed for http://localhost:8002: All connection attempts failed
Metrics update failed for http://localhost:8001: All connection attempts failed
Metrics update failed for http://localhost:8002: All connection attempts failed
Metrics update failed for http://localhost:8001: All connection attempts failed
Metrics update failed for http://localhost:8002: All connection attempts failed
Metrics update failed for http://localhost:8001: All connection attempts failed
Metrics update failed for http://localhost:8002: All connection attempts failed
Metrics update failed for http://localhost:8001: All connection attempts failed
Metrics update failed for http://localhost:8002: All connection attempts failed
Metrics update failed for http://localhost:8001: All connection attempts failed
Metrics update failed for http://localhost:8002: All connection attempts failed
Metrics update failed for http://localhost:8001: All connection attempts failed
Metrics update failed for http://localhost:8002: All connection attempts failed
Metrics update failed for http://localhost:8001: All connection attempts failed
Metrics update failed for http://localhost:8002: All connection attempts failed
Metrics update failed for http://localhost:8001: All connection attempts failed
Metrics update failed for http://localhost:8002: All connection attempts failed
Metrics update failed for http://localhost:8001: All connection attempts failed
Metrics update failed for http://localhost:8002: All connection attempts failed
Metrics update failed for http://localhost:8001: All connection attempts failed
Metrics update failed for http://localhost:8002: All connection attempts failed
Metrics update failed for http://localhost:8001: All connection attempts failed
Metrics update failed for http://localhost:8002: All connection attempts failed
Metrics update failed for http://localhost:8001: All connection attempts failed
Metrics update failed for http://localhost:8002: All connection attempts failed
Metrics update failed for http://localhost:8001: All connection attempts failed
Metrics update failed for http://localhost:8002: All connection attempts failed
Metrics update failed for http://localhost:8001: All connection attempts failed
Metrics update failed for http://localhost:8002: All connection attempts failed
Metrics update failed for http://localhost:8001: All connection attempts failed
Metrics update failed for http://localhost:8002: All connection attempts failed
Metrics update failed for http://localhost:8001: All connection attempts failed
Metrics update failed for http://localhost:8002: All connection attempts failed
Metrics update failed for http://localhost:8001: All connection attempts failed
Metrics update failed for http://localhost:8002: All connection attempts failed
Metrics update failed for http://localhost:8001: All connection attempts failed
Metrics update failed for http://localhost:8002: All connection attempts failed
Metrics update failed for http://localhost:8001: All connection attempts failed
Metrics update failed for http://localhost:8002: All connection attempts failed
Metrics update failed for http://localhost:8001: All connection attempts failed
Metrics update failed for http://localhost:8002: All connection attempts failed
Metrics update failed for http://localhost:8001: All connection attempts failed
Metrics update failed for http://localhost:8002: All connection attempts failed
Metrics update failed for http://localhost:8001: All connection attempts failed
Metrics update failed for http://localhost:8002: All connection attempts failed
Metrics update failed for http://localhost:8001: All connection attempts failed
Metrics update failed for http://localhost:8002: All connection attempts failed
Metrics update failed for http://localhost:8001: All connection attempts failed
Metrics update failed for http://localhost:8002: All connection attempts failed
Metrics update failed for http://localhost:8001: All connection attempts failed
Metrics update failed for http://localhost:8002: All connection attempts failed
Metrics update failed for http://localhost:8001: All connection attempts failed
Metrics update failed for http://localhost:8002: All connection attempts failed
Metrics update failed for http://localhost:8001: All connection attempts failed
Metrics update failed for http://localhost:8002: All connection attempts failed
Metrics update failed for http://localhost:8001: All connection attempts failed
Metrics update failed for http://localhost:8002: All connection attempts failed
Metrics update failed for http://localhost:8001: All connection attempts failed
Metrics update failed for http://localhost:8002: All connection attempts failed
Metrics update failed for http://localhost:8001: All connection attempts failed
Metrics update failed for http://localhost:8002: All connection attempts failed
Metrics update failed for http://localhost:8001: All connection attempts failed
Metrics update failed for http://localhost:8002: All connection attempts failed
Metrics update failed for http://localhost:8001: All connection attempts failed
Metrics update failed for http://localhost:8002: All connection attempts failed
Metrics update failed for http://localhost:8001: All connection attempts failed
Metrics update failed for http://localhost:8002: All connection attempts failed
Metrics update failed for http://localhost:8001: All connection attempts failed
Metrics update failed for http://localhost:8002: All connection attempts failed
Metrics update failed for http://localhost:8001: All connection attempts failed
Metrics update failed for http://localhost:8002: All connection attempts failed
Metrics update failed for http://localhost:8001: All connection attempts failed
Metrics update failed for http://localhost:8002: All connection attempts failed
Metrics update failed for http://localhost:8001: All connection attempts failed
Metrics update failed for http://localhost:8002: All connection attempts failed
Metrics update failed for http://localhost:8001: All connection attempts failed
Metrics update failed for http://localhost:8002: All connection attempts failed
Metrics update failed for http://localhost:8001: All connection attempts failed
Metrics update failed for http://localhost:8002: All connection attempts failed
Metrics update failed for http://localhost:8001: All connection attempts failed
Metrics update failed for http://localhost:8002: All connection attempts failed
Metrics update failed for http://localhost:8001: All connection attempts failed
Metrics update failed for http://localhost:8002: All connection attempts failed
Metrics update failed for http://localhost:8001: All connection attempts failed
Metrics update failed for http://localhost:8002: All connection attempts failed
Metrics update failed for http://localhost:8001: All connection attempts failed
Metrics update failed for http://localhost:8002: All connection attempts failed
Metrics update failed for http://localhost:8001: All connection attempts failed
Metrics update failed for http://localhost:8002: All connection attempts failed
Metrics update failed for http://localhost:8001: All connection attempts failed
Metrics update failed for http://localhost:8002: All connection attempts failed
Metrics update failed for http://localhost:8001: All connection attempts failed
Metrics update failed for http://localhost:8002: All connection attempts failed
Metrics update failed for http://localhost:8001: All connection attempts failed
Metrics update failed for http://localhost:8002: All connection attempts failed
Metrics update failed for http://localhost:8001: All connection attempts failed
Metrics update failed for http://localhost:8002: All connection attempts failed
Metrics update failed for http://localhost:8001: All connection attempts failed
Metrics update failed for http://localhost:8002: All connection attempts failed
Metrics update failed for http://localhost:8001: All connection attempts failed
Metrics update failed for http://localhost:8002: All connection attempts failed
Metrics update failed for http://localhost:8001: All connection attempts failed
Metrics update failed for http://localhost:8002: All connection attempts failed
Metrics update failed for http://localhost:8001: All connection attempts failed
Metrics update failed for http://localhost:8002: All connection attempts failed
Metrics update failed for http://localhost:8001: All connection attempts failed
Metrics update failed for http://localhost:8002: All connection attempts failed
Metrics update failed for http://localhost:8001: All connection attempts failed
Metrics update failed for http://localhost:8002: All connection attempts failed
Metrics update failed for http://localhost:8001: All connection attempts failed
Metrics update failed for http://localhost:8002: All connection attempts failed
Metrics update failed for http://localhost:8001: All connection attempts failed
Metrics update failed for http://localhost:8002: All connection attempts failed
Metrics update failed for http://localhost:8001: All connection attempts failed
Metrics update failed for http://localhost:8002: All connection attempts failed
Metrics update failed for http://localhost:8001: All connection attempts failed
Metrics update failed for http://localhost:8002: All connection attempts failed
Metrics update failed for http://localhost:8001: All connection attempts failed
Metrics update failed for http://localhost:8002: All connection attempts failed
Metrics update failed for http://localhost:8001: All connection attempts failed
Metrics update failed for http://localhost:8002: All connection attempts failed
Metrics update failed for http://localhost:8001: All connection attempts failed
Metrics update failed for http://localhost:8002: All connection attempts failed
Metrics update failed for http://localhost:8001: All connection attempts failed
Metrics update failed for http://localhost:8002: All connection attempts failed
Metrics update failed for http://localhost:8001: All connection attempts failed
Metrics update failed for http://localhost:8002: All connection attempts failed
Metrics update failed for http://localhost:8001: All connection attempts failed
Metrics update failed for http://localhost:8002: All connection attempts failed
Metrics update failed for http://localhost:8001: All connection attempts failed
Metrics update failed for http://localhost:8002: All connection attempts failed
Metrics update failed for http://localhost:8001: All connection attempts failed
Metrics update failed for http://localhost:8002: All connection attempts failed
Metrics update failed for http://localhost:8001: All connection attempts failed
Metrics update failed for http://localhost:8002: All connection attempts failed
Metrics update failed for http://localhost:8001: All connection attempts failed
Metrics update failed for http://localhost:8002: All connection attempts failed
Metrics update failed for http://localhost:8001: All connection attempts failed
Metrics update failed for http://localhost:8002: All connection attempts failed
Metrics update failed for http://localhost:8001: All connection attempts failed
Metrics update failed for http://localhost:8002: All connection attempts failed
Metrics update failed for http://localhost:8001: All connection attempts failed
Metrics update failed for http://localhost:8002: All connection attempts failed
Metrics update failed for http://localhost:8001: All connection attempts failed
Metrics update failed for http://localhost:8002: All connection attempts failed
Metrics update failed for http://localhost:8001: All connection attempts failed
Metrics update failed for http://localhost:8002: All connection attempts failed
Metrics update failed for http://localhost:8001: All connection attempts failed
Metrics update failed for http://localhost:8002: All connection attempts failed
Metrics update failed for http://localhost:8001: All connection attempts failed
Metrics update failed for http://localhost:8002: All connection attempts failed
Metrics update failed for http://localhost:8001: All connection attempts failed
Metrics update failed for http://localhost:8002: All connection attempts failed
Metrics update failed for http://localhost:8001: All connection attempts failed
Metrics update failed for http://localhost:8002: All connection attempts failed
Metrics update failed for http://localhost:8001: All connection attempts failed
Metrics update failed for http://localhost:8002: All connection attempts failed
Metrics update failed for http://localhost:8001: All connection attempts failed
Metrics update failed for http://localhost:8002: All connection attempts failed
Metrics update failed for http://localhost:8001: All connection attempts failed
Metrics update failed for http://localhost:8002: All connection attempts failed
Metrics update failed for http://localhost:8001: All connection attempts failed
Metrics update failed for http://localhost:8002: All connection attempts failed
Metrics update failed for http://localhost:8001: All connection attempts failed
Metrics update failed for http://localhost:8002: All connection attempts failed
Metrics update failed for http://localhost:8001: All connection attempts failed
Metrics update failed for http://localhost:8002: All connection attempts failed
Metrics update failed for http://localhost:8001: All connection attempts failed
Metrics update failed for http://localhost:8002: All connection attempts failed
Metrics update failed for http://localhost:8001: All connection attempts failed
Metrics update failed for http://localhost:8002: All connection attempts failed
Metrics update failed for http://localhost:8001: All connection attempts failed
Metrics update failed for http://localhost:8002: All connection attempts failed
Metrics update failed for http://localhost:8001: All connection attempts failed
Metrics update failed for http://localhost:8002: All connection attempts failed
Metrics update failed for http://localhost:8001: All connection attempts failed
Metrics update failed for http://localhost:8002: All connection attempts failed
Metrics update failed for http://localhost:8001: All connection attempts failed
Metrics update failed for http://localhost:8002: All connection attempts failed
Metrics update failed for http://localhost:8001: All connection attempts failed
Metrics update failed for http://localhost:8002: All connection attempts failed
Metrics update failed for http://localhost:8001: All connection attempts failed
Metrics update failed for http://localhost:8002: All connection attempts failed
Metrics update failed for http://localhost:8001: All connection attempts failed
Metrics update failed for http://localhost:8002: All connection attempts failed
Metrics update failed for http://localhost:8001: All connection attempts failed
Metrics update failed for http://localhost:8002: All connection attempts failed
Metrics update failed for http://localhost:8001: All connection attempts failed
Metrics update failed for http://localhost:8002: All connection attempts failed
Metrics update failed for http://localhost:8001: All connection attempts failed
Metrics update failed for http://localhost:8002: All connection attempts failed
Metrics update failed for http://localhost:8001: All connection attempts failed
Metrics update failed for http://localhost:8002: All connection attempts failed
Metrics update failed for http://localhost:8001: All connection attempts failed
Metrics update failed for http://localhost:8002: All connection attempts failed
Metrics update failed for http://localhost:8001: All connection attempts failed
Metrics update failed for http://localhost:8002: All connection attempts failed
Metrics update failed for http://localhost:8001: All connection attempts failed
Metrics update failed for http://localhost:8002: All connection attempts failed
Metrics update failed for http://localhost:8001: All connection attempts failed
Metrics update failed for http://localhost:8002: All connection attempts failed
Metrics update failed for http://localhost:8001: All connection attempts failed
Metrics update failed for http://localhost:8002: All connection attempts failed
Metrics update failed for http://localhost:8001: All connection attempts failed
Metrics update failed for http://localhost:8002: All connection attempts failed
Metrics update failed for http://localhost:8001: All connection attempts failed
Metrics update failed for http://localhost:8002: All connection attempts failed
Metrics update failed for http://localhost:8001: All connection attempts failed
Metrics update failed for http://localhost:8002: All connection attempts failed
Metrics update failed for http://localhost:8001: All connection attempts failed
Metrics update failed for http://localhost:8002: All connection attempts failed
Metrics update failed for http://localhost:8001: All connection attempts failed
Metrics update failed for http://localhost:8002: All connection attempts failed
Metrics update failed for http://localhost:8001: All connection attempts failed
Metrics update failed for http://localhost:8002: All connection attempts failed
Metrics update failed for http://localhost:8001: All connection attempts failed
Metrics update failed for http://localhost:8002: All connection attempts failed
Metrics update failed for http://localhost:8001: All connection attempts failed
Metrics update failed for http://localhost:8002: All connection attempts failed
Metrics update failed for http://localhost:8001: All connection attempts failed
Metrics update failed for http://localhost:8002: All connection attempts failed
Metrics update failed for http://localhost:8001: All connection attempts failed
Metrics update failed for http://localhost:8002: All connection attempts failed
Metrics update failed for http://localhost:8001: All connection attempts failed
Metrics update failed for http://localhost:8002: All connection attempts failed
Metrics update failed for http://localhost:8001: All connection attempts failed
Metrics update failed for http://localhost:8002: All connection attempts failed
Metrics update failed for http://localhost:8001: All connection attempts failed
Metrics update failed for http://localhost:8002: All connection attempts failed
Metrics update failed for http://localhost:8001: All connection attempts failed
Metrics update failed for http://localhost:8002: All connection attempts failed
Metrics update failed for http://localhost:8001: All connection attempts failed
Metrics update failed for http://localhost:8002: All connection attempts failed
Metrics update failed for http://localhost:8001: All connection attempts failed
Metrics update failed for http://localhost:8002: All connection attempts failed
Metrics update failed for http://localhost:8001: All connection attempts failed
Metrics update failed for http://localhost:8002: All connection attempts failed
Metrics update failed for http://localhost:8001: All connection attempts failed
Metrics update failed for http://localhost:8002: All connection attempts failed
Metrics update failed for http://localhost:8001: All connection attempts failed
Metrics update failed for http://localhost:8002: All connection attempts failed
Metrics update failed for http://localhost:8001: All connection attempts failed
Metrics update failed for http://localhost:8002: All connection attempts failed
Metrics update failed for http://localhost:8001: All connection attempts failed
Metrics update failed for http://localhost:8002: All connection attempts failed
Metrics update failed for http://localhost:8001: All connection attempts failed
Metrics update failed for http://localhost:8002: All connection attempts failed
Metrics update failed for http://localhost:8001: All connection attempts failed
Metrics update failed for http://localhost:8002: All connection attempts failed
Metrics update failed for http://localhost:8001: All connection attempts failed
Metrics update failed for http://localhost:8002: All connection attempts failed
Metrics update failed for http://localhost:8001: All connection attempts failed
Metrics update failed for http://localhost:8002: All connection attempts failed
Metrics update failed for http://localhost:8001: All connection attempts failed
Metrics update failed for http://localhost:8002: All connection attempts failed
Metrics update failed for http://localhost:8001: All connection attempts failed
Metrics update failed for http://localhost:8002: All connection attempts failed
Metrics update failed for http://localhost:8001: All connection attempts failed
Metrics update failed for http://localhost:8002: All connection attempts failed
Metrics update failed for http://localhost:8001: All connection attempts failed
Metrics update failed for http://localhost:8002: All connection attempts failed
Metrics update failed for http://localhost:8001: All connection attempts failed
Metrics update failed for http://localhost:8002: All connection attempts failed
Metrics update failed for http://localhost:8001: All connection attempts failed
Metrics update failed for http://localhost:8002: All connection attempts failed
Metrics update failed for http://localhost:8001: All connection attempts failed
Metrics update failed for http://localhost:8002: All connection attempts failed
Metrics update failed for http://localhost:8001: All connection attempts failed
Metrics update failed for http://localhost:8002: All connection attempts failed
Metrics update failed for http://localhost:8001: All connection attempts failed
Metrics update failed for http://localhost:8002: All connection attempts failed
Metrics update failed for http://localhost:8001: All connection attempts failed
Metrics update failed for http://localhost:8002: All connection attempts failed
Metrics update failed for http://localhost:8001: All connection attempts failed
Metrics update failed for http://localhost:8002: All connection attempts failed
Metrics update failed for http://localhost:8001: All connection attempts failed
Metrics update failed for http://localhost:8002: All connection attempts failed
Metrics update failed for http://localhost:8001: All connection attempts failed
Metrics update failed for http://localhost:8002: All connection attempts failed
Metrics update failed for http://localhost:8001: All connection attempts failed
Metrics update failed for http://localhost:8002: All connection attempts failed
Metrics update failed for http://localhost:8001: All connection attempts failed
Metrics update failed for http://localhost:8002: All connection attempts failed
Metrics update failed for http://localhost:8001: All connection attempts failed
Metrics update failed for http://localhost:8002: All connection attempts failed
Metrics update failed for http://localhost:8001: All connection attempts failed
Metrics update failed for http://localhost:8002: All connection attempts failed
Metrics update failed for http://localhost:8001: All connection attempts failed
Metrics update failed for http://localhost:8002: All connection attempts failed
Metrics update failed for http://localhost:8001: All connection attempts failed
Metrics update failed for http://localhost:8002: All connection attempts failed
Metrics update failed for http://localhost:8001: All connection attempts failed
Metrics update failed for http://localhost:8002: All connection attempts failed
Metrics update failed for http://localhost:8001: All connection attempts failed
Metrics update failed for http://localhost:8002: All connection attempts failed
Metrics update failed for http://localhost:8001: All connection attempts failed
Metrics update failed for http://localhost:8002: All connection attempts failed
Metrics update failed for http://localhost:8001: All connection attempts failed
Metrics update failed for http://localhost:8002: All connection attempts failed
Metrics update failed for http://localhost:8001: All connection attempts failed
Metrics update failed for http://localhost:8002: All connection attempts failed
Metrics update failed for http://localhost:8001: All connection attempts failed
Metrics update failed for http://localhost:8002: All connection attempts failed
Metrics update failed for http://localhost:8001: All connection attempts failed
Metrics update failed for http://localhost:8002: All connection attempts failed
Metrics update failed for http://localhost:8001: All connection attempts failed
Metrics update failed for http://localhost:8002: All connection attempts failed
Metrics update failed for http://localhost:8001: All connection attempts failed
Metrics update failed for http://localhost:8002: All connection attempts failed
Metrics update failed for http://localhost:8001: All connection attempts failed
Metrics update failed for http://localhost:8002: All connection attempts failed
Metrics update failed for http://localhost:8001: All connection attempts failed
Metrics update failed for http://localhost:8002: All connection attempts failed
Metrics update failed for http://localhost:8001: All connection attempts failed
Metrics update failed for http://localhost:8002: All connection attempts failed
Metrics update failed for http://localhost:8001: All connection attempts failed
Metrics update failed for http://localhost:8002: All connection attempts failed
Metrics update failed for http://localhost:8001: All connection attempts failed
Metrics update failed for http://localhost:8002: All connection attempts failed
Metrics update failed for http://localhost:8001: All connection attempts failed
Metrics update failed for http://localhost:8002: All connection attempts failed
Metrics update failed for http://localhost:8001: All connection attempts failed
Metrics update failed for http://localhost:8002: All connection attempts failed
Metrics update failed for http://localhost:8001: All connection attempts failed
Metrics update failed for http://localhost:8002: All connection attempts failed
Metrics update failed for http://localhost:8001: All connection attempts failed
Metrics update failed for http://localhost:8002: All connection attempts failed
Metrics update failed for http://localhost:8001: All connection attempts failed
Metrics update failed for http://localhost:8002: All connection attempts failed
Metrics update failed for http://localhost:8001: All connection attempts failed
Metrics update failed for http://localhost:8002: All connection attempts failed
Metrics update failed for http://localhost:8001: All connection attempts failed
Metrics update failed for http://localhost:8002: All connection attempts failed
Metrics update failed for http://localhost:8001: All connection attempts failed
Metrics update failed for http://localhost:8002: All connection attempts failed
Metrics update failed for http://localhost:8001: All connection attempts failed
Metrics update failed for http://localhost:8002: All connection attempts failed
Metrics update failed for http://localhost:8001: All connection attempts failed
Metrics update failed for http://localhost:8002: All connection attempts failed
Metrics update failed for http://localhost:8001: All connection attempts failed
Metrics update failed for http://localhost:8002: All connection attempts failed
Metrics update failed for http://localhost:8001: All connection attempts failed
Metrics update failed for http://localhost:8002: All connection attempts failed
Metrics update failed for http://localhost:8001: All connection attempts failed
Metrics update failed for http://localhost:8002: All connection attempts failed
Metrics update failed for http://localhost:8001: All connection attempts failed
Metrics update failed for http://localhost:8002: All connection attempts failed
Metrics update failed for http://localhost:8001: All connection attempts failed
Metrics update failed for http://localhost:8002: All connection attempts failed
Metrics update failed for http://localhost:8001: All connection attempts failed
Metrics update failed for http://localhost:8002: All connection attempts failed
Metrics update failed for http://localhost:8001: All connection attempts failed
Metrics update failed for http://localhost:8002: All connection attempts failed
Metrics update failed for http://localhost:8001: All connection attempts failed
Metrics update failed for http://localhost:8002: All connection attempts failed
Metrics update failed for http://localhost:8001: All connection attempts failed
Metrics update failed for http://localhost:8002: All connection attempts failed
Metrics update failed for http://localhost:8001: All connection attempts failed
Metrics update failed for http://localhost:8002: All connection attempts failed
Metrics update failed for http://localhost:8001: All connection attempts failed
Metrics update failed for http://localhost:8002: All connection attempts failed
Metrics update failed for http://localhost:8001: All connection attempts failed
Metrics update failed for http://localhost:8002: All connection attempts failed
Metrics update failed for http://localhost:8001: All connection attempts failed
Metrics update failed for http://localhost:8002: All connection attempts failed
Metrics update failed for http://localhost:8001: All connection attempts failed
Metrics update failed for http://localhost:8002: All connection attempts failed
Metrics update failed for http://localhost:8001: All connection attempts failed
Metrics update failed for http://localhost:8002: All connection attempts failed
Metrics update failed for http://localhost:8001: All connection attempts failed
Metrics update failed for http://localhost:8002: All connection attempts failed
Metrics update failed for http://localhost:8001: All connection attempts failed
Metrics update failed for http://localhost:8002: All connection attempts failed
Metrics update failed for http://localhost:8001: All connection attempts failed
Metrics update failed for http://localhost:8002: All connection attempts failed
Metrics update failed for http://localhost:8001: All connection attempts failed
Metrics update failed for http://localhost:8002: All connection attempts failed
Metrics update failed for http://localhost:8001: All connection attempts failed
Metrics update failed for http://localhost:8002: All connection attempts failed
Metrics update failed for http://localhost:8001: All connection attempts failed
Metrics update failed for http://localhost:8002: All connection attempts failed
Metrics update failed for http://localhost:8001: All connection attempts failed
Metrics update failed for http://localhost:8002: All connection attempts failed
Metrics update failed for http://localhost:8001: All connection attempts failed
Metrics update failed for http://localhost:8002: All connection attempts failed
Metrics update failed for http://localhost:8001: All connection attempts failed
Metrics update failed for http://localhost:8002: All connection attempts failed
Metrics update failed for http://localhost:8001: All connection attempts failed
Metrics update failed for http://localhost:8002: All connection attempts failed
Metrics update failed for http://localhost:8001: All connection attempts failed
Metrics update failed for http://localhost:8002: All connection attempts failed
Metrics update failed for http://localhost:8001: All connection attempts failed
Metrics update failed for http://localhost:8002: All connection attempts failed
Metrics update failed for http://localhost:8001: All connection attempts failed
Metrics update failed for http://localhost:8002: All connection attempts failed
Metrics update failed for http://localhost:8001: All connection attempts failed
Metrics update failed for http://localhost:8002: All connection attempts failed
Metrics update failed for http://localhost:8001: All connection attempts failed
Metrics update failed for http://localhost:8002: All connection attempts failed
Metrics update failed for http://localhost:8001: All connection attempts failed
Metrics update failed for http://localhost:8002: All connection attempts failed
Metrics update failed for http://localhost:8001: All connection attempts failed
Metrics update failed for http://localhost:8002: All connection attempts failed
Metrics update failed for http://localhost:8001: All connection attempts failed
Metrics update failed for http://localhost:8002: All connection attempts failed
Metrics update failed for http://localhost:8001: All connection attempts failed
Metrics update failed for http://localhost:8002: All connection attempts failed
Metrics update failed for http://localhost:8001: All connection attempts failed
Metrics update failed for http://localhost:8002: All connection attempts failed
Metrics update failed for http://localhost:8001: All connection attempts failed
Metrics update failed for http://localhost:8002: All connection attempts failed
Metrics update failed for http://localhost:8001: All connection attempts failed
Metrics update failed for http://localhost:8002: All connection attempts failed
Metrics update failed for http://localhost:8001: All connection attempts failed
Metrics update failed for http://localhost:8002: All connection attempts failed
Metrics update failed for http://localhost:8001: All connection attempts failed
Metrics update failed for http://localhost:8002: All connection attempts failed
Metrics update failed for http://localhost:8001: All connection attempts failed
Metrics update failed for http://localhost:8002: All connection attempts failed
Metrics update failed for http://localhost:8001: All connection attempts failed
Metrics update failed for http://localhost:8002: All connection attempts failed
Metrics update failed for http://localhost:8001: All connection attempts failed
Metrics update failed for http://localhost:8002: All connection attempts failed
Metrics update failed for http://localhost:8001: All connection attempts failed
Metrics update failed for http://localhost:8002: All connection attempts failed
Metrics update failed for http://localhost:8001: All connection attempts failed
Metrics update failed for http://localhost:8002: All connection attempts failed
Metrics update failed for http://localhost:8001: All connection attempts failed
Metrics update failed for http://localhost:8002: All connection attempts failed
Metrics update failed for http://localhost:8001: All connection attempts failed
Metrics update failed for http://localhost:8002: All connection attempts failed
Metrics update failed for http://localhost:8001: All connection attempts failed
Metrics update failed for http://localhost:8002: All connection attempts failed
Metrics update failed for http://localhost:8001: All connection attempts failed
Metrics update failed for http://localhost:8002: All connection attempts failed
Metrics update failed for http://localhost:8001: All connection attempts failed
Metrics update failed for http://localhost:8002: All connection attempts failed
Metrics update failed for http://localhost:8001: All connection attempts failed
Metrics update failed for http://localhost:8002: All connection attempts failed
Metrics update failed for http://localhost:8001: All connection attempts failed
Metrics update failed for http://localhost:8002: All connection attempts failed
Metrics update failed for http://localhost:8001: All connection attempts failed
Metrics update failed for http://localhost:8002: All connection attempts failed
Metrics update failed for http://localhost:8001: All connection attempts failed
Metrics update failed for http://localhost:8002: All connection attempts failed
Metrics update failed for http://localhost:8001: All connection attempts failed
Metrics update failed for http://localhost:8002: All connection attempts failed
Metrics update failed for http://localhost:8001: All connection attempts failed
Metrics update failed for http://localhost:8002: All connection attempts failed
Metrics update failed for http://localhost:8001: All connection attempts failed
Metrics update failed for http://localhost:8002: All connection attempts failed
Metrics update failed for http://localhost:8001: All connection attempts failed
Metrics update failed for http://localhost:8002: All connection attempts failed
Metrics update failed for http://localhost:8001: All connection attempts failed
Metrics update failed for http://localhost:8002: All connection attempts failed
Metrics update failed for http://localhost:8001: All connection attempts failed
Metrics update failed for http://localhost:8002: All connection attempts failed
Metrics update failed for http://localhost:8001: All connection attempts failed
Metrics update failed for http://localhost:8002: All connection attempts failed
Metrics update failed for http://localhost:8001: All connection attempts failed
Metrics update failed for http://localhost:8002: All connection attempts failed
Metrics update failed for http://localhost:8001: All connection attempts failed
Metrics update failed for http://localhost:8002: All connection attempts failed
Metrics update failed for http://localhost:8001: All connection attempts failed
Metrics update failed for http://localhost:8002: All connection attempts failed
Metrics update failed for http://localhost:8001: All connection attempts failed
Metrics update failed for http://localhost:8002: All connection attempts failed
Metrics update failed for http://localhost:8001: All connection attempts failed
Metrics update failed for http://localhost:8002: All connection attempts failed
Metrics update failed for http://localhost:8001: All connection attempts failed
Metrics update failed for http://localhost:8002: All connection attempts failed
Metrics update failed for http://localhost:8001: All connection attempts failed
Metrics update failed for http://localhost:8002: All connection attempts failed
Metrics update failed for http://localhost:8001: All connection attempts failed
Metrics update failed for http://localhost:8002: All connection attempts failed
Metrics update failed for http://localhost:8001: All connection attempts failed
Metrics update failed for http://localhost:8002: All connection attempts failed
Metrics update failed for http://localhost:8001: All connection attempts failed
Metrics update failed for http://localhost:8002: All connection attempts failed
Metrics update failed for http://localhost:8001: All connection attempts failed
Metrics update failed for http://localhost:8002: All connection attempts failed
Metrics update failed for http://localhost:8001: All connection attempts failed
Metrics update failed for http://localhost:8002: All connection attempts failed
Metrics update failed for http://localhost:8001: All connection attempts failed
Metrics update failed for http://localhost:8002: All connection attempts failed
Metrics update failed for http://localhost:8001: All connection attempts failed
Metrics update failed for http://localhost:8002: All connection attempts failed
Metrics update failed for http://localhost:8001: All connection attempts failed
Metrics update failed for http://localhost:8002: All connection attempts failed
Metrics update failed for http://localhost:8001: All connection attempts failed
Metrics update failed for http://localhost:8002: All connection attempts failed
Metrics update failed for http://localhost:8001: All connection attempts failed
Metrics update failed for http://localhost:8002: All connection attempts failed
Metrics update failed for http://localhost:8001: All connection attempts failed
Metrics update failed for http://localhost:8002: All connection attempts failed
Metrics update failed for http://localhost:8001: All connection attempts failed
Metrics update failed for http://localhost:8002: All connection attempts failed
Metrics update failed for http://localhost:8001: All connection attempts failed
Metrics update failed for http://localhost:8002: All connection attempts failed
Metrics update failed for http://localhost:8001: All connection attempts failed
Metrics update failed for http://localhost:8002: All connection attempts failed
Metrics update failed for http://localhost:8001: All connection attempts failed
Metrics update failed for http://localhost:8002: All connection attempts failed
Metrics update failed for http://localhost:8001: All connection attempts failed
Metrics update failed for http://localhost:8002: All connection attempts failed
Metrics update failed for http://localhost:8001: All connection attempts failed
Metrics update failed for http://localhost:8002: All connection attempts failed
Metrics update failed for http://localhost:8001: All connection attempts failed
Metrics update failed for http://localhost:8002: All connection attempts failed
Metrics update failed for http://localhost:8001: All connection attempts failed
Metrics update failed for http://localhost:8002: All connection attempts failed
Metrics update failed for http://localhost:8001: All connection attempts failed
Metrics update failed for http://localhost:8002: All connection attempts failed
Metrics update failed for http://localhost:8001: All connection attempts failed
Metrics update failed for http://localhost:8002: All connection attempts failed
Metrics update failed for http://localhost:8001: All connection attempts failed
Metrics update failed for http://localhost:8002: All connection attempts failed
Metrics update failed for http://localhost:8001: All connection attempts failed
Metrics update failed for http://localhost:8002: All connection attempts failed
Metrics update failed for http://localhost:8001: All connection attempts failed
Metrics update failed for http://localhost:8002: All connection attempts failed
Metrics update failed for http://localhost:8001: All connection attempts failed
Metrics update failed for http://localhost:8002: All connection attempts failed
Metrics update failed for http://localhost:8001: All connection attempts failed
Metrics update failed for http://localhost:8002: All connection attempts failed
Metrics update failed for http://localhost:8001: All connection attempts failed
Metrics update failed for http://localhost:8002: All connection attempts failed
Metrics update failed for http://localhost:8001: All connection attempts failed
Metrics update failed for http://localhost:8002: All connection attempts failed
Metrics update failed for http://localhost:8001: All connection attempts failed
Metrics update failed for http://localhost:8002: All connection attempts failed
Metrics update failed for http://localhost:8001: All connection attempts failed
Metrics update failed for http://localhost:8002: All connection attempts failed
Metrics update failed for http://localhost:8001: All connection attempts failed
Metrics update failed for http://localhost:8002: All connection attempts failed
Metrics update failed for http://localhost:8001: All connection attempts failed
Metrics update failed for http://localhost:8002: All connection attempts failed
Metrics update failed for http://localhost:8001: All connection attempts failed
Metrics update failed for http://localhost:8002: All connection attempts failed
Metrics update failed for http://localhost:8001: All connection attempts failed
Metrics update failed for http://localhost:8002: All connection attempts failed
Metrics update failed for http://localhost:8001: All connection attempts failed
Metrics update failed for http://localhost:8002: All connection attempts failed
Metrics update failed for http://localhost:8001: All connection attempts failed
Metrics update failed for http://localhost:8002: All connection attempts failed
Metrics update failed for http://localhost:8001: All connection attempts failed
Metrics update failed for http://localhost:8002: All connection attempts failed
Metrics update failed for http://localhost:8001: All connection attempts failed
Metrics update failed for http://localhost:8002: All connection attempts failed
Metrics update failed for http://localhost:8001: All connection attempts failed
Metrics update failed for http://localhost:8002: All connection attempts failed
Metrics update failed for http://localhost:8001: All connection attempts failed
Metrics update failed for http://localhost:8002: All connection attempts failed
Metrics update failed for http://localhost:8001: All connection attempts failed
Metrics update failed for http://localhost:8002: All connection attempts failed
Metrics update failed for http://localhost:8001: All connection attempts failed
Metrics update failed for http://localhost:8002: All connection attempts failed
Metrics update failed for http://localhost:8001: All connection attempts failed
Metrics update failed for http://localhost:8002: All connection attempts failed
Metrics update failed for http://localhost:8001: All connection attempts failed
Metrics update failed for http://localhost:8002: All connection attempts failed
Metrics update failed for http://localhost:8001: All connection attempts failed
Metrics update failed for http://localhost:8002: All connection attempts failed
Metrics update failed for http://localhost:8001: All connection attempts failed
Metrics update failed for http://localhost:8002: All connection attempts failed
Metrics update failed for http://localhost:8001: All connection attempts failed
Metrics update failed for http://localhost:8002: All connection attempts failed
Metrics update failed for http://localhost:8001: All connection attempts failed
Metrics update failed for http://localhost:8002: All connection attempts failed
Metrics update failed for http://localhost:8001: All connection attempts failed
Metrics update failed for http://localhost:8002: All connection attempts failed
Metrics update failed for http://localhost:8001: All connection attempts failed
Metrics update failed for http://localhost:8002: All connection attempts failed
Metrics update failed for http://localhost:8001: All connection attempts failed
Metrics update failed for http://localhost:8002: All connection attempts failed
Metrics update failed for http://localhost:8001: All connection attempts failed
Metrics update failed for http://localhost:8002: All connection attempts failed
Metrics update failed for http://localhost:8001: All connection attempts failed
Metrics update failed for http://localhost:8002: All connection attempts failed
Metrics update failed for http://localhost:8001: All connection attempts failed
Metrics update failed for http://localhost:8002: All connection attempts failed
Metrics update failed for http://localhost:8001: All connection attempts failed
Metrics update failed for http://localhost:8002: All connection attempts failed
Metrics update failed for http://localhost:8001: All connection attempts failed
Metrics update failed for http://localhost:8002: All connection attempts failed
Metrics update failed for http://localhost:8001: All connection attempts failed
Metrics update failed for http://localhost:8002: All connection attempts failed
Metrics update failed for http://localhost:8001: All connection attempts failed
Metrics update failed for http://localhost:8002: All connection attempts failed
Metrics update failed for http://localhost:8001: All connection attempts failed
Metrics update failed for http://localhost:8002: All connection attempts failed
Metrics update failed for http://localhost:8001: All connection attempts failed
Metrics update failed for http://localhost:8002: All connection attempts failed
Metrics update failed for http://localhost:8001: All connection attempts failed
Metrics update failed for http://localhost:8002: All connection attempts failed
Metrics update failed for http://localhost:8001: All connection attempts failed
Metrics update failed for http://localhost:8002: All connection attempts failed
Metrics update failed for http://localhost:8001: All connection attempts failed
Metrics update failed for http://localhost:8002: All connection attempts failed
Metrics update failed for http://localhost:8001: All connection attempts failed
Metrics update failed for http://localhost:8002: All connection attempts failed
Metrics update failed for http://localhost:8001: All connection attempts failed
Metrics update failed for http://localhost:8002: All connection attempts failed
Metrics update failed for http://localhost:8001: All connection attempts failed
Metrics update failed for http://localhost:8002: All connection attempts failed
Metrics update failed for http://localhost:8001: All connection attempts failed
Metrics update failed for http://localhost:8002: All connection attempts failed
Metrics update failed for http://localhost:8001: All connection attempts failed
Metrics update failed for http://localhost:8002: All connection attempts failed
Metrics update failed for http://localhost:8001: All connection attempts failed
Metrics update failed for http://localhost:8002: All connection attempts failed
Metrics update failed for http://localhost:8001: All connection attempts failed
Metrics update failed for http://localhost:8002: All connection attempts failed
Metrics update failed for http://localhost:8001: All connection attempts failed
Metrics update failed for http://localhost:8002: All connection attempts failed
Metrics update failed for http://localhost:8001: All connection attempts failed
Metrics update failed for http://localhost:8002: All connection attempts failed
Metrics update failed for http://localhost:8001: All connection attempts failed
Metrics update failed for http://localhost:8002: All connection attempts failed
Metrics update failed for http://localhost:8001: All connection attempts failed
Metrics update failed for http://localhost:8002: All connection attempts failed
Metrics update failed for http://localhost:8001: All connection attempts failed
Metrics update failed for http://localhost:8002: All connection attempts failed
Metrics update failed for http://localhost:8001: All connection attempts failed
Metrics update failed for http://localhost:8002: All connection attempts failed
Metrics update failed for http://localhost:8001: All connection attempts failed
Metrics update failed for http://localhost:8002: All connection attempts failed
Metrics update failed for http://localhost:8001: All connection attempts failed
Metrics update failed for http://localhost:8002: All connection attempts failed
Metrics update failed for http://localhost:8001: All connection attempts failed
Metrics update failed for http://localhost:8002: All connection attempts failed
Metrics update failed for http://localhost:8001: All connection attempts failed
Metrics update failed for http://localhost:8002: All connection attempts failed
Metrics update failed for http://localhost:8001: All connection attempts failed
Metrics update failed for http://localhost:8002: All connection attempts failed
Metrics update failed for http://localhost:8001: All connection attempts failed
Metrics update failed for http://localhost:8002: All connection attempts failed
Metrics update failed for http://localhost:8001: All connection attempts failed
Metrics update failed for http://localhost:8002: All connection attempts failed
Metrics update failed for http://localhost:8001: All connection attempts failed
Metrics update failed for http://localhost:8002: All connection attempts failed
Metrics update failed for http://localhost:8001: All connection attempts failed
Metrics update failed for http://localhost:8002: All connection attempts failed
Metrics update failed for http://localhost:8001: All connection attempts failed
Metrics update failed for http://localhost:8002: All connection attempts failed
Metrics update failed for http://localhost:8001: All connection attempts failed
Metrics update failed for http://localhost:8002: All connection attempts failed
Metrics update failed for http://localhost:8001: All connection attempts failed
Metrics update failed for http://localhost:8002: All connection attempts failed
Metrics update failed for http://localhost:8001: All connection attempts failed
Metrics update failed for http://localhost:8002: All connection attempts failed
Metrics update failed for http://localhost:8001: All connection attempts failed
Metrics update failed for http://localhost:8002: All connection attempts failed
Metrics update failed for http://localhost:8001: All connection attempts failed
Metrics update failed for http://localhost:8002: All connection attempts failed
Metrics update failed for http://localhost:8001: All connection attempts failed
Metrics update failed for http://localhost:8002: All connection attempts failed
Metrics update failed for http://localhost:8001: All connection attempts failed
Metrics update failed for http://localhost:8002: All connection attempts failed
Metrics update failed for http://localhost:8001: All connection attempts failed
Metrics update failed for http://localhost:8002: All connection attempts failed
Metrics update failed for http://localhost:8001: All connection attempts failed
Metrics update failed for http://localhost:8002: All connection attempts failed
Metrics update failed for http://localhost:8001: All connection attempts failed
Metrics update failed for http://localhost:8002: All connection attempts failed
Metrics update failed for http://localhost:8001: All connection attempts failed
Metrics update failed for http://localhost:8002: All connection attempts failed
Metrics update failed for http://localhost:8001: All connection attempts failed
Metrics update failed for http://localhost:8002: All connection attempts failed
Metrics update failed for http://localhost:8001: All connection attempts failed
Metrics update failed for http://localhost:8002: All connection attempts failed
Metrics update failed for http://localhost:8001: All connection attempts failed
Metrics update failed for http://localhost:8002: All connection attempts failed
Metrics update failed for http://localhost:8001: All connection attempts failed
Metrics update failed for http://localhost:8002: All connection attempts failed
Metrics update failed for http://localhost:8001: All connection attempts failed
Metrics update failed for http://localhost:8002: All connection attempts failed
Metrics update failed for http://localhost:8001: All connection attempts failed
Metrics update failed for http://localhost:8002: All connection attempts failed
Metrics update failed for http://localhost:8001: All connection attempts failed
Metrics update failed for http://localhost:8002: All connection attempts failed
Metrics update failed for http://localhost:8001: All connection attempts failed
Metrics update failed for http://localhost:8002: All connection attempts failed
Metrics update failed for http://localhost:8001: All connection attempts failed
Metrics update failed for http://localhost:8002: All connection attempts failed
Metrics update failed for http://localhost:8001: All connection attempts failed
Metrics update failed for http://localhost:8002: All connection attempts failed
Metrics update failed for http://localhost:8001: All connection attempts failed
Metrics update failed for http://localhost:8002: All connection attempts failed
Metrics update failed for http://localhost:8001: All connection attempts failed
Metrics update failed for http://localhost:8002: All connection attempts failed
Metrics update failed for http://localhost:8001: All connection attempts failed
Metrics update failed for http://localhost:8002: All connection attempts failed
Metrics update failed for http://localhost:8001: All connection attempts failed
Metrics update failed for http://localhost:8002: All connection attempts failed
Metrics update failed for http://localhost:8001: All connection attempts failed
Metrics update failed for http://localhost:8002: All connection attempts failed
Metrics update failed for http://localhost:8001: All connection attempts failed
Metrics update failed for http://localhost:8002: All connection attempts failed
Metrics update failed for http://localhost:8001: All connection attempts failed
Metrics update failed for http://localhost:8002: All connection attempts failed
Metrics update failed for http://localhost:8001: All connection attempts failed
Metrics update failed for http://localhost:8002: All connection attempts failed
Metrics update failed for http://localhost:8001: All connection attempts failed
Metrics update failed for http://localhost:8002: All connection attempts failed
Metrics update failed for http://localhost:8001: All connection attempts failed
Metrics update failed for http://localhost:8002: All connection attempts failed
Metrics update failed for http://localhost:8001: All connection attempts failed
Metrics update failed for http://localhost:8002: All connection attempts failed
Metrics update failed for http://localhost:8001: All connection attempts failed
Metrics update failed for http://localhost:8002: All connection attempts failed
Metrics update failed for http://localhost:8001: All connection attempts failed
Metrics update failed for http://localhost:8002: All connection attempts failed
Metrics update failed for http://localhost:8001: All connection attempts failed
Metrics update failed for http://localhost:8002: All connection attempts failed
Metrics update failed for http://localhost:8001: All connection attempts failed
Metrics update failed for http://localhost:8002: All connection attempts failed
Metrics update failed for http://localhost:8001: All connection attempts failed
Metrics update failed for http://localhost:8002: All connection attempts failed
Metrics update failed for http://localhost:8001: All connection attempts failed
Metrics update failed for http://localhost:8002: All connection attempts failed
Metrics update failed for http://localhost:8001: All connection attempts failed
Metrics update failed for http://localhost:8002: All connection attempts failed
Metrics update failed for http://localhost:8001: All connection attempts failed
Metrics update failed for http://localhost:8002: All connection attempts failed
Metrics update failed for http://localhost:8001: All connection attempts failed
Metrics update failed for http://localhost:8002: All connection attempts failed
Metrics update failed for http://localhost:8001: All connection attempts failed
Metrics update failed for http://localhost:8002: All connection attempts failed
Metrics update failed for http://localhost:8001: All connection attempts failed
Metrics update failed for http://localhost:8002: All connection attempts failed
Metrics update failed for http://localhost:8001: All connection attempts failed
Metrics update failed for http://localhost:8002: All connection attempts failed
Metrics update failed for http://localhost:8001: All connection attempts failed
Metrics update failed for http://localhost:8002: All connection attempts failed
Metrics update failed for http://localhost:8001: All connection attempts failed
Metrics update failed for http://localhost:8002: All connection attempts failed
Metrics update failed for http://localhost:8001: All connection attempts failed
Metrics update failed for http://localhost:8002: All connection attempts failed
Metrics update failed for http://localhost:8001: All connection attempts failed
Metrics update failed for http://localhost:8002: All connection attempts failed
Metrics update failed for http://localhost:8001: All connection attempts failed
Metrics update failed for http://localhost:8002: All connection attempts failed
Metrics update failed for http://localhost:8001: All connection attempts failed
Metrics update failed for http://localhost:8002: All connection attempts failed
Metrics update failed for http://localhost:8001: All connection attempts failed
Metrics update failed for http://localhost:8002: All connection attempts failed
Metrics update failed for http://localhost:8001: All connection attempts failed
Metrics update failed for http://localhost:8002: All connection attempts failed
Metrics update failed for http://localhost:8001: All connection attempts failed
Metrics update failed for http://localhost:8002: All connection attempts failed
Metrics update failed for http://localhost:8001: All connection attempts failed
Metrics update failed for http://localhost:8002: All connection attempts failed
Metrics update failed for http://localhost:8001: All connection attempts failed
Metrics update failed for http://localhost:8002: All connection attempts failed
Metrics update failed for http://localhost:8001: All connection attempts failed
Metrics update failed for http://localhost:8002: All connection attempts failed
Metrics update failed for http://localhost:8001: All connection attempts failed
Metrics update failed for http://localhost:8002: All connection attempts failed
Metrics update failed for http://localhost:8001: All connection attempts failed
Metrics update failed for http://localhost:8002: All connection attempts failed
Metrics update failed for http://localhost:8001: All connection attempts failed
Metrics update failed for http://localhost:8002: All connection attempts failed
Metrics update failed for http://localhost:8001: All connection attempts failed
Metrics update failed for http://localhost:8002: All connection attempts failed
Metrics update failed for http://localhost:8001: All connection attempts failed
Metrics update failed for http://localhost:8002: All connection attempts failed
Metrics update failed for http://localhost:8001: All connection attempts failed
Metrics update failed for http://localhost:8002: All connection attempts failed
Metrics update failed for http://localhost:8001: All connection attempts failed
Metrics update failed for http://localhost:8002: All connection attempts failed
Metrics update failed for http://localhost:8001: All connection attempts failed
Metrics update failed for http://localhost:8002: All connection attempts failed
Metrics update failed for http://localhost:8001: All connection attempts failed
Metrics update failed for http://localhost:8002: All connection attempts failed
Metrics update failed for http://localhost:8001: All connection attempts failed
Metrics update failed for http://localhost:8002: All connection attempts failed
Metrics update failed for http://localhost:8001: All connection attempts failed
Metrics update failed for http://localhost:8002: All connection attempts failed
Metrics update failed for http://localhost:8001: All connection attempts failed
Metrics update failed for http://localhost:8002: All connection attempts failed
Metrics update failed for http://localhost:8001: All connection attempts failed
Metrics update failed for http://localhost:8002: All connection attempts failed
Metrics update failed for http://localhost:8001: All connection attempts failed
Metrics update failed for http://localhost:8002: All connection attempts failed
Metrics update failed for http://localhost:8001: All connection attempts failed
Metrics update failed for http://localhost:8002: All connection attempts failed
Metrics update failed for http://localhost:8001: All connection attempts failed
Metrics update failed for http://localhost:8002: All connection attempts failed
Metrics update failed for http://localhost:8001: All connection attempts failed
Metrics update failed for http://localhost:8002: All connection attempts failed
Metrics update failed for http://localhost:8001: All connection attempts failed
Metrics update failed for http://localhost:8002: All connection attempts failed
Metrics update failed for http://localhost:8001: All connection attempts failed
Metrics update failed for http://localhost:8002: All connection attempts failed
Metrics update failed for http://localhost:8001: All connection attempts failed
Metrics update failed for http://localhost:8002: All connection attempts failed
Metrics update failed for http://localhost:8001: All connection attempts failed
Metrics update failed for http://localhost:8002: All connection attempts failed
Metrics update failed for http://localhost:8001: All connection attempts failed
Metrics update failed for http://localhost:8002: All connection attempts failed
Metrics update failed for http://localhost:8001: All connection attempts failed
Metrics update failed for http://localhost:8002: All connection attempts failed
Metrics update failed for http://localhost:8001: All connection attempts failed
Metrics update failed for http://localhost:8002: All connection attempts failed
Metrics update failed for http://localhost:8001: All connection attempts failed
Metrics update failed for http://localhost:8002: All connection attempts failed
Metrics update failed for http://localhost:8001: All connection attempts failed
Metrics update failed for http://localhost:8002: All connection attempts failed
Metrics update failed for http://localhost:8001: All connection attempts failed
Metrics update failed for http://localhost:8002: All connection attempts failed
Metrics update failed for http://localhost:8001: All connection attempts failed
Metrics update failed for http://localhost:8002: All connection attempts failed
Metrics update failed for http://localhost:8001: All connection attempts failed
Metrics update failed for http://localhost:8002: All connection attempts failed
Metrics update failed for http://localhost:8001: All connection attempts failed
Metrics update failed for http://localhost:8002: All connection attempts failed
Metrics update failed for http://localhost:8001: All connection attempts failed
Metrics update failed for http://localhost:8002: All connection attempts failed
Metrics update failed for http://localhost:8001: All connection attempts failed
Metrics update failed for http://localhost:8002: All connection attempts failed
Metrics update failed for http://localhost:8001: All connection attempts failed
Metrics update failed for http://localhost:8002: All connection attempts failed
Metrics update failed for http://localhost:8001: All connection attempts failed
Metrics update failed for http://localhost:8002: All connection attempts failed
Metrics update failed for http://localhost:8001: All connection attempts failed
Metrics update failed for http://localhost:8002: All connection attempts failed
Metrics update failed for http://localhost:8001: All connection attempts failed
Metrics update failed for http://localhost:8002: All connection attempts failed
Metrics update failed for http://localhost:8001: All connection attempts failed
Metrics update failed for http://localhost:8002: All connection attempts failed
Metrics update failed for http://localhost:8001: All connection attempts failed
Metrics update failed for http://localhost:8002: All connection attempts failed
Metrics update failed for http://localhost:8001: All connection attempts failed
Metrics update failed for http://localhost:8002: All connection attempts failed
Metrics update failed for http://localhost:8001: All connection attempts failed
Metrics update failed for http://localhost:8002: All connection attempts failed
Metrics update failed for http://localhost:8001: All connection attempts failed
Metrics update failed for http://localhost:8002: All connection attempts failed
Metrics update failed for http://localhost:8001: All connection attempts failed
Metrics update failed for http://localhost:8002: All connection attempts failed
Metrics update failed for http://localhost:8001: All connection attempts failed
Metrics update failed for http://localhost:8002: All connection attempts failed
Metrics update failed for http://localhost:8001: All connection attempts failed
Metrics update failed for http://localhost:8002: All connection attempts failed
Metrics update failed for http://localhost:8001: All connection attempts failed
Metrics update failed for http://localhost:8002: All connection attempts failed
Metrics update failed for http://localhost:8001: All connection attempts failed
Metrics update failed for http://localhost:8002: All connection attempts failed
Metrics update failed for http://localhost:8001: All connection attempts failed
Metrics update failed for http://localhost:8002: All connection attempts failed
Metrics update failed for http://localhost:8001: All connection attempts failed
Metrics update failed for http://localhost:8002: All connection attempts failed
Metrics update failed for http://localhost:8001: All connection attempts failed
Metrics update failed for http://localhost:8002: All connection attempts failed
Metrics update failed for http://localhost:8001: All connection attempts failed
Metrics update failed for http://localhost:8002: All connection attempts failed
Metrics update failed for http://localhost:8001: All connection attempts failed
Metrics update failed for http://localhost:8002: All connection attempts failed
Metrics update failed for http://localhost:8001: All connection attempts failed
Metrics update failed for http://localhost:8002: All connection attempts failed
Metrics update failed for http://localhost:8001: All connection attempts failed
Metrics update failed for http://localhost:8002: All connection attempts failed
Metrics update failed for http://localhost:8001: All connection attempts failed
Metrics update failed for http://localhost:8002: All connection attempts failed
Metrics update failed for http://localhost:8001: All connection attempts failed
Metrics update failed for http://localhost:8002: All connection attempts failed
Metrics update failed for http://localhost:8001: All connection attempts failed
Metrics update failed for http://localhost:8002: All connection attempts failed
Metrics update failed for http://localhost:8001: All connection attempts failed
Metrics update failed for http://localhost:8002: All connection attempts failed
Metrics update failed for http://localhost:8001: All connection attempts failed
Metrics update failed for http://localhost:8002: All connection attempts failed
Metrics update failed for http://localhost:8001: All connection attempts failed
Metrics update failed for http://localhost:8002: All connection attempts failed
Metrics update failed for http://localhost:8001: All connection attempts failed
Metrics update failed for http://localhost:8002: All connection attempts failed
Metrics update failed for http://localhost:8001: All connection attempts failed
Metrics update failed for http://localhost:8002: All connection attempts failed
Metrics update failed for http://localhost:8001: All connection attempts failed
Metrics update failed for http://localhost:8002: All connection attempts failed
Metrics update failed for http://localhost:8001: All connection attempts failed
Metrics update failed for http://localhost:8002: All connection attempts failed
Metrics update failed for http://localhost:8001: All connection attempts failed
Metrics update failed for http://localhost:8002: All connection attempts failed
Metrics update failed for http://localhost:8001: All connection attempts failed
Metrics update failed for http://localhost:8002: All connection attempts failed
Metrics update failed for http://localhost:8001: All connection attempts failed
Metrics update failed for http://localhost:8002: All connection attempts failed
Metrics update failed for http://localhost:8001: All connection attempts failed
Metrics update failed for http://localhost:8002: All connection attempts failed
Metrics update failed for http://localhost:8001: All connection attempts failed
Metrics update failed for http://localhost:8002: All connection attempts failed
Metrics update failed for http://localhost:8001: All connection attempts failed
Metrics update failed for http://localhost:8002: All connection attempts failed
Metrics update failed for http://localhost:8001: All connection attempts failed
Metrics update failed for http://localhost:8002: All connection attempts failed
Metrics update failed for http://localhost:8001: All connection attempts failed
Metrics update failed for http://localhost:8002: All connection attempts failed
Metrics update failed for http://localhost:8001: All connection attempts failed
Metrics update failed for http://localhost:8002: All connection attempts failed
Metrics update failed for http://localhost:8001: All connection attempts failed
Metrics update failed for http://localhost:8002: All connection attempts failed
Metrics update failed for http://localhost:8001: All connection attempts failed
Metrics update failed for http://localhost:8002: All connection attempts failed
Metrics update failed for http://localhost:8001: All connection attempts failed
Metrics update failed for http://localhost:8002: All connection attempts failed
Metrics update failed for http://localhost:8001: All connection attempts failed
Metrics update failed for http://localhost:8002: All connection attempts failed
Metrics update failed for http://localhost:8001: All connection attempts failed
Metrics update failed for http://localhost:8002: All connection attempts failed
Metrics update failed for http://localhost:8001: All connection attempts failed
Metrics update failed for http://localhost:8002: All connection attempts failed
Metrics update failed for http://localhost:8001: All connection attempts failed
Metrics update failed for http://localhost:8002: All connection attempts failed
Metrics update failed for http://localhost:8001: All connection attempts failed
Metrics update failed for http://localhost:8002: All connection attempts failed
Metrics update failed for http://localhost:8001: All connection attempts failed
Metrics update failed for http://localhost:8002: All connection attempts failed
Metrics update failed for http://localhost:8001: All connection attempts failed
Metrics update failed for http://localhost:8002: All connection attempts failed
Metrics update failed for http://localhost:8001: All connection attempts failed
Metrics update failed for http://localhost:8002: All connection attempts failed
Metrics update failed for http://localhost:8001: All connection attempts failed
Metrics update failed for http://localhost:8002: All connection attempts failed
Metrics update failed for http://localhost:8001: All connection attempts failed
Metrics update failed for http://localhost:8002: All connection attempts failed
Metrics update failed for http://localhost:8001: All connection attempts failed
Metrics update failed for http://localhost:8002: All connection attempts failed
Metrics update failed for http://localhost:8001: All connection attempts failed
Metrics update failed for http://localhost:8002: All connection attempts failed
Metrics update failed for http://localhost:8001: All connection attempts failed
Metrics update failed for http://localhost:8002: All connection attempts failed
Metrics update failed for http://localhost:8001: All connection attempts failed
Metrics update failed for http://localhost:8002: All connection attempts failed
Metrics update failed for http://localhost:8001: All connection attempts failed
Metrics update failed for http://localhost:8002: All connection attempts failed
Metrics update failed for http://localhost:8001: All connection attempts failed
Metrics update failed for http://localhost:8002: All connection attempts failed
Metrics update failed for http://localhost:8001: All connection attempts failed
Metrics update failed for http://localhost:8002: All connection attempts failed
Metrics update failed for http://localhost:8001: All connection attempts failed
Metrics update failed for http://localhost:8002: All connection attempts failed
Metrics update failed for http://localhost:8001: All connection attempts failed
Metrics update failed for http://localhost:8002: All connection attempts failed
Metrics update failed for http://localhost:8001: All connection attempts failed
Metrics update failed for http://localhost:8002: All connection attempts failed
Metrics update failed for http://localhost:8001: All connection attempts failed
Metrics update failed for http://localhost:8002: All connection attempts failed
Metrics update failed for http://localhost:8001: All connection attempts failed
Metrics update failed for http://localhost:8002: All connection attempts failed
Metrics update failed for http://localhost:8001: All connection attempts failed
Metrics update failed for http://localhost:8002: All connection attempts failed
Metrics update failed for http://localhost:8001: All connection attempts failed
Metrics update failed for http://localhost:8002: All connection attempts failed
Metrics update failed for http://localhost:8001: All connection attempts failed
Metrics update failed for http://localhost:8002: All connection attempts failed
Metrics update failed for http://localhost:8001: All connection attempts failed
Metrics update failed for http://localhost:8002: All connection attempts failed
Metrics update failed for http://localhost:8001: All connection attempts failed
Metrics update failed for http://localhost:8002: All connection attempts failed
Metrics update failed for http://localhost:8001: All connection attempts failed
Metrics update failed for http://localhost:8002: All connection attempts failed
Metrics update failed for http://localhost:8001: All connection attempts failed
Metrics update failed for http://localhost:8002: All connection attempts failed
Metrics update failed for http://localhost:8001: All connection attempts failed
Metrics update failed for http://localhost:8002: All connection attempts failed
Metrics update failed for http://localhost:8001: All connection attempts failed
Metrics update failed for http://localhost:8002: All connection attempts failed
Metrics update failed for http://localhost:8001: All connection attempts failed
Metrics update failed for http://localhost:8002: All connection attempts failed
Metrics update failed for http://localhost:8001: All connection attempts failed
Metrics update failed for http://localhost:8002: All connection attempts failed
Metrics update failed for http://localhost:8001: All connection attempts failed
Metrics update failed for http://localhost:8002: All connection attempts failed
Metrics update failed for http://localhost:8001: All connection attempts failed
Metrics update failed for http://localhost:8002: All connection attempts failed
Metrics update failed for http://localhost:8001: All connection attempts failed
Metrics update failed for http://localhost:8002: All connection attempts failed
Metrics update failed for http://localhost:8001: All connection attempts failed
Metrics update failed for http://localhost:8002: All connection attempts failed
Metrics update failed for http://localhost:8001: All connection attempts failed
Metrics update failed for http://localhost:8002: All connection attempts failed
Metrics update failed for http://localhost:8001: All connection attempts failed
Metrics update failed for http://localhost:8002: All connection attempts failed
Metrics update failed for http://localhost:8001: All connection attempts failed
Metrics update failed for http://localhost:8002: All connection attempts failed
Metrics update failed for http://localhost:8001: All connection attempts failed
Metrics update failed for http://localhost:8002: All connection attempts failed
Metrics update failed for http://localhost:8001: All connection attempts failed
Metrics update failed for http://localhost:8002: All connection attempts failed
Metrics update failed for http://localhost:8001: All connection attempts failed
Metrics update failed for http://localhost:8002: All connection attempts failed
Metrics update failed for http://localhost:8001: All connection attempts failed
Metrics update failed for http://localhost:8002: All connection attempts failed
Metrics update failed for http://localhost:8001: All connection attempts failed
Metrics update failed for http://localhost:8002: All connection attempts failed
Metrics update failed for http://localhost:8001: All connection attempts failed
Metrics update failed for http://localhost:8002: All connection attempts failed
Metrics update failed for http://localhost:8001: All connection attempts failed
Metrics update failed for http://localhost:8002: All connection attempts failed
Metrics update failed for http://localhost:8001: All connection attempts failed
Metrics update failed for http://localhost:8002: All connection attempts failed
Metrics update failed for http://localhost:8001: All connection attempts failed
Metrics update failed for http://localhost:8002: All connection attempts failed
Metrics update failed for http://localhost:8001: All connection attempts failed
Metrics update failed for http://localhost:8002: All connection attempts failed
Metrics update failed for http://localhost:8001: All connection attempts failed
Metrics update failed for http://localhost:8002: All connection attempts failed
Metrics update failed for http://localhost:8001: All connection attempts failed
Metrics update failed for http://localhost:8002: All connection attempts failed
Metrics update failed for http://localhost:8001: All connection attempts failed
Metrics update failed for http://localhost:8002: All connection attempts failed
Metrics update failed for http://localhost:8001: All connection attempts failed
Metrics update failed for http://localhost:8002: All connection attempts failed
Metrics update failed for http://localhost:8001: All connection attempts failed
Metrics update failed for http://localhost:8002: All connection attempts failed
Metrics update failed for http://localhost:8001: All connection attempts failed
Metrics update failed for http://localhost:8002: All connection attempts failed
Metrics update failed for http://localhost:8001: All connection attempts failed
Metrics update failed for http://localhost:8002: All connection attempts failed
Metrics update failed for http://localhost:8001: All connection attempts failed
Metrics update failed for http://localhost:8002: All connection attempts failed
Metrics update failed for http://localhost:8001: All connection attempts failed
Metrics update failed for http://localhost:8002: All connection attempts failed
Metrics update failed for http://localhost:8001: All connection attempts failed
Metrics update failed for http://localhost:8002: All connection attempts failed
Metrics update failed for http://localhost:8001: All connection attempts failed
Metrics update failed for http://localhost:8002: All connection attempts failed
Metrics update failed for http://localhost:8001: All connection attempts failed
Metrics update failed for http://localhost:8002: All connection attempts failed
Metrics update failed for http://localhost:8001: All connection attempts failed
Metrics update failed for http://localhost:8002: All connection attempts failed
Metrics update failed for http://localhost:8001: All connection attempts failed
Metrics update failed for http://localhost:8002: All connection attempts failed
Metrics update failed for http://localhost:8001: All connection attempts failed
Metrics update failed for http://localhost:8002: All connection attempts failed
Metrics update failed for http://localhost:8001: All connection attempts failed
Metrics update failed for http://localhost:8002: All connection attempts failed
Metrics update failed for http://localhost:8001: All connection attempts failed
Metrics update failed for http://localhost:8002: All connection attempts failed
Metrics update failed for http://localhost:8001: All connection attempts failed
Metrics update failed for http://localhost:8002: All connection attempts failed
