/home/jrxing/rayLearning/python/throught_aware_router_demo/router.py:290: DeprecationWarning: 
        on_event is deprecated, use lifespan event handlers instead.

        Read more about it in the
        [FastAPI docs for Lifespan Events](https://fastapi.tiangolo.com/advanced/events/).
        
  @app.on_event("shutdown")
/home/jrxing/rayLearning/python/throught_aware_router_demo/router.py:309: DeprecationWarning: 
        on_event is deprecated, use lifespan event handlers instead.

        Read more about it in the
        [FastAPI docs for Lifespan Events](https://fastapi.tiangolo.com/advanced/events/).
        
  @app.on_event("startup")
INFO:     Started server process [6832]
INFO:     Waiting for application startup.
INFO:     Application startup complete.
INFO:     Uvicorn running on http://0.0.0.0:8000 (Press CTRL+C to quit)
Initialized with strategy: pow_2
Worker: http://localhost:8001, Running: 0.0, Waiting: 0.0
Worker: http://localhost:8001, qlen: 0.0
Worker: http://localhost:8001, Tokens: 0.0
Worker: http://localhost:8002, Running: 0.0, Waiting: 0.0
Worker: http://localhost:8002, qlen: 0.0
Worker: http://localhost:8002, Tokens: 0.0
Selected worker: http://localhost:8002
INFO:     127.0.0.1:38868 - "GET /v1/models HTTP/1.1" 200 OK
Worker: http://localhost:8001, Running: 0.0, Waiting: 0.0
Worker: http://localhost:8001, qlen: 0.0
Worker: http://localhost:8001, Tokens: 0.0
Worker: http://localhost:8002, Running: 0.0, Waiting: 0.0
Worker: http://localhost:8002, qlen: 0.0
Worker: http://localhost:8002, Tokens: 0.0
Selected worker: http://localhost:8002
INFO:     127.0.0.1:38872 - "POST /v1/completions HTTP/1.1" 200 OK
Worker: http://localhost:8001, Running: 0.0, Waiting: 0.0
Worker: http://localhost:8001, qlen: 0.0
Worker: http://localhost:8001, Tokens: 0.0
Worker: http://localhost:8002, Running: 0.0, Waiting: 0.0
Worker: http://localhost:8002, qlen: 0.0
Worker: http://localhost:8002, Tokens: 121.0
Selected worker: http://localhost:8001
Worker: http://localhost:8001, Running: 0.0, Waiting: 0.0
Worker: http://localhost:8001, qlen: 0.0
Worker: http://localhost:8001, Tokens: 273.0
Worker: http://localhost:8002, Running: 0.0, Waiting: 0.0
Worker: http://localhost:8002, qlen: 0.0
Worker: http://localhost:8002, Tokens: 121.0
Selected worker: http://localhost:8001
Worker: http://localhost:8001, Running: 0.0, Waiting: 0.0
Worker: http://localhost:8001, qlen: 0.0
Worker: http://localhost:8001, Tokens: 532.0
Worker: http://localhost:8002, Running: 0.0, Waiting: 0.0
Worker: http://localhost:8002, qlen: 0.0
Worker: http://localhost:8002, Tokens: 121.0
Selected worker: http://localhost:8002
Worker: http://localhost:8001, Running: 0.0, Waiting: 0.0
Worker: http://localhost:8001, qlen: 0.0
Worker: http://localhost:8001, Tokens: 532.0
Worker: http://localhost:8002, Running: 0.0, Waiting: 0.0
Worker: http://localhost:8002, qlen: 0.0
Worker: http://localhost:8002, Tokens: 389.0
Selected worker: http://localhost:8002
Worker: http://localhost:8001, Running: 0.0, Waiting: 0.0
Worker: http://localhost:8001, qlen: 0.0
Worker: http://localhost:8001, Tokens: 532.0
Worker: http://localhost:8002, Running: 0.0, Waiting: 0.0
Worker: http://localhost:8002, qlen: 0.0
Worker: http://localhost:8002, Tokens: 652.0
Selected worker: http://localhost:8001
Worker: http://localhost:8001, Running: 0.0, Waiting: 0.0
Worker: http://localhost:8001, qlen: 0.0
Worker: http://localhost:8001, Tokens: 813.0
Worker: http://localhost:8002, Running: 0.0, Waiting: 0.0
Worker: http://localhost:8002, qlen: 0.0
Worker: http://localhost:8002, Tokens: 652.0
Selected worker: http://localhost:8002
Worker: http://localhost:8001, Running: 0.0, Waiting: 0.0
Worker: http://localhost:8001, qlen: 0.0
Worker: http://localhost:8001, Tokens: 813.0
Worker: http://localhost:8002, Running: 0.0, Waiting: 0.0
Worker: http://localhost:8002, qlen: 0.0
Worker: http://localhost:8002, Tokens: 931.0
Selected worker: http://localhost:8002
INFO:     127.0.0.1:38878 - "POST /v1/completions HTTP/1.1" 200 OK
INFO:     127.0.0.1:38894 - "POST /v1/completions HTTP/1.1" 200 OK
INFO:     127.0.0.1:38896 - "POST /v1/completions HTTP/1.1" 200 OK
INFO:     127.0.0.1:38906 - "POST /v1/completions HTTP/1.1" 200 OK
INFO:     127.0.0.1:38914 - "POST /v1/completions HTTP/1.1" 200 OK
INFO:     127.0.0.1:38918 - "POST /v1/completions HTTP/1.1" 200 OK
INFO:     127.0.0.1:38932 - "POST /v1/completions HTTP/1.1" 200 OK
Worker: http://localhost:8001, Running: 0.0, Waiting: 0.0
Worker: http://localhost:8001, qlen: 0.0
Worker: http://localhost:8001, Tokens: 813.0
Worker: http://localhost:8002, Running: 0.0, Waiting: 0.0
Worker: http://localhost:8002, qlen: 0.0
Worker: http://localhost:8002, Tokens: 1197.0
Selected worker: http://localhost:8001
INFO:     127.0.0.1:38938 - "POST /v1/completions HTTP/1.1" 200 OK
Worker: http://localhost:8001, Running: 0.0, Waiting: 0.0
Worker: http://localhost:8001, qlen: 0.0
Worker: http://localhost:8001, Tokens: 1075.0
Worker: http://localhost:8002, Running: 0.0, Waiting: 0.0
Worker: http://localhost:8002, qlen: 0.0
Worker: http://localhost:8002, Tokens: 1197.0
Selected worker: http://localhost:8001
INFO:     127.0.0.1:38942 - "POST /v1/completions HTTP/1.1" 200 OK
Worker: http://localhost:8001, Running: 0.0, Waiting: 0.0
Worker: http://localhost:8001, qlen: 0.0
Worker: http://localhost:8001, Tokens: 1366.0
Worker: http://localhost:8002, Running: 0.0, Waiting: 0.0
Worker: http://localhost:8002, qlen: 0.0
Worker: http://localhost:8002, Tokens: 1197.0
Selected worker: http://localhost:8002
INFO:     127.0.0.1:38954 - "POST /v1/completions HTTP/1.1" 200 OK
Worker: http://localhost:8001, Running: 0.0, Waiting: 0.0
Worker: http://localhost:8001, qlen: 0.0
Worker: http://localhost:8001, Tokens: 1366.0
Worker: http://localhost:8002, Running: 0.0, Waiting: 0.0
Worker: http://localhost:8002, qlen: 0.0
Worker: http://localhost:8002, Tokens: 1464.0
Selected worker: http://localhost:8002
INFO:     127.0.0.1:38966 - "POST /v1/completions HTTP/1.1" 200 OK
Worker: http://localhost:8001, Running: 0.0, Waiting: 0.0
Worker: http://localhost:8001, qlen: 0.0
Worker: http://localhost:8001, Tokens: 1366.0
Worker: http://localhost:8002, Running: 0.0, Waiting: 0.0
Worker: http://localhost:8002, qlen: 0.0
Worker: http://localhost:8002, Tokens: 1729.0
Selected worker: http://localhost:8002
INFO:     127.0.0.1:38968 - "POST /v1/completions HTTP/1.1" 200 OK
Worker: http://localhost:8001, Running: 0.0, Waiting: 0.0
Worker: http://localhost:8001, qlen: 0.0
Worker: http://localhost:8001, Tokens: 1366.0
Worker: http://localhost:8002, Running: 0.0, Waiting: 0.0
Worker: http://localhost:8002, qlen: 0.0
Worker: http://localhost:8002, Tokens: 2008.0
Selected worker: http://localhost:8001
INFO:     127.0.0.1:38982 - "POST /v1/completions HTTP/1.1" 200 OK
Worker: http://localhost:8001, Running: 0.0, Waiting: 0.0
Worker: http://localhost:8001, qlen: 0.0
Worker: http://localhost:8001, Tokens: 2845.0
Worker: http://localhost:8002, Running: 0.0, Waiting: 0.0
Worker: http://localhost:8002, qlen: 0.0
Worker: http://localhost:8002, Tokens: 2008.0
Selected worker: http://localhost:8001
INFO:     127.0.0.1:38994 - "POST /v1/completions HTTP/1.1" 200 OK
Worker: http://localhost:8001, Running: 0.0, Waiting: 0.0
Worker: http://localhost:8001, qlen: 0.0
Worker: http://localhost:8001, Tokens: 3119.0
Worker: http://localhost:8002, Running: 0.0, Waiting: 0.0
Worker: http://localhost:8002, qlen: 0.0
Worker: http://localhost:8002, Tokens: 2008.0
Selected worker: http://localhost:8001
INFO:     127.0.0.1:39010 - "POST /v1/completions HTTP/1.1" 200 OK
Worker: http://localhost:8001, Running: 0.0, Waiting: 0.0
Worker: http://localhost:8001, qlen: 0.0
Worker: http://localhost:8001, Tokens: 3406.0
Worker: http://localhost:8002, Running: 0.0, Waiting: 0.0
Worker: http://localhost:8002, qlen: 0.0
Worker: http://localhost:8002, Tokens: 2008.0
Selected worker: http://localhost:8002
INFO:     127.0.0.1:39022 - "POST /v1/completions HTTP/1.1" 200 OK
Worker: http://localhost:8001, Running: 0.0, Waiting: 0.0
Worker: http://localhost:8001, qlen: 0.0
Worker: http://localhost:8001, Tokens: 0.0
Worker: http://localhost:8002, Running: 0.0, Waiting: 0.0
Worker: http://localhost:8002, qlen: 0.0
Worker: http://localhost:8002, Tokens: 2301.0
Selected worker: http://localhost:8002
INFO:     127.0.0.1:39038 - "POST /v1/completions HTTP/1.1" 200 OK
Worker: http://localhost:8001, Running: 0.0, Waiting: 0.0
Worker: http://localhost:8001, qlen: 0.0
Worker: http://localhost:8001, Tokens: 0.0
Worker: http://localhost:8002, Running: 0.0, Waiting: 0.0
Worker: http://localhost:8002, qlen: 0.0
Worker: http://localhost:8002, Tokens: 2590.0
Selected worker: http://localhost:8001
INFO:     127.0.0.1:39048 - "POST /v1/completions HTTP/1.1" 200 OK
Worker: http://localhost:8001, Running: 0.0, Waiting: 0.0
Worker: http://localhost:8001, qlen: 0.0
Worker: http://localhost:8001, Tokens: 278.0
Worker: http://localhost:8002, Running: 0.0, Waiting: 0.0
Worker: http://localhost:8002, qlen: 0.0
Worker: http://localhost:8002, Tokens: 2590.0
Selected worker: http://localhost:8002
INFO:     127.0.0.1:39050 - "POST /v1/completions HTTP/1.1" 200 OK
Worker: http://localhost:8001, Running: 0.0, Waiting: 0.0
Worker: http://localhost:8001, qlen: 0.0
Worker: http://localhost:8001, Tokens: 278.0
Worker: http://localhost:8002, Running: 0.0, Waiting: 0.0
Worker: http://localhost:8002, qlen: 0.0
Worker: http://localhost:8002, Tokens: 2882.0
Selected worker: http://localhost:8002
INFO:     127.0.0.1:39054 - "POST /v1/completions HTTP/1.1" 200 OK
Worker: http://localhost:8001, Running: 0.0, Waiting: 0.0
Worker: http://localhost:8001, qlen: 0.0
Worker: http://localhost:8001, Tokens: 278.0
Worker: http://localhost:8002, Running: 0.0, Waiting: 0.0
Worker: http://localhost:8002, qlen: 0.0
Worker: http://localhost:8002, Tokens: 3155.0
Selected worker: http://localhost:8002
INFO:     127.0.0.1:39070 - "POST /v1/completions HTTP/1.1" 200 OK
Worker: http://localhost:8001, Running: 0.0, Waiting: 0.0
Worker: http://localhost:8001, qlen: 0.0
Worker: http://localhost:8001, Tokens: 278.0
Worker: http://localhost:8002, Running: 0.0, Waiting: 0.0
Worker: http://localhost:8002, qlen: 0.0
Worker: http://localhost:8002, Tokens: 3436.0
Selected worker: http://localhost:8002
INFO:     127.0.0.1:39076 - "POST /v1/completions HTTP/1.1" 200 OK
Worker: http://localhost:8001, Running: 0.0, Waiting: 0.0
Worker: http://localhost:8001, qlen: 0.0
Worker: http://localhost:8001, Tokens: 278.0
Worker: http://localhost:8002, Running: 0.0, Waiting: 0.0
Worker: http://localhost:8002, qlen: 0.0
Worker: http://localhost:8002, Tokens: 5138.0
Selected worker: http://localhost:8001
INFO:     127.0.0.1:39088 - "POST /v1/completions HTTP/1.1" 200 OK
Worker: http://localhost:8001, Running: 0.0, Waiting: 0.0
Worker: http://localhost:8001, qlen: 0.0
Worker: http://localhost:8001, Tokens: 562.0
Worker: http://localhost:8002, Running: 0.0, Waiting: 0.0
Worker: http://localhost:8002, qlen: 0.0
Worker: http://localhost:8002, Tokens: 5138.0
Selected worker: http://localhost:8002
INFO:     127.0.0.1:39104 - "POST /v1/completions HTTP/1.1" 200 OK
Worker: http://localhost:8001, Running: 0.0, Waiting: 0.0
Worker: http://localhost:8001, qlen: 0.0
Worker: http://localhost:8001, Tokens: 562.0
Worker: http://localhost:8002, Running: 0.0, Waiting: 0.0
Worker: http://localhost:8002, qlen: 0.0
Worker: http://localhost:8002, Tokens: 5404.0
Selected worker: http://localhost:8002
INFO:     127.0.0.1:39108 - "POST /v1/completions HTTP/1.1" 200 OK
Worker: http://localhost:8001, Running: 0.0, Waiting: 0.0
Worker: http://localhost:8001, qlen: 0.0
Worker: http://localhost:8001, Tokens: 562.0
Worker: http://localhost:8002, Running: 0.0, Waiting: 0.0
Worker: http://localhost:8002, qlen: 0.0
Worker: http://localhost:8002, Tokens: 5706.0
Selected worker: http://localhost:8001
INFO:     127.0.0.1:39124 - "POST /v1/completions HTTP/1.1" 200 OK
Worker: http://localhost:8001, Running: 0.0, Waiting: 0.0
Worker: http://localhost:8001, qlen: 0.0
Worker: http://localhost:8001, Tokens: 842.0
Worker: http://localhost:8002, Running: 0.0, Waiting: 0.0
Worker: http://localhost:8002, qlen: 0.0
Worker: http://localhost:8002, Tokens: 5706.0
Selected worker: http://localhost:8001
INFO:     127.0.0.1:39132 - "POST /v1/completions HTTP/1.1" 200 OK
Worker: http://localhost:8001, Running: 0.0, Waiting: 0.0
Worker: http://localhost:8001, qlen: 0.0
Worker: http://localhost:8001, Tokens: 1111.0
Worker: http://localhost:8002, Running: 0.0, Waiting: 0.0
Worker: http://localhost:8002, qlen: 0.0
Worker: http://localhost:8002, Tokens: 5706.0
Selected worker: http://localhost:8002
INFO:     127.0.0.1:39136 - "POST /v1/completions HTTP/1.1" 200 OK
Worker: http://localhost:8001, Running: 0.0, Waiting: 0.0
Worker: http://localhost:8001, qlen: 0.0
Worker: http://localhost:8001, Tokens: 1111.0
Worker: http://localhost:8002, Running: 7.0, Waiting: 0.0
Worker: http://localhost:8002, qlen: 7.0
Worker: http://localhost:8002, Tokens: 362.0
Selected worker: http://localhost:8001
INFO:     127.0.0.1:39138 - "POST /v1/completions HTTP/1.1" 200 OK
Worker: http://localhost:8001, Running: 0.0, Waiting: 0.0
Worker: http://localhost:8001, qlen: 0.0
Worker: http://localhost:8001, Tokens: 1377.0
Worker: http://localhost:8002, Running: 7.0, Waiting: 0.0
Worker: http://localhost:8002, qlen: 7.0
Worker: http://localhost:8002, Tokens: 362.0
Selected worker: http://localhost:8001
INFO:     127.0.0.1:39140 - "POST /v1/completions HTTP/1.1" 200 OK
Worker: http://localhost:8001, Running: 0.0, Waiting: 0.0
Worker: http://localhost:8001, qlen: 0.0
Worker: http://localhost:8001, Tokens: 1678.0
Worker: http://localhost:8002, Running: 7.0, Waiting: 0.0
Worker: http://localhost:8002, qlen: 7.0
Worker: http://localhost:8002, Tokens: 362.0
Selected worker: http://localhost:8001
INFO:     127.0.0.1:39154 - "POST /v1/completions HTTP/1.1" 200 OK
Worker: http://localhost:8001, Running: 0.0, Waiting: 0.0
Worker: http://localhost:8001, qlen: 0.0
Worker: http://localhost:8001, Tokens: 1961.0
Worker: http://localhost:8002, Running: 7.0, Waiting: 0.0
Worker: http://localhost:8002, qlen: 7.0
Worker: http://localhost:8002, Tokens: 362.0
Selected worker: http://localhost:8001
INFO:     127.0.0.1:39160 - "POST /v1/completions HTTP/1.1" 200 OK
Worker: http://localhost:8001, Running: 0.0, Waiting: 0.0
Worker: http://localhost:8001, qlen: 0.0
Worker: http://localhost:8001, Tokens: 2243.0
Worker: http://localhost:8002, Running: 7.0, Waiting: 0.0
Worker: http://localhost:8002, qlen: 7.0
Worker: http://localhost:8002, Tokens: 362.0
Selected worker: http://localhost:8001
INFO:     127.0.0.1:39176 - "POST /v1/completions HTTP/1.1" 200 OK
Worker: http://localhost:8001, Running: 0.0, Waiting: 0.0
Worker: http://localhost:8001, qlen: 0.0
Worker: http://localhost:8001, Tokens: 2523.0
Worker: http://localhost:8002, Running: 7.0, Waiting: 0.0
Worker: http://localhost:8002, qlen: 7.0
Worker: http://localhost:8002, Tokens: 362.0
Selected worker: http://localhost:8001
INFO:     127.0.0.1:39190 - "POST /v1/completions HTTP/1.1" 200 OK
Worker: http://localhost:8001, Running: 0.0, Waiting: 0.0
Worker: http://localhost:8001, qlen: 0.0
Worker: http://localhost:8001, Tokens: 2794.0
Worker: http://localhost:8002, Running: 7.0, Waiting: 0.0
Worker: http://localhost:8002, qlen: 7.0
Worker: http://localhost:8002, Tokens: 362.0
Selected worker: http://localhost:8001
INFO:     127.0.0.1:39192 - "POST /v1/completions HTTP/1.1" 200 OK
Worker: http://localhost:8001, Running: 0.0, Waiting: 0.0
Worker: http://localhost:8001, qlen: 0.0
Worker: http://localhost:8001, Tokens: 3054.0
Worker: http://localhost:8002, Running: 7.0, Waiting: 0.0
Worker: http://localhost:8002, qlen: 7.0
Worker: http://localhost:8002, Tokens: 362.0
Selected worker: http://localhost:8001
INFO:     127.0.0.1:39200 - "POST /v1/completions HTTP/1.1" 200 OK
Worker: http://localhost:8001, Running: 0.0, Waiting: 0.0
Worker: http://localhost:8001, qlen: 0.0
Worker: http://localhost:8001, Tokens: 4858.0
Worker: http://localhost:8002, Running: 7.0, Waiting: 0.0
Worker: http://localhost:8002, qlen: 7.0
Worker: http://localhost:8002, Tokens: 362.0
Selected worker: http://localhost:8001
INFO:     127.0.0.1:39216 - "POST /v1/completions HTTP/1.1" 200 OK
Worker: http://localhost:8001, Running: 0.0, Waiting: 0.0
Worker: http://localhost:8001, qlen: 0.0
Worker: http://localhost:8001, Tokens: 5128.0
Worker: http://localhost:8002, Running: 7.0, Waiting: 0.0
Worker: http://localhost:8002, qlen: 7.0
Worker: http://localhost:8002, Tokens: 362.0
Selected worker: http://localhost:8001
INFO:     127.0.0.1:39220 - "POST /v1/completions HTTP/1.1" 200 OK
Worker: http://localhost:8001, Running: 0.0, Waiting: 0.0
Worker: http://localhost:8001, qlen: 0.0
Worker: http://localhost:8001, Tokens: 5391.0
Worker: http://localhost:8002, Running: 7.0, Waiting: 0.0
Worker: http://localhost:8002, qlen: 7.0
Worker: http://localhost:8002, Tokens: 362.0
Selected worker: http://localhost:8001
INFO:     127.0.0.1:39230 - "POST /v1/completions HTTP/1.1" 200 OK
Worker: http://localhost:8001, Running: 0.0, Waiting: 0.0
Worker: http://localhost:8001, qlen: 0.0
Worker: http://localhost:8001, Tokens: 5655.0
Worker: http://localhost:8002, Running: 7.0, Waiting: 0.0
Worker: http://localhost:8002, qlen: 7.0
Worker: http://localhost:8002, Tokens: 362.0
Selected worker: http://localhost:8001
INFO:     127.0.0.1:39244 - "POST /v1/completions HTTP/1.1" 200 OK
Worker: http://localhost:8001, Running: 12.0, Waiting: 0.0
Worker: http://localhost:8001, qlen: 12.0
Worker: http://localhost:8001, Tokens: 2447.0
Worker: http://localhost:8002, Running: 7.0, Waiting: 0.0
Worker: http://localhost:8002, qlen: 7.0
Worker: http://localhost:8002, Tokens: 362.0
Selected worker: http://localhost:8002
INFO:     127.0.0.1:39252 - "POST /v1/completions HTTP/1.1" 200 OK
Worker: http://localhost:8001, Running: 12.0, Waiting: 0.0
Worker: http://localhost:8001, qlen: 12.0
Worker: http://localhost:8001, Tokens: 2447.0
Worker: http://localhost:8002, Running: 7.0, Waiting: 0.0
Worker: http://localhost:8002, qlen: 7.0
Worker: http://localhost:8002, Tokens: 2315.0
Selected worker: http://localhost:8002
INFO:     127.0.0.1:39268 - "POST /v1/completions HTTP/1.1" 200 OK
Worker: http://localhost:8001, Running: 12.0, Waiting: 0.0
Worker: http://localhost:8001, qlen: 12.0
Worker: http://localhost:8001, Tokens: 2447.0
Worker: http://localhost:8002, Running: 7.0, Waiting: 0.0
Worker: http://localhost:8002, qlen: 7.0
Worker: http://localhost:8002, Tokens: 5494.0
Selected worker: http://localhost:8002
INFO:     127.0.0.1:39272 - "POST /v1/completions HTTP/1.1" 200 OK
Worker: http://localhost:8001, Running: 12.0, Waiting: 0.0
Worker: http://localhost:8001, qlen: 12.0
Worker: http://localhost:8001, Tokens: 2447.0
Worker: http://localhost:8002, Running: 7.0, Waiting: 0.0
Worker: http://localhost:8002, qlen: 7.0
Worker: http://localhost:8002, Tokens: 5766.0
Selected worker: http://localhost:8002
INFO:     127.0.0.1:39286 - "POST /v1/completions HTTP/1.1" 200 OK
Worker: http://localhost:8001, Running: 12.0, Waiting: 0.0
Worker: http://localhost:8001, qlen: 12.0
Worker: http://localhost:8001, Tokens: 2447.0
Worker: http://localhost:8002, Running: 7.0, Waiting: 0.0
Worker: http://localhost:8002, qlen: 7.0
Worker: http://localhost:8002, Tokens: 6031.0
Selected worker: http://localhost:8002
INFO:     127.0.0.1:39288 - "POST /v1/completions HTTP/1.1" 200 OK
Worker: http://localhost:8001, Running: 12.0, Waiting: 0.0
Worker: http://localhost:8001, qlen: 12.0
Worker: http://localhost:8001, Tokens: 2447.0
Worker: http://localhost:8002, Running: 7.0, Waiting: 0.0
Worker: http://localhost:8002, qlen: 7.0
Worker: http://localhost:8002, Tokens: 6309.0
Selected worker: http://localhost:8002
INFO:     127.0.0.1:39292 - "POST /v1/completions HTTP/1.1" 200 OK
Worker: http://localhost:8001, Running: 12.0, Waiting: 0.0
Worker: http://localhost:8001, qlen: 12.0
Worker: http://localhost:8001, Tokens: 2447.0
Worker: http://localhost:8002, Running: 7.0, Waiting: 0.0
Worker: http://localhost:8002, qlen: 7.0
Worker: http://localhost:8002, Tokens: 6590.0
Selected worker: http://localhost:8002
INFO:     127.0.0.1:39296 - "POST /v1/completions HTTP/1.1" 200 OK
Worker: http://localhost:8001, Running: 12.0, Waiting: 0.0
Worker: http://localhost:8001, qlen: 12.0
Worker: http://localhost:8001, Tokens: 2447.0
Worker: http://localhost:8002, Running: 7.0, Waiting: 0.0
Worker: http://localhost:8002, qlen: 7.0
Worker: http://localhost:8002, Tokens: 8230.0
Selected worker: http://localhost:8002
INFO:     127.0.0.1:39302 - "POST /v1/completions HTTP/1.1" 200 OK
Worker: http://localhost:8001, Running: 12.0, Waiting: 0.0
Worker: http://localhost:8001, qlen: 12.0
Worker: http://localhost:8001, Tokens: 2447.0
Worker: http://localhost:8002, Running: 7.0, Waiting: 0.0
Worker: http://localhost:8002, qlen: 7.0
Worker: http://localhost:8002, Tokens: 8514.0
Selected worker: http://localhost:8002
INFO:     127.0.0.1:39314 - "POST /v1/completions HTTP/1.1" 200 OK
Worker: http://localhost:8001, Running: 12.0, Waiting: 0.0
Worker: http://localhost:8001, qlen: 12.0
Worker: http://localhost:8001, Tokens: 2447.0
Worker: http://localhost:8002, Running: 7.0, Waiting: 0.0
Worker: http://localhost:8002, qlen: 7.0
Worker: http://localhost:8002, Tokens: 8780.0
Selected worker: http://localhost:8002
INFO:     127.0.0.1:39326 - "POST /v1/completions HTTP/1.1" 200 OK
Worker: http://localhost:8001, Running: 12.0, Waiting: 0.0
Worker: http://localhost:8001, qlen: 12.0
Worker: http://localhost:8001, Tokens: 2447.0
Worker: http://localhost:8002, Running: 7.0, Waiting: 0.0
Worker: http://localhost:8002, qlen: 7.0
Worker: http://localhost:8002, Tokens: 14749.0
Selected worker: http://localhost:8002
INFO:     127.0.0.1:39334 - "POST /v1/completions HTTP/1.1" 200 OK
Worker: http://localhost:8001, Running: 12.0, Waiting: 0.0
Worker: http://localhost:8001, qlen: 12.0
Worker: http://localhost:8001, Tokens: 2447.0
Worker: http://localhost:8002, Running: 7.0, Waiting: 0.0
Worker: http://localhost:8002, qlen: 7.0
Worker: http://localhost:8002, Tokens: 15025.0
Selected worker: http://localhost:8002
INFO:     127.0.0.1:39348 - "POST /v1/completions HTTP/1.1" 200 OK
Worker: http://localhost:8001, Running: 12.0, Waiting: 0.0
Worker: http://localhost:8001, qlen: 12.0
Worker: http://localhost:8001, Tokens: 2447.0
Worker: http://localhost:8002, Running: 16.0, Waiting: 0.0
Worker: http://localhost:8002, qlen: 16.0
Worker: http://localhost:8002, Tokens: 3052.0
Selected worker: http://localhost:8001
INFO:     127.0.0.1:39350 - "POST /v1/completions HTTP/1.1" 200 OK
Worker: http://localhost:8001, Running: 12.0, Waiting: 0.0
Worker: http://localhost:8001, qlen: 12.0
Worker: http://localhost:8001, Tokens: 2744.0
Worker: http://localhost:8002, Running: 16.0, Waiting: 0.0
Worker: http://localhost:8002, qlen: 16.0
Worker: http://localhost:8002, Tokens: 3052.0
Selected worker: http://localhost:8001
INFO:     127.0.0.1:39364 - "POST /v1/completions HTTP/1.1" 200 OK
Worker: http://localhost:8001, Running: 12.0, Waiting: 0.0
Worker: http://localhost:8001, qlen: 12.0
Worker: http://localhost:8001, Tokens: 4477.0
Worker: http://localhost:8002, Running: 16.0, Waiting: 0.0
Worker: http://localhost:8002, qlen: 16.0
Worker: http://localhost:8002, Tokens: 3052.0
Selected worker: http://localhost:8001
INFO:     127.0.0.1:39374 - "POST /v1/completions HTTP/1.1" 200 OK
Worker: http://localhost:8001, Running: 12.0, Waiting: 0.0
Worker: http://localhost:8001, qlen: 12.0
Worker: http://localhost:8001, Tokens: 4742.0
Worker: http://localhost:8002, Running: 16.0, Waiting: 0.0
Worker: http://localhost:8002, qlen: 16.0
Worker: http://localhost:8002, Tokens: 3052.0
Selected worker: http://localhost:8001
INFO:     127.0.0.1:39386 - "POST /v1/completions HTTP/1.1" 200 OK
Worker: http://localhost:8001, Running: 12.0, Waiting: 0.0
Worker: http://localhost:8001, qlen: 12.0
Worker: http://localhost:8001, Tokens: 5006.0
Worker: http://localhost:8002, Running: 16.0, Waiting: 0.0
Worker: http://localhost:8002, qlen: 16.0
Worker: http://localhost:8002, Tokens: 3052.0
Selected worker: http://localhost:8001
INFO:     127.0.0.1:39392 - "POST /v1/completions HTTP/1.1" 200 OK
Worker: http://localhost:8001, Running: 12.0, Waiting: 0.0
Worker: http://localhost:8001, qlen: 12.0
Worker: http://localhost:8001, Tokens: 5271.0
Worker: http://localhost:8002, Running: 16.0, Waiting: 0.0
Worker: http://localhost:8002, qlen: 16.0
Worker: http://localhost:8002, Tokens: 3052.0
Selected worker: http://localhost:8001
INFO:     127.0.0.1:39396 - "POST /v1/completions HTTP/1.1" 200 OK
Worker: http://localhost:8001, Running: 12.0, Waiting: 0.0
Worker: http://localhost:8001, qlen: 12.0
Worker: http://localhost:8001, Tokens: 5535.0
Worker: http://localhost:8002, Running: 16.0, Waiting: 0.0
Worker: http://localhost:8002, qlen: 16.0
Worker: http://localhost:8002, Tokens: 3052.0
Selected worker: http://localhost:8001
INFO:     127.0.0.1:39410 - "POST /v1/completions HTTP/1.1" 200 OK
Worker: http://localhost:8001, Running: 12.0, Waiting: 0.0
Worker: http://localhost:8001, qlen: 12.0
Worker: http://localhost:8001, Tokens: 6834.0
Worker: http://localhost:8002, Running: 16.0, Waiting: 0.0
Worker: http://localhost:8002, qlen: 16.0
Worker: http://localhost:8002, Tokens: 3052.0
Selected worker: http://localhost:8001
INFO:     127.0.0.1:39416 - "POST /v1/completions HTTP/1.1" 200 OK
Worker: http://localhost:8001, Running: 12.0, Waiting: 0.0
Worker: http://localhost:8001, qlen: 12.0
Worker: http://localhost:8001, Tokens: 7099.0
Worker: http://localhost:8002, Running: 16.0, Waiting: 0.0
Worker: http://localhost:8002, qlen: 16.0
Worker: http://localhost:8002, Tokens: 3052.0
Selected worker: http://localhost:8001
INFO:     127.0.0.1:39430 - "POST /v1/completions HTTP/1.1" 200 OK
Worker: http://localhost:8001, Running: 12.0, Waiting: 0.0
Worker: http://localhost:8001, qlen: 12.0
Worker: http://localhost:8001, Tokens: 8489.0
Worker: http://localhost:8002, Running: 16.0, Waiting: 0.0
Worker: http://localhost:8002, qlen: 16.0
Worker: http://localhost:8002, Tokens: 3052.0
Selected worker: http://localhost:8001
INFO:     127.0.0.1:39438 - "POST /v1/completions HTTP/1.1" 200 OK
Worker: http://localhost:8001, Running: 12.0, Waiting: 0.0
Worker: http://localhost:8001, qlen: 12.0
Worker: http://localhost:8001, Tokens: 10054.0
Worker: http://localhost:8002, Running: 16.0, Waiting: 0.0
Worker: http://localhost:8002, qlen: 16.0
Worker: http://localhost:8002, Tokens: 3052.0
Selected worker: http://localhost:8001
INFO:     127.0.0.1:39450 - "POST /v1/completions HTTP/1.1" 200 OK
Worker: http://localhost:8001, Running: 12.0, Waiting: 0.0
Worker: http://localhost:8001, qlen: 12.0
Worker: http://localhost:8001, Tokens: 10320.0
Worker: http://localhost:8002, Running: 16.0, Waiting: 0.0
Worker: http://localhost:8002, qlen: 16.0
Worker: http://localhost:8002, Tokens: 3052.0
Selected worker: http://localhost:8001
INFO:     127.0.0.1:39454 - "POST /v1/completions HTTP/1.1" 200 OK
Worker: http://localhost:8001, Running: 36.0, Waiting: 0.0
Worker: http://localhost:8001, qlen: 36.0
Worker: http://localhost:8001, Tokens: 15525.0
Worker: http://localhost:8002, Running: 28.0, Waiting: 0.0
Worker: http://localhost:8002, qlen: 28.0
Worker: http://localhost:8002, Tokens: 16336.0
Selected worker: http://localhost:8002
Worker: http://localhost:8001, Running: 36.0, Waiting: 0.0
Worker: http://localhost:8001, qlen: 36.0
Worker: http://localhost:8001, Tokens: 15525.0
Worker: http://localhost:8002, Running: 28.0, Waiting: 0.0
Worker: http://localhost:8002, qlen: 28.0
Worker: http://localhost:8002, Tokens: 17825.0
Selected worker: http://localhost:8002
Worker: http://localhost:8001, Running: 36.0, Waiting: 0.0
Worker: http://localhost:8001, qlen: 36.0
Worker: http://localhost:8001, Tokens: 15525.0
Worker: http://localhost:8002, Running: 28.0, Waiting: 0.0
Worker: http://localhost:8002, qlen: 28.0
Worker: http://localhost:8002, Tokens: 18083.0
Selected worker: http://localhost:8002
Worker: http://localhost:8001, Running: 36.0, Waiting: 0.0
Worker: http://localhost:8001, qlen: 36.0
Worker: http://localhost:8001, Tokens: 15525.0
Worker: http://localhost:8002, Running: 28.0, Waiting: 0.0
Worker: http://localhost:8002, qlen: 28.0
Worker: http://localhost:8002, Tokens: 18351.0
Selected worker: http://localhost:8002
Worker: http://localhost:8001, Running: 36.0, Waiting: 0.0
Worker: http://localhost:8001, qlen: 36.0
Worker: http://localhost:8001, Tokens: 15525.0
Worker: http://localhost:8002, Running: 28.0, Waiting: 0.0
Worker: http://localhost:8002, qlen: 28.0
Worker: http://localhost:8002, Tokens: 18656.0
Selected worker: http://localhost:8002
INFO:     127.0.0.1:37968 - "POST /v1/completions HTTP/1.1" 200 OK
INFO:     127.0.0.1:37978 - "POST /v1/completions HTTP/1.1" 200 OK
INFO:     127.0.0.1:37948 - "POST /v1/completions HTTP/1.1" 200 OK
INFO:     127.0.0.1:37956 - "POST /v1/completions HTTP/1.1" 200 OK
INFO:     127.0.0.1:37960 - "POST /v1/completions HTTP/1.1" 200 OK
Worker: http://localhost:8001, Running: 36.0, Waiting: 0.0
Worker: http://localhost:8001, qlen: 36.0
Worker: http://localhost:8001, Tokens: 15525.0
Worker: http://localhost:8002, Running: 28.0, Waiting: 0.0
Worker: http://localhost:8002, qlen: 28.0
Worker: http://localhost:8002, Tokens: 20237.0
Selected worker: http://localhost:8002
Worker: http://localhost:8001, Running: 36.0, Waiting: 0.0
Worker: http://localhost:8001, qlen: 36.0
Worker: http://localhost:8001, Tokens: 15525.0
Worker: http://localhost:8002, Running: 28.0, Waiting: 0.0
Worker: http://localhost:8002, qlen: 28.0
Worker: http://localhost:8002, Tokens: 20494.0
Selected worker: http://localhost:8002
INFO:     127.0.0.1:37988 - "POST /v1/completions HTTP/1.1" 200 OK
INFO:     127.0.0.1:38000 - "POST /v1/completions HTTP/1.1" 200 OK
Worker: http://localhost:8001, Running: 33.0, Waiting: 0.0
Worker: http://localhost:8001, qlen: 33.0
Worker: http://localhost:8001, Tokens: 15367.0
Worker: http://localhost:8002, Running: 28.0, Waiting: 0.0
Worker: http://localhost:8002, qlen: 28.0
Worker: http://localhost:8002, Tokens: 19947.0
Selected worker: http://localhost:8002
Worker: http://localhost:8001, Running: 33.0, Waiting: 0.0
Worker: http://localhost:8001, qlen: 33.0
Worker: http://localhost:8001, Tokens: 15367.0
Worker: http://localhost:8002, Running: 28.0, Waiting: 0.0
Worker: http://localhost:8002, qlen: 28.0
Worker: http://localhost:8002, Tokens: 20206.0
Selected worker: http://localhost:8002
Worker: http://localhost:8001, Running: 33.0, Waiting: 0.0
Worker: http://localhost:8001, qlen: 33.0
Worker: http://localhost:8001, Tokens: 15367.0
Worker: http://localhost:8002, Running: 28.0, Waiting: 0.0
Worker: http://localhost:8002, qlen: 28.0
Worker: http://localhost:8002, Tokens: 20480.0
Selected worker: http://localhost:8002
Worker: http://localhost:8001, Running: 33.0, Waiting: 0.0
Worker: http://localhost:8001, qlen: 33.0
Worker: http://localhost:8001, Tokens: 15367.0
Worker: http://localhost:8002, Running: 28.0, Waiting: 0.0
Worker: http://localhost:8002, qlen: 28.0
Worker: http://localhost:8002, Tokens: 20755.0
Selected worker: http://localhost:8002
Worker: http://localhost:8001, Running: 33.0, Waiting: 0.0
Worker: http://localhost:8001, qlen: 33.0
Worker: http://localhost:8001, Tokens: 15367.0
Worker: http://localhost:8002, Running: 28.0, Waiting: 0.0
Worker: http://localhost:8002, qlen: 28.0
Worker: http://localhost:8002, Tokens: 21017.0
Selected worker: http://localhost:8002
INFO:     127.0.0.1:38002 - "POST /v1/completions HTTP/1.1" 200 OK
INFO:     127.0.0.1:38004 - "POST /v1/completions HTTP/1.1" 200 OK
INFO:     127.0.0.1:38006 - "POST /v1/completions HTTP/1.1" 200 OK
INFO:     127.0.0.1:38020 - "POST /v1/completions HTTP/1.1" 200 OK
INFO:     127.0.0.1:38036 - "POST /v1/completions HTTP/1.1" 200 OK
Worker: http://localhost:8001, Running: 33.0, Waiting: 0.0
Worker: http://localhost:8001, qlen: 33.0
Worker: http://localhost:8001, Tokens: 15367.0
Worker: http://localhost:8002, Running: 28.0, Waiting: 0.0
Worker: http://localhost:8002, qlen: 28.0
Worker: http://localhost:8002, Tokens: 21289.0
Selected worker: http://localhost:8002
INFO:     127.0.0.1:38052 - "POST /v1/completions HTTP/1.1" 200 OK
Worker: http://localhost:8001, Running: 33.0, Waiting: 0.0
Worker: http://localhost:8001, qlen: 33.0
Worker: http://localhost:8001, Tokens: 15367.0
Worker: http://localhost:8002, Running: 28.0, Waiting: 0.0
Worker: http://localhost:8002, qlen: 28.0
Worker: http://localhost:8002, Tokens: 21551.0
Selected worker: http://localhost:8002
INFO:     127.0.0.1:38056 - "POST /v1/completions HTTP/1.1" 200 OK
Worker: http://localhost:8001, Running: 33.0, Waiting: 0.0
Worker: http://localhost:8001, qlen: 33.0
Worker: http://localhost:8001, Tokens: 15089.0
Worker: http://localhost:8002, Running: 21.0, Waiting: 0.0
Worker: http://localhost:8002, qlen: 21.0
Worker: http://localhost:8002, Tokens: 17813.0
Selected worker: http://localhost:8002
INFO:     127.0.0.1:38070 - "POST /v1/completions HTTP/1.1" 200 OK
Worker: http://localhost:8001, Running: 28.0, Waiting: 0.0
Worker: http://localhost:8001, qlen: 28.0
Worker: http://localhost:8001, Tokens: 17027.0
Worker: http://localhost:8002, Running: 21.0, Waiting: 0.0
Worker: http://localhost:8002, qlen: 21.0
Worker: http://localhost:8002, Tokens: 19476.0
Selected worker: http://localhost:8002
INFO:     127.0.0.1:38080 - "POST /v1/completions HTTP/1.1" 200 OK
Worker: http://localhost:8001, Running: 27.0, Waiting: 0.0
Worker: http://localhost:8001, qlen: 27.0
Worker: http://localhost:8001, Tokens: 17196.0
Worker: http://localhost:8002, Running: 26.0, Waiting: 2.0
Worker: http://localhost:8002, qlen: 26.0
Worker: http://localhost:8002, Tokens: 19724.0
Selected worker: http://localhost:8002
INFO:     127.0.0.1:38088 - "POST /v1/completions HTTP/1.1" 200 OK
Worker: http://localhost:8001, Running: 26.0, Waiting: 0.0
Worker: http://localhost:8001, qlen: 26.0
Worker: http://localhost:8001, Tokens: 17048.0
Worker: http://localhost:8002, Running: 26.0, Waiting: 2.0
Worker: http://localhost:8002, qlen: 26.0
Worker: http://localhost:8002, Tokens: 21141.0
Selected worker: http://localhost:8001
INFO:     127.0.0.1:38104 - "POST /v1/completions HTTP/1.1" 200 OK
Worker: http://localhost:8001, Running: 26.0, Waiting: 0.0
Worker: http://localhost:8001, qlen: 26.0
Worker: http://localhost:8001, Tokens: 17018.0
Worker: http://localhost:8002, Running: 26.0, Waiting: 2.0
Worker: http://localhost:8002, qlen: 26.0
Worker: http://localhost:8002, Tokens: 20848.0
Selected worker: http://localhost:8001
INFO:     127.0.0.1:38116 - "POST /v1/completions HTTP/1.1" 200 OK
Worker: http://localhost:8001, Running: 26.0, Waiting: 0.0
Worker: http://localhost:8001, qlen: 26.0
Worker: http://localhost:8001, Tokens: 17016.0
Worker: http://localhost:8002, Running: 26.0, Waiting: 2.0
Worker: http://localhost:8002, qlen: 26.0
Worker: http://localhost:8002, Tokens: 20559.0
Selected worker: http://localhost:8002
INFO:     127.0.0.1:38118 - "POST /v1/completions HTTP/1.1" 200 OK
Worker: http://localhost:8001, Running: 26.0, Waiting: 0.0
Worker: http://localhost:8001, qlen: 26.0
Worker: http://localhost:8001, Tokens: 17016.0
Worker: http://localhost:8002, Running: 35.0, Waiting: 0.0
Worker: http://localhost:8002, qlen: 35.0
Worker: http://localhost:8002, Tokens: 26861.0
Selected worker: http://localhost:8001
INFO:     127.0.0.1:38134 - "POST /v1/completions HTTP/1.1" 200 OK
Worker: http://localhost:8001, Running: 26.0, Waiting: 0.0
Worker: http://localhost:8001, qlen: 26.0
Worker: http://localhost:8001, Tokens: 17784.0
Worker: http://localhost:8002, Running: 35.0, Waiting: 0.0
Worker: http://localhost:8002, qlen: 35.0
Worker: http://localhost:8002, Tokens: 26861.0
Selected worker: http://localhost:8001
INFO:     127.0.0.1:38148 - "POST /v1/completions HTTP/1.1" 200 OK
Worker: http://localhost:8001, Running: 26.0, Waiting: 0.0
Worker: http://localhost:8001, qlen: 26.0
Worker: http://localhost:8001, Tokens: 18067.0
Worker: http://localhost:8002, Running: 35.0, Waiting: 0.0
Worker: http://localhost:8002, qlen: 35.0
Worker: http://localhost:8002, Tokens: 26861.0
Selected worker: http://localhost:8001
INFO:     127.0.0.1:38158 - "POST /v1/completions HTTP/1.1" 200 OK
Worker: http://localhost:8001, Running: 26.0, Waiting: 0.0
Worker: http://localhost:8001, qlen: 26.0
Worker: http://localhost:8001, Tokens: 18065.0
Worker: http://localhost:8002, Running: 35.0, Waiting: 0.0
Worker: http://localhost:8002, qlen: 35.0
Worker: http://localhost:8002, Tokens: 26861.0
Selected worker: http://localhost:8001
INFO:     127.0.0.1:38160 - "POST /v1/completions HTTP/1.1" 200 OK
Worker: http://localhost:8001, Running: 26.0, Waiting: 0.0
Worker: http://localhost:8001, qlen: 26.0
Worker: http://localhost:8001, Tokens: 18104.0
Worker: http://localhost:8002, Running: 35.0, Waiting: 0.0
Worker: http://localhost:8002, qlen: 35.0
Worker: http://localhost:8002, Tokens: 26861.0
Selected worker: http://localhost:8001
INFO:     127.0.0.1:38166 - "POST /v1/completions HTTP/1.1" 200 OK
Worker: http://localhost:8001, Running: 26.0, Waiting: 0.0
Worker: http://localhost:8001, qlen: 26.0
Worker: http://localhost:8001, Tokens: 18380.0
Worker: http://localhost:8002, Running: 35.0, Waiting: 0.0
Worker: http://localhost:8002, qlen: 35.0
Worker: http://localhost:8002, Tokens: 26569.0
Selected worker: http://localhost:8001
INFO:     127.0.0.1:38176 - "POST /v1/completions HTTP/1.1" 200 OK
Worker: http://localhost:8001, Running: 20.0, Waiting: 0.0
Worker: http://localhost:8001, qlen: 20.0
Worker: http://localhost:8001, Tokens: 18141.0
Worker: http://localhost:8002, Running: 35.0, Waiting: 0.0
Worker: http://localhost:8002, qlen: 35.0
Worker: http://localhost:8002, Tokens: 26569.0
Selected worker: http://localhost:8001
INFO:     127.0.0.1:38192 - "POST /v1/completions HTTP/1.1" 200 OK
Worker: http://localhost:8001, Running: 20.0, Waiting: 0.0
Worker: http://localhost:8001, qlen: 20.0
Worker: http://localhost:8001, Tokens: 17605.0
Worker: http://localhost:8002, Running: 35.0, Waiting: 0.0
Worker: http://localhost:8002, qlen: 35.0
Worker: http://localhost:8002, Tokens: 26569.0
Selected worker: http://localhost:8001
INFO:     127.0.0.1:38198 - "POST /v1/completions HTTP/1.1" 200 OK
Worker: http://localhost:8001, Running: 20.0, Waiting: 0.0
Worker: http://localhost:8001, qlen: 20.0
Worker: http://localhost:8001, Tokens: 19439.0
Worker: http://localhost:8002, Running: 35.0, Waiting: 0.0
Worker: http://localhost:8002, qlen: 35.0
Worker: http://localhost:8002, Tokens: 26015.0
Selected worker: http://localhost:8001
INFO:     127.0.0.1:38202 - "POST /v1/completions HTTP/1.1" 200 OK
Worker: http://localhost:8001, Running: 20.0, Waiting: 0.0
Worker: http://localhost:8001, qlen: 20.0
Worker: http://localhost:8001, Tokens: 21383.0
Worker: http://localhost:8002, Running: 35.0, Waiting: 0.0
Worker: http://localhost:8002, qlen: 35.0
Worker: http://localhost:8002, Tokens: 26015.0
Selected worker: http://localhost:8001
INFO:     127.0.0.1:38210 - "POST /v1/completions HTTP/1.1" 200 OK
Worker: http://localhost:8001, Running: 20.0, Waiting: 0.0
Worker: http://localhost:8001, qlen: 20.0
Worker: http://localhost:8001, Tokens: 21665.0
Worker: http://localhost:8002, Running: 35.0, Waiting: 0.0
Worker: http://localhost:8002, qlen: 35.0
Worker: http://localhost:8002, Tokens: 26015.0
Selected worker: http://localhost:8001
INFO:     127.0.0.1:38222 - "POST /v1/completions HTTP/1.1" 200 OK
Worker: http://localhost:8001, Running: 20.0, Waiting: 0.0
Worker: http://localhost:8001, qlen: 20.0
Worker: http://localhost:8001, Tokens: 21928.0
Worker: http://localhost:8002, Running: 35.0, Waiting: 0.0
Worker: http://localhost:8002, qlen: 35.0
Worker: http://localhost:8002, Tokens: 26015.0
Selected worker: http://localhost:8001
INFO:     127.0.0.1:38224 - "POST /v1/completions HTTP/1.1" 200 OK
Worker: http://localhost:8001, Running: 20.0, Waiting: 0.0
Worker: http://localhost:8001, qlen: 20.0
Worker: http://localhost:8001, Tokens: 22193.0
Worker: http://localhost:8002, Running: 35.0, Waiting: 0.0
Worker: http://localhost:8002, qlen: 35.0
Worker: http://localhost:8002, Tokens: 25447.0
Selected worker: http://localhost:8001
INFO:     127.0.0.1:38236 - "POST /v1/completions HTTP/1.1" 200 OK
Worker: http://localhost:8001, Running: 20.0, Waiting: 0.0
Worker: http://localhost:8001, qlen: 20.0
Worker: http://localhost:8001, Tokens: 22467.0
Worker: http://localhost:8002, Running: 32.0, Waiting: 0.0
Worker: http://localhost:8002, qlen: 32.0
Worker: http://localhost:8002, Tokens: 29133.0
Selected worker: http://localhost:8001
INFO:     127.0.0.1:38240 - "POST /v1/completions HTTP/1.1" 200 OK
Worker: http://localhost:8001, Running: 20.0, Waiting: 0.0
Worker: http://localhost:8001, qlen: 20.0
Worker: http://localhost:8001, Tokens: 22739.0
Worker: http://localhost:8002, Running: 32.0, Waiting: 0.0
Worker: http://localhost:8002, qlen: 32.0
Worker: http://localhost:8002, Tokens: 29133.0
Selected worker: http://localhost:8001
INFO:     127.0.0.1:38254 - "POST /v1/completions HTTP/1.1" 200 OK
Worker: http://localhost:8001, Running: 20.0, Waiting: 0.0
Worker: http://localhost:8001, qlen: 20.0
Worker: http://localhost:8001, Tokens: 23009.0
Worker: http://localhost:8002, Running: 32.0, Waiting: 0.0
Worker: http://localhost:8002, qlen: 32.0
Worker: http://localhost:8002, Tokens: 29133.0
Selected worker: http://localhost:8001
INFO:     127.0.0.1:38270 - "POST /v1/completions HTTP/1.1" 200 OK
Worker: http://localhost:8001, Running: 33.0, Waiting: 0.0
Worker: http://localhost:8001, qlen: 33.0
Worker: http://localhost:8001, Tokens: 26507.0
Worker: http://localhost:8002, Running: 31.0, Waiting: 0.0
Worker: http://localhost:8002, qlen: 31.0
Worker: http://localhost:8002, Tokens: 30313.0
Selected worker: http://localhost:8002
INFO:     127.0.0.1:38274 - "POST /v1/completions HTTP/1.1" 200 OK
Worker: http://localhost:8001, Running: 32.0, Waiting: 0.0
Worker: http://localhost:8001, qlen: 32.0
Worker: http://localhost:8001, Tokens: 25612.0
Worker: http://localhost:8002, Running: 31.0, Waiting: 0.0
Worker: http://localhost:8002, qlen: 31.0
Worker: http://localhost:8002, Tokens: 30627.0
Selected worker: http://localhost:8002
Worker: http://localhost:8001, Running: 32.0, Waiting: 0.0
Worker: http://localhost:8001, qlen: 32.0
Worker: http://localhost:8001, Tokens: 25612.0
Worker: http://localhost:8002, Running: 31.0, Waiting: 0.0
Worker: http://localhost:8002, qlen: 31.0
Worker: http://localhost:8002, Tokens: 33750.0
Selected worker: http://localhost:8002
Worker: http://localhost:8001, Running: 32.0, Waiting: 0.0
Worker: http://localhost:8001, qlen: 32.0
Worker: http://localhost:8001, Tokens: 25612.0
Worker: http://localhost:8002, Running: 31.0, Waiting: 0.0
Worker: http://localhost:8002, qlen: 31.0
Worker: http://localhost:8002, Tokens: 35380.0
Selected worker: http://localhost:8002
Worker: http://localhost:8001, Running: 32.0, Waiting: 0.0
Worker: http://localhost:8001, qlen: 32.0
Worker: http://localhost:8001, Tokens: 25612.0
Worker: http://localhost:8002, Running: 31.0, Waiting: 0.0
Worker: http://localhost:8002, qlen: 31.0
Worker: http://localhost:8002, Tokens: 35661.0
Selected worker: http://localhost:8002
Worker: http://localhost:8001, Running: 32.0, Waiting: 0.0
Worker: http://localhost:8001, qlen: 32.0
Worker: http://localhost:8001, Tokens: 25612.0
Worker: http://localhost:8002, Running: 31.0, Waiting: 0.0
Worker: http://localhost:8002, qlen: 31.0
Worker: http://localhost:8002, Tokens: 35927.0
Selected worker: http://localhost:8002
INFO:     127.0.0.1:38296 - "POST /v1/completions HTTP/1.1" 200 OK
INFO:     127.0.0.1:38310 - "POST /v1/completions HTTP/1.1" 200 OK
INFO:     127.0.0.1:38312 - "POST /v1/completions HTTP/1.1" 200 OK
INFO:     127.0.0.1:38320 - "POST /v1/completions HTTP/1.1" 200 OK
INFO:     127.0.0.1:38284 - "POST /v1/completions HTTP/1.1" 200 OK
Worker: http://localhost:8001, Running: 32.0, Waiting: 0.0
Worker: http://localhost:8001, qlen: 32.0
Worker: http://localhost:8001, Tokens: 25612.0
Worker: http://localhost:8002, Running: 31.0, Waiting: 0.0
Worker: http://localhost:8002, qlen: 31.0
Worker: http://localhost:8002, Tokens: 36197.0
Selected worker: http://localhost:8002
Worker: http://localhost:8001, Running: 32.0, Waiting: 0.0
Worker: http://localhost:8001, qlen: 32.0
Worker: http://localhost:8001, Tokens: 25612.0
Worker: http://localhost:8002, Running: 31.0, Waiting: 0.0
Worker: http://localhost:8002, qlen: 31.0
Worker: http://localhost:8002, Tokens: 36472.0
Selected worker: http://localhost:8002
Worker: http://localhost:8001, Running: 32.0, Waiting: 0.0
Worker: http://localhost:8001, qlen: 32.0
Worker: http://localhost:8001, Tokens: 25612.0
Worker: http://localhost:8002, Running: 31.0, Waiting: 0.0
Worker: http://localhost:8002, qlen: 31.0
Worker: http://localhost:8002, Tokens: 36743.0
Selected worker: http://localhost:8002
Worker: http://localhost:8001, Running: 32.0, Waiting: 0.0
Worker: http://localhost:8001, qlen: 32.0
Worker: http://localhost:8001, Tokens: 25612.0
Worker: http://localhost:8002, Running: 31.0, Waiting: 0.0
Worker: http://localhost:8002, qlen: 31.0
Worker: http://localhost:8002, Tokens: 37027.0
Selected worker: http://localhost:8002
INFO:     127.0.0.1:38332 - "POST /v1/completions HTTP/1.1" 200 OK
INFO:     127.0.0.1:38348 - "POST /v1/completions HTTP/1.1" 200 OK
INFO:     127.0.0.1:38356 - "POST /v1/completions HTTP/1.1" 200 OK
INFO:     127.0.0.1:38364 - "POST /v1/completions HTTP/1.1" 200 OK
Worker: http://localhost:8001, Running: 32.0, Waiting: 0.0
Worker: http://localhost:8001, qlen: 32.0
Worker: http://localhost:8001, Tokens: 25078.0
Worker: http://localhost:8002, Running: 27.0, Waiting: 0.0
Worker: http://localhost:8002, qlen: 27.0
Worker: http://localhost:8002, Tokens: 29398.0
Selected worker: http://localhost:8002
Worker: http://localhost:8001, Running: 32.0, Waiting: 0.0
Worker: http://localhost:8001, qlen: 32.0
Worker: http://localhost:8001, Tokens: 25078.0
Worker: http://localhost:8002, Running: 27.0, Waiting: 0.0
Worker: http://localhost:8002, qlen: 27.0
Worker: http://localhost:8002, Tokens: 29666.0
Selected worker: http://localhost:8002
INFO:     127.0.0.1:38368 - "POST /v1/completions HTTP/1.1" 200 OK
INFO:     127.0.0.1:38378 - "POST /v1/completions HTTP/1.1" 200 OK
Worker: http://localhost:8001, Running: 32.0, Waiting: 0.0
Worker: http://localhost:8001, qlen: 32.0
Worker: http://localhost:8001, Tokens: 25078.0
Worker: http://localhost:8002, Running: 27.0, Waiting: 0.0
Worker: http://localhost:8002, qlen: 27.0
Worker: http://localhost:8002, Tokens: 29953.0
Selected worker: http://localhost:8002
INFO:     127.0.0.1:38388 - "POST /v1/completions HTTP/1.1" 200 OK
Worker: http://localhost:8001, Running: 32.0, Waiting: 0.0
Worker: http://localhost:8001, qlen: 32.0
Worker: http://localhost:8001, Tokens: 25078.0
Worker: http://localhost:8002, Running: 27.0, Waiting: 0.0
Worker: http://localhost:8002, qlen: 27.0
Worker: http://localhost:8002, Tokens: 30218.0
Selected worker: http://localhost:8002
INFO:     127.0.0.1:38402 - "POST /v1/completions HTTP/1.1" 200 OK
Worker: http://localhost:8001, Running: 25.0, Waiting: 0.0
Worker: http://localhost:8001, qlen: 25.0
Worker: http://localhost:8001, Tokens: 27485.0
Worker: http://localhost:8002, Running: 27.0, Waiting: 0.0
Worker: http://localhost:8002, qlen: 27.0
Worker: http://localhost:8002, Tokens: 31759.0
Selected worker: http://localhost:8001
INFO:     127.0.0.1:38412 - "POST /v1/completions HTTP/1.1" 200 OK
Worker: http://localhost:8001, Running: 25.0, Waiting: 0.0
Worker: http://localhost:8001, qlen: 25.0
Worker: http://localhost:8001, Tokens: 27751.0
Worker: http://localhost:8002, Running: 27.0, Waiting: 0.0
Worker: http://localhost:8002, qlen: 27.0
Worker: http://localhost:8002, Tokens: 31759.0
Selected worker: http://localhost:8001
INFO:     127.0.0.1:38414 - "POST /v1/completions HTTP/1.1" 200 OK
Worker: http://localhost:8001, Running: 27.0, Waiting: 0.0
Worker: http://localhost:8001, qlen: 27.0
Worker: http://localhost:8001, Tokens: 28433.0
Worker: http://localhost:8002, Running: 37.0, Waiting: 0.0
Worker: http://localhost:8002, qlen: 37.0
Worker: http://localhost:8002, Tokens: 41405.0
Selected worker: http://localhost:8001
INFO:     127.0.0.1:38416 - "POST /v1/completions HTTP/1.1" 200 OK
Worker: http://localhost:8001, Running: 26.0, Waiting: 0.0
Worker: http://localhost:8001, qlen: 26.0
Worker: http://localhost:8001, Tokens: 28557.0
Worker: http://localhost:8002, Running: 37.0, Waiting: 0.0
Worker: http://localhost:8002, qlen: 37.0
Worker: http://localhost:8002, Tokens: 40574.0
Selected worker: http://localhost:8001
Worker: http://localhost:8001, Running: 26.0, Waiting: 0.0
Worker: http://localhost:8001, qlen: 26.0
Worker: http://localhost:8001, Tokens: 28822.0
Worker: http://localhost:8002, Running: 37.0, Waiting: 0.0
Worker: http://localhost:8002, qlen: 37.0
Worker: http://localhost:8002, Tokens: 40574.0
Selected worker: http://localhost:8001
Worker: http://localhost:8001, Running: 26.0, Waiting: 0.0
Worker: http://localhost:8001, qlen: 26.0
Worker: http://localhost:8001, Tokens: 29089.0
Worker: http://localhost:8002, Running: 37.0, Waiting: 0.0
Worker: http://localhost:8002, qlen: 37.0
Worker: http://localhost:8002, Tokens: 40574.0
Selected worker: http://localhost:8001
INFO:     127.0.0.1:38444 - "POST /v1/completions HTTP/1.1" 200 OK
INFO:     127.0.0.1:38454 - "POST /v1/completions HTTP/1.1" 200 OK
INFO:     127.0.0.1:38430 - "POST /v1/completions HTTP/1.1" 200 OK
Worker: http://localhost:8001, Running: 26.0, Waiting: 0.0
Worker: http://localhost:8001, qlen: 26.0
Worker: http://localhost:8001, Tokens: 29360.0
Worker: http://localhost:8002, Running: 37.0, Waiting: 0.0
Worker: http://localhost:8002, qlen: 37.0
Worker: http://localhost:8002, Tokens: 40574.0
Selected worker: http://localhost:8001
INFO:     127.0.0.1:38458 - "POST /v1/completions HTTP/1.1" 200 OK
Worker: http://localhost:8001, Running: 20.0, Waiting: 0.0
Worker: http://localhost:8001, qlen: 20.0
Worker: http://localhost:8001, Tokens: 29172.0
Worker: http://localhost:8002, Running: 34.0, Waiting: 0.0
Worker: http://localhost:8002, qlen: 34.0
Worker: http://localhost:8002, Tokens: 38904.0
Selected worker: http://localhost:8001
INFO:     127.0.0.1:38462 - "POST /v1/completions HTTP/1.1" 200 OK
Worker: http://localhost:8001, Running: 20.0, Waiting: 0.0
Worker: http://localhost:8001, qlen: 20.0
Worker: http://localhost:8001, Tokens: 29442.0
Worker: http://localhost:8002, Running: 34.0, Waiting: 0.0
Worker: http://localhost:8002, qlen: 34.0
Worker: http://localhost:8002, Tokens: 38904.0
Selected worker: http://localhost:8001
Worker: http://localhost:8001, Running: 20.0, Waiting: 0.0
Worker: http://localhost:8001, qlen: 20.0
Worker: http://localhost:8001, Tokens: 29708.0
Worker: http://localhost:8002, Running: 34.0, Waiting: 0.0
Worker: http://localhost:8002, qlen: 34.0
Worker: http://localhost:8002, Tokens: 38904.0
Selected worker: http://localhost:8001
Worker: http://localhost:8001, Running: 20.0, Waiting: 0.0
Worker: http://localhost:8001, qlen: 20.0
Worker: http://localhost:8001, Tokens: 29967.0
Worker: http://localhost:8002, Running: 34.0, Waiting: 0.0
Worker: http://localhost:8002, qlen: 34.0
Worker: http://localhost:8002, Tokens: 38904.0
Selected worker: http://localhost:8001
Worker: http://localhost:8001, Running: 20.0, Waiting: 0.0
Worker: http://localhost:8001, qlen: 20.0
Worker: http://localhost:8001, Tokens: 30262.0
Worker: http://localhost:8002, Running: 34.0, Waiting: 0.0
Worker: http://localhost:8002, qlen: 34.0
Worker: http://localhost:8002, Tokens: 38904.0
Selected worker: http://localhost:8001
Worker: http://localhost:8001, Running: 20.0, Waiting: 0.0
Worker: http://localhost:8001, qlen: 20.0
Worker: http://localhost:8001, Tokens: 30533.0
Worker: http://localhost:8002, Running: 34.0, Waiting: 0.0
Worker: http://localhost:8002, qlen: 34.0
Worker: http://localhost:8002, Tokens: 38904.0
Selected worker: http://localhost:8001
Worker: http://localhost:8001, Running: 20.0, Waiting: 0.0
Worker: http://localhost:8001, qlen: 20.0
Worker: http://localhost:8001, Tokens: 30800.0
Worker: http://localhost:8002, Running: 34.0, Waiting: 0.0
Worker: http://localhost:8002, qlen: 34.0
Worker: http://localhost:8002, Tokens: 38904.0
Selected worker: http://localhost:8001
Worker: http://localhost:8001, Running: 20.0, Waiting: 0.0
Worker: http://localhost:8001, qlen: 20.0
Worker: http://localhost:8001, Tokens: 31069.0
Worker: http://localhost:8002, Running: 34.0, Waiting: 0.0
Worker: http://localhost:8002, qlen: 34.0
Worker: http://localhost:8002, Tokens: 38904.0
Selected worker: http://localhost:8001
INFO:     127.0.0.1:38474 - "POST /v1/completions HTTP/1.1" 200 OK
INFO:     127.0.0.1:38484 - "POST /v1/completions HTTP/1.1" 200 OK
INFO:     127.0.0.1:38498 - "POST /v1/completions HTTP/1.1" 200 OK
INFO:     127.0.0.1:38502 - "POST /v1/completions HTTP/1.1" 200 OK
INFO:     127.0.0.1:38514 - "POST /v1/completions HTTP/1.1" 200 OK
INFO:     127.0.0.1:38526 - "POST /v1/completions HTTP/1.1" 200 OK
INFO:     127.0.0.1:38534 - "POST /v1/completions HTTP/1.1" 200 OK
Worker: http://localhost:8001, Running: 20.0, Waiting: 0.0
Worker: http://localhost:8001, qlen: 20.0
Worker: http://localhost:8001, Tokens: 31338.0
Worker: http://localhost:8002, Running: 34.0, Waiting: 0.0
Worker: http://localhost:8002, qlen: 34.0
Worker: http://localhost:8002, Tokens: 38904.0
Selected worker: http://localhost:8001
Worker: http://localhost:8001, Running: 20.0, Waiting: 0.0
Worker: http://localhost:8001, qlen: 20.0
Worker: http://localhost:8001, Tokens: 31627.0
Worker: http://localhost:8002, Running: 34.0, Waiting: 0.0
Worker: http://localhost:8002, qlen: 34.0
Worker: http://localhost:8002, Tokens: 38904.0
Selected worker: http://localhost:8001
Worker: http://localhost:8001, Running: 20.0, Waiting: 0.0
Worker: http://localhost:8001, qlen: 20.0
Worker: http://localhost:8001, Tokens: 31908.0
Worker: http://localhost:8002, Running: 34.0, Waiting: 0.0
Worker: http://localhost:8002, qlen: 34.0
Worker: http://localhost:8002, Tokens: 38904.0
Selected worker: http://localhost:8001
Worker: http://localhost:8001, Running: 20.0, Waiting: 0.0
Worker: http://localhost:8001, qlen: 20.0
Worker: http://localhost:8001, Tokens: 32178.0
Worker: http://localhost:8002, Running: 34.0, Waiting: 0.0
Worker: http://localhost:8002, qlen: 34.0
Worker: http://localhost:8002, Tokens: 38904.0
Selected worker: http://localhost:8001
Worker: http://localhost:8001, Running: 20.0, Waiting: 0.0
Worker: http://localhost:8001, qlen: 20.0
Worker: http://localhost:8001, Tokens: 32445.0
Worker: http://localhost:8002, Running: 34.0, Waiting: 0.0
Worker: http://localhost:8002, qlen: 34.0
Worker: http://localhost:8002, Tokens: 38904.0
Selected worker: http://localhost:8001
Worker: http://localhost:8001, Running: 20.0, Waiting: 0.0
Worker: http://localhost:8001, qlen: 20.0
Worker: http://localhost:8001, Tokens: 32749.0
Worker: http://localhost:8002, Running: 34.0, Waiting: 0.0
Worker: http://localhost:8002, qlen: 34.0
Worker: http://localhost:8002, Tokens: 38904.0
Selected worker: http://localhost:8001
Worker: http://localhost:8001, Running: 20.0, Waiting: 0.0
Worker: http://localhost:8001, qlen: 20.0
Worker: http://localhost:8001, Tokens: 34512.0
Worker: http://localhost:8002, Running: 34.0, Waiting: 0.0
Worker: http://localhost:8002, qlen: 34.0
Worker: http://localhost:8002, Tokens: 38904.0
Selected worker: http://localhost:8001
Worker: http://localhost:8001, Running: 20.0, Waiting: 0.0
Worker: http://localhost:8001, qlen: 20.0
Worker: http://localhost:8001, Tokens: 34806.0
Worker: http://localhost:8002, Running: 34.0, Waiting: 0.0
Worker: http://localhost:8002, qlen: 34.0
Worker: http://localhost:8002, Tokens: 38904.0
Selected worker: http://localhost:8001
INFO:     127.0.0.1:38538 - "POST /v1/completions HTTP/1.1" 200 OK
INFO:     127.0.0.1:38542 - "POST /v1/completions HTTP/1.1" 200 OK
INFO:     127.0.0.1:38554 - "POST /v1/completions HTTP/1.1" 200 OK
INFO:     127.0.0.1:38562 - "POST /v1/completions HTTP/1.1" 200 OK
INFO:     127.0.0.1:38568 - "POST /v1/completions HTTP/1.1" 200 OK
INFO:     127.0.0.1:38582 - "POST /v1/completions HTTP/1.1" 200 OK
INFO:     127.0.0.1:38584 - "POST /v1/completions HTTP/1.1" 200 OK
INFO:     127.0.0.1:38592 - "POST /v1/completions HTTP/1.1" 200 OK
Worker: http://localhost:8001, Running: 20.0, Waiting: 0.0
Worker: http://localhost:8001, qlen: 20.0
Worker: http://localhost:8001, Tokens: 33182.0
Worker: http://localhost:8002, Running: 23.0, Waiting: 0.0
Worker: http://localhost:8002, qlen: 23.0
Worker: http://localhost:8002, Tokens: 42442.0
Selected worker: http://localhost:8001
Worker: http://localhost:8001, Running: 20.0, Waiting: 0.0
Worker: http://localhost:8001, qlen: 20.0
Worker: http://localhost:8001, Tokens: 33446.0
Worker: http://localhost:8002, Running: 23.0, Waiting: 0.0
Worker: http://localhost:8002, qlen: 23.0
Worker: http://localhost:8002, Tokens: 42442.0
Selected worker: http://localhost:8001
Worker: http://localhost:8001, Running: 20.0, Waiting: 0.0
Worker: http://localhost:8001, qlen: 20.0
Worker: http://localhost:8001, Tokens: 33730.0
Worker: http://localhost:8002, Running: 23.0, Waiting: 0.0
Worker: http://localhost:8002, qlen: 23.0
Worker: http://localhost:8002, Tokens: 42442.0
Selected worker: http://localhost:8001
INFO:     127.0.0.1:38602 - "POST /v1/completions HTTP/1.1" 200 OK
INFO:     127.0.0.1:38606 - "POST /v1/completions HTTP/1.1" 200 OK
INFO:     127.0.0.1:38612 - "POST /v1/completions HTTP/1.1" 200 OK
Worker: http://localhost:8001, Running: 20.0, Waiting: 0.0
Worker: http://localhost:8001, qlen: 20.0
Worker: http://localhost:8001, Tokens: 33990.0
Worker: http://localhost:8002, Running: 23.0, Waiting: 0.0
Worker: http://localhost:8002, qlen: 23.0
Worker: http://localhost:8002, Tokens: 42442.0
Selected worker: http://localhost:8001
INFO:     127.0.0.1:38626 - "POST /v1/completions HTTP/1.1" 200 OK
Worker: http://localhost:8001, Running: 20.0, Waiting: 0.0
Worker: http://localhost:8001, qlen: 20.0
Worker: http://localhost:8001, Tokens: 35364.0
Worker: http://localhost:8002, Running: 23.0, Waiting: 0.0
Worker: http://localhost:8002, qlen: 23.0
Worker: http://localhost:8002, Tokens: 42442.0
Selected worker: http://localhost:8001
INFO:     127.0.0.1:38640 - "POST /v1/completions HTTP/1.1" 200 OK
Worker: http://localhost:8001, Running: 20.0, Waiting: 0.0
Worker: http://localhost:8001, qlen: 20.0
Worker: http://localhost:8001, Tokens: 36735.0
Worker: http://localhost:8002, Running: 23.0, Waiting: 0.0
Worker: http://localhost:8002, qlen: 23.0
Worker: http://localhost:8002, Tokens: 42442.0
Selected worker: http://localhost:8001
INFO:     127.0.0.1:38654 - "POST /v1/completions HTTP/1.1" 200 OK
Worker: http://localhost:8001, Running: 20.0, Waiting: 0.0
Worker: http://localhost:8001, qlen: 20.0
Worker: http://localhost:8001, Tokens: 38576.0
Worker: http://localhost:8002, Running: 23.0, Waiting: 0.0
Worker: http://localhost:8002, qlen: 23.0
Worker: http://localhost:8002, Tokens: 42442.0
Selected worker: http://localhost:8001
INFO:     127.0.0.1:38670 - "POST /v1/completions HTTP/1.1" 200 OK
Worker: http://localhost:8001, Running: 20.0, Waiting: 0.0
Worker: http://localhost:8001, qlen: 20.0
Worker: http://localhost:8001, Tokens: 38839.0
Worker: http://localhost:8002, Running: 23.0, Waiting: 0.0
Worker: http://localhost:8002, qlen: 23.0
Worker: http://localhost:8002, Tokens: 42442.0
Selected worker: http://localhost:8001
INFO:     127.0.0.1:38676 - "POST /v1/completions HTTP/1.1" 200 OK
Worker: http://localhost:8001, Running: 41.0, Waiting: 0.0
Worker: http://localhost:8001, qlen: 41.0
Worker: http://localhost:8001, Tokens: 41548.0
Worker: http://localhost:8002, Running: 14.0, Waiting: 0.0
Worker: http://localhost:8002, qlen: 14.0
Worker: http://localhost:8002, Tokens: 43425.0
Selected worker: http://localhost:8002
Worker: http://localhost:8001, Running: 41.0, Waiting: 0.0
Worker: http://localhost:8001, qlen: 41.0
Worker: http://localhost:8001, Tokens: 41548.0
Worker: http://localhost:8002, Running: 14.0, Waiting: 0.0
Worker: http://localhost:8002, qlen: 14.0
Worker: http://localhost:8002, Tokens: 43697.0
Selected worker: http://localhost:8002
Worker: http://localhost:8001, Running: 41.0, Waiting: 0.0
Worker: http://localhost:8001, qlen: 41.0
Worker: http://localhost:8001, Tokens: 41548.0
Worker: http://localhost:8002, Running: 14.0, Waiting: 0.0
Worker: http://localhost:8002, qlen: 14.0
Worker: http://localhost:8002, Tokens: 43970.0
Selected worker: http://localhost:8002
Worker: http://localhost:8001, Running: 41.0, Waiting: 0.0
Worker: http://localhost:8001, qlen: 41.0
Worker: http://localhost:8001, Tokens: 41548.0
Worker: http://localhost:8002, Running: 14.0, Waiting: 0.0
Worker: http://localhost:8002, qlen: 14.0
Worker: http://localhost:8002, Tokens: 45397.0
Selected worker: http://localhost:8002
Worker: http://localhost:8001, Running: 41.0, Waiting: 0.0
Worker: http://localhost:8001, qlen: 41.0
Worker: http://localhost:8001, Tokens: 41548.0
Worker: http://localhost:8002, Running: 14.0, Waiting: 0.0
Worker: http://localhost:8002, qlen: 14.0
Worker: http://localhost:8002, Tokens: 45660.0
Selected worker: http://localhost:8002
Worker: http://localhost:8001, Running: 41.0, Waiting: 0.0
Worker: http://localhost:8001, qlen: 41.0
Worker: http://localhost:8001, Tokens: 41548.0
Worker: http://localhost:8002, Running: 14.0, Waiting: 0.0
Worker: http://localhost:8002, qlen: 14.0
Worker: http://localhost:8002, Tokens: 45923.0
Selected worker: http://localhost:8002
Worker: http://localhost:8001, Running: 41.0, Waiting: 0.0
Worker: http://localhost:8001, qlen: 41.0
Worker: http://localhost:8001, Tokens: 41548.0
Worker: http://localhost:8002, Running: 14.0, Waiting: 0.0
Worker: http://localhost:8002, qlen: 14.0
Worker: http://localhost:8002, Tokens: 46217.0
Selected worker: http://localhost:8002
Worker: http://localhost:8001, Running: 41.0, Waiting: 0.0
Worker: http://localhost:8001, qlen: 41.0
Worker: http://localhost:8001, Tokens: 41548.0
Worker: http://localhost:8002, Running: 14.0, Waiting: 0.0
Worker: http://localhost:8002, qlen: 14.0
Worker: http://localhost:8002, Tokens: 46493.0
Selected worker: http://localhost:8002
Worker: http://localhost:8001, Running: 41.0, Waiting: 0.0
Worker: http://localhost:8001, qlen: 41.0
Worker: http://localhost:8001, Tokens: 41548.0
Worker: http://localhost:8002, Running: 14.0, Waiting: 0.0
Worker: http://localhost:8002, qlen: 14.0
Worker: http://localhost:8002, Tokens: 48184.0
Selected worker: http://localhost:8002
INFO:     127.0.0.1:38680 - "POST /v1/completions HTTP/1.1" 200 OK
INFO:     127.0.0.1:38692 - "POST /v1/completions HTTP/1.1" 200 OK
INFO:     127.0.0.1:38708 - "POST /v1/completions HTTP/1.1" 200 OK
INFO:     127.0.0.1:38718 - "POST /v1/completions HTTP/1.1" 200 OK
INFO:     127.0.0.1:38732 - "POST /v1/completions HTTP/1.1" 200 OK
INFO:     127.0.0.1:38742 - "POST /v1/completions HTTP/1.1" 200 OK
INFO:     127.0.0.1:38746 - "POST /v1/completions HTTP/1.1" 200 OK
INFO:     127.0.0.1:38754 - "POST /v1/completions HTTP/1.1" 200 OK
INFO:     127.0.0.1:38770 - "POST /v1/completions HTTP/1.1" 200 OK
Worker: http://localhost:8001, Running: 41.0, Waiting: 0.0
Worker: http://localhost:8001, qlen: 41.0
Worker: http://localhost:8001, Tokens: 41010.0
Worker: http://localhost:8002, Running: 14.0, Waiting: 0.0
Worker: http://localhost:8002, qlen: 14.0
Worker: http://localhost:8002, Tokens: 48441.0
Selected worker: http://localhost:8002
Worker: http://localhost:8001, Running: 41.0, Waiting: 0.0
Worker: http://localhost:8001, qlen: 41.0
Worker: http://localhost:8001, Tokens: 41010.0
Worker: http://localhost:8002, Running: 14.0, Waiting: 0.0
Worker: http://localhost:8002, qlen: 14.0
Worker: http://localhost:8002, Tokens: 48699.0
Selected worker: http://localhost:8002
INFO:     127.0.0.1:38772 - "POST /v1/completions HTTP/1.1" 200 OK
INFO:     127.0.0.1:38780 - "POST /v1/completions HTTP/1.1" 200 OK
Worker: http://localhost:8001, Running: 39.0, Waiting: 0.0
Worker: http://localhost:8001, qlen: 39.0
Worker: http://localhost:8001, Tokens: 43316.0
Worker: http://localhost:8002, Running: 25.0, Waiting: 0.0
Worker: http://localhost:8002, qlen: 25.0
Worker: http://localhost:8002, Tokens: 47781.0
Selected worker: http://localhost:8002
INFO:     127.0.0.1:38782 - "POST /v1/completions HTTP/1.1" 200 OK
Worker: http://localhost:8001, Running: 38.0, Waiting: 0.0
Worker: http://localhost:8001, qlen: 38.0
Worker: http://localhost:8001, Tokens: 43144.0
Worker: http://localhost:8002, Running: 26.0, Waiting: 0.0
Worker: http://localhost:8002, qlen: 26.0
Worker: http://localhost:8002, Tokens: 48036.0
Selected worker: http://localhost:8002
Worker: http://localhost:8001, Running: 38.0, Waiting: 0.0
Worker: http://localhost:8001, qlen: 38.0
Worker: http://localhost:8001, Tokens: 43144.0
Worker: http://localhost:8002, Running: 26.0, Waiting: 0.0
Worker: http://localhost:8002, qlen: 26.0
Worker: http://localhost:8002, Tokens: 48328.0
Selected worker: http://localhost:8002
Worker: http://localhost:8001, Running: 38.0, Waiting: 0.0
Worker: http://localhost:8001, qlen: 38.0
Worker: http://localhost:8001, Tokens: 43144.0
Worker: http://localhost:8002, Running: 26.0, Waiting: 0.0
Worker: http://localhost:8002, qlen: 26.0
Worker: http://localhost:8002, Tokens: 48611.0
Selected worker: http://localhost:8002
INFO:     127.0.0.1:38794 - "POST /v1/completions HTTP/1.1" 200 OK
INFO:     127.0.0.1:38800 - "POST /v1/completions HTTP/1.1" 200 OK
INFO:     127.0.0.1:38804 - "POST /v1/completions HTTP/1.1" 200 OK
Worker: http://localhost:8001, Running: 22.0, Waiting: 0.0
Worker: http://localhost:8001, qlen: 22.0
Worker: http://localhost:8001, Tokens: 44825.0
Worker: http://localhost:8002, Running: 29.0, Waiting: 0.0
Worker: http://localhost:8002, qlen: 29.0
Worker: http://localhost:8002, Tokens: 48750.0
Selected worker: http://localhost:8001
Worker: http://localhost:8001, Running: 22.0, Waiting: 0.0
Worker: http://localhost:8001, qlen: 22.0
Worker: http://localhost:8001, Tokens: 45088.0
Worker: http://localhost:8002, Running: 29.0, Waiting: 0.0
Worker: http://localhost:8002, qlen: 29.0
Worker: http://localhost:8002, Tokens: 48750.0
Selected worker: http://localhost:8001
Worker: http://localhost:8001, Running: 22.0, Waiting: 0.0
Worker: http://localhost:8001, qlen: 22.0
Worker: http://localhost:8001, Tokens: 46598.0
Worker: http://localhost:8002, Running: 29.0, Waiting: 0.0
Worker: http://localhost:8002, qlen: 29.0
Worker: http://localhost:8002, Tokens: 48750.0
Selected worker: http://localhost:8001
Worker: http://localhost:8001, Running: 22.0, Waiting: 0.0
Worker: http://localhost:8001, qlen: 22.0
Worker: http://localhost:8001, Tokens: 46857.0
Worker: http://localhost:8002, Running: 29.0, Waiting: 0.0
Worker: http://localhost:8002, qlen: 29.0
Worker: http://localhost:8002, Tokens: 48750.0
Selected worker: http://localhost:8001
Worker: http://localhost:8001, Running: 22.0, Waiting: 0.0
Worker: http://localhost:8001, qlen: 22.0
Worker: http://localhost:8001, Tokens: 47139.0
Worker: http://localhost:8002, Running: 29.0, Waiting: 0.0
Worker: http://localhost:8002, qlen: 29.0
Worker: http://localhost:8002, Tokens: 48750.0
Selected worker: http://localhost:8001
Worker: http://localhost:8001, Running: 22.0, Waiting: 0.0
Worker: http://localhost:8001, qlen: 22.0
Worker: http://localhost:8001, Tokens: 47426.0
Worker: http://localhost:8002, Running: 29.0, Waiting: 0.0
Worker: http://localhost:8002, qlen: 29.0
Worker: http://localhost:8002, Tokens: 48750.0
Selected worker: http://localhost:8001
Worker: http://localhost:8001, Running: 22.0, Waiting: 0.0
Worker: http://localhost:8001, qlen: 22.0
Worker: http://localhost:8001, Tokens: 47695.0
Worker: http://localhost:8002, Running: 29.0, Waiting: 0.0
Worker: http://localhost:8002, qlen: 29.0
Worker: http://localhost:8002, Tokens: 48750.0
Selected worker: http://localhost:8001
Worker: http://localhost:8001, Running: 22.0, Waiting: 0.0
Worker: http://localhost:8001, qlen: 22.0
Worker: http://localhost:8001, Tokens: 47968.0
Worker: http://localhost:8002, Running: 29.0, Waiting: 0.0
Worker: http://localhost:8002, qlen: 29.0
Worker: http://localhost:8002, Tokens: 48750.0
Selected worker: http://localhost:8001
Worker: http://localhost:8001, Running: 22.0, Waiting: 0.0
Worker: http://localhost:8001, qlen: 22.0
Worker: http://localhost:8001, Tokens: 48243.0
Worker: http://localhost:8002, Running: 29.0, Waiting: 0.0
Worker: http://localhost:8002, qlen: 29.0
Worker: http://localhost:8002, Tokens: 48750.0
Selected worker: http://localhost:8001
Worker: http://localhost:8001, Running: 22.0, Waiting: 0.0
Worker: http://localhost:8001, qlen: 22.0
Worker: http://localhost:8001, Tokens: 48509.0
Worker: http://localhost:8002, Running: 29.0, Waiting: 0.0
Worker: http://localhost:8002, qlen: 29.0
Worker: http://localhost:8002, Tokens: 48750.0
Selected worker: http://localhost:8001
Worker: http://localhost:8001, Running: 22.0, Waiting: 0.0
Worker: http://localhost:8001, qlen: 22.0
Worker: http://localhost:8001, Tokens: 48781.0
Worker: http://localhost:8002, Running: 29.0, Waiting: 0.0
Worker: http://localhost:8002, qlen: 29.0
Worker: http://localhost:8002, Tokens: 48750.0
Selected worker: http://localhost:8001
INFO:     127.0.0.1:53704 - "POST /v1/completions HTTP/1.1" 200 OK
INFO:     127.0.0.1:53714 - "POST /v1/completions HTTP/1.1" 200 OK
INFO:     127.0.0.1:53722 - "POST /v1/completions HTTP/1.1" 200 OK
INFO:     127.0.0.1:53736 - "POST /v1/completions HTTP/1.1" 200 OK
INFO:     127.0.0.1:53746 - "POST /v1/completions HTTP/1.1" 200 OK
INFO:     127.0.0.1:53756 - "POST /v1/completions HTTP/1.1" 200 OK
INFO:     127.0.0.1:53766 - "POST /v1/completions HTTP/1.1" 200 OK
INFO:     127.0.0.1:53770 - "POST /v1/completions HTTP/1.1" 200 OK
INFO:     127.0.0.1:53786 - "POST /v1/completions HTTP/1.1" 200 OK
INFO:     127.0.0.1:53790 - "POST /v1/completions HTTP/1.1" 200 OK
INFO:     127.0.0.1:53792 - "POST /v1/completions HTTP/1.1" 200 OK
Worker: http://localhost:8001, Running: 22.0, Waiting: 0.0
Worker: http://localhost:8001, qlen: 22.0
Worker: http://localhost:8001, Tokens: 48494.0
Worker: http://localhost:8002, Running: 29.0, Waiting: 0.0
Worker: http://localhost:8002, qlen: 29.0
Worker: http://localhost:8002, Tokens: 48750.0
Selected worker: http://localhost:8001
INFO:     127.0.0.1:53796 - "POST /v1/completions HTTP/1.1" 200 OK
Worker: http://localhost:8001, Running: 22.0, Waiting: 0.0
Worker: http://localhost:8001, qlen: 22.0
Worker: http://localhost:8001, Tokens: 48759.0
Worker: http://localhost:8002, Running: 29.0, Waiting: 0.0
Worker: http://localhost:8002, qlen: 29.0
Worker: http://localhost:8002, Tokens: 48750.0
Selected worker: http://localhost:8001
INFO:     127.0.0.1:53798 - "POST /v1/completions HTTP/1.1" 200 OK
Worker: http://localhost:8001, Running: 22.0, Waiting: 0.0
Worker: http://localhost:8001, qlen: 22.0
Worker: http://localhost:8001, Tokens: 47684.0
Worker: http://localhost:8002, Running: 29.0, Waiting: 0.0
Worker: http://localhost:8002, qlen: 29.0
Worker: http://localhost:8002, Tokens: 48750.0
Selected worker: http://localhost:8001
INFO:     127.0.0.1:53806 - "POST /v1/completions HTTP/1.1" 200 OK
Worker: http://localhost:8001, Running: 22.0, Waiting: 0.0
Worker: http://localhost:8001, qlen: 22.0
Worker: http://localhost:8001, Tokens: 48968.0
Worker: http://localhost:8002, Running: 29.0, Waiting: 0.0
Worker: http://localhost:8002, qlen: 29.0
Worker: http://localhost:8002, Tokens: 48750.0
Selected worker: http://localhost:8001
INFO:     127.0.0.1:53812 - "POST /v1/completions HTTP/1.1" 200 OK
Worker: http://localhost:8001, Running: 22.0, Waiting: 0.0
Worker: http://localhost:8001, qlen: 22.0
Worker: http://localhost:8001, Tokens: 50914.0
Worker: http://localhost:8002, Running: 29.0, Waiting: 0.0
Worker: http://localhost:8002, qlen: 29.0
Worker: http://localhost:8002, Tokens: 48750.0
Selected worker: http://localhost:8001
INFO:     127.0.0.1:53824 - "POST /v1/completions HTTP/1.1" 200 OK
Worker: http://localhost:8001, Running: 22.0, Waiting: 0.0
Worker: http://localhost:8001, qlen: 22.0
Worker: http://localhost:8001, Tokens: 52755.0
Worker: http://localhost:8002, Running: 29.0, Waiting: 0.0
Worker: http://localhost:8002, qlen: 29.0
Worker: http://localhost:8002, Tokens: 48750.0
Selected worker: http://localhost:8001
INFO:     127.0.0.1:53836 - "POST /v1/completions HTTP/1.1" 200 OK
Worker: http://localhost:8001, Running: 22.0, Waiting: 0.0
Worker: http://localhost:8001, qlen: 22.0
Worker: http://localhost:8001, Tokens: 53032.0
Worker: http://localhost:8002, Running: 29.0, Waiting: 0.0
Worker: http://localhost:8002, qlen: 29.0
Worker: http://localhost:8002, Tokens: 49475.0
Selected worker: http://localhost:8001
INFO:     127.0.0.1:53840 - "POST /v1/completions HTTP/1.1" 200 OK
Worker: http://localhost:8001, Running: 22.0, Waiting: 0.0
Worker: http://localhost:8001, qlen: 22.0
Worker: http://localhost:8001, Tokens: 54828.0
Worker: http://localhost:8002, Running: 29.0, Waiting: 0.0
Worker: http://localhost:8002, qlen: 29.0
Worker: http://localhost:8002, Tokens: 49475.0
Selected worker: http://localhost:8001
INFO:     127.0.0.1:53850 - "POST /v1/completions HTTP/1.1" 200 OK
Worker: http://localhost:8001, Running: 22.0, Waiting: 0.0
Worker: http://localhost:8001, qlen: 22.0
Worker: http://localhost:8001, Tokens: 56458.0
Worker: http://localhost:8002, Running: 29.0, Waiting: 0.0
Worker: http://localhost:8002, qlen: 29.0
Worker: http://localhost:8002, Tokens: 49475.0
Selected worker: http://localhost:8001
INFO:     127.0.0.1:53860 - "POST /v1/completions HTTP/1.1" 200 OK
Worker: http://localhost:8001, Running: 21.0, Waiting: 3.0
Worker: http://localhost:8001, qlen: 21.0
Worker: http://localhost:8001, Tokens: 47417.0
Worker: http://localhost:8002, Running: 29.0, Waiting: 0.0
Worker: http://localhost:8002, qlen: 29.0
Worker: http://localhost:8002, Tokens: 47043.0
Selected worker: http://localhost:8001
Worker: http://localhost:8001, Running: 21.0, Waiting: 3.0
Worker: http://localhost:8001, qlen: 21.0
Worker: http://localhost:8001, Tokens: 47694.0
Worker: http://localhost:8002, Running: 29.0, Waiting: 0.0
Worker: http://localhost:8002, qlen: 29.0
Worker: http://localhost:8002, Tokens: 47043.0
Selected worker: http://localhost:8001
INFO:     127.0.0.1:53868 - "POST /v1/completions HTTP/1.1" 200 OK
INFO:     127.0.0.1:53884 - "POST /v1/completions HTTP/1.1" 200 OK
Worker: http://localhost:8001, Running: 21.0, Waiting: 3.0
Worker: http://localhost:8001, qlen: 21.0
Worker: http://localhost:8001, Tokens: 47993.0
Worker: http://localhost:8002, Running: 29.0, Waiting: 0.0
Worker: http://localhost:8002, qlen: 29.0
Worker: http://localhost:8002, Tokens: 47043.0
Selected worker: http://localhost:8001
INFO:     127.0.0.1:53900 - "POST /v1/completions HTTP/1.1" 200 OK
Worker: http://localhost:8001, Running: 21.0, Waiting: 3.0
Worker: http://localhost:8001, qlen: 21.0
Worker: http://localhost:8001, Tokens: 48273.0
Worker: http://localhost:8002, Running: 29.0, Waiting: 0.0
Worker: http://localhost:8002, qlen: 29.0
Worker: http://localhost:8002, Tokens: 47043.0
Selected worker: http://localhost:8001
INFO:     127.0.0.1:53914 - "POST /v1/completions HTTP/1.1" 200 OK
Worker: http://localhost:8001, Running: 21.0, Waiting: 3.0
Worker: http://localhost:8001, qlen: 21.0
Worker: http://localhost:8001, Tokens: 49608.0
Worker: http://localhost:8002, Running: 20.0, Waiting: 0.0
Worker: http://localhost:8002, qlen: 20.0
Worker: http://localhost:8002, Tokens: 49818.0
Selected worker: http://localhost:8002
INFO:     127.0.0.1:53922 - "POST /v1/completions HTTP/1.1" 200 OK
Worker: http://localhost:8001, Running: 21.0, Waiting: 3.0
Worker: http://localhost:8001, qlen: 21.0
Worker: http://localhost:8001, Tokens: 49608.0
Worker: http://localhost:8002, Running: 20.0, Waiting: 0.0
Worker: http://localhost:8002, qlen: 20.0
Worker: http://localhost:8002, Tokens: 50090.0
Selected worker: http://localhost:8002
INFO:     127.0.0.1:53928 - "POST /v1/completions HTTP/1.1" 200 OK
Worker: http://localhost:8001, Running: 21.0, Waiting: 3.0
Worker: http://localhost:8001, qlen: 21.0
Worker: http://localhost:8001, Tokens: 49608.0
Worker: http://localhost:8002, Running: 20.0, Waiting: 0.0
Worker: http://localhost:8002, qlen: 20.0
Worker: http://localhost:8002, Tokens: 50366.0
Selected worker: http://localhost:8002
INFO:     127.0.0.1:53932 - "POST /v1/completions HTTP/1.1" 200 OK
Worker: http://localhost:8001, Running: 21.0, Waiting: 3.0
Worker: http://localhost:8001, qlen: 21.0
Worker: http://localhost:8001, Tokens: 49608.0
Worker: http://localhost:8002, Running: 20.0, Waiting: 0.0
Worker: http://localhost:8002, qlen: 20.0
Worker: http://localhost:8002, Tokens: 53336.0
Selected worker: http://localhost:8002
INFO:     127.0.0.1:53940 - "POST /v1/completions HTTP/1.1" 200 OK
Worker: http://localhost:8001, Running: 21.0, Waiting: 3.0
Worker: http://localhost:8001, qlen: 21.0
Worker: http://localhost:8001, Tokens: 49608.0
Worker: http://localhost:8002, Running: 20.0, Waiting: 0.0
Worker: http://localhost:8002, qlen: 20.0
Worker: http://localhost:8002, Tokens: 55222.0
Selected worker: http://localhost:8002
INFO:     127.0.0.1:53952 - "POST /v1/completions HTTP/1.1" 200 OK
Worker: http://localhost:8001, Running: 39.0, Waiting: 0.0
Worker: http://localhost:8001, qlen: 39.0
Worker: http://localhost:8001, Tokens: 61577.0
Worker: http://localhost:8002, Running: 25.0, Waiting: 0.0
Worker: http://localhost:8002, qlen: 25.0
Worker: http://localhost:8002, Tokens: 54902.0
Selected worker: http://localhost:8002
INFO:     127.0.0.1:53968 - "POST /v1/completions HTTP/1.1" 200 OK
Worker: http://localhost:8001, Running: 39.0, Waiting: 0.0
Worker: http://localhost:8001, qlen: 39.0
Worker: http://localhost:8001, Tokens: 62006.0
Worker: http://localhost:8002, Running: 25.0, Waiting: 0.0
Worker: http://localhost:8002, qlen: 25.0
Worker: http://localhost:8002, Tokens: 54665.0
Selected worker: http://localhost:8002
Worker: http://localhost:8001, Running: 39.0, Waiting: 0.0
Worker: http://localhost:8001, qlen: 39.0
Worker: http://localhost:8001, Tokens: 62006.0
Worker: http://localhost:8002, Running: 25.0, Waiting: 0.0
Worker: http://localhost:8002, qlen: 25.0
Worker: http://localhost:8002, Tokens: 60086.0
Selected worker: http://localhost:8002
Worker: http://localhost:8001, Running: 39.0, Waiting: 0.0
Worker: http://localhost:8001, qlen: 39.0
Worker: http://localhost:8001, Tokens: 62006.0
Worker: http://localhost:8002, Running: 25.0, Waiting: 0.0
Worker: http://localhost:8002, qlen: 25.0
Worker: http://localhost:8002, Tokens: 60378.0
Selected worker: http://localhost:8002
INFO:     127.0.0.1:53984 - "POST /v1/completions HTTP/1.1" 200 OK
INFO:     127.0.0.1:53996 - "POST /v1/completions HTTP/1.1" 200 OK
INFO:     127.0.0.1:54006 - "POST /v1/completions HTTP/1.1" 200 OK
Worker: http://localhost:8001, Running: 39.0, Waiting: 0.0
Worker: http://localhost:8001, qlen: 39.0
Worker: http://localhost:8001, Tokens: 64775.0
Worker: http://localhost:8002, Running: 25.0, Waiting: 0.0
Worker: http://localhost:8002, qlen: 25.0
Worker: http://localhost:8002, Tokens: 61858.0
Selected worker: http://localhost:8002
Worker: http://localhost:8001, Running: 39.0, Waiting: 0.0
Worker: http://localhost:8001, qlen: 39.0
Worker: http://localhost:8001, Tokens: 64775.0
Worker: http://localhost:8002, Running: 25.0, Waiting: 0.0
Worker: http://localhost:8002, qlen: 25.0
Worker: http://localhost:8002, Tokens: 63403.0
Selected worker: http://localhost:8002
INFO:     127.0.0.1:54016 - "POST /v1/completions HTTP/1.1" 200 OK
INFO:     127.0.0.1:54028 - "POST /v1/completions HTTP/1.1" 200 OK
Worker: http://localhost:8001, Running: 27.0, Waiting: 0.0
Worker: http://localhost:8001, qlen: 27.0
Worker: http://localhost:8001, Tokens: 64981.0
Worker: http://localhost:8002, Running: 23.0, Waiting: 0.0
Worker: http://localhost:8002, qlen: 23.0
Worker: http://localhost:8002, Tokens: 62218.0
Selected worker: http://localhost:8002
Worker: http://localhost:8001, Running: 27.0, Waiting: 0.0
Worker: http://localhost:8001, qlen: 27.0
Worker: http://localhost:8001, Tokens: 64981.0
Worker: http://localhost:8002, Running: 23.0, Waiting: 0.0
Worker: http://localhost:8002, qlen: 23.0
Worker: http://localhost:8002, Tokens: 63963.0
Selected worker: http://localhost:8002
Worker: http://localhost:8001, Running: 27.0, Waiting: 0.0
Worker: http://localhost:8001, qlen: 27.0
Worker: http://localhost:8001, Tokens: 64981.0
Worker: http://localhost:8002, Running: 23.0, Waiting: 0.0
Worker: http://localhost:8002, qlen: 23.0
Worker: http://localhost:8002, Tokens: 64229.0
Selected worker: http://localhost:8002
Worker: http://localhost:8001, Running: 27.0, Waiting: 0.0
Worker: http://localhost:8001, qlen: 27.0
Worker: http://localhost:8001, Tokens: 64981.0
Worker: http://localhost:8002, Running: 23.0, Waiting: 0.0
Worker: http://localhost:8002, qlen: 23.0
Worker: http://localhost:8002, Tokens: 64516.0
Selected worker: http://localhost:8002
Worker: http://localhost:8001, Running: 27.0, Waiting: 0.0
Worker: http://localhost:8001, qlen: 27.0
Worker: http://localhost:8001, Tokens: 64981.0
Worker: http://localhost:8002, Running: 23.0, Waiting: 0.0
Worker: http://localhost:8002, qlen: 23.0
Worker: http://localhost:8002, Tokens: 64784.0
Selected worker: http://localhost:8002
Worker: http://localhost:8001, Running: 27.0, Waiting: 0.0
Worker: http://localhost:8001, qlen: 27.0
Worker: http://localhost:8001, Tokens: 64981.0
Worker: http://localhost:8002, Running: 23.0, Waiting: 0.0
Worker: http://localhost:8002, qlen: 23.0
Worker: http://localhost:8002, Tokens: 66156.0
Selected worker: http://localhost:8002
Worker: http://localhost:8001, Running: 27.0, Waiting: 0.0
Worker: http://localhost:8001, qlen: 27.0
Worker: http://localhost:8001, Tokens: 64981.0
Worker: http://localhost:8002, Running: 23.0, Waiting: 0.0
Worker: http://localhost:8002, qlen: 23.0
Worker: http://localhost:8002, Tokens: 66415.0
Selected worker: http://localhost:8002
Worker: http://localhost:8001, Running: 27.0, Waiting: 0.0
Worker: http://localhost:8001, qlen: 27.0
Worker: http://localhost:8001, Tokens: 64981.0
Worker: http://localhost:8002, Running: 23.0, Waiting: 0.0
Worker: http://localhost:8002, qlen: 23.0
Worker: http://localhost:8002, Tokens: 66687.0
Selected worker: http://localhost:8002
Worker: http://localhost:8001, Running: 27.0, Waiting: 0.0
Worker: http://localhost:8001, qlen: 27.0
Worker: http://localhost:8001, Tokens: 64981.0
Worker: http://localhost:8002, Running: 23.0, Waiting: 0.0
Worker: http://localhost:8002, qlen: 23.0
Worker: http://localhost:8002, Tokens: 66952.0
Selected worker: http://localhost:8002
INFO:     127.0.0.1:54038 - "POST /v1/completions HTTP/1.1" 200 OK
INFO:     127.0.0.1:54052 - "POST /v1/completions HTTP/1.1" 200 OK
INFO:     127.0.0.1:54066 - "POST /v1/completions HTTP/1.1" 200 OK
INFO:     127.0.0.1:54068 - "POST /v1/completions HTTP/1.1" 200 OK
INFO:     127.0.0.1:54084 - "POST /v1/completions HTTP/1.1" 200 OK
INFO:     127.0.0.1:54096 - "POST /v1/completions HTTP/1.1" 200 OK
INFO:     127.0.0.1:54104 - "POST /v1/completions HTTP/1.1" 200 OK
INFO:     127.0.0.1:54108 - "POST /v1/completions HTTP/1.1" 200 OK
INFO:     127.0.0.1:54110 - "POST /v1/completions HTTP/1.1" 200 OK
Worker: http://localhost:8001, Running: 27.0, Waiting: 0.0
Worker: http://localhost:8001, qlen: 27.0
Worker: http://localhost:8001, Tokens: 64704.0
Worker: http://localhost:8002, Running: 23.0, Waiting: 0.0
Worker: http://localhost:8002, qlen: 23.0
Worker: http://localhost:8002, Tokens: 68693.0
Selected worker: http://localhost:8002
INFO:     127.0.0.1:54124 - "POST /v1/completions HTTP/1.1" 200 OK
Worker: http://localhost:8001, Running: 27.0, Waiting: 0.0
Worker: http://localhost:8001, qlen: 27.0
Worker: http://localhost:8001, Tokens: 64704.0
Worker: http://localhost:8002, Running: 23.0, Waiting: 0.0
Worker: http://localhost:8002, qlen: 23.0
Worker: http://localhost:8002, Tokens: 68956.0
Selected worker: http://localhost:8002
INFO:     127.0.0.1:54138 - "POST /v1/completions HTTP/1.1" 200 OK
Worker: http://localhost:8001, Running: 27.0, Waiting: 0.0
Worker: http://localhost:8001, qlen: 27.0
Worker: http://localhost:8001, Tokens: 63848.0
Worker: http://localhost:8002, Running: 23.0, Waiting: 0.0
Worker: http://localhost:8002, qlen: 23.0
Worker: http://localhost:8002, Tokens: 69215.0
Selected worker: http://localhost:8002
INFO:     127.0.0.1:54146 - "POST /v1/completions HTTP/1.1" 200 OK
Worker: http://localhost:8001, Running: 27.0, Waiting: 0.0
Worker: http://localhost:8001, qlen: 27.0
Worker: http://localhost:8001, Tokens: 63848.0
Worker: http://localhost:8002, Running: 23.0, Waiting: 0.0
Worker: http://localhost:8002, qlen: 23.0
Worker: http://localhost:8002, Tokens: 69482.0
Selected worker: http://localhost:8002
INFO:     127.0.0.1:54160 - "POST /v1/completions HTTP/1.1" 200 OK
Worker: http://localhost:8001, Running: 27.0, Waiting: 0.0
Worker: http://localhost:8001, qlen: 27.0
Worker: http://localhost:8001, Tokens: 63848.0
Worker: http://localhost:8002, Running: 23.0, Waiting: 0.0
Worker: http://localhost:8002, qlen: 23.0
Worker: http://localhost:8002, Tokens: 69752.0
Selected worker: http://localhost:8002
INFO:     127.0.0.1:54170 - "POST /v1/completions HTTP/1.1" 200 OK
Worker: http://localhost:8001, Running: 27.0, Waiting: 0.0
Worker: http://localhost:8001, qlen: 27.0
Worker: http://localhost:8001, Tokens: 63848.0
Worker: http://localhost:8002, Running: 23.0, Waiting: 0.0
Worker: http://localhost:8002, qlen: 23.0
Worker: http://localhost:8002, Tokens: 70014.0
Selected worker: http://localhost:8002
INFO:     127.0.0.1:54182 - "POST /v1/completions HTTP/1.1" 200 OK
Worker: http://localhost:8001, Running: 27.0, Waiting: 0.0
Worker: http://localhost:8001, qlen: 27.0
Worker: http://localhost:8001, Tokens: 63848.0
Worker: http://localhost:8002, Running: 23.0, Waiting: 0.0
Worker: http://localhost:8002, qlen: 23.0
Worker: http://localhost:8002, Tokens: 70307.0
Selected worker: http://localhost:8002
INFO:     127.0.0.1:54194 - "POST /v1/completions HTTP/1.1" 200 OK
Worker: http://localhost:8001, Running: 27.0, Waiting: 0.0
Worker: http://localhost:8001, qlen: 27.0
Worker: http://localhost:8001, Tokens: 63848.0
Worker: http://localhost:8002, Running: 23.0, Waiting: 0.0
Worker: http://localhost:8002, qlen: 23.0
Worker: http://localhost:8002, Tokens: 70573.0
Selected worker: http://localhost:8002
INFO:     127.0.0.1:54204 - "POST /v1/completions HTTP/1.1" 200 OK
Worker: http://localhost:8001, Running: 27.0, Waiting: 0.0
Worker: http://localhost:8001, qlen: 27.0
Worker: http://localhost:8001, Tokens: 63848.0
Worker: http://localhost:8002, Running: 24.0, Waiting: 0.0
Worker: http://localhost:8002, qlen: 24.0
Worker: http://localhost:8002, Tokens: 64913.0
Selected worker: http://localhost:8002
INFO:     127.0.0.1:54212 - "POST /v1/completions HTTP/1.1" 200 OK
Worker: http://localhost:8001, Running: 23.0, Waiting: 0.0
Worker: http://localhost:8001, qlen: 23.0
Worker: http://localhost:8001, Tokens: 66421.0
Worker: http://localhost:8002, Running: 41.0, Waiting: 0.0
Worker: http://localhost:8002, qlen: 41.0
Worker: http://localhost:8002, Tokens: 72657.0
Selected worker: http://localhost:8001
INFO:     127.0.0.1:54228 - "POST /v1/completions HTTP/1.1" 200 OK
Worker: http://localhost:8001, Running: 23.0, Waiting: 0.0
Worker: http://localhost:8001, qlen: 23.0
Worker: http://localhost:8001, Tokens: 66513.0
Worker: http://localhost:8002, Running: 41.0, Waiting: 0.0
Worker: http://localhost:8002, qlen: 41.0
Worker: http://localhost:8002, Tokens: 72400.0
Selected worker: http://localhost:8001
INFO:     127.0.0.1:54232 - "POST /v1/completions HTTP/1.1" 200 OK
Worker: http://localhost:8001, Running: 25.0, Waiting: 0.0
Worker: http://localhost:8001, qlen: 25.0
Worker: http://localhost:8001, Tokens: 70144.0
Worker: http://localhost:8002, Running: 39.0, Waiting: 0.0
Worker: http://localhost:8002, qlen: 39.0
Worker: http://localhost:8002, Tokens: 75258.0
Selected worker: http://localhost:8001
INFO:     127.0.0.1:54234 - "POST /v1/completions HTTP/1.1" 200 OK
Worker: http://localhost:8001, Running: 26.0, Waiting: 0.0
Worker: http://localhost:8001, qlen: 26.0
Worker: http://localhost:8001, Tokens: 70747.0
Worker: http://localhost:8002, Running: 38.0, Waiting: 0.0
Worker: http://localhost:8002, qlen: 38.0
Worker: http://localhost:8002, Tokens: 75354.0
Selected worker: http://localhost:8001
Worker: http://localhost:8001, Running: 26.0, Waiting: 0.0
Worker: http://localhost:8001, qlen: 26.0
Worker: http://localhost:8001, Tokens: 71014.0
Worker: http://localhost:8002, Running: 38.0, Waiting: 0.0
Worker: http://localhost:8002, qlen: 38.0
Worker: http://localhost:8002, Tokens: 75354.0
Selected worker: http://localhost:8001
Worker: http://localhost:8001, Running: 26.0, Waiting: 0.0
Worker: http://localhost:8001, qlen: 26.0
Worker: http://localhost:8001, Tokens: 71278.0
Worker: http://localhost:8002, Running: 38.0, Waiting: 0.0
Worker: http://localhost:8002, qlen: 38.0
Worker: http://localhost:8002, Tokens: 75354.0
Selected worker: http://localhost:8001
INFO:     127.0.0.1:54236 - "POST /v1/completions HTTP/1.1" 200 OK
INFO:     127.0.0.1:54250 - "POST /v1/completions HTTP/1.1" 200 OK
INFO:     127.0.0.1:54258 - "POST /v1/completions HTTP/1.1" 200 OK
Worker: http://localhost:8001, Running: 26.0, Waiting: 0.0
Worker: http://localhost:8001, qlen: 26.0
Worker: http://localhost:8001, Tokens: 71537.0
Worker: http://localhost:8002, Running: 35.0, Waiting: 0.0
Worker: http://localhost:8002, qlen: 35.0
Worker: http://localhost:8002, Tokens: 73083.0
Selected worker: http://localhost:8001
Worker: http://localhost:8001, Running: 26.0, Waiting: 0.0
Worker: http://localhost:8001, qlen: 26.0
Worker: http://localhost:8001, Tokens: 71823.0
Worker: http://localhost:8002, Running: 35.0, Waiting: 0.0
Worker: http://localhost:8002, qlen: 35.0
Worker: http://localhost:8002, Tokens: 73083.0
Selected worker: http://localhost:8001
Worker: http://localhost:8001, Running: 26.0, Waiting: 0.0
Worker: http://localhost:8001, qlen: 26.0
Worker: http://localhost:8001, Tokens: 73930.0
Worker: http://localhost:8002, Running: 35.0, Waiting: 0.0
Worker: http://localhost:8002, qlen: 35.0
Worker: http://localhost:8002, Tokens: 73083.0
Selected worker: http://localhost:8001
Worker: http://localhost:8001, Running: 26.0, Waiting: 0.0
Worker: http://localhost:8001, qlen: 26.0
Worker: http://localhost:8001, Tokens: 74198.0
Worker: http://localhost:8002, Running: 35.0, Waiting: 0.0
Worker: http://localhost:8002, qlen: 35.0
Worker: http://localhost:8002, Tokens: 73083.0
Selected worker: http://localhost:8001
Worker: http://localhost:8001, Running: 26.0, Waiting: 0.0
Worker: http://localhost:8001, qlen: 26.0
Worker: http://localhost:8001, Tokens: 74476.0
Worker: http://localhost:8002, Running: 35.0, Waiting: 0.0
Worker: http://localhost:8002, qlen: 35.0
Worker: http://localhost:8002, Tokens: 73083.0
Selected worker: http://localhost:8001
Worker: http://localhost:8001, Running: 26.0, Waiting: 0.0
Worker: http://localhost:8001, qlen: 26.0
Worker: http://localhost:8001, Tokens: 74751.0
Worker: http://localhost:8002, Running: 35.0, Waiting: 0.0
Worker: http://localhost:8002, qlen: 35.0
Worker: http://localhost:8002, Tokens: 73083.0
Selected worker: http://localhost:8001
INFO:     127.0.0.1:54274 - "POST /v1/completions HTTP/1.1" 200 OK
INFO:     127.0.0.1:54284 - "POST /v1/completions HTTP/1.1" 200 OK
INFO:     127.0.0.1:54286 - "POST /v1/completions HTTP/1.1" 200 OK
INFO:     127.0.0.1:54288 - "POST /v1/completions HTTP/1.1" 200 OK
INFO:     127.0.0.1:54300 - "POST /v1/completions HTTP/1.1" 200 OK
INFO:     127.0.0.1:54316 - "POST /v1/completions HTTP/1.1" 200 OK
Worker: http://localhost:8001, Running: 26.0, Waiting: 0.0
Worker: http://localhost:8001, qlen: 26.0
Worker: http://localhost:8001, Tokens: 75047.0
Worker: http://localhost:8002, Running: 35.0, Waiting: 0.0
Worker: http://localhost:8002, qlen: 35.0
Worker: http://localhost:8002, Tokens: 73083.0
Selected worker: http://localhost:8001
INFO:     127.0.0.1:54330 - "POST /v1/completions HTTP/1.1" 200 OK
Worker: http://localhost:8001, Running: 26.0, Waiting: 0.0
Worker: http://localhost:8001, qlen: 26.0
Worker: http://localhost:8001, Tokens: 75311.0
Worker: http://localhost:8002, Running: 35.0, Waiting: 0.0
Worker: http://localhost:8002, qlen: 35.0
Worker: http://localhost:8002, Tokens: 73083.0
Selected worker: http://localhost:8001
INFO:     127.0.0.1:54332 - "POST /v1/completions HTTP/1.1" 200 OK
Worker: http://localhost:8001, Running: 26.0, Waiting: 0.0
Worker: http://localhost:8001, qlen: 26.0
Worker: http://localhost:8001, Tokens: 70712.0
Worker: http://localhost:8002, Running: 35.0, Waiting: 0.0
Worker: http://localhost:8002, qlen: 35.0
Worker: http://localhost:8002, Tokens: 73083.0
Selected worker: http://localhost:8001
INFO:     127.0.0.1:54334 - "POST /v1/completions HTTP/1.1" 200 OK
Worker: http://localhost:8001, Running: 26.0, Waiting: 0.0
Worker: http://localhost:8001, qlen: 26.0
Worker: http://localhost:8001, Tokens: 70976.0
Worker: http://localhost:8002, Running: 35.0, Waiting: 0.0
Worker: http://localhost:8002, qlen: 35.0
Worker: http://localhost:8002, Tokens: 73083.0
Selected worker: http://localhost:8001
INFO:     127.0.0.1:54344 - "POST /v1/completions HTTP/1.1" 200 OK
Worker: http://localhost:8001, Running: 26.0, Waiting: 0.0
Worker: http://localhost:8001, qlen: 26.0
Worker: http://localhost:8001, Tokens: 72790.0
Worker: http://localhost:8002, Running: 35.0, Waiting: 0.0
Worker: http://localhost:8002, qlen: 35.0
Worker: http://localhost:8002, Tokens: 73083.0
Selected worker: http://localhost:8001
INFO:     127.0.0.1:54352 - "POST /v1/completions HTTP/1.1" 200 OK
Worker: http://localhost:8001, Running: 26.0, Waiting: 0.0
Worker: http://localhost:8001, qlen: 26.0
Worker: http://localhost:8001, Tokens: 73059.0
Worker: http://localhost:8002, Running: 35.0, Waiting: 0.0
Worker: http://localhost:8002, qlen: 35.0
Worker: http://localhost:8002, Tokens: 73083.0
Selected worker: http://localhost:8001
INFO:     127.0.0.1:54364 - "POST /v1/completions HTTP/1.1" 200 OK
Worker: http://localhost:8001, Running: 26.0, Waiting: 0.0
Worker: http://localhost:8001, qlen: 26.0
Worker: http://localhost:8001, Tokens: 73361.0
Worker: http://localhost:8002, Running: 35.0, Waiting: 0.0
Worker: http://localhost:8002, qlen: 35.0
Worker: http://localhost:8002, Tokens: 73083.0
Selected worker: http://localhost:8001
INFO:     127.0.0.1:54374 - "POST /v1/completions HTTP/1.1" 200 OK
Worker: http://localhost:8001, Running: 41.0, Waiting: 0.0
Worker: http://localhost:8001, qlen: 41.0
Worker: http://localhost:8001, Tokens: 85904.0
Worker: http://localhost:8002, Running: 23.0, Waiting: 0.0
Worker: http://localhost:8002, qlen: 23.0
Worker: http://localhost:8002, Tokens: 79197.0
Selected worker: http://localhost:8002
INFO:     127.0.0.1:45536 - "POST /v1/completions HTTP/1.1" 200 OK
Worker: http://localhost:8001, Running: 40.0, Waiting: 0.0
Worker: http://localhost:8001, qlen: 40.0
Worker: http://localhost:8001, Tokens: 86343.0
Worker: http://localhost:8002, Running: 24.0, Waiting: 0.0
Worker: http://localhost:8002, qlen: 24.0
Worker: http://localhost:8002, Tokens: 79876.0
Selected worker: http://localhost:8002
Worker: http://localhost:8001, Running: 40.0, Waiting: 0.0
Worker: http://localhost:8001, qlen: 40.0
Worker: http://localhost:8001, Tokens: 86343.0
Worker: http://localhost:8002, Running: 24.0, Waiting: 0.0
Worker: http://localhost:8002, qlen: 24.0
Worker: http://localhost:8002, Tokens: 80169.0
Selected worker: http://localhost:8002
Worker: http://localhost:8001, Running: 40.0, Waiting: 0.0
Worker: http://localhost:8001, qlen: 40.0
Worker: http://localhost:8001, Tokens: 86343.0
Worker: http://localhost:8002, Running: 24.0, Waiting: 0.0
Worker: http://localhost:8002, qlen: 24.0
Worker: http://localhost:8002, Tokens: 80467.0
Selected worker: http://localhost:8002
INFO:     127.0.0.1:45542 - "POST /v1/completions HTTP/1.1" 200 OK
INFO:     127.0.0.1:45546 - "POST /v1/completions HTTP/1.1" 200 OK
INFO:     127.0.0.1:45554 - "POST /v1/completions HTTP/1.1" 200 OK
Worker: http://localhost:8001, Running: 37.0, Waiting: 0.0
Worker: http://localhost:8001, qlen: 37.0
Worker: http://localhost:8001, Tokens: 87519.0
Worker: http://localhost:8002, Running: 27.0, Waiting: 0.0
Worker: http://localhost:8002, qlen: 27.0
Worker: http://localhost:8002, Tokens: 82348.0
Selected worker: http://localhost:8002
INFO:     127.0.0.1:45558 - "POST /v1/completions HTTP/1.1" 200 OK
Worker: http://localhost:8001, Running: 36.0, Waiting: 0.0
Worker: http://localhost:8001, qlen: 36.0
Worker: http://localhost:8001, Tokens: 86535.0
Worker: http://localhost:8002, Running: 27.0, Waiting: 0.0
Worker: http://localhost:8002, qlen: 27.0
Worker: http://localhost:8002, Tokens: 82615.0
Selected worker: http://localhost:8002
INFO:     127.0.0.1:45572 - "POST /v1/completions HTTP/1.1" 200 OK
Worker: http://localhost:8001, Running: 36.0, Waiting: 0.0
Worker: http://localhost:8001, qlen: 36.0
Worker: http://localhost:8001, Tokens: 86535.0
Worker: http://localhost:8002, Running: 27.0, Waiting: 0.0
Worker: http://localhost:8002, qlen: 27.0
Worker: http://localhost:8002, Tokens: 82876.0
Selected worker: http://localhost:8002
INFO:     127.0.0.1:45588 - "POST /v1/completions HTTP/1.1" 200 OK
Worker: http://localhost:8001, Running: 36.0, Waiting: 0.0
Worker: http://localhost:8001, qlen: 36.0
Worker: http://localhost:8001, Tokens: 86535.0
Worker: http://localhost:8002, Running: 27.0, Waiting: 0.0
Worker: http://localhost:8002, qlen: 27.0
Worker: http://localhost:8002, Tokens: 83138.0
Selected worker: http://localhost:8002
INFO:     127.0.0.1:45598 - "POST /v1/completions HTTP/1.1" 200 OK
Worker: http://localhost:8001, Running: 36.0, Waiting: 0.0
Worker: http://localhost:8001, qlen: 36.0
Worker: http://localhost:8001, Tokens: 86271.0
Worker: http://localhost:8002, Running: 27.0, Waiting: 0.0
Worker: http://localhost:8002, qlen: 27.0
Worker: http://localhost:8002, Tokens: 83418.0
Selected worker: http://localhost:8002
INFO:     127.0.0.1:45600 - "POST /v1/completions HTTP/1.1" 200 OK
Worker: http://localhost:8001, Running: 36.0, Waiting: 0.0
Worker: http://localhost:8001, qlen: 36.0
Worker: http://localhost:8001, Tokens: 85700.0
Worker: http://localhost:8002, Running: 27.0, Waiting: 0.0
Worker: http://localhost:8002, qlen: 27.0
Worker: http://localhost:8002, Tokens: 83682.0
Selected worker: http://localhost:8002
INFO:     127.0.0.1:45610 - "POST /v1/completions HTTP/1.1" 200 OK
Worker: http://localhost:8001, Running: 36.0, Waiting: 0.0
Worker: http://localhost:8001, qlen: 36.0
Worker: http://localhost:8001, Tokens: 85700.0
Worker: http://localhost:8002, Running: 27.0, Waiting: 0.0
Worker: http://localhost:8002, qlen: 27.0
Worker: http://localhost:8002, Tokens: 85462.0
Selected worker: http://localhost:8002
INFO:     127.0.0.1:45622 - "POST /v1/completions HTTP/1.1" 200 OK
Worker: http://localhost:8001, Running: 36.0, Waiting: 0.0
Worker: http://localhost:8001, qlen: 36.0
Worker: http://localhost:8001, Tokens: 85700.0
Worker: http://localhost:8002, Running: 28.0, Waiting: 0.0
Worker: http://localhost:8002, qlen: 28.0
Worker: http://localhost:8002, Tokens: 82686.0
Selected worker: http://localhost:8002
INFO:     127.0.0.1:45624 - "POST /v1/completions HTTP/1.1" 200 OK
Worker: http://localhost:8001, Running: 36.0, Waiting: 0.0
Worker: http://localhost:8001, qlen: 36.0
Worker: http://localhost:8001, Tokens: 85700.0
Worker: http://localhost:8002, Running: 28.0, Waiting: 0.0
Worker: http://localhost:8002, qlen: 28.0
Worker: http://localhost:8002, Tokens: 82962.0
Selected worker: http://localhost:8002
INFO:     127.0.0.1:45636 - "POST /v1/completions HTTP/1.1" 200 OK
Worker: http://localhost:8001, Running: 28.0, Waiting: 0.0
Worker: http://localhost:8001, qlen: 28.0
Worker: http://localhost:8001, Tokens: 89671.0
Worker: http://localhost:8002, Running: 36.0, Waiting: 0.0
Worker: http://localhost:8002, qlen: 36.0
Worker: http://localhost:8002, Tokens: 86072.0
Selected worker: http://localhost:8001
INFO:     127.0.0.1:45642 - "POST /v1/completions HTTP/1.1" 200 OK
Worker: http://localhost:8001, Running: 29.0, Waiting: 0.0
Worker: http://localhost:8001, qlen: 29.0
Worker: http://localhost:8001, Tokens: 90668.0
Worker: http://localhost:8002, Running: 35.0, Waiting: 0.0
Worker: http://localhost:8002, qlen: 35.0
Worker: http://localhost:8002, Tokens: 86871.0
Selected worker: http://localhost:8001
Worker: http://localhost:8001, Running: 29.0, Waiting: 0.0
Worker: http://localhost:8001, qlen: 29.0
Worker: http://localhost:8001, Tokens: 90935.0
Worker: http://localhost:8002, Running: 35.0, Waiting: 0.0
Worker: http://localhost:8002, qlen: 35.0
Worker: http://localhost:8002, Tokens: 86871.0
Selected worker: http://localhost:8001
INFO:     127.0.0.1:45646 - "POST /v1/completions HTTP/1.1" 200 OK
INFO:     127.0.0.1:45648 - "POST /v1/completions HTTP/1.1" 200 OK
Worker: http://localhost:8001, Running: 31.0, Waiting: 0.0
Worker: http://localhost:8001, qlen: 31.0
Worker: http://localhost:8001, Tokens: 91206.0
Worker: http://localhost:8002, Running: 33.0, Waiting: 0.0
Worker: http://localhost:8002, qlen: 33.0
Worker: http://localhost:8002, Tokens: 87791.0
Selected worker: http://localhost:8001
INFO:     127.0.0.1:45662 - "POST /v1/completions HTTP/1.1" 200 OK
Worker: http://localhost:8001, Running: 31.0, Waiting: 0.0
Worker: http://localhost:8001, qlen: 31.0
Worker: http://localhost:8001, Tokens: 91423.0
Worker: http://localhost:8002, Running: 32.0, Waiting: 0.0
Worker: http://localhost:8002, qlen: 32.0
Worker: http://localhost:8002, Tokens: 88022.0
Selected worker: http://localhost:8001
INFO:     127.0.0.1:45678 - "POST /v1/completions HTTP/1.1" 200 OK
Worker: http://localhost:8001, Running: 32.0, Waiting: 0.0
Worker: http://localhost:8001, qlen: 32.0
Worker: http://localhost:8001, Tokens: 91570.0
Worker: http://localhost:8002, Running: 32.0, Waiting: 0.0
Worker: http://localhost:8002, qlen: 32.0
Worker: http://localhost:8002, Tokens: 86373.0
Selected worker: http://localhost:8002
INFO:     127.0.0.1:45694 - "POST /v1/completions HTTP/1.1" 200 OK
Worker: http://localhost:8001, Running: 32.0, Waiting: 0.0
Worker: http://localhost:8001, qlen: 32.0
Worker: http://localhost:8001, Tokens: 91570.0
Worker: http://localhost:8002, Running: 32.0, Waiting: 0.0
Worker: http://localhost:8002, qlen: 32.0
Worker: http://localhost:8002, Tokens: 87722.0
Selected worker: http://localhost:8002
INFO:     127.0.0.1:45708 - "POST /v1/completions HTTP/1.1" 200 OK
Worker: http://localhost:8001, Running: 32.0, Waiting: 0.0
Worker: http://localhost:8001, qlen: 32.0
Worker: http://localhost:8001, Tokens: 91570.0
Worker: http://localhost:8002, Running: 32.0, Waiting: 0.0
Worker: http://localhost:8002, qlen: 32.0
Worker: http://localhost:8002, Tokens: 87990.0
Selected worker: http://localhost:8001
INFO:     127.0.0.1:45718 - "POST /v1/completions HTTP/1.1" 200 OK
Worker: http://localhost:8001, Running: 32.0, Waiting: 0.0
Worker: http://localhost:8001, qlen: 32.0
Worker: http://localhost:8001, Tokens: 91842.0
Worker: http://localhost:8002, Running: 32.0, Waiting: 0.0
Worker: http://localhost:8002, qlen: 32.0
Worker: http://localhost:8002, Tokens: 87990.0
Selected worker: http://localhost:8002
INFO:     127.0.0.1:45730 - "POST /v1/completions HTTP/1.1" 200 OK
Worker: http://localhost:8001, Running: 32.0, Waiting: 0.0
Worker: http://localhost:8001, qlen: 32.0
Worker: http://localhost:8001, Tokens: 91842.0
Worker: http://localhost:8002, Running: 32.0, Waiting: 0.0
Worker: http://localhost:8002, qlen: 32.0
Worker: http://localhost:8002, Tokens: 88247.0
Selected worker: http://localhost:8001
INFO:     127.0.0.1:45742 - "POST /v1/completions HTTP/1.1" 200 OK
Worker: http://localhost:8001, Running: 32.0, Waiting: 0.0
Worker: http://localhost:8001, qlen: 32.0
Worker: http://localhost:8001, Tokens: 92099.0
Worker: http://localhost:8002, Running: 32.0, Waiting: 0.0
Worker: http://localhost:8002, qlen: 32.0
Worker: http://localhost:8002, Tokens: 88247.0
Selected worker: http://localhost:8002
INFO:     127.0.0.1:45744 - "POST /v1/completions HTTP/1.1" 200 OK
Worker: http://localhost:8001, Running: 35.0, Waiting: 0.0
Worker: http://localhost:8001, qlen: 35.0
Worker: http://localhost:8001, Tokens: 92878.0
Worker: http://localhost:8002, Running: 29.0, Waiting: 0.0
Worker: http://localhost:8002, qlen: 29.0
Worker: http://localhost:8002, Tokens: 91600.0
Selected worker: http://localhost:8002
INFO:     127.0.0.1:45748 - "POST /v1/completions HTTP/1.1" 200 OK
Worker: http://localhost:8001, Running: 34.0, Waiting: 0.0
Worker: http://localhost:8001, qlen: 34.0
Worker: http://localhost:8001, Tokens: 93759.0
Worker: http://localhost:8002, Running: 30.0, Waiting: 0.0
Worker: http://localhost:8002, qlen: 30.0
Worker: http://localhost:8002, Tokens: 92706.0
Selected worker: http://localhost:8002
Worker: http://localhost:8001, Running: 34.0, Waiting: 0.0
Worker: http://localhost:8001, qlen: 34.0
Worker: http://localhost:8001, Tokens: 93759.0
Worker: http://localhost:8002, Running: 30.0, Waiting: 0.0
Worker: http://localhost:8002, qlen: 30.0
Worker: http://localhost:8002, Tokens: 92982.0
Selected worker: http://localhost:8002
INFO:     127.0.0.1:56270 - "POST /v1/completions HTTP/1.1" 200 OK
INFO:     127.0.0.1:56284 - "POST /v1/completions HTTP/1.1" 200 OK
Worker: http://localhost:8001, Running: 32.0, Waiting: 0.0
Worker: http://localhost:8001, qlen: 32.0
Worker: http://localhost:8001, Tokens: 94505.0
Worker: http://localhost:8002, Running: 32.0, Waiting: 0.0
Worker: http://localhost:8002, qlen: 32.0
Worker: http://localhost:8002, Tokens: 93338.0
Selected worker: http://localhost:8002
INFO:     127.0.0.1:56294 - "POST /v1/completions HTTP/1.1" 200 OK
Worker: http://localhost:8001, Running: 31.0, Waiting: 0.0
Worker: http://localhost:8001, qlen: 31.0
Worker: http://localhost:8001, Tokens: 94926.0
Worker: http://localhost:8002, Running: 33.0, Waiting: 0.0
Worker: http://localhost:8002, qlen: 33.0
Worker: http://localhost:8002, Tokens: 93680.0
Selected worker: http://localhost:8001
INFO:     127.0.0.1:56308 - "POST /v1/completions HTTP/1.1" 200 OK
Worker: http://localhost:8001, Running: 30.0, Waiting: 0.0
Worker: http://localhost:8001, qlen: 30.0
Worker: http://localhost:8001, Tokens: 94807.0
Worker: http://localhost:8002, Running: 33.0, Waiting: 0.0
Worker: http://localhost:8002, qlen: 33.0
Worker: http://localhost:8002, Tokens: 93911.0
Selected worker: http://localhost:8001
INFO:     127.0.0.1:56322 - "POST /v1/completions HTTP/1.1" 200 OK
Worker: http://localhost:8001, Running: 29.0, Waiting: 0.0
Worker: http://localhost:8001, qlen: 29.0
Worker: http://localhost:8001, Tokens: 95443.0
Worker: http://localhost:8002, Running: 33.0, Waiting: 0.0
Worker: http://localhost:8002, qlen: 33.0
Worker: http://localhost:8002, Tokens: 93911.0
Selected worker: http://localhost:8001
INFO:     127.0.0.1:56338 - "POST /v1/completions HTTP/1.1" 200 OK
Worker: http://localhost:8001, Running: 29.0, Waiting: 0.0
Worker: http://localhost:8001, qlen: 29.0
Worker: http://localhost:8001, Tokens: 95705.0
Worker: http://localhost:8002, Running: 30.0, Waiting: 0.0
Worker: http://localhost:8002, qlen: 30.0
Worker: http://localhost:8002, Tokens: 94073.0
Selected worker: http://localhost:8001
Worker: http://localhost:8001, Running: 29.0, Waiting: 0.0
Worker: http://localhost:8001, qlen: 29.0
Worker: http://localhost:8001, Tokens: 95962.0
Worker: http://localhost:8002, Running: 30.0, Waiting: 0.0
Worker: http://localhost:8002, qlen: 30.0
Worker: http://localhost:8002, Tokens: 94073.0
Selected worker: http://localhost:8001
Worker: http://localhost:8001, Running: 29.0, Waiting: 0.0
Worker: http://localhost:8001, qlen: 29.0
Worker: http://localhost:8001, Tokens: 96241.0
Worker: http://localhost:8002, Running: 30.0, Waiting: 0.0
Worker: http://localhost:8002, qlen: 30.0
Worker: http://localhost:8002, Tokens: 94073.0
Selected worker: http://localhost:8001
INFO:     127.0.0.1:56346 - "POST /v1/completions HTTP/1.1" 200 OK
INFO:     127.0.0.1:56360 - "POST /v1/completions HTTP/1.1" 200 OK
INFO:     127.0.0.1:56372 - "POST /v1/completions HTTP/1.1" 200 OK
Worker: http://localhost:8001, Running: 34.0, Waiting: 0.0
Worker: http://localhost:8001, qlen: 34.0
Worker: http://localhost:8001, Tokens: 96599.0
Worker: http://localhost:8002, Running: 30.0, Waiting: 0.0
Worker: http://localhost:8002, qlen: 30.0
Worker: http://localhost:8002, Tokens: 94669.0
Selected worker: http://localhost:8002
INFO:     127.0.0.1:56378 - "POST /v1/completions HTTP/1.1" 200 OK
Worker: http://localhost:8001, Running: 34.0, Waiting: 0.0
Worker: http://localhost:8001, qlen: 34.0
Worker: http://localhost:8001, Tokens: 97721.0
Worker: http://localhost:8002, Running: 30.0, Waiting: 0.0
Worker: http://localhost:8002, qlen: 30.0
Worker: http://localhost:8002, Tokens: 95512.0
Selected worker: http://localhost:8002
Worker: http://localhost:8001, Running: 34.0, Waiting: 0.0
Worker: http://localhost:8001, qlen: 34.0
Worker: http://localhost:8001, Tokens: 97721.0
Worker: http://localhost:8002, Running: 30.0, Waiting: 0.0
Worker: http://localhost:8002, qlen: 30.0
Worker: http://localhost:8002, Tokens: 95774.0
Selected worker: http://localhost:8002
INFO:     127.0.0.1:56386 - "POST /v1/completions HTTP/1.1" 200 OK
INFO:     127.0.0.1:56392 - "POST /v1/completions HTTP/1.1" 200 OK
Worker: http://localhost:8001, Running: 34.0, Waiting: 0.0
Worker: http://localhost:8001, qlen: 34.0
Worker: http://localhost:8001, Tokens: 98231.0
Worker: http://localhost:8002, Running: 30.0, Waiting: 0.0
Worker: http://localhost:8002, qlen: 30.0
Worker: http://localhost:8002, Tokens: 96226.0
Selected worker: http://localhost:8002
INFO:     127.0.0.1:56398 - "POST /v1/completions HTTP/1.1" 200 OK
Worker: http://localhost:8001, Running: 33.0, Waiting: 0.0
Worker: http://localhost:8001, qlen: 33.0
Worker: http://localhost:8001, Tokens: 98809.0
Worker: http://localhost:8002, Running: 30.0, Waiting: 0.0
Worker: http://localhost:8002, qlen: 30.0
Worker: http://localhost:8002, Tokens: 97036.0
Selected worker: http://localhost:8002
INFO:     127.0.0.1:56404 - "POST /v1/completions HTTP/1.1" 200 OK
Worker: http://localhost:8001, Running: 33.0, Waiting: 0.0
Worker: http://localhost:8001, qlen: 33.0
Worker: http://localhost:8001, Tokens: 98442.0
Worker: http://localhost:8002, Running: 31.0, Waiting: 0.0
Worker: http://localhost:8002, qlen: 31.0
Worker: http://localhost:8002, Tokens: 97293.0
Selected worker: http://localhost:8002
INFO:     127.0.0.1:56416 - "POST /v1/completions HTTP/1.1" 200 OK
Worker: http://localhost:8001, Running: 33.0, Waiting: 0.0
Worker: http://localhost:8001, qlen: 33.0
Worker: http://localhost:8001, Tokens: 98442.0
Worker: http://localhost:8002, Running: 31.0, Waiting: 0.0
Worker: http://localhost:8002, qlen: 31.0
Worker: http://localhost:8002, Tokens: 98883.0
Selected worker: http://localhost:8002
INFO:     127.0.0.1:56418 - "POST /v1/completions HTTP/1.1" 200 OK
Worker: http://localhost:8001, Running: 31.0, Waiting: 0.0
Worker: http://localhost:8001, qlen: 31.0
Worker: http://localhost:8001, Tokens: 98257.0
Worker: http://localhost:8002, Running: 31.0, Waiting: 0.0
Worker: http://localhost:8002, qlen: 31.0
Worker: http://localhost:8002, Tokens: 97479.0
Selected worker: http://localhost:8002
Worker: http://localhost:8001, Running: 31.0, Waiting: 0.0
Worker: http://localhost:8001, qlen: 31.0
Worker: http://localhost:8001, Tokens: 98257.0
Worker: http://localhost:8002, Running: 31.0, Waiting: 0.0
Worker: http://localhost:8002, qlen: 31.0
Worker: http://localhost:8002, Tokens: 99350.0
Selected worker: http://localhost:8001
Worker: http://localhost:8001, Running: 31.0, Waiting: 0.0
Worker: http://localhost:8001, qlen: 31.0
Worker: http://localhost:8001, Tokens: 98514.0
Worker: http://localhost:8002, Running: 31.0, Waiting: 0.0
Worker: http://localhost:8002, qlen: 31.0
Worker: http://localhost:8002, Tokens: 99350.0
Selected worker: http://localhost:8001
INFO:     127.0.0.1:56434 - "POST /v1/completions HTTP/1.1" 200 OK
INFO:     127.0.0.1:56442 - "POST /v1/completions HTTP/1.1" 200 OK
INFO:     127.0.0.1:56426 - "POST /v1/completions HTTP/1.1" 200 OK
Worker: http://localhost:8001, Running: 30.0, Waiting: 0.0
Worker: http://localhost:8001, qlen: 30.0
Worker: http://localhost:8001, Tokens: 100268.0
Worker: http://localhost:8002, Running: 34.0, Waiting: 0.0
Worker: http://localhost:8002, qlen: 34.0
Worker: http://localhost:8002, Tokens: 101754.0
Selected worker: http://localhost:8001
INFO:     127.0.0.1:56446 - "POST /v1/completions HTTP/1.1" 200 OK
Worker: http://localhost:8001, Running: 31.0, Waiting: 0.0
Worker: http://localhost:8001, qlen: 31.0
Worker: http://localhost:8001, Tokens: 102787.0
Worker: http://localhost:8002, Running: 33.0, Waiting: 0.0
Worker: http://localhost:8002, qlen: 33.0
Worker: http://localhost:8002, Tokens: 102759.0
Selected worker: http://localhost:8001
INFO:     127.0.0.1:56456 - "POST /v1/completions HTTP/1.1" 200 OK
Worker: http://localhost:8001, Running: 31.0, Waiting: 0.0
Worker: http://localhost:8001, qlen: 31.0
Worker: http://localhost:8001, Tokens: 103061.0
Worker: http://localhost:8002, Running: 33.0, Waiting: 0.0
Worker: http://localhost:8002, qlen: 33.0
Worker: http://localhost:8002, Tokens: 102759.0
Selected worker: http://localhost:8001
INFO:     127.0.0.1:56464 - "POST /v1/completions HTTP/1.1" 200 OK
Worker: http://localhost:8001, Running: 33.0, Waiting: 0.0
Worker: http://localhost:8001, qlen: 33.0
Worker: http://localhost:8001, Tokens: 103106.0
Worker: http://localhost:8002, Running: 31.0, Waiting: 0.0
Worker: http://localhost:8002, qlen: 31.0
Worker: http://localhost:8002, Tokens: 103394.0
Selected worker: http://localhost:8002
INFO:     127.0.0.1:56470 - "POST /v1/completions HTTP/1.1" 200 OK
Worker: http://localhost:8001, Running: 33.0, Waiting: 0.0
Worker: http://localhost:8001, qlen: 33.0
Worker: http://localhost:8001, Tokens: 103733.0
Worker: http://localhost:8002, Running: 31.0, Waiting: 0.0
Worker: http://localhost:8002, qlen: 31.0
Worker: http://localhost:8002, Tokens: 105217.0
Selected worker: http://localhost:8002
INFO:     127.0.0.1:56482 - "POST /v1/completions HTTP/1.1" 200 OK
Worker: http://localhost:8001, Running: 33.0, Waiting: 0.0
Worker: http://localhost:8001, qlen: 33.0
Worker: http://localhost:8001, Tokens: 103287.0
Worker: http://localhost:8002, Running: 30.0, Waiting: 0.0
Worker: http://localhost:8002, qlen: 30.0
Worker: http://localhost:8002, Tokens: 105638.0
Selected worker: http://localhost:8002
Worker: http://localhost:8001, Running: 33.0, Waiting: 0.0
Worker: http://localhost:8001, qlen: 33.0
Worker: http://localhost:8001, Tokens: 103287.0
Worker: http://localhost:8002, Running: 30.0, Waiting: 0.0
Worker: http://localhost:8002, qlen: 30.0
Worker: http://localhost:8002, Tokens: 105907.0
Selected worker: http://localhost:8002
INFO:     127.0.0.1:56490 - "POST /v1/completions HTTP/1.1" 200 OK
INFO:     127.0.0.1:56504 - "POST /v1/completions HTTP/1.1" 200 OK
Worker: http://localhost:8001, Running: 31.0, Waiting: 0.0
Worker: http://localhost:8001, qlen: 31.0
Worker: http://localhost:8001, Tokens: 103997.0
Worker: http://localhost:8002, Running: 30.0, Waiting: 0.0
Worker: http://localhost:8002, qlen: 30.0
Worker: http://localhost:8002, Tokens: 105910.0
Selected worker: http://localhost:8002
INFO:     127.0.0.1:56520 - "POST /v1/completions HTTP/1.1" 200 OK
Worker: http://localhost:8001, Running: 31.0, Waiting: 0.0
Worker: http://localhost:8001, qlen: 31.0
Worker: http://localhost:8001, Tokens: 105591.0
Worker: http://localhost:8002, Running: 33.0, Waiting: 0.0
Worker: http://localhost:8002, qlen: 33.0
Worker: http://localhost:8002, Tokens: 107943.0
Selected worker: http://localhost:8001
Worker: http://localhost:8001, Running: 31.0, Waiting: 0.0
Worker: http://localhost:8001, qlen: 31.0
Worker: http://localhost:8001, Tokens: 105848.0
Worker: http://localhost:8002, Running: 33.0, Waiting: 0.0
Worker: http://localhost:8002, qlen: 33.0
Worker: http://localhost:8002, Tokens: 107943.0
Selected worker: http://localhost:8001
INFO:     127.0.0.1:41280 - "POST /v1/completions HTTP/1.1" 200 OK
INFO:     127.0.0.1:41288 - "POST /v1/completions HTTP/1.1" 200 OK
Worker: http://localhost:8001, Running: 31.0, Waiting: 0.0
Worker: http://localhost:8001, qlen: 31.0
Worker: http://localhost:8001, Tokens: 107180.0
Worker: http://localhost:8002, Running: 33.0, Waiting: 0.0
Worker: http://localhost:8002, qlen: 33.0
Worker: http://localhost:8002, Tokens: 108704.0
Selected worker: http://localhost:8001
INFO:     127.0.0.1:41298 - "POST /v1/completions HTTP/1.1" 200 OK
Worker: http://localhost:8001, Running: 31.0, Waiting: 0.0
Worker: http://localhost:8001, qlen: 31.0
Worker: http://localhost:8001, Tokens: 107335.0
Worker: http://localhost:8002, Running: 30.0, Waiting: 0.0
Worker: http://localhost:8002, qlen: 30.0
Worker: http://localhost:8002, Tokens: 108954.0
Selected worker: http://localhost:8002
INFO:     127.0.0.1:41300 - "POST /v1/completions HTTP/1.1" 200 OK
Worker: http://localhost:8001, Running: 31.0, Waiting: 0.0
Worker: http://localhost:8001, qlen: 31.0
Worker: http://localhost:8001, Tokens: 107335.0
Worker: http://localhost:8002, Running: 30.0, Waiting: 0.0
Worker: http://localhost:8002, qlen: 30.0
Worker: http://localhost:8002, Tokens: 109219.0
Selected worker: http://localhost:8002
INFO:     127.0.0.1:41302 - "POST /v1/completions HTTP/1.1" 200 OK
Worker: http://localhost:8001, Running: 31.0, Waiting: 0.0
Worker: http://localhost:8001, qlen: 31.0
Worker: http://localhost:8001, Tokens: 107335.0
Worker: http://localhost:8002, Running: 30.0, Waiting: 0.0
Worker: http://localhost:8002, qlen: 30.0
Worker: http://localhost:8002, Tokens: 109200.0
Selected worker: http://localhost:8002
INFO:     127.0.0.1:41306 - "POST /v1/completions HTTP/1.1" 200 OK
Worker: http://localhost:8001, Running: 32.0, Waiting: 0.0
Worker: http://localhost:8001, qlen: 32.0
Worker: http://localhost:8001, Tokens: 109050.0
Worker: http://localhost:8002, Running: 32.0, Waiting: 0.0
Worker: http://localhost:8002, qlen: 32.0
Worker: http://localhost:8002, Tokens: 111315.0
Selected worker: http://localhost:8001
Worker: http://localhost:8001, Running: 32.0, Waiting: 0.0
Worker: http://localhost:8001, qlen: 32.0
Worker: http://localhost:8001, Tokens: 109321.0
Worker: http://localhost:8002, Running: 32.0, Waiting: 0.0
Worker: http://localhost:8002, qlen: 32.0
Worker: http://localhost:8002, Tokens: 111315.0
Selected worker: http://localhost:8002
INFO:     127.0.0.1:41316 - "POST /v1/completions HTTP/1.1" 200 OK
INFO:     127.0.0.1:41332 - "POST /v1/completions HTTP/1.1" 200 OK
Worker: http://localhost:8001, Running: 31.0, Waiting: 0.0
Worker: http://localhost:8001, qlen: 31.0
Worker: http://localhost:8001, Tokens: 110252.0
Worker: http://localhost:8002, Running: 33.0, Waiting: 0.0
Worker: http://localhost:8002, qlen: 33.0
Worker: http://localhost:8002, Tokens: 112275.0
Selected worker: http://localhost:8001
INFO:     127.0.0.1:41342 - "POST /v1/completions HTTP/1.1" 200 OK
Worker: http://localhost:8001, Running: 31.0, Waiting: 0.0
Worker: http://localhost:8001, qlen: 31.0
Worker: http://localhost:8001, Tokens: 110757.0
Worker: http://localhost:8002, Running: 33.0, Waiting: 0.0
Worker: http://localhost:8002, qlen: 33.0
Worker: http://localhost:8002, Tokens: 112015.0
Selected worker: http://localhost:8001
Worker: http://localhost:8001, Running: 31.0, Waiting: 0.0
Worker: http://localhost:8001, qlen: 31.0
Worker: http://localhost:8001, Tokens: 111018.0
Worker: http://localhost:8002, Running: 33.0, Waiting: 0.0
Worker: http://localhost:8002, qlen: 33.0
Worker: http://localhost:8002, Tokens: 112015.0
Selected worker: http://localhost:8001
INFO:     127.0.0.1:41346 - "POST /v1/completions HTTP/1.1" 200 OK
INFO:     127.0.0.1:41348 - "POST /v1/completions HTTP/1.1" 200 OK
Worker: http://localhost:8001, Running: 31.0, Waiting: 0.0
Worker: http://localhost:8001, qlen: 31.0
Worker: http://localhost:8001, Tokens: 112573.0
Worker: http://localhost:8002, Running: 31.0, Waiting: 0.0
Worker: http://localhost:8002, qlen: 31.0
Worker: http://localhost:8002, Tokens: 112374.0
Selected worker: http://localhost:8002
INFO:     127.0.0.1:41356 - "POST /v1/completions HTTP/1.1" 200 OK
Worker: http://localhost:8001, Running: 32.0, Waiting: 0.0
Worker: http://localhost:8001, qlen: 32.0
Worker: http://localhost:8001, Tokens: 114696.0
Worker: http://localhost:8002, Running: 31.0, Waiting: 0.0
Worker: http://localhost:8002, qlen: 31.0
Worker: http://localhost:8002, Tokens: 118127.0
Selected worker: http://localhost:8002
INFO:     127.0.0.1:41366 - "POST /v1/completions HTTP/1.1" 200 OK
Worker: http://localhost:8001, Running: 32.0, Waiting: 0.0
Worker: http://localhost:8001, qlen: 32.0
Worker: http://localhost:8001, Tokens: 114696.0
Worker: http://localhost:8002, Running: 31.0, Waiting: 0.0
Worker: http://localhost:8002, qlen: 31.0
Worker: http://localhost:8002, Tokens: 118016.0
Selected worker: http://localhost:8002
INFO:     127.0.0.1:41380 - "POST /v1/completions HTTP/1.1" 200 OK
Worker: http://localhost:8001, Running: 32.0, Waiting: 0.0
Worker: http://localhost:8001, qlen: 32.0
Worker: http://localhost:8001, Tokens: 115333.0
Worker: http://localhost:8002, Running: 32.0, Waiting: 0.0
Worker: http://localhost:8002, qlen: 32.0
Worker: http://localhost:8002, Tokens: 118985.0
Selected worker: http://localhost:8001
INFO:     127.0.0.1:41396 - "POST /v1/completions HTTP/1.1" 200 OK
Worker: http://localhost:8001, Running: 32.0, Waiting: 0.0
Worker: http://localhost:8001, qlen: 32.0
Worker: http://localhost:8001, Tokens: 115566.0
Worker: http://localhost:8002, Running: 32.0, Waiting: 0.0
Worker: http://localhost:8002, qlen: 32.0
Worker: http://localhost:8002, Tokens: 119337.0
Selected worker: http://localhost:8002
INFO:     127.0.0.1:41398 - "POST /v1/completions HTTP/1.1" 200 OK
Worker: http://localhost:8001, Running: 31.0, Waiting: 0.0
Worker: http://localhost:8001, qlen: 31.0
Worker: http://localhost:8001, Tokens: 118093.0
Worker: http://localhost:8002, Running: 33.0, Waiting: 0.0
Worker: http://localhost:8002, qlen: 33.0
Worker: http://localhost:8002, Tokens: 121266.0
Selected worker: http://localhost:8001
INFO:     127.0.0.1:58774 - "POST /v1/completions HTTP/1.1" 200 OK
Worker: http://localhost:8001, Running: 31.0, Waiting: 0.0
Worker: http://localhost:8001, qlen: 31.0
Worker: http://localhost:8001, Tokens: 118384.0
Worker: http://localhost:8002, Running: 32.0, Waiting: 0.0
Worker: http://localhost:8002, qlen: 32.0
Worker: http://localhost:8002, Tokens: 121407.0
Selected worker: http://localhost:8001
INFO:     127.0.0.1:58784 - "POST /v1/completions HTTP/1.1" 200 OK
Worker: http://localhost:8001, Running: 33.0, Waiting: 0.0
Worker: http://localhost:8001, qlen: 33.0
Worker: http://localhost:8001, Tokens: 118623.0
Worker: http://localhost:8002, Running: 31.0, Waiting: 0.0
Worker: http://localhost:8002, qlen: 31.0
Worker: http://localhost:8002, Tokens: 122418.0
Selected worker: http://localhost:8002
INFO:     127.0.0.1:58800 - "POST /v1/completions HTTP/1.1" 200 OK
Worker: http://localhost:8001, Running: 32.0, Waiting: 0.0
Worker: http://localhost:8001, qlen: 32.0
Worker: http://localhost:8001, Tokens: 119439.0
Worker: http://localhost:8002, Running: 32.0, Waiting: 0.0
Worker: http://localhost:8002, qlen: 32.0
Worker: http://localhost:8002, Tokens: 124334.0
Selected worker: http://localhost:8001
INFO:     127.0.0.1:58812 - "POST /v1/completions HTTP/1.1" 200 OK
Worker: http://localhost:8001, Running: 33.0, Waiting: 0.0
Worker: http://localhost:8001, qlen: 33.0
Worker: http://localhost:8001, Tokens: 121262.0
Worker: http://localhost:8002, Running: 31.0, Waiting: 0.0
Worker: http://localhost:8002, qlen: 31.0
Worker: http://localhost:8002, Tokens: 126793.0
Selected worker: http://localhost:8002
INFO:     127.0.0.1:58828 - "POST /v1/completions HTTP/1.1" 200 OK
Worker: http://localhost:8001, Running: 32.0, Waiting: 0.0
Worker: http://localhost:8001, qlen: 32.0
Worker: http://localhost:8001, Tokens: 121367.0
Worker: http://localhost:8002, Running: 31.0, Waiting: 0.0
Worker: http://localhost:8002, qlen: 31.0
Worker: http://localhost:8002, Tokens: 127054.0
Selected worker: http://localhost:8002
INFO:     127.0.0.1:58832 - "POST /v1/completions HTTP/1.1" 200 OK
Worker: http://localhost:8001, Running: 31.0, Waiting: 0.0
Worker: http://localhost:8001, qlen: 31.0
Worker: http://localhost:8001, Tokens: 122508.0
Worker: http://localhost:8002, Running: 33.0, Waiting: 0.0
Worker: http://localhost:8002, qlen: 33.0
Worker: http://localhost:8002, Tokens: 130779.0
Selected worker: http://localhost:8001
INFO:     127.0.0.1:58848 - "POST /v1/completions HTTP/1.1" 200 OK
Worker: http://localhost:8001, Running: 31.0, Waiting: 0.0
Worker: http://localhost:8001, qlen: 31.0
Worker: http://localhost:8001, Tokens: 127447.0
Worker: http://localhost:8002, Running: 33.0, Waiting: 0.0
Worker: http://localhost:8002, qlen: 33.0
Worker: http://localhost:8002, Tokens: 133092.0
Selected worker: http://localhost:8001
INFO:     127.0.0.1:58852 - "POST /v1/completions HTTP/1.1" 200 OK
Worker: http://localhost:8001, Running: 32.0, Waiting: 0.0
Worker: http://localhost:8001, qlen: 32.0
Worker: http://localhost:8001, Tokens: 130546.0
Worker: http://localhost:8002, Running: 32.0, Waiting: 0.0
Worker: http://localhost:8002, qlen: 32.0
Worker: http://localhost:8002, Tokens: 136651.0
Selected worker: http://localhost:8001
INFO:     127.0.0.1:59026 - "POST /v1/completions HTTP/1.1" 200 OK
Worker: http://localhost:8001, Running: 32.0, Waiting: 0.0
Worker: http://localhost:8001, qlen: 32.0
Worker: http://localhost:8001, Tokens: 130124.0
Worker: http://localhost:8002, Running: 32.0, Waiting: 0.0
Worker: http://localhost:8002, qlen: 32.0
Worker: http://localhost:8002, Tokens: 137483.0
Selected worker: http://localhost:8001
INFO:     127.0.0.1:59036 - "POST /v1/completions HTTP/1.1" 200 OK
Worker: http://localhost:8001, Running: 32.0, Waiting: 0.0
Worker: http://localhost:8001, qlen: 32.0
Worker: http://localhost:8001, Tokens: 133199.0
Worker: http://localhost:8002, Running: 32.0, Waiting: 0.0
Worker: http://localhost:8002, qlen: 32.0
Worker: http://localhost:8002, Tokens: 137317.0
Selected worker: http://localhost:8001
INFO:     127.0.0.1:59038 - "POST /v1/completions HTTP/1.1" 200 OK
Worker: http://localhost:8001, Running: 32.0, Waiting: 0.0
Worker: http://localhost:8001, qlen: 32.0
Worker: http://localhost:8001, Tokens: 130155.0
Worker: http://localhost:8002, Running: 32.0, Waiting: 0.0
Worker: http://localhost:8002, qlen: 32.0
Worker: http://localhost:8002, Tokens: 137317.0
Selected worker: http://localhost:8001
INFO:     127.0.0.1:59046 - "POST /v1/completions HTTP/1.1" 200 OK
Worker: http://localhost:8001, Running: 32.0, Waiting: 0.0
Worker: http://localhost:8001, qlen: 32.0
Worker: http://localhost:8001, Tokens: 130420.0
Worker: http://localhost:8002, Running: 32.0, Waiting: 0.0
Worker: http://localhost:8002, qlen: 32.0
Worker: http://localhost:8002, Tokens: 137317.0
Selected worker: http://localhost:8002
INFO:     127.0.0.1:59060 - "POST /v1/completions HTTP/1.1" 200 OK
Worker: http://localhost:8001, Running: 32.0, Waiting: 0.0
Worker: http://localhost:8001, qlen: 32.0
Worker: http://localhost:8001, Tokens: 131186.0
Worker: http://localhost:8002, Running: 32.0, Waiting: 0.0
Worker: http://localhost:8002, qlen: 32.0
Worker: http://localhost:8002, Tokens: 139817.0
Selected worker: http://localhost:8002
Worker: http://localhost:8001, Running: 32.0, Waiting: 0.0
Worker: http://localhost:8001, qlen: 32.0
Worker: http://localhost:8001, Tokens: 131186.0
Worker: http://localhost:8002, Running: 32.0, Waiting: 0.0
Worker: http://localhost:8002, qlen: 32.0
Worker: http://localhost:8002, Tokens: 141774.0
Selected worker: http://localhost:8002
INFO:     127.0.0.1:59076 - "POST /v1/completions HTTP/1.1" 200 OK
INFO:     127.0.0.1:59082 - "POST /v1/completions HTTP/1.1" 200 OK
Worker: http://localhost:8001, Running: 32.0, Waiting: 0.0
Worker: http://localhost:8001, qlen: 32.0
Worker: http://localhost:8001, Tokens: 127953.0
Worker: http://localhost:8002, Running: 32.0, Waiting: 0.0
Worker: http://localhost:8002, qlen: 32.0
Worker: http://localhost:8002, Tokens: 139913.0
Selected worker: http://localhost:8002
INFO:     127.0.0.1:59086 - "POST /v1/completions HTTP/1.1" 200 OK
Worker: http://localhost:8001, Running: 32.0, Waiting: 0.0
Worker: http://localhost:8001, qlen: 32.0
Worker: http://localhost:8001, Tokens: 127953.0
Worker: http://localhost:8002, Running: 32.0, Waiting: 0.0
Worker: http://localhost:8002, qlen: 32.0
Worker: http://localhost:8002, Tokens: 140181.0
Selected worker: http://localhost:8001
INFO:     127.0.0.1:59100 - "POST /v1/completions HTTP/1.1" 200 OK
Worker: http://localhost:8001, Running: 32.0, Waiting: 0.0
Worker: http://localhost:8001, qlen: 32.0
Worker: http://localhost:8001, Tokens: 128227.0
Worker: http://localhost:8002, Running: 32.0, Waiting: 0.0
Worker: http://localhost:8002, qlen: 32.0
Worker: http://localhost:8002, Tokens: 140181.0
Selected worker: http://localhost:8001
INFO:     127.0.0.1:59112 - "POST /v1/completions HTTP/1.1" 200 OK
Worker: http://localhost:8001, Running: 29.0, Waiting: 0.0
Worker: http://localhost:8001, qlen: 29.0
Worker: http://localhost:8001, Tokens: 134926.0
Worker: http://localhost:8002, Running: 35.0, Waiting: 0.0
Worker: http://localhost:8002, qlen: 35.0
Worker: http://localhost:8002, Tokens: 138984.0
Selected worker: http://localhost:8001
INFO:     127.0.0.1:59124 - "POST /v1/completions HTTP/1.1" 200 OK
Worker: http://localhost:8001, Running: 29.0, Waiting: 0.0
Worker: http://localhost:8001, qlen: 29.0
Worker: http://localhost:8001, Tokens: 135196.0
Worker: http://localhost:8002, Running: 35.0, Waiting: 0.0
Worker: http://localhost:8002, qlen: 35.0
Worker: http://localhost:8002, Tokens: 138984.0
Selected worker: http://localhost:8001
INFO:     127.0.0.1:59138 - "POST /v1/completions HTTP/1.1" 200 OK
Worker: http://localhost:8001, Running: 29.0, Waiting: 0.0
Worker: http://localhost:8001, qlen: 29.0
Worker: http://localhost:8001, Tokens: 135153.0
Worker: http://localhost:8002, Running: 33.0, Waiting: 0.0
Worker: http://localhost:8002, qlen: 33.0
Worker: http://localhost:8002, Tokens: 142580.0
Selected worker: http://localhost:8001
INFO:     127.0.0.1:59154 - "POST /v1/completions HTTP/1.1" 200 OK
Worker: http://localhost:8001, Running: 29.0, Waiting: 0.0
Worker: http://localhost:8001, qlen: 29.0
Worker: http://localhost:8001, Tokens: 135438.0
Worker: http://localhost:8002, Running: 33.0, Waiting: 0.0
Worker: http://localhost:8002, qlen: 33.0
Worker: http://localhost:8002, Tokens: 136611.0
Selected worker: http://localhost:8001
INFO:     127.0.0.1:59168 - "POST /v1/completions HTTP/1.1" 200 OK
Worker: http://localhost:8001, Running: 29.0, Waiting: 0.0
Worker: http://localhost:8001, qlen: 29.0
Worker: http://localhost:8001, Tokens: 135727.0
Worker: http://localhost:8002, Running: 33.0, Waiting: 0.0
Worker: http://localhost:8002, qlen: 33.0
Worker: http://localhost:8002, Tokens: 136611.0
Selected worker: http://localhost:8001
INFO:     127.0.0.1:59180 - "POST /v1/completions HTTP/1.1" 200 OK
Worker: http://localhost:8001, Running: 33.0, Waiting: 0.0
Worker: http://localhost:8001, qlen: 33.0
Worker: http://localhost:8001, Tokens: 139231.0
Worker: http://localhost:8002, Running: 31.0, Waiting: 0.0
Worker: http://localhost:8002, qlen: 31.0
Worker: http://localhost:8002, Tokens: 143821.0
Selected worker: http://localhost:8002
INFO:     127.0.0.1:59186 - "POST /v1/completions HTTP/1.1" 200 OK
Worker: http://localhost:8001, Running: 33.0, Waiting: 0.0
Worker: http://localhost:8001, qlen: 33.0
Worker: http://localhost:8001, Tokens: 139231.0
Worker: http://localhost:8002, Running: 30.0, Waiting: 0.0
Worker: http://localhost:8002, qlen: 30.0
Worker: http://localhost:8002, Tokens: 143822.0
Selected worker: http://localhost:8002
INFO:     127.0.0.1:59196 - "POST /v1/completions HTTP/1.1" 200 OK
Worker: http://localhost:8001, Running: 33.0, Waiting: 0.0
Worker: http://localhost:8001, qlen: 33.0
Worker: http://localhost:8001, Tokens: 139363.0
Worker: http://localhost:8002, Running: 30.0, Waiting: 0.0
Worker: http://localhost:8002, qlen: 30.0
Worker: http://localhost:8002, Tokens: 142454.0
Selected worker: http://localhost:8002
INFO:     127.0.0.1:59202 - "POST /v1/completions HTTP/1.1" 200 OK
Worker: http://localhost:8001, Running: 33.0, Waiting: 0.0
Worker: http://localhost:8001, qlen: 33.0
Worker: http://localhost:8001, Tokens: 139363.0
Worker: http://localhost:8002, Running: 30.0, Waiting: 0.0
Worker: http://localhost:8002, qlen: 30.0
Worker: http://localhost:8002, Tokens: 141310.0
Selected worker: http://localhost:8002
INFO:     127.0.0.1:59214 - "POST /v1/completions HTTP/1.1" 200 OK
Worker: http://localhost:8001, Running: 33.0, Waiting: 0.0
Worker: http://localhost:8001, qlen: 33.0
Worker: http://localhost:8001, Tokens: 138296.0
Worker: http://localhost:8002, Running: 31.0, Waiting: 0.0
Worker: http://localhost:8002, qlen: 31.0
Worker: http://localhost:8002, Tokens: 146145.0
Selected worker: http://localhost:8002
Worker: http://localhost:8001, Running: 33.0, Waiting: 0.0
Worker: http://localhost:8001, qlen: 33.0
Worker: http://localhost:8001, Tokens: 138296.0
Worker: http://localhost:8002, Running: 31.0, Waiting: 0.0
Worker: http://localhost:8002, qlen: 31.0
Worker: http://localhost:8002, Tokens: 146407.0
Selected worker: http://localhost:8002
INFO:     127.0.0.1:59226 - "POST /v1/completions HTTP/1.1" 200 OK
INFO:     127.0.0.1:59238 - "POST /v1/completions HTTP/1.1" 200 OK
Worker: http://localhost:8001, Running: 31.0, Waiting: 0.0
Worker: http://localhost:8001, qlen: 31.0
Worker: http://localhost:8001, Tokens: 139758.0
Worker: http://localhost:8002, Running: 31.0, Waiting: 0.0
Worker: http://localhost:8002, qlen: 31.0
Worker: http://localhost:8002, Tokens: 146699.0
Selected worker: http://localhost:8002
INFO:     127.0.0.1:59246 - "POST /v1/completions HTTP/1.1" 200 OK
Worker: http://localhost:8001, Running: 31.0, Waiting: 0.0
Worker: http://localhost:8001, qlen: 31.0
Worker: http://localhost:8001, Tokens: 135980.0
Worker: http://localhost:8002, Running: 31.0, Waiting: 0.0
Worker: http://localhost:8002, qlen: 31.0
Worker: http://localhost:8002, Tokens: 146331.0
Selected worker: http://localhost:8001
INFO:     127.0.0.1:59258 - "POST /v1/completions HTTP/1.1" 200 OK
Worker: http://localhost:8001, Running: 31.0, Waiting: 0.0
Worker: http://localhost:8001, qlen: 31.0
Worker: http://localhost:8001, Tokens: 136251.0
Worker: http://localhost:8002, Running: 31.0, Waiting: 0.0
Worker: http://localhost:8002, qlen: 31.0
Worker: http://localhost:8002, Tokens: 146331.0
Selected worker: http://localhost:8001
INFO:     127.0.0.1:59270 - "POST /v1/completions HTTP/1.1" 200 OK
Worker: http://localhost:8001, Running: 31.0, Waiting: 0.0
Worker: http://localhost:8001, qlen: 31.0
Worker: http://localhost:8001, Tokens: 136539.0
Worker: http://localhost:8002, Running: 31.0, Waiting: 0.0
Worker: http://localhost:8002, qlen: 31.0
Worker: http://localhost:8002, Tokens: 146070.0
Selected worker: http://localhost:8002
INFO:     127.0.0.1:59272 - "POST /v1/completions HTTP/1.1" 200 OK
Worker: http://localhost:8001, Running: 30.0, Waiting: 0.0
Worker: http://localhost:8001, qlen: 30.0
Worker: http://localhost:8001, Tokens: 140428.0
Worker: http://localhost:8002, Running: 34.0, Waiting: 0.0
Worker: http://localhost:8002, qlen: 34.0
Worker: http://localhost:8002, Tokens: 147303.0
Selected worker: http://localhost:8001
Worker: http://localhost:8001, Running: 30.0, Waiting: 0.0
Worker: http://localhost:8001, qlen: 30.0
Worker: http://localhost:8001, Tokens: 140686.0
Worker: http://localhost:8002, Running: 34.0, Waiting: 0.0
Worker: http://localhost:8002, qlen: 34.0
Worker: http://localhost:8002, Tokens: 147303.0
Selected worker: http://localhost:8001
INFO:     127.0.0.1:59274 - "POST /v1/completions HTTP/1.1" 200 OK
INFO:     127.0.0.1:59284 - "POST /v1/completions HTTP/1.1" 200 OK
Worker: http://localhost:8001, Running: 28.0, Waiting: 0.0
Worker: http://localhost:8001, qlen: 28.0
Worker: http://localhost:8001, Tokens: 141102.0
Worker: http://localhost:8002, Running: 34.0, Waiting: 0.0
Worker: http://localhost:8002, qlen: 34.0
Worker: http://localhost:8002, Tokens: 147035.0
Selected worker: http://localhost:8001
INFO:     127.0.0.1:59290 - "POST /v1/completions HTTP/1.1" 200 OK
Worker: http://localhost:8001, Running: 30.0, Waiting: 0.0
Worker: http://localhost:8001, qlen: 30.0
Worker: http://localhost:8001, Tokens: 141297.0
Worker: http://localhost:8002, Running: 33.0, Waiting: 0.0
Worker: http://localhost:8002, qlen: 33.0
Worker: http://localhost:8002, Tokens: 146229.0
Selected worker: http://localhost:8001
INFO:     127.0.0.1:59292 - "POST /v1/completions HTTP/1.1" 200 OK
Worker: http://localhost:8001, Running: 32.0, Waiting: 0.0
Worker: http://localhost:8001, qlen: 32.0
Worker: http://localhost:8001, Tokens: 141486.0
Worker: http://localhost:8002, Running: 32.0, Waiting: 0.0
Worker: http://localhost:8002, qlen: 32.0
Worker: http://localhost:8002, Tokens: 144869.0
Selected worker: http://localhost:8002
Worker: http://localhost:8001, Running: 32.0, Waiting: 0.0
Worker: http://localhost:8001, qlen: 32.0
Worker: http://localhost:8001, Tokens: 141486.0
Worker: http://localhost:8002, Running: 32.0, Waiting: 0.0
Worker: http://localhost:8002, qlen: 32.0
Worker: http://localhost:8002, Tokens: 148038.0
Selected worker: http://localhost:8001
INFO:     127.0.0.1:33894 - "POST /v1/completions HTTP/1.1" 200 OK
INFO:     127.0.0.1:33908 - "POST /v1/completions HTTP/1.1" 200 OK
Worker: http://localhost:8001, Running: 32.0, Waiting: 0.0
Worker: http://localhost:8001, qlen: 32.0
Worker: http://localhost:8001, Tokens: 140920.0
Worker: http://localhost:8002, Running: 31.0, Waiting: 0.0
Worker: http://localhost:8002, qlen: 31.0
Worker: http://localhost:8002, Tokens: 143283.0
Selected worker: http://localhost:8002
INFO:     127.0.0.1:33912 - "POST /v1/completions HTTP/1.1" 200 OK
Worker: http://localhost:8001, Running: 32.0, Waiting: 0.0
Worker: http://localhost:8001, qlen: 32.0
Worker: http://localhost:8001, Tokens: 140920.0
Worker: http://localhost:8002, Running: 31.0, Waiting: 0.0
Worker: http://localhost:8002, qlen: 31.0
Worker: http://localhost:8002, Tokens: 145122.0
Selected worker: http://localhost:8002
INFO:     127.0.0.1:33916 - "POST /v1/completions HTTP/1.1" 200 OK
Worker: http://localhost:8001, Running: 32.0, Waiting: 0.0
Worker: http://localhost:8001, qlen: 32.0
Worker: http://localhost:8001, Tokens: 140920.0
Worker: http://localhost:8002, Running: 31.0, Waiting: 0.0
Worker: http://localhost:8002, qlen: 31.0
Worker: http://localhost:8002, Tokens: 145403.0
Selected worker: http://localhost:8002
INFO:     127.0.0.1:33924 - "POST /v1/completions HTTP/1.1" 200 OK
Worker: http://localhost:8001, Running: 32.0, Waiting: 0.0
Worker: http://localhost:8001, qlen: 32.0
Worker: http://localhost:8001, Tokens: 140920.0
Worker: http://localhost:8002, Running: 31.0, Waiting: 0.0
Worker: http://localhost:8002, qlen: 31.0
Worker: http://localhost:8002, Tokens: 145707.0
Selected worker: http://localhost:8002
INFO:     127.0.0.1:33926 - "POST /v1/completions HTTP/1.1" 200 OK
Worker: http://localhost:8001, Running: 32.0, Waiting: 0.0
Worker: http://localhost:8001, qlen: 32.0
Worker: http://localhost:8001, Tokens: 140920.0
Worker: http://localhost:8002, Running: 31.0, Waiting: 0.0
Worker: http://localhost:8002, qlen: 31.0
Worker: http://localhost:8002, Tokens: 145967.0
Selected worker: http://localhost:8002
INFO:     127.0.0.1:33932 - "POST /v1/completions HTTP/1.1" 200 OK
Worker: http://localhost:8001, Running: 32.0, Waiting: 0.0
Worker: http://localhost:8001, qlen: 32.0
Worker: http://localhost:8001, Tokens: 140920.0
Worker: http://localhost:8002, Running: 31.0, Waiting: 0.0
Worker: http://localhost:8002, qlen: 31.0
Worker: http://localhost:8002, Tokens: 146239.0
Selected worker: http://localhost:8002
INFO:     127.0.0.1:33944 - "POST /v1/completions HTTP/1.1" 200 OK
Worker: http://localhost:8001, Running: 29.0, Waiting: 0.0
Worker: http://localhost:8001, qlen: 29.0
Worker: http://localhost:8001, Tokens: 143164.0
Worker: http://localhost:8002, Running: 35.0, Waiting: 0.0
Worker: http://localhost:8002, qlen: 35.0
Worker: http://localhost:8002, Tokens: 158292.0
Selected worker: http://localhost:8001
INFO:     127.0.0.1:33948 - "POST /v1/completions HTTP/1.1" 200 OK
Worker: http://localhost:8001, Running: 29.0, Waiting: 0.0
Worker: http://localhost:8001, qlen: 29.0
Worker: http://localhost:8001, Tokens: 141154.0
Worker: http://localhost:8002, Running: 35.0, Waiting: 0.0
Worker: http://localhost:8002, qlen: 35.0
Worker: http://localhost:8002, Tokens: 158292.0
Selected worker: http://localhost:8001
INFO:     127.0.0.1:33964 - "POST /v1/completions HTTP/1.1" 200 OK
Worker: http://localhost:8001, Running: 29.0, Waiting: 0.0
Worker: http://localhost:8001, qlen: 29.0
Worker: http://localhost:8001, Tokens: 141416.0
Worker: http://localhost:8002, Running: 34.0, Waiting: 0.0
Worker: http://localhost:8002, qlen: 34.0
Worker: http://localhost:8002, Tokens: 157917.0
Selected worker: http://localhost:8001
INFO:     127.0.0.1:33978 - "POST /v1/completions HTTP/1.1" 200 OK
Worker: http://localhost:8001, Running: 29.0, Waiting: 0.0
Worker: http://localhost:8001, qlen: 29.0
Worker: http://localhost:8001, Tokens: 142858.0
Worker: http://localhost:8002, Running: 34.0, Waiting: 0.0
Worker: http://localhost:8002, qlen: 34.0
Worker: http://localhost:8002, Tokens: 157917.0
Selected worker: http://localhost:8001
INFO:     127.0.0.1:33988 - "POST /v1/completions HTTP/1.1" 200 OK
Worker: http://localhost:8001, Running: 29.0, Waiting: 0.0
Worker: http://localhost:8001, qlen: 29.0
Worker: http://localhost:8001, Tokens: 143126.0
Worker: http://localhost:8002, Running: 34.0, Waiting: 0.0
Worker: http://localhost:8002, qlen: 34.0
Worker: http://localhost:8002, Tokens: 157917.0
Selected worker: http://localhost:8001
INFO:     127.0.0.1:34002 - "POST /v1/completions HTTP/1.1" 200 OK
Worker: http://localhost:8001, Running: 27.0, Waiting: 0.0
Worker: http://localhost:8001, qlen: 27.0
Worker: http://localhost:8001, Tokens: 144751.0
Worker: http://localhost:8002, Running: 34.0, Waiting: 0.0
Worker: http://localhost:8002, qlen: 34.0
Worker: http://localhost:8002, Tokens: 157917.0
Selected worker: http://localhost:8001
INFO:     127.0.0.1:34014 - "POST /v1/completions HTTP/1.1" 200 OK
Worker: http://localhost:8001, Running: 27.0, Waiting: 0.0
Worker: http://localhost:8001, qlen: 27.0
Worker: http://localhost:8001, Tokens: 146040.0
Worker: http://localhost:8002, Running: 34.0, Waiting: 0.0
Worker: http://localhost:8002, qlen: 34.0
Worker: http://localhost:8002, Tokens: 157917.0
Selected worker: http://localhost:8001
INFO:     127.0.0.1:34016 - "POST /v1/completions HTTP/1.1" 200 OK
Worker: http://localhost:8001, Running: 30.0, Waiting: 0.0
Worker: http://localhost:8001, qlen: 30.0
Worker: http://localhost:8001, Tokens: 146429.0
Worker: http://localhost:8002, Running: 31.0, Waiting: 0.0
Worker: http://localhost:8002, qlen: 31.0
Worker: http://localhost:8002, Tokens: 158727.0
Selected worker: http://localhost:8001
Worker: http://localhost:8001, Running: 30.0, Waiting: 0.0
Worker: http://localhost:8001, qlen: 30.0
Worker: http://localhost:8001, Tokens: 146696.0
Worker: http://localhost:8002, Running: 31.0, Waiting: 0.0
Worker: http://localhost:8002, qlen: 31.0
Worker: http://localhost:8002, Tokens: 158727.0
Selected worker: http://localhost:8001
INFO:     127.0.0.1:34022 - "POST /v1/completions HTTP/1.1" 200 OK
INFO:     127.0.0.1:34032 - "POST /v1/completions HTTP/1.1" 200 OK
Worker: http://localhost:8001, Running: 33.0, Waiting: 0.0
Worker: http://localhost:8001, qlen: 33.0
Worker: http://localhost:8001, Tokens: 147977.0
Worker: http://localhost:8002, Running: 29.0, Waiting: 0.0
Worker: http://localhost:8002, qlen: 29.0
Worker: http://localhost:8002, Tokens: 159080.0
Selected worker: http://localhost:8002
INFO:     127.0.0.1:34046 - "POST /v1/completions HTTP/1.1" 200 OK
Worker: http://localhost:8001, Running: 33.0, Waiting: 0.0
Worker: http://localhost:8001, qlen: 33.0
Worker: http://localhost:8001, Tokens: 147977.0
Worker: http://localhost:8002, Running: 29.0, Waiting: 0.0
Worker: http://localhost:8002, qlen: 29.0
Worker: http://localhost:8002, Tokens: 159089.0
Selected worker: http://localhost:8002
INFO:     127.0.0.1:34058 - "POST /v1/completions HTTP/1.1" 200 OK
Worker: http://localhost:8001, Running: 35.0, Waiting: 0.0
Worker: http://localhost:8001, qlen: 35.0
Worker: http://localhost:8001, Tokens: 146408.0
Worker: http://localhost:8002, Running: 28.0, Waiting: 0.0
Worker: http://localhost:8002, qlen: 28.0
Worker: http://localhost:8002, Tokens: 159721.0
Selected worker: http://localhost:8002
INFO:     127.0.0.1:34068 - "POST /v1/completions HTTP/1.1" 200 OK
Worker: http://localhost:8001, Running: 34.0, Waiting: 0.0
Worker: http://localhost:8001, qlen: 34.0
Worker: http://localhost:8001, Tokens: 147038.0
Worker: http://localhost:8002, Running: 29.0, Waiting: 0.0
Worker: http://localhost:8002, qlen: 29.0
Worker: http://localhost:8002, Tokens: 159749.0
Selected worker: http://localhost:8002
INFO:     127.0.0.1:34084 - "POST /v1/completions HTTP/1.1" 200 OK
Worker: http://localhost:8001, Running: 33.0, Waiting: 0.0
Worker: http://localhost:8001, qlen: 33.0
Worker: http://localhost:8001, Tokens: 144787.0
Worker: http://localhost:8002, Running: 29.0, Waiting: 0.0
Worker: http://localhost:8002, qlen: 29.0
Worker: http://localhost:8002, Tokens: 160030.0
Selected worker: http://localhost:8002
INFO:     127.0.0.1:34086 - "POST /v1/completions HTTP/1.1" 200 OK
Worker: http://localhost:8001, Running: 33.0, Waiting: 0.0
Worker: http://localhost:8001, qlen: 33.0
Worker: http://localhost:8001, Tokens: 144787.0
Worker: http://localhost:8002, Running: 29.0, Waiting: 0.0
Worker: http://localhost:8002, qlen: 29.0
Worker: http://localhost:8002, Tokens: 160296.0
Selected worker: http://localhost:8002
Worker: http://localhost:8001, Running: 33.0, Waiting: 0.0
Worker: http://localhost:8001, qlen: 33.0
Worker: http://localhost:8001, Tokens: 144787.0
Worker: http://localhost:8002, Running: 29.0, Waiting: 0.0
Worker: http://localhost:8002, qlen: 29.0
Worker: http://localhost:8002, Tokens: 161669.0
Selected worker: http://localhost:8002
Worker: http://localhost:8001, Running: 33.0, Waiting: 0.0
Worker: http://localhost:8001, qlen: 33.0
Worker: http://localhost:8001, Tokens: 144787.0
Worker: http://localhost:8002, Running: 29.0, Waiting: 0.0
Worker: http://localhost:8002, qlen: 29.0
Worker: http://localhost:8002, Tokens: 161948.0
Selected worker: http://localhost:8002
INFO:     127.0.0.1:34102 - "POST /v1/completions HTTP/1.1" 200 OK
INFO:     127.0.0.1:34104 - "POST /v1/completions HTTP/1.1" 200 OK
INFO:     127.0.0.1:34108 - "POST /v1/completions HTTP/1.1" 200 OK
Worker: http://localhost:8001, Running: 33.0, Waiting: 0.0
Worker: http://localhost:8001, qlen: 33.0
Worker: http://localhost:8001, Tokens: 144226.0
Worker: http://localhost:8002, Running: 30.0, Waiting: 0.0
Worker: http://localhost:8002, qlen: 30.0
Worker: http://localhost:8002, Tokens: 163043.0
Selected worker: http://localhost:8002
INFO:     127.0.0.1:34120 - "POST /v1/completions HTTP/1.1" 200 OK
Worker: http://localhost:8001, Running: 33.0, Waiting: 0.0
Worker: http://localhost:8001, qlen: 33.0
Worker: http://localhost:8001, Tokens: 144226.0
Worker: http://localhost:8002, Running: 30.0, Waiting: 0.0
Worker: http://localhost:8002, qlen: 30.0
Worker: http://localhost:8002, Tokens: 163304.0
Selected worker: http://localhost:8002
INFO:     127.0.0.1:34122 - "POST /v1/completions HTTP/1.1" 200 OK
Worker: http://localhost:8001, Running: 27.0, Waiting: 0.0
Worker: http://localhost:8001, qlen: 27.0
Worker: http://localhost:8001, Tokens: 149002.0
Worker: http://localhost:8002, Running: 37.0, Waiting: 0.0
Worker: http://localhost:8002, qlen: 37.0
Worker: http://localhost:8002, Tokens: 165095.0
Selected worker: http://localhost:8001
INFO:     127.0.0.1:34132 - "POST /v1/completions HTTP/1.1" 200 OK
Worker: http://localhost:8001, Running: 27.0, Waiting: 0.0
Worker: http://localhost:8001, qlen: 27.0
Worker: http://localhost:8001, Tokens: 150116.0
Worker: http://localhost:8002, Running: 37.0, Waiting: 0.0
Worker: http://localhost:8002, qlen: 37.0
Worker: http://localhost:8002, Tokens: 164977.0
Selected worker: http://localhost:8001
Worker: http://localhost:8001, Running: 27.0, Waiting: 0.0
Worker: http://localhost:8001, qlen: 27.0
Worker: http://localhost:8001, Tokens: 150393.0
Worker: http://localhost:8002, Running: 37.0, Waiting: 0.0
Worker: http://localhost:8002, qlen: 37.0
Worker: http://localhost:8002, Tokens: 164977.0
Selected worker: http://localhost:8001
Worker: http://localhost:8001, Running: 27.0, Waiting: 0.0
Worker: http://localhost:8001, qlen: 27.0
Worker: http://localhost:8001, Tokens: 150650.0
Worker: http://localhost:8002, Running: 37.0, Waiting: 0.0
Worker: http://localhost:8002, qlen: 37.0
Worker: http://localhost:8002, Tokens: 164977.0
Selected worker: http://localhost:8001
Worker: http://localhost:8001, Running: 27.0, Waiting: 0.0
Worker: http://localhost:8001, qlen: 27.0
Worker: http://localhost:8001, Tokens: 150912.0
Worker: http://localhost:8002, Running: 37.0, Waiting: 0.0
Worker: http://localhost:8002, qlen: 37.0
Worker: http://localhost:8002, Tokens: 164977.0
Selected worker: http://localhost:8001
INFO:     127.0.0.1:34148 - "POST /v1/completions HTTP/1.1" 200 OK
INFO:     127.0.0.1:34162 - "POST /v1/completions HTTP/1.1" 200 OK
INFO:     127.0.0.1:34174 - "POST /v1/completions HTTP/1.1" 200 OK
INFO:     127.0.0.1:34176 - "POST /v1/completions HTTP/1.1" 200 OK
Worker: http://localhost:8001, Running: 27.0, Waiting: 0.0
Worker: http://localhost:8001, qlen: 27.0
Worker: http://localhost:8001, Tokens: 150359.0
Worker: http://localhost:8002, Running: 33.0, Waiting: 0.0
Worker: http://localhost:8002, qlen: 33.0
Worker: http://localhost:8002, Tokens: 163083.0
Selected worker: http://localhost:8001
INFO:     127.0.0.1:34184 - "POST /v1/completions HTTP/1.1" 200 OK
Worker: http://localhost:8001, Running: 27.0, Waiting: 0.0
Worker: http://localhost:8001, qlen: 27.0
Worker: http://localhost:8001, Tokens: 150633.0
Worker: http://localhost:8002, Running: 31.0, Waiting: 0.0
Worker: http://localhost:8002, qlen: 31.0
Worker: http://localhost:8002, Tokens: 166497.0
Selected worker: http://localhost:8001
INFO:     127.0.0.1:34196 - "POST /v1/completions HTTP/1.1" 200 OK
Worker: http://localhost:8001, Running: 31.0, Waiting: 0.0
Worker: http://localhost:8001, qlen: 31.0
Worker: http://localhost:8001, Tokens: 150374.0
Worker: http://localhost:8002, Running: 31.0, Waiting: 0.0
Worker: http://localhost:8002, qlen: 31.0
Worker: http://localhost:8002, Tokens: 166497.0
Selected worker: http://localhost:8001
INFO:     127.0.0.1:34198 - "POST /v1/completions HTTP/1.1" 200 OK
Worker: http://localhost:8001, Running: 31.0, Waiting: 0.0
Worker: http://localhost:8001, qlen: 31.0
Worker: http://localhost:8001, Tokens: 151965.0
Worker: http://localhost:8002, Running: 31.0, Waiting: 0.0
Worker: http://localhost:8002, qlen: 31.0
Worker: http://localhost:8002, Tokens: 166683.0
Selected worker: http://localhost:8002
INFO:     127.0.0.1:34202 - "POST /v1/completions HTTP/1.1" 200 OK
Worker: http://localhost:8001, Running: 31.0, Waiting: 0.0
Worker: http://localhost:8001, qlen: 31.0
Worker: http://localhost:8001, Tokens: 150277.0
Worker: http://localhost:8002, Running: 31.0, Waiting: 0.0
Worker: http://localhost:8002, qlen: 31.0
Worker: http://localhost:8002, Tokens: 166946.0
Selected worker: http://localhost:8001
INFO:     127.0.0.1:34216 - "POST /v1/completions HTTP/1.1" 200 OK
Worker: http://localhost:8001, Running: 31.0, Waiting: 0.0
Worker: http://localhost:8001, qlen: 31.0
Worker: http://localhost:8001, Tokens: 150549.0
Worker: http://localhost:8002, Running: 31.0, Waiting: 0.0
Worker: http://localhost:8002, qlen: 31.0
Worker: http://localhost:8002, Tokens: 166946.0
Selected worker: http://localhost:8002
INFO:     127.0.0.1:34224 - "POST /v1/completions HTTP/1.1" 200 OK
Worker: http://localhost:8001, Running: 31.0, Waiting: 0.0
Worker: http://localhost:8001, qlen: 31.0
Worker: http://localhost:8001, Tokens: 153133.0
Worker: http://localhost:8002, Running: 33.0, Waiting: 0.0
Worker: http://localhost:8002, qlen: 33.0
Worker: http://localhost:8002, Tokens: 167160.0
Selected worker: http://localhost:8001
Worker: http://localhost:8001, Running: 31.0, Waiting: 0.0
Worker: http://localhost:8001, qlen: 31.0
Worker: http://localhost:8001, Tokens: 153400.0
Worker: http://localhost:8002, Running: 33.0, Waiting: 0.0
Worker: http://localhost:8002, qlen: 33.0
Worker: http://localhost:8002, Tokens: 167160.0
Selected worker: http://localhost:8001
INFO:     127.0.0.1:34236 - "POST /v1/completions HTTP/1.1" 200 OK
INFO:     127.0.0.1:34246 - "POST /v1/completions HTTP/1.1" 200 OK
Worker: http://localhost:8001, Running: 31.0, Waiting: 0.0
Worker: http://localhost:8001, qlen: 31.0
Worker: http://localhost:8001, Tokens: 154195.0
Worker: http://localhost:8002, Running: 33.0, Waiting: 0.0
Worker: http://localhost:8002, qlen: 33.0
Worker: http://localhost:8002, Tokens: 167401.0
Selected worker: http://localhost:8001
INFO:     127.0.0.1:34248 - "POST /v1/completions HTTP/1.1" 200 OK
Worker: http://localhost:8001, Running: 31.0, Waiting: 0.0
Worker: http://localhost:8001, qlen: 31.0
Worker: http://localhost:8001, Tokens: 154455.0
Worker: http://localhost:8002, Running: 32.0, Waiting: 0.0
Worker: http://localhost:8002, qlen: 32.0
Worker: http://localhost:8002, Tokens: 167574.0
Selected worker: http://localhost:8001
INFO:     127.0.0.1:34264 - "POST /v1/completions HTTP/1.1" 200 OK
Worker: http://localhost:8001, Running: 31.0, Waiting: 0.0
Worker: http://localhost:8001, qlen: 31.0
Worker: http://localhost:8001, Tokens: 154319.0
Worker: http://localhost:8002, Running: 32.0, Waiting: 0.0
Worker: http://localhost:8002, qlen: 32.0
Worker: http://localhost:8002, Tokens: 167293.0
Selected worker: http://localhost:8001
INFO:     127.0.0.1:34278 - "POST /v1/completions HTTP/1.1" 200 OK
Worker: http://localhost:8001, Running: 33.0, Waiting: 0.0
Worker: http://localhost:8001, qlen: 33.0
Worker: http://localhost:8001, Tokens: 154615.0
Worker: http://localhost:8002, Running: 30.0, Waiting: 0.0
Worker: http://localhost:8002, qlen: 30.0
Worker: http://localhost:8002, Tokens: 167411.0
Selected worker: http://localhost:8002
Worker: http://localhost:8001, Running: 33.0, Waiting: 0.0
Worker: http://localhost:8001, qlen: 33.0
Worker: http://localhost:8001, Tokens: 154615.0
Worker: http://localhost:8002, Running: 30.0, Waiting: 0.0
Worker: http://localhost:8002, qlen: 30.0
Worker: http://localhost:8002, Tokens: 167679.0
Selected worker: http://localhost:8002
Worker: http://localhost:8001, Running: 33.0, Waiting: 0.0
Worker: http://localhost:8001, qlen: 33.0
Worker: http://localhost:8001, Tokens: 154615.0
Worker: http://localhost:8002, Running: 30.0, Waiting: 0.0
Worker: http://localhost:8002, qlen: 30.0
Worker: http://localhost:8002, Tokens: 167946.0
Selected worker: http://localhost:8002
INFO:     127.0.0.1:34286 - "POST /v1/completions HTTP/1.1" 200 OK
INFO:     127.0.0.1:34294 - "POST /v1/completions HTTP/1.1" 200 OK
INFO:     127.0.0.1:34302 - "POST /v1/completions HTTP/1.1" 200 OK
Worker: http://localhost:8001, Running: 33.0, Waiting: 0.0
Worker: http://localhost:8001, qlen: 33.0
Worker: http://localhost:8001, Tokens: 154615.0
Worker: http://localhost:8002, Running: 30.0, Waiting: 0.0
Worker: http://localhost:8002, qlen: 30.0
Worker: http://localhost:8002, Tokens: 170345.0
Selected worker: http://localhost:8002
Worker: http://localhost:8001, Running: 33.0, Waiting: 0.0
Worker: http://localhost:8001, qlen: 33.0
Worker: http://localhost:8001, Tokens: 154615.0
Worker: http://localhost:8002, Running: 30.0, Waiting: 0.0
Worker: http://localhost:8002, qlen: 30.0
Worker: http://localhost:8002, Tokens: 170616.0
Selected worker: http://localhost:8002
INFO:     127.0.0.1:34318 - "POST /v1/completions HTTP/1.1" 200 OK
INFO:     127.0.0.1:34322 - "POST /v1/completions HTTP/1.1" 200 OK
Worker: http://localhost:8001, Running: 34.0, Waiting: 0.0
Worker: http://localhost:8001, qlen: 34.0
Worker: http://localhost:8001, Tokens: 155800.0
Worker: http://localhost:8002, Running: 25.0, Waiting: 0.0
Worker: http://localhost:8002, qlen: 25.0
Worker: http://localhost:8002, Tokens: 168432.0
Selected worker: http://localhost:8002
INFO:     127.0.0.1:34338 - "POST /v1/completions HTTP/1.1" 200 OK
Worker: http://localhost:8001, Running: 34.0, Waiting: 0.0
Worker: http://localhost:8001, qlen: 34.0
Worker: http://localhost:8001, Tokens: 154516.0
Worker: http://localhost:8002, Running: 27.0, Waiting: 0.0
Worker: http://localhost:8002, qlen: 27.0
Worker: http://localhost:8002, Tokens: 168510.0
Selected worker: http://localhost:8002
INFO:     127.0.0.1:34346 - "POST /v1/completions HTTP/1.1" 200 OK
Worker: http://localhost:8001, Running: 31.0, Waiting: 0.0
Worker: http://localhost:8001, qlen: 31.0
Worker: http://localhost:8001, Tokens: 155680.0
Worker: http://localhost:8002, Running: 27.0, Waiting: 0.0
Worker: http://localhost:8002, qlen: 27.0
Worker: http://localhost:8002, Tokens: 168783.0
Selected worker: http://localhost:8002
INFO:     127.0.0.1:34362 - "POST /v1/completions HTTP/1.1" 200 OK
Worker: http://localhost:8001, Running: 31.0, Waiting: 0.0
Worker: http://localhost:8001, qlen: 31.0
Worker: http://localhost:8001, Tokens: 155680.0
Worker: http://localhost:8002, Running: 27.0, Waiting: 0.0
Worker: http://localhost:8002, qlen: 27.0
Worker: http://localhost:8002, Tokens: 169050.0
Selected worker: http://localhost:8002
INFO:     127.0.0.1:34376 - "POST /v1/completions HTTP/1.1" 200 OK
Worker: http://localhost:8001, Running: 31.0, Waiting: 0.0
Worker: http://localhost:8001, qlen: 31.0
Worker: http://localhost:8001, Tokens: 149745.0
Worker: http://localhost:8002, Running: 27.0, Waiting: 0.0
Worker: http://localhost:8002, qlen: 27.0
Worker: http://localhost:8002, Tokens: 172213.0
Selected worker: http://localhost:8002
INFO:     127.0.0.1:34390 - "POST /v1/completions HTTP/1.1" 200 OK
Worker: http://localhost:8001, Running: 31.0, Waiting: 0.0
Worker: http://localhost:8001, qlen: 31.0
Worker: http://localhost:8001, Tokens: 149482.0
Worker: http://localhost:8002, Running: 27.0, Waiting: 0.0
Worker: http://localhost:8002, qlen: 27.0
Worker: http://localhost:8002, Tokens: 172504.0
Selected worker: http://localhost:8002
INFO:     127.0.0.1:34404 - "POST /v1/completions HTTP/1.1" 200 OK
Worker: http://localhost:8001, Running: 31.0, Waiting: 0.0
Worker: http://localhost:8001, qlen: 31.0
Worker: http://localhost:8001, Tokens: 149482.0
Worker: http://localhost:8002, Running: 27.0, Waiting: 0.0
Worker: http://localhost:8002, qlen: 27.0
Worker: http://localhost:8002, Tokens: 172767.0
Selected worker: http://localhost:8002
INFO:     127.0.0.1:34418 - "POST /v1/completions HTTP/1.1" 200 OK
Worker: http://localhost:8001, Running: 31.0, Waiting: 0.0
Worker: http://localhost:8001, qlen: 31.0
Worker: http://localhost:8001, Tokens: 149482.0
Worker: http://localhost:8002, Running: 27.0, Waiting: 0.0
Worker: http://localhost:8002, qlen: 27.0
Worker: http://localhost:8002, Tokens: 174525.0
Selected worker: http://localhost:8002
INFO:     127.0.0.1:34420 - "POST /v1/completions HTTP/1.1" 200 OK
Worker: http://localhost:8001, Running: 31.0, Waiting: 0.0
Worker: http://localhost:8001, qlen: 31.0
Worker: http://localhost:8001, Tokens: 149482.0
Worker: http://localhost:8002, Running: 31.0, Waiting: 0.0
Worker: http://localhost:8002, qlen: 31.0
Worker: http://localhost:8002, Tokens: 171313.0
Selected worker: http://localhost:8002
INFO:     127.0.0.1:34428 - "POST /v1/completions HTTP/1.1" 200 OK
Worker: http://localhost:8001, Running: 25.0, Waiting: 0.0
Worker: http://localhost:8001, qlen: 25.0
Worker: http://localhost:8001, Tokens: 157365.0
Worker: http://localhost:8002, Running: 39.0, Waiting: 0.0
Worker: http://localhost:8002, qlen: 39.0
Worker: http://localhost:8002, Tokens: 176377.0
Selected worker: http://localhost:8001
INFO:     127.0.0.1:34438 - "POST /v1/completions HTTP/1.1" 200 OK
Worker: http://localhost:8001, Running: 25.0, Waiting: 0.0
Worker: http://localhost:8001, qlen: 25.0
Worker: http://localhost:8001, Tokens: 157645.0
Worker: http://localhost:8002, Running: 39.0, Waiting: 0.0
Worker: http://localhost:8002, qlen: 39.0
Worker: http://localhost:8002, Tokens: 176377.0
Selected worker: http://localhost:8001
INFO:     127.0.0.1:34454 - "POST /v1/completions HTTP/1.1" 200 OK
Worker: http://localhost:8001, Running: 25.0, Waiting: 0.0
Worker: http://localhost:8001, qlen: 25.0
Worker: http://localhost:8001, Tokens: 159168.0
Worker: http://localhost:8002, Running: 39.0, Waiting: 0.0
Worker: http://localhost:8002, qlen: 39.0
Worker: http://localhost:8002, Tokens: 176377.0
Selected worker: http://localhost:8001
INFO:     127.0.0.1:34466 - "POST /v1/completions HTTP/1.1" 200 OK
Worker: http://localhost:8001, Running: 21.0, Waiting: 0.0
Worker: http://localhost:8001, qlen: 21.0
Worker: http://localhost:8001, Tokens: 158543.0
Worker: http://localhost:8002, Running: 39.0, Waiting: 0.0
Worker: http://localhost:8002, qlen: 39.0
Worker: http://localhost:8002, Tokens: 176377.0
Selected worker: http://localhost:8001
INFO:     127.0.0.1:34472 - "POST /v1/completions HTTP/1.1" 200 OK
Worker: http://localhost:8001, Running: 21.0, Waiting: 0.0
Worker: http://localhost:8001, qlen: 21.0
Worker: http://localhost:8001, Tokens: 159738.0
Worker: http://localhost:8002, Running: 39.0, Waiting: 0.0
Worker: http://localhost:8002, qlen: 39.0
Worker: http://localhost:8002, Tokens: 176377.0
Selected worker: http://localhost:8001
Worker: http://localhost:8001, Running: 21.0, Waiting: 0.0
Worker: http://localhost:8001, qlen: 21.0
Worker: http://localhost:8001, Tokens: 160011.0
Worker: http://localhost:8002, Running: 39.0, Waiting: 0.0
Worker: http://localhost:8002, qlen: 39.0
Worker: http://localhost:8002, Tokens: 176377.0
Selected worker: http://localhost:8001
INFO:     127.0.0.1:34480 - "POST /v1/completions HTTP/1.1" 200 OK
INFO:     127.0.0.1:34484 - "POST /v1/completions HTTP/1.1" 200 OK
Worker: http://localhost:8001, Running: 21.0, Waiting: 0.0
Worker: http://localhost:8001, qlen: 21.0
Worker: http://localhost:8001, Tokens: 163197.0
Worker: http://localhost:8002, Running: 39.0, Waiting: 0.0
Worker: http://localhost:8002, qlen: 39.0
Worker: http://localhost:8002, Tokens: 179924.0
Selected worker: http://localhost:8001
INFO:     127.0.0.1:34496 - "POST /v1/completions HTTP/1.1" 200 OK
Worker: http://localhost:8001, Running: 25.0, Waiting: 0.0
Worker: http://localhost:8001, qlen: 25.0
Worker: http://localhost:8001, Tokens: 168010.0
Worker: http://localhost:8002, Running: 39.0, Waiting: 0.0
Worker: http://localhost:8002, qlen: 39.0
Worker: http://localhost:8002, Tokens: 181016.0
Selected worker: http://localhost:8001
Worker: http://localhost:8001, Running: 25.0, Waiting: 0.0
Worker: http://localhost:8001, qlen: 25.0
Worker: http://localhost:8001, Tokens: 168286.0
Worker: http://localhost:8002, Running: 39.0, Waiting: 0.0
Worker: http://localhost:8002, qlen: 39.0
Worker: http://localhost:8002, Tokens: 181016.0
Selected worker: http://localhost:8001
INFO:     127.0.0.1:34502 - "POST /v1/completions HTTP/1.1" 200 OK
INFO:     127.0.0.1:34512 - "POST /v1/completions HTTP/1.1" 200 OK
Worker: http://localhost:8001, Running: 23.0, Waiting: 0.0
Worker: http://localhost:8001, qlen: 23.0
Worker: http://localhost:8001, Tokens: 168637.0
Worker: http://localhost:8002, Running: 39.0, Waiting: 0.0
Worker: http://localhost:8002, qlen: 39.0
Worker: http://localhost:8002, Tokens: 180487.0
Selected worker: http://localhost:8001
Worker: http://localhost:8001, Running: 23.0, Waiting: 0.0
Worker: http://localhost:8001, qlen: 23.0
Worker: http://localhost:8001, Tokens: 168905.0
Worker: http://localhost:8002, Running: 39.0, Waiting: 0.0
Worker: http://localhost:8002, qlen: 39.0
Worker: http://localhost:8002, Tokens: 180487.0
Selected worker: http://localhost:8001
INFO:     127.0.0.1:34516 - "POST /v1/completions HTTP/1.1" 200 OK
INFO:     127.0.0.1:34518 - "POST /v1/completions HTTP/1.1" 200 OK
Worker: http://localhost:8001, Running: 23.0, Waiting: 0.0
Worker: http://localhost:8001, qlen: 23.0
Worker: http://localhost:8001, Tokens: 169176.0
Worker: http://localhost:8002, Running: 37.0, Waiting: 0.0
Worker: http://localhost:8002, qlen: 37.0
Worker: http://localhost:8002, Tokens: 176353.0
Selected worker: http://localhost:8001
INFO:     127.0.0.1:34520 - "POST /v1/completions HTTP/1.1" 200 OK
Worker: http://localhost:8001, Running: 23.0, Waiting: 0.0
Worker: http://localhost:8001, qlen: 23.0
Worker: http://localhost:8001, Tokens: 169438.0
Worker: http://localhost:8002, Running: 37.0, Waiting: 0.0
Worker: http://localhost:8002, qlen: 37.0
Worker: http://localhost:8002, Tokens: 176353.0
Selected worker: http://localhost:8001
INFO:     127.0.0.1:34536 - "POST /v1/completions HTTP/1.1" 200 OK
Worker: http://localhost:8001, Running: 23.0, Waiting: 0.0
Worker: http://localhost:8001, qlen: 23.0
Worker: http://localhost:8001, Tokens: 171090.0
Worker: http://localhost:8002, Running: 37.0, Waiting: 0.0
Worker: http://localhost:8002, qlen: 37.0
Worker: http://localhost:8002, Tokens: 176353.0
Selected worker: http://localhost:8001
INFO:     127.0.0.1:34542 - "POST /v1/completions HTTP/1.1" 200 OK
Worker: http://localhost:8001, Running: 29.0, Waiting: 0.0
Worker: http://localhost:8001, qlen: 29.0
Worker: http://localhost:8001, Tokens: 170907.0
Worker: http://localhost:8002, Running: 35.0, Waiting: 0.0
Worker: http://localhost:8002, qlen: 35.0
Worker: http://localhost:8002, Tokens: 181704.0
Selected worker: http://localhost:8001
INFO:     127.0.0.1:39300 - "POST /v1/completions HTTP/1.1" 200 OK
Worker: http://localhost:8001, Running: 29.0, Waiting: 0.0
Worker: http://localhost:8001, qlen: 29.0
Worker: http://localhost:8001, Tokens: 172233.0
Worker: http://localhost:8002, Running: 35.0, Waiting: 0.0
Worker: http://localhost:8002, qlen: 35.0
Worker: http://localhost:8002, Tokens: 176798.0
Selected worker: http://localhost:8001
INFO:     127.0.0.1:39302 - "POST /v1/completions HTTP/1.1" 200 OK
Worker: http://localhost:8001, Running: 29.0, Waiting: 0.0
Worker: http://localhost:8001, qlen: 29.0
Worker: http://localhost:8001, Tokens: 172500.0
Worker: http://localhost:8002, Running: 35.0, Waiting: 0.0
Worker: http://localhost:8002, qlen: 35.0
Worker: http://localhost:8002, Tokens: 176798.0
Selected worker: http://localhost:8001
INFO:     127.0.0.1:39306 - "POST /v1/completions HTTP/1.1" 200 OK
Worker: http://localhost:8001, Running: 29.0, Waiting: 0.0
Worker: http://localhost:8001, qlen: 29.0
Worker: http://localhost:8001, Tokens: 172771.0
Worker: http://localhost:8002, Running: 35.0, Waiting: 0.0
Worker: http://localhost:8002, qlen: 35.0
Worker: http://localhost:8002, Tokens: 176798.0
Selected worker: http://localhost:8001
INFO:     127.0.0.1:39310 - "POST /v1/completions HTTP/1.1" 200 OK
Worker: http://localhost:8001, Running: 29.0, Waiting: 0.0
Worker: http://localhost:8001, qlen: 29.0
Worker: http://localhost:8001, Tokens: 174328.0
Worker: http://localhost:8002, Running: 35.0, Waiting: 0.0
Worker: http://localhost:8002, qlen: 35.0
Worker: http://localhost:8002, Tokens: 175986.0
Selected worker: http://localhost:8001
Worker: http://localhost:8001, Running: 29.0, Waiting: 0.0
Worker: http://localhost:8001, qlen: 29.0
Worker: http://localhost:8001, Tokens: 174606.0
Worker: http://localhost:8002, Running: 35.0, Waiting: 0.0
Worker: http://localhost:8002, qlen: 35.0
Worker: http://localhost:8002, Tokens: 175986.0
Selected worker: http://localhost:8001
INFO:     127.0.0.1:39322 - "POST /v1/completions HTTP/1.1" 200 OK
INFO:     127.0.0.1:39330 - "POST /v1/completions HTTP/1.1" 200 OK
Worker: http://localhost:8001, Running: 29.0, Waiting: 0.0
Worker: http://localhost:8001, qlen: 29.0
Worker: http://localhost:8001, Tokens: 176183.0
Worker: http://localhost:8002, Running: 35.0, Waiting: 0.0
Worker: http://localhost:8002, qlen: 35.0
Worker: http://localhost:8002, Tokens: 175986.0
Selected worker: http://localhost:8001
INFO:     127.0.0.1:39332 - "POST /v1/completions HTTP/1.1" 200 OK
Worker: http://localhost:8001, Running: 29.0, Waiting: 0.0
Worker: http://localhost:8001, qlen: 29.0
Worker: http://localhost:8001, Tokens: 176455.0
Worker: http://localhost:8002, Running: 29.0, Waiting: 0.0
Worker: http://localhost:8002, qlen: 29.0
Worker: http://localhost:8002, Tokens: 182732.0
Selected worker: http://localhost:8002
INFO:     127.0.0.1:39344 - "POST /v1/completions HTTP/1.1" 200 OK
Worker: http://localhost:8001, Running: 29.0, Waiting: 0.0
Worker: http://localhost:8001, qlen: 29.0
Worker: http://localhost:8001, Tokens: 176455.0
Worker: http://localhost:8002, Running: 29.0, Waiting: 0.0
Worker: http://localhost:8002, qlen: 29.0
Worker: http://localhost:8002, Tokens: 182733.0
Selected worker: http://localhost:8001
INFO:     127.0.0.1:39346 - "POST /v1/completions HTTP/1.1" 200 OK
Worker: http://localhost:8001, Running: 31.0, Waiting: 0.0
Worker: http://localhost:8001, qlen: 31.0
Worker: http://localhost:8001, Tokens: 172619.0
Worker: http://localhost:8002, Running: 29.0, Waiting: 0.0
Worker: http://localhost:8002, qlen: 29.0
Worker: http://localhost:8002, Tokens: 182179.0
Selected worker: http://localhost:8002
Worker: http://localhost:8001, Running: 31.0, Waiting: 0.0
Worker: http://localhost:8001, qlen: 31.0
Worker: http://localhost:8001, Tokens: 172619.0
Worker: http://localhost:8002, Running: 29.0, Waiting: 0.0
Worker: http://localhost:8002, qlen: 29.0
Worker: http://localhost:8002, Tokens: 182443.0
Selected worker: http://localhost:8002
INFO:     127.0.0.1:39354 - "POST /v1/completions HTTP/1.1" 200 OK
INFO:     127.0.0.1:39370 - "POST /v1/completions HTTP/1.1" 200 OK
Worker: http://localhost:8001, Running: 31.0, Waiting: 0.0
Worker: http://localhost:8001, qlen: 31.0
Worker: http://localhost:8001, Tokens: 172619.0
Worker: http://localhost:8002, Running: 26.0, Waiting: 0.0
Worker: http://localhost:8002, qlen: 26.0
Worker: http://localhost:8002, Tokens: 183002.0
Selected worker: http://localhost:8002
INFO:     127.0.0.1:39382 - "POST /v1/completions HTTP/1.1" 200 OK
Worker: http://localhost:8001, Running: 36.0, Waiting: 0.0
Worker: http://localhost:8001, qlen: 36.0
Worker: http://localhost:8001, Tokens: 181610.0
Worker: http://localhost:8002, Running: 28.0, Waiting: 0.0
Worker: http://localhost:8002, qlen: 28.0
Worker: http://localhost:8002, Tokens: 184362.0
Selected worker: http://localhost:8002
INFO:     127.0.0.1:39398 - "POST /v1/completions HTTP/1.1" 200 OK
Worker: http://localhost:8001, Running: 35.0, Waiting: 0.0
Worker: http://localhost:8001, qlen: 35.0
Worker: http://localhost:8001, Tokens: 181434.0
Worker: http://localhost:8002, Running: 28.0, Waiting: 0.0
Worker: http://localhost:8002, qlen: 28.0
Worker: http://localhost:8002, Tokens: 184624.0
Selected worker: http://localhost:8002
INFO:     127.0.0.1:39412 - "POST /v1/completions HTTP/1.1" 200 OK
Worker: http://localhost:8001, Running: 35.0, Waiting: 0.0
Worker: http://localhost:8001, qlen: 35.0
Worker: http://localhost:8001, Tokens: 181132.0
Worker: http://localhost:8002, Running: 28.0, Waiting: 0.0
Worker: http://localhost:8002, qlen: 28.0
Worker: http://localhost:8002, Tokens: 184894.0
Selected worker: http://localhost:8002
INFO:     127.0.0.1:39414 - "POST /v1/completions HTTP/1.1" 200 OK
Worker: http://localhost:8001, Running: 35.0, Waiting: 0.0
Worker: http://localhost:8001, qlen: 35.0
Worker: http://localhost:8001, Tokens: 181132.0
Worker: http://localhost:8002, Running: 28.0, Waiting: 0.0
Worker: http://localhost:8002, qlen: 28.0
Worker: http://localhost:8002, Tokens: 185170.0
Selected worker: http://localhost:8002
INFO:     127.0.0.1:39416 - "POST /v1/completions HTTP/1.1" 200 OK
Worker: http://localhost:8001, Running: 32.0, Waiting: 0.0
Worker: http://localhost:8001, qlen: 32.0
Worker: http://localhost:8001, Tokens: 182294.0
Worker: http://localhost:8002, Running: 29.0, Waiting: 0.0
Worker: http://localhost:8002, qlen: 29.0
Worker: http://localhost:8002, Tokens: 184697.0
Selected worker: http://localhost:8002
INFO:     127.0.0.1:39420 - "POST /v1/completions HTTP/1.1" 200 OK
Worker: http://localhost:8001, Running: 32.0, Waiting: 0.0
Worker: http://localhost:8001, qlen: 32.0
Worker: http://localhost:8001, Tokens: 182040.0
Worker: http://localhost:8002, Running: 32.0, Waiting: 0.0
Worker: http://localhost:8002, qlen: 32.0
Worker: http://localhost:8002, Tokens: 184924.0
Selected worker: http://localhost:8001
Worker: http://localhost:8001, Running: 32.0, Waiting: 0.0
Worker: http://localhost:8001, qlen: 32.0
Worker: http://localhost:8001, Tokens: 183528.0
Worker: http://localhost:8002, Running: 32.0, Waiting: 0.0
Worker: http://localhost:8002, qlen: 32.0
Worker: http://localhost:8002, Tokens: 184924.0
Selected worker: http://localhost:8002
INFO:     127.0.0.1:39424 - "POST /v1/completions HTTP/1.1" 200 OK
INFO:     127.0.0.1:39434 - "POST /v1/completions HTTP/1.1" 200 OK
Worker: http://localhost:8001, Running: 32.0, Waiting: 0.0
Worker: http://localhost:8001, qlen: 32.0
Worker: http://localhost:8001, Tokens: 181921.0
Worker: http://localhost:8002, Running: 32.0, Waiting: 0.0
Worker: http://localhost:8002, qlen: 32.0
Worker: http://localhost:8002, Tokens: 185020.0
Selected worker: http://localhost:8002
INFO:     127.0.0.1:39438 - "POST /v1/completions HTTP/1.1" 200 OK
Worker: http://localhost:8001, Running: 32.0, Waiting: 0.0
Worker: http://localhost:8001, qlen: 32.0
Worker: http://localhost:8001, Tokens: 181120.0
Worker: http://localhost:8002, Running: 32.0, Waiting: 0.0
Worker: http://localhost:8002, qlen: 32.0
Worker: http://localhost:8002, Tokens: 185282.0
Selected worker: http://localhost:8002
Worker: http://localhost:8001, Running: 32.0, Waiting: 0.0
Worker: http://localhost:8001, qlen: 32.0
Worker: http://localhost:8001, Tokens: 181120.0
Worker: http://localhost:8002, Running: 32.0, Waiting: 0.0
Worker: http://localhost:8002, qlen: 32.0
Worker: http://localhost:8002, Tokens: 186624.0
Selected worker: http://localhost:8001
Worker: http://localhost:8001, Running: 32.0, Waiting: 0.0
Worker: http://localhost:8001, qlen: 32.0
Worker: http://localhost:8001, Tokens: 182839.0
Worker: http://localhost:8002, Running: 32.0, Waiting: 0.0
Worker: http://localhost:8002, qlen: 32.0
Worker: http://localhost:8002, Tokens: 186624.0
Selected worker: http://localhost:8002
INFO:     127.0.0.1:39462 - "POST /v1/completions HTTP/1.1" 200 OK
INFO:     127.0.0.1:39470 - "POST /v1/completions HTTP/1.1" 200 OK
INFO:     127.0.0.1:39448 - "POST /v1/completions HTTP/1.1" 200 OK
Worker: http://localhost:8001, Running: 26.0, Waiting: 0.0
Worker: http://localhost:8001, qlen: 26.0
Worker: http://localhost:8001, Tokens: 182590.0
Worker: http://localhost:8002, Running: 32.0, Waiting: 0.0
Worker: http://localhost:8002, qlen: 32.0
Worker: http://localhost:8002, Tokens: 186906.0
Selected worker: http://localhost:8001
INFO:     127.0.0.1:39486 - "POST /v1/completions HTTP/1.1" 200 OK
Worker: http://localhost:8001, Running: 27.0, Waiting: 0.0
Worker: http://localhost:8001, qlen: 27.0
Worker: http://localhost:8001, Tokens: 184599.0
Worker: http://localhost:8002, Running: 33.0, Waiting: 1.0
Worker: http://localhost:8002, qlen: 33.0
Worker: http://localhost:8002, Tokens: 183595.0
Selected worker: http://localhost:8001
INFO:     127.0.0.1:39500 - "POST /v1/completions HTTP/1.1" 200 OK
Worker: http://localhost:8001, Running: 27.0, Waiting: 1.0
Worker: http://localhost:8001, qlen: 27.0
Worker: http://localhost:8001, Tokens: 184625.0
Worker: http://localhost:8002, Running: 32.0, Waiting: 3.0
Worker: http://localhost:8002, qlen: 32.0
Worker: http://localhost:8002, Tokens: 184000.0
Selected worker: http://localhost:8001
INFO:     127.0.0.1:39516 - "POST /v1/completions HTTP/1.1" 200 OK
Worker: http://localhost:8001, Running: 28.0, Waiting: 0.0
Worker: http://localhost:8001, qlen: 28.0
Worker: http://localhost:8001, Tokens: 189042.0
Worker: http://localhost:8002, Running: 32.0, Waiting: 3.0
Worker: http://localhost:8002, qlen: 32.0
Worker: http://localhost:8002, Tokens: 182259.0
Selected worker: http://localhost:8001
INFO:     127.0.0.1:39530 - "POST /v1/completions HTTP/1.1" 200 OK
Worker: http://localhost:8001, Running: 28.0, Waiting: 0.0
Worker: http://localhost:8001, qlen: 28.0
Worker: http://localhost:8001, Tokens: 189025.0
Worker: http://localhost:8002, Running: 32.0, Waiting: 3.0
Worker: http://localhost:8002, qlen: 32.0
Worker: http://localhost:8002, Tokens: 182259.0
Selected worker: http://localhost:8001
INFO:     127.0.0.1:39544 - "POST /v1/completions HTTP/1.1" 200 OK
Worker: http://localhost:8001, Running: 31.0, Waiting: 0.0
Worker: http://localhost:8001, qlen: 31.0
Worker: http://localhost:8001, Tokens: 191544.0
Worker: http://localhost:8002, Running: 33.0, Waiting: 0.0
Worker: http://localhost:8002, qlen: 33.0
Worker: http://localhost:8002, Tokens: 192023.0
Selected worker: http://localhost:8001
INFO:     127.0.0.1:39552 - "POST /v1/completions HTTP/1.1" 200 OK
Worker: http://localhost:8001, Running: 31.0, Waiting: 0.0
Worker: http://localhost:8001, qlen: 31.0
Worker: http://localhost:8001, Tokens: 191792.0
Worker: http://localhost:8002, Running: 32.0, Waiting: 0.0
Worker: http://localhost:8002, qlen: 32.0
Worker: http://localhost:8002, Tokens: 191624.0
Selected worker: http://localhost:8001
INFO:     127.0.0.1:39556 - "POST /v1/completions HTTP/1.1" 200 OK
Worker: http://localhost:8001, Running: 31.0, Waiting: 0.0
Worker: http://localhost:8001, qlen: 31.0
Worker: http://localhost:8001, Tokens: 192060.0
Worker: http://localhost:8002, Running: 32.0, Waiting: 0.0
Worker: http://localhost:8002, qlen: 32.0
Worker: http://localhost:8002, Tokens: 191624.0
Selected worker: http://localhost:8001
Worker: http://localhost:8001, Running: 31.0, Waiting: 0.0
Worker: http://localhost:8001, qlen: 31.0
Worker: http://localhost:8001, Tokens: 192335.0
Worker: http://localhost:8002, Running: 32.0, Waiting: 0.0
Worker: http://localhost:8002, qlen: 32.0
Worker: http://localhost:8002, Tokens: 191624.0
Selected worker: http://localhost:8001
INFO:     127.0.0.1:39570 - "POST /v1/completions HTTP/1.1" 200 OK
INFO:     127.0.0.1:39572 - "POST /v1/completions HTTP/1.1" 200 OK
Worker: http://localhost:8001, Running: 35.0, Waiting: 0.0
Worker: http://localhost:8001, qlen: 35.0
Worker: http://localhost:8001, Tokens: 191686.0
Worker: http://localhost:8002, Running: 29.0, Waiting: 0.0
Worker: http://localhost:8002, qlen: 29.0
Worker: http://localhost:8002, Tokens: 192780.0
Selected worker: http://localhost:8002
Worker: http://localhost:8001, Running: 35.0, Waiting: 0.0
Worker: http://localhost:8001, qlen: 35.0
Worker: http://localhost:8001, Tokens: 191686.0
Worker: http://localhost:8002, Running: 29.0, Waiting: 0.0
Worker: http://localhost:8002, qlen: 29.0
Worker: http://localhost:8002, Tokens: 193047.0
Selected worker: http://localhost:8002
INFO:     127.0.0.1:39574 - "POST /v1/completions HTTP/1.1" 200 OK
INFO:     127.0.0.1:39584 - "POST /v1/completions HTTP/1.1" 200 OK
Worker: http://localhost:8001, Running: 35.0, Waiting: 0.0
Worker: http://localhost:8001, qlen: 35.0
Worker: http://localhost:8001, Tokens: 191136.0
Worker: http://localhost:8002, Running: 29.0, Waiting: 0.0
Worker: http://localhost:8002, qlen: 29.0
Worker: http://localhost:8002, Tokens: 192896.0
Selected worker: http://localhost:8002
INFO:     127.0.0.1:39598 - "POST /v1/completions HTTP/1.1" 200 OK
Worker: http://localhost:8001, Running: 35.0, Waiting: 0.0
Worker: http://localhost:8001, qlen: 35.0
Worker: http://localhost:8001, Tokens: 191136.0
Worker: http://localhost:8002, Running: 29.0, Waiting: 0.0
Worker: http://localhost:8002, qlen: 29.0
Worker: http://localhost:8002, Tokens: 193159.0
Selected worker: http://localhost:8002
INFO:     127.0.0.1:39606 - "POST /v1/completions HTTP/1.1" 200 OK
Worker: http://localhost:8001, Running: 31.0, Waiting: 0.0
Worker: http://localhost:8001, qlen: 31.0
Worker: http://localhost:8001, Tokens: 193101.0
Worker: http://localhost:8002, Running: 33.0, Waiting: 0.0
Worker: http://localhost:8002, qlen: 33.0
Worker: http://localhost:8002, Tokens: 193468.0
Selected worker: http://localhost:8001
INFO:     127.0.0.1:39618 - "POST /v1/completions HTTP/1.1" 200 OK
Worker: http://localhost:8001, Running: 31.0, Waiting: 0.0
Worker: http://localhost:8001, qlen: 31.0
Worker: http://localhost:8001, Tokens: 193373.0
Worker: http://localhost:8002, Running: 32.0, Waiting: 0.0
Worker: http://localhost:8002, qlen: 32.0
Worker: http://localhost:8002, Tokens: 193049.0
Selected worker: http://localhost:8001
INFO:     127.0.0.1:39622 - "POST /v1/completions HTTP/1.1" 200 OK
Worker: http://localhost:8001, Running: 31.0, Waiting: 0.0
Worker: http://localhost:8001, qlen: 31.0
Worker: http://localhost:8001, Tokens: 193636.0
Worker: http://localhost:8002, Running: 32.0, Waiting: 0.0
Worker: http://localhost:8002, qlen: 32.0
Worker: http://localhost:8002, Tokens: 193049.0
Selected worker: http://localhost:8001
Worker: http://localhost:8001, Running: 31.0, Waiting: 0.0
Worker: http://localhost:8001, qlen: 31.0
Worker: http://localhost:8001, Tokens: 193906.0
Worker: http://localhost:8002, Running: 32.0, Waiting: 0.0
Worker: http://localhost:8002, qlen: 32.0
Worker: http://localhost:8002, Tokens: 193049.0
Selected worker: http://localhost:8001
INFO:     127.0.0.1:39632 - "POST /v1/completions HTTP/1.1" 200 OK
INFO:     127.0.0.1:39644 - "POST /v1/completions HTTP/1.1" 200 OK
Worker: http://localhost:8001, Running: 31.0, Waiting: 0.0
Worker: http://localhost:8001, qlen: 31.0
Worker: http://localhost:8001, Tokens: 193225.0
Worker: http://localhost:8002, Running: 32.0, Waiting: 0.0
Worker: http://localhost:8002, qlen: 32.0
Worker: http://localhost:8002, Tokens: 192761.0
Selected worker: http://localhost:8001
INFO:     127.0.0.1:39654 - "POST /v1/completions HTTP/1.1" 200 OK
Worker: http://localhost:8001, Running: 36.0, Waiting: 0.0
Worker: http://localhost:8001, qlen: 36.0
Worker: http://localhost:8001, Tokens: 193817.0
Worker: http://localhost:8002, Running: 26.0, Waiting: 0.0
Worker: http://localhost:8002, qlen: 26.0
Worker: http://localhost:8002, Tokens: 194492.0
Selected worker: http://localhost:8002
INFO:     127.0.0.1:39668 - "POST /v1/completions HTTP/1.1" 200 OK
Worker: http://localhost:8001, Running: 36.0, Waiting: 0.0
Worker: http://localhost:8001, qlen: 36.0
Worker: http://localhost:8001, Tokens: 193817.0
Worker: http://localhost:8002, Running: 26.0, Waiting: 0.0
Worker: http://localhost:8002, qlen: 26.0
Worker: http://localhost:8002, Tokens: 194765.0
Selected worker: http://localhost:8002
INFO:     127.0.0.1:39682 - "POST /v1/completions HTTP/1.1" 200 OK
Worker: http://localhost:8001, Running: 36.0, Waiting: 0.0
Worker: http://localhost:8001, qlen: 36.0
Worker: http://localhost:8001, Tokens: 193579.0
Worker: http://localhost:8002, Running: 26.0, Waiting: 0.0
Worker: http://localhost:8002, qlen: 26.0
Worker: http://localhost:8002, Tokens: 194648.0
Selected worker: http://localhost:8002
Worker: http://localhost:8001, Running: 36.0, Waiting: 0.0
Worker: http://localhost:8001, qlen: 36.0
Worker: http://localhost:8001, Tokens: 193579.0
Worker: http://localhost:8002, Running: 26.0, Waiting: 0.0
Worker: http://localhost:8002, qlen: 26.0
Worker: http://localhost:8002, Tokens: 194919.0
Selected worker: http://localhost:8002
INFO:     127.0.0.1:39690 - "POST /v1/completions HTTP/1.1" 200 OK
INFO:     127.0.0.1:39696 - "POST /v1/completions HTTP/1.1" 200 OK
Worker: http://localhost:8001, Running: 34.0, Waiting: 0.0
Worker: http://localhost:8001, qlen: 34.0
Worker: http://localhost:8001, Tokens: 192241.0
Worker: http://localhost:8002, Running: 28.0, Waiting: 0.0
Worker: http://localhost:8002, qlen: 28.0
Worker: http://localhost:8002, Tokens: 194760.0
Selected worker: http://localhost:8002
INFO:     127.0.0.1:39712 - "POST /v1/completions HTTP/1.1" 200 OK
Worker: http://localhost:8001, Running: 34.0, Waiting: 0.0
Worker: http://localhost:8001, qlen: 34.0
Worker: http://localhost:8001, Tokens: 188051.0
Worker: http://localhost:8002, Running: 29.0, Waiting: 0.0
Worker: http://localhost:8002, qlen: 29.0
Worker: http://localhost:8002, Tokens: 194975.0
Selected worker: http://localhost:8002
INFO:     127.0.0.1:39720 - "POST /v1/completions HTTP/1.1" 200 OK
Worker: http://localhost:8001, Running: 34.0, Waiting: 0.0
Worker: http://localhost:8001, qlen: 34.0
Worker: http://localhost:8001, Tokens: 186429.0
Worker: http://localhost:8002, Running: 29.0, Waiting: 0.0
Worker: http://localhost:8002, qlen: 29.0
Worker: http://localhost:8002, Tokens: 198588.0
Selected worker: http://localhost:8002
INFO:     127.0.0.1:39736 - "POST /v1/completions HTTP/1.1" 200 OK
Worker: http://localhost:8001, Running: 34.0, Waiting: 0.0
Worker: http://localhost:8001, qlen: 34.0
Worker: http://localhost:8001, Tokens: 186429.0
Worker: http://localhost:8002, Running: 29.0, Waiting: 0.0
Worker: http://localhost:8002, qlen: 29.0
Worker: http://localhost:8002, Tokens: 200521.0
Selected worker: http://localhost:8002
INFO:     127.0.0.1:39740 - "POST /v1/completions HTTP/1.1" 200 OK
Worker: http://localhost:8001, Running: 34.0, Waiting: 0.0
Worker: http://localhost:8001, qlen: 34.0
Worker: http://localhost:8001, Tokens: 186429.0
Worker: http://localhost:8002, Running: 29.0, Waiting: 0.0
Worker: http://localhost:8002, qlen: 29.0
Worker: http://localhost:8002, Tokens: 200788.0
Selected worker: http://localhost:8002
INFO:     127.0.0.1:39752 - "POST /v1/completions HTTP/1.1" 200 OK
Worker: http://localhost:8001, Running: 34.0, Waiting: 0.0
Worker: http://localhost:8001, qlen: 34.0
Worker: http://localhost:8001, Tokens: 186429.0
Worker: http://localhost:8002, Running: 29.0, Waiting: 0.0
Worker: http://localhost:8002, qlen: 29.0
Worker: http://localhost:8002, Tokens: 201056.0
Selected worker: http://localhost:8002
INFO:     127.0.0.1:39768 - "POST /v1/completions HTTP/1.1" 200 OK
Worker: http://localhost:8001, Running: 28.0, Waiting: 0.0
Worker: http://localhost:8001, qlen: 28.0
Worker: http://localhost:8001, Tokens: 194809.0
Worker: http://localhost:8002, Running: 32.0, Waiting: 4.0
Worker: http://localhost:8002, qlen: 32.0
Worker: http://localhost:8002, Tokens: 196872.0
Selected worker: http://localhost:8001
INFO:     127.0.0.1:39774 - "POST /v1/completions HTTP/1.1" 200 OK
Worker: http://localhost:8001, Running: 28.0, Waiting: 0.0
Worker: http://localhost:8001, qlen: 28.0
Worker: http://localhost:8001, Tokens: 194547.0
Worker: http://localhost:8002, Running: 36.0, Waiting: 0.0
Worker: http://localhost:8002, qlen: 36.0
Worker: http://localhost:8002, Tokens: 202021.0
Selected worker: http://localhost:8001
INFO:     127.0.0.1:39786 - "POST /v1/completions HTTP/1.1" 200 OK
Worker: http://localhost:8001, Running: 28.0, Waiting: 0.0
Worker: http://localhost:8001, qlen: 28.0
Worker: http://localhost:8001, Tokens: 194819.0
Worker: http://localhost:8002, Running: 36.0, Waiting: 0.0
Worker: http://localhost:8002, qlen: 36.0
Worker: http://localhost:8002, Tokens: 202021.0
Selected worker: http://localhost:8001
Worker: http://localhost:8001, Running: 28.0, Waiting: 0.0
Worker: http://localhost:8001, qlen: 28.0
Worker: http://localhost:8001, Tokens: 195082.0
Worker: http://localhost:8002, Running: 36.0, Waiting: 0.0
Worker: http://localhost:8002, qlen: 36.0
Worker: http://localhost:8002, Tokens: 202021.0
Selected worker: http://localhost:8001
INFO:     127.0.0.1:39788 - "POST /v1/completions HTTP/1.1" 200 OK
INFO:     127.0.0.1:39800 - "POST /v1/completions HTTP/1.1" 200 OK
Worker: http://localhost:8001, Running: 28.0, Waiting: 0.0
Worker: http://localhost:8001, qlen: 28.0
Worker: http://localhost:8001, Tokens: 196077.0
Worker: http://localhost:8002, Running: 36.0, Waiting: 0.0
Worker: http://localhost:8002, qlen: 36.0
Worker: http://localhost:8002, Tokens: 204882.0
Selected worker: http://localhost:8001
INFO:     127.0.0.1:39806 - "POST /v1/completions HTTP/1.1" 200 OK
Worker: http://localhost:8001, Running: 27.0, Waiting: 0.0
Worker: http://localhost:8001, qlen: 27.0
Worker: http://localhost:8001, Tokens: 196460.0
Worker: http://localhost:8002, Running: 36.0, Waiting: 0.0
Worker: http://localhost:8002, qlen: 36.0
Worker: http://localhost:8002, Tokens: 203791.0
Selected worker: http://localhost:8001
INFO:     127.0.0.1:39816 - "POST /v1/completions HTTP/1.1" 200 OK
Worker: http://localhost:8001, Running: 27.0, Waiting: 0.0
Worker: http://localhost:8001, qlen: 27.0
Worker: http://localhost:8001, Tokens: 196733.0
Worker: http://localhost:8002, Running: 36.0, Waiting: 0.0
Worker: http://localhost:8002, qlen: 36.0
Worker: http://localhost:8002, Tokens: 203791.0
Selected worker: http://localhost:8001
Worker: http://localhost:8001, Running: 27.0, Waiting: 0.0
Worker: http://localhost:8001, qlen: 27.0
Worker: http://localhost:8001, Tokens: 197001.0
Worker: http://localhost:8002, Running: 36.0, Waiting: 0.0
Worker: http://localhost:8002, qlen: 36.0
Worker: http://localhost:8002, Tokens: 203791.0
Selected worker: http://localhost:8001
Worker: http://localhost:8001, Running: 27.0, Waiting: 0.0
Worker: http://localhost:8001, qlen: 27.0
Worker: http://localhost:8001, Tokens: 197270.0
Worker: http://localhost:8002, Running: 36.0, Waiting: 0.0
Worker: http://localhost:8002, qlen: 36.0
Worker: http://localhost:8002, Tokens: 203791.0
Selected worker: http://localhost:8001
INFO:     127.0.0.1:39832 - "POST /v1/completions HTTP/1.1" 200 OK
INFO:     127.0.0.1:39838 - "POST /v1/completions HTTP/1.1" 200 OK
INFO:     127.0.0.1:39852 - "POST /v1/completions HTTP/1.1" 200 OK
Worker: http://localhost:8001, Running: 27.0, Waiting: 0.0
Worker: http://localhost:8001, qlen: 27.0
Worker: http://localhost:8001, Tokens: 196459.0
Worker: http://localhost:8002, Running: 32.0, Waiting: 0.0
Worker: http://localhost:8002, qlen: 32.0
Worker: http://localhost:8002, Tokens: 205058.0
Selected worker: http://localhost:8001
INFO:     127.0.0.1:39864 - "POST /v1/completions HTTP/1.1" 200 OK
Worker: http://localhost:8001, Running: 27.0, Waiting: 0.0
Worker: http://localhost:8001, qlen: 27.0
Worker: http://localhost:8001, Tokens: 198462.0
Worker: http://localhost:8002, Running: 32.0, Waiting: 0.0
Worker: http://localhost:8002, qlen: 32.0
Worker: http://localhost:8002, Tokens: 205058.0
Selected worker: http://localhost:8001
INFO:     127.0.0.1:39878 - "POST /v1/completions HTTP/1.1" 200 OK
Worker: http://localhost:8001, Running: 27.0, Waiting: 0.0
Worker: http://localhost:8001, qlen: 27.0
Worker: http://localhost:8001, Tokens: 199875.0
Worker: http://localhost:8002, Running: 32.0, Waiting: 0.0
Worker: http://localhost:8002, qlen: 32.0
Worker: http://localhost:8002, Tokens: 205058.0
Selected worker: http://localhost:8001
INFO:     127.0.0.1:39884 - "POST /v1/completions HTTP/1.1" 200 OK
Worker: http://localhost:8001, Running: 27.0, Waiting: 0.0
Worker: http://localhost:8001, qlen: 27.0
Worker: http://localhost:8001, Tokens: 201147.0
Worker: http://localhost:8002, Running: 32.0, Waiting: 0.0
Worker: http://localhost:8002, qlen: 32.0
Worker: http://localhost:8002, Tokens: 205058.0
Selected worker: http://localhost:8001
INFO:     127.0.0.1:39898 - "POST /v1/completions HTTP/1.1" 200 OK
Worker: http://localhost:8001, Running: 32.0, Waiting: 0.0
Worker: http://localhost:8001, qlen: 32.0
Worker: http://localhost:8001, Tokens: 203124.0
Worker: http://localhost:8002, Running: 32.0, Waiting: 0.0
Worker: http://localhost:8002, qlen: 32.0
Worker: http://localhost:8002, Tokens: 205897.0
Selected worker: http://localhost:8001
Worker: http://localhost:8001, Running: 32.0, Waiting: 0.0
Worker: http://localhost:8001, qlen: 32.0
Worker: http://localhost:8001, Tokens: 203386.0
Worker: http://localhost:8002, Running: 32.0, Waiting: 0.0
Worker: http://localhost:8002, qlen: 32.0
Worker: http://localhost:8002, Tokens: 205897.0
Selected worker: http://localhost:8001
INFO:     127.0.0.1:49060 - "POST /v1/completions HTTP/1.1" 200 OK
INFO:     127.0.0.1:49066 - "POST /v1/completions HTTP/1.1" 200 OK
Worker: http://localhost:8001, Running: 32.0, Waiting: 0.0
Worker: http://localhost:8001, qlen: 32.0
Worker: http://localhost:8001, Tokens: 203316.0
Worker: http://localhost:8002, Running: 30.0, Waiting: 0.0
Worker: http://localhost:8002, qlen: 30.0
Worker: http://localhost:8002, Tokens: 206435.0
Selected worker: http://localhost:8002
INFO:     127.0.0.1:49070 - "POST /v1/completions HTTP/1.1" 200 OK
Worker: http://localhost:8001, Running: 34.0, Waiting: 0.0
Worker: http://localhost:8001, qlen: 34.0
Worker: http://localhost:8001, Tokens: 203479.0
Worker: http://localhost:8002, Running: 30.0, Waiting: 0.0
Worker: http://localhost:8002, qlen: 30.0
Worker: http://localhost:8002, Tokens: 206425.0
Selected worker: http://localhost:8002
INFO:     127.0.0.1:49078 - "POST /v1/completions HTTP/1.1" 200 OK
Worker: http://localhost:8001, Running: 34.0, Waiting: 0.0
Worker: http://localhost:8001, qlen: 34.0
Worker: http://localhost:8001, Tokens: 203423.0
Worker: http://localhost:8002, Running: 30.0, Waiting: 0.0
Worker: http://localhost:8002, qlen: 30.0
Worker: http://localhost:8002, Tokens: 207030.0
Selected worker: http://localhost:8002
INFO:     127.0.0.1:49086 - "POST /v1/completions HTTP/1.1" 200 OK
Worker: http://localhost:8001, Running: 33.0, Waiting: 0.0
Worker: http://localhost:8001, qlen: 33.0
Worker: http://localhost:8001, Tokens: 203819.0
Worker: http://localhost:8002, Running: 30.0, Waiting: 0.0
Worker: http://localhost:8002, qlen: 30.0
Worker: http://localhost:8002, Tokens: 206763.0
Selected worker: http://localhost:8002
INFO:     127.0.0.1:49102 - "POST /v1/completions HTTP/1.1" 200 OK
Worker: http://localhost:8001, Running: 33.0, Waiting: 0.0
Worker: http://localhost:8001, qlen: 33.0
Worker: http://localhost:8001, Tokens: 203819.0
Worker: http://localhost:8002, Running: 30.0, Waiting: 0.0
Worker: http://localhost:8002, qlen: 30.0
Worker: http://localhost:8002, Tokens: 207035.0
Selected worker: http://localhost:8002
INFO:     127.0.0.1:49116 - "POST /v1/completions HTTP/1.1" 200 OK
Worker: http://localhost:8001, Running: 33.0, Waiting: 0.0
Worker: http://localhost:8001, qlen: 33.0
Worker: http://localhost:8001, Tokens: 203389.0
Worker: http://localhost:8002, Running: 31.0, Waiting: 0.0
Worker: http://localhost:8002, qlen: 31.0
Worker: http://localhost:8002, Tokens: 207360.0
Selected worker: http://localhost:8002
Worker: http://localhost:8001, Running: 33.0, Waiting: 0.0
Worker: http://localhost:8001, qlen: 33.0
Worker: http://localhost:8001, Tokens: 203389.0
Worker: http://localhost:8002, Running: 31.0, Waiting: 0.0
Worker: http://localhost:8002, qlen: 31.0
Worker: http://localhost:8002, Tokens: 207626.0
Selected worker: http://localhost:8002
INFO:     127.0.0.1:49124 - "POST /v1/completions HTTP/1.1" 200 OK
INFO:     127.0.0.1:49118 - "POST /v1/completions HTTP/1.1" 200 OK
Worker: http://localhost:8001, Running: 33.0, Waiting: 0.0
Worker: http://localhost:8001, qlen: 33.0
Worker: http://localhost:8001, Tokens: 203389.0
Worker: http://localhost:8002, Running: 31.0, Waiting: 0.0
Worker: http://localhost:8002, qlen: 31.0
Worker: http://localhost:8002, Tokens: 207902.0
Selected worker: http://localhost:8002
INFO:     127.0.0.1:49138 - "POST /v1/completions HTTP/1.1" 200 OK
Worker: http://localhost:8001, Running: 30.0, Waiting: 0.0
Worker: http://localhost:8001, qlen: 30.0
Worker: http://localhost:8001, Tokens: 204941.0
Worker: http://localhost:8002, Running: 34.0, Waiting: 0.0
Worker: http://localhost:8002, qlen: 34.0
Worker: http://localhost:8002, Tokens: 209845.0
Selected worker: http://localhost:8001
INFO:     127.0.0.1:49142 - "POST /v1/completions HTTP/1.1" 200 OK
Worker: http://localhost:8001, Running: 30.0, Waiting: 0.0
Worker: http://localhost:8001, qlen: 30.0
Worker: http://localhost:8001, Tokens: 205223.0
Worker: http://localhost:8002, Running: 34.0, Waiting: 0.0
Worker: http://localhost:8002, qlen: 34.0
Worker: http://localhost:8002, Tokens: 208073.0
Selected worker: http://localhost:8001
INFO:     127.0.0.1:49150 - "POST /v1/completions HTTP/1.1" 200 OK
Worker: http://localhost:8001, Running: 31.0, Waiting: 0.0
Worker: http://localhost:8001, qlen: 31.0
Worker: http://localhost:8001, Tokens: 204441.0
Worker: http://localhost:8002, Running: 33.0, Waiting: 0.0
Worker: http://localhost:8002, qlen: 33.0
Worker: http://localhost:8002, Tokens: 210146.0
Selected worker: http://localhost:8001
INFO:     127.0.0.1:49152 - "POST /v1/completions HTTP/1.1" 200 OK
Worker: http://localhost:8001, Running: 31.0, Waiting: 0.0
Worker: http://localhost:8001, qlen: 31.0
Worker: http://localhost:8001, Tokens: 205723.0
Worker: http://localhost:8002, Running: 33.0, Waiting: 0.0
Worker: http://localhost:8002, qlen: 33.0
Worker: http://localhost:8002, Tokens: 210146.0
Selected worker: http://localhost:8001
Worker: http://localhost:8001, Running: 31.0, Waiting: 0.0
Worker: http://localhost:8001, qlen: 31.0
Worker: http://localhost:8001, Tokens: 205997.0
Worker: http://localhost:8002, Running: 33.0, Waiting: 0.0
Worker: http://localhost:8002, qlen: 33.0
Worker: http://localhost:8002, Tokens: 210146.0
Selected worker: http://localhost:8001
Worker: http://localhost:8001, Running: 31.0, Waiting: 0.0
Worker: http://localhost:8001, qlen: 31.0
Worker: http://localhost:8001, Tokens: 206262.0
Worker: http://localhost:8002, Running: 33.0, Waiting: 0.0
Worker: http://localhost:8002, qlen: 33.0
Worker: http://localhost:8002, Tokens: 210146.0
Selected worker: http://localhost:8001
INFO:     127.0.0.1:49168 - "POST /v1/completions HTTP/1.1" 200 OK
INFO:     127.0.0.1:49174 - "POST /v1/completions HTTP/1.1" 200 OK
INFO:     127.0.0.1:49190 - "POST /v1/completions HTTP/1.1" 200 OK
Worker: http://localhost:8001, Running: 31.0, Waiting: 0.0
Worker: http://localhost:8001, qlen: 31.0
Worker: http://localhost:8001, Tokens: 206264.0
Worker: http://localhost:8002, Running: 33.0, Waiting: 0.0
Worker: http://localhost:8002, qlen: 33.0
Worker: http://localhost:8002, Tokens: 210278.0
Selected worker: http://localhost:8001
INFO:     127.0.0.1:49192 - "POST /v1/completions HTTP/1.1" 200 OK
Worker: http://localhost:8001, Running: 31.0, Waiting: 0.0
Worker: http://localhost:8001, qlen: 31.0
Worker: http://localhost:8001, Tokens: 208512.0
Worker: http://localhost:8002, Running: 33.0, Waiting: 0.0
Worker: http://localhost:8002, qlen: 33.0
Worker: http://localhost:8002, Tokens: 209026.0
Selected worker: http://localhost:8001
INFO:     127.0.0.1:49204 - "POST /v1/completions HTTP/1.1" 200 OK
Worker: http://localhost:8001, Running: 32.0, Waiting: 0.0
Worker: http://localhost:8001, qlen: 32.0
Worker: http://localhost:8001, Tokens: 208446.0
Worker: http://localhost:8002, Running: 32.0, Waiting: 0.0
Worker: http://localhost:8002, qlen: 32.0
Worker: http://localhost:8002, Tokens: 211288.0
Selected worker: http://localhost:8001
Worker: http://localhost:8001, Running: 32.0, Waiting: 0.0
Worker: http://localhost:8001, qlen: 32.0
Worker: http://localhost:8001, Tokens: 208718.0
Worker: http://localhost:8002, Running: 32.0, Waiting: 0.0
Worker: http://localhost:8002, qlen: 32.0
Worker: http://localhost:8002, Tokens: 211288.0
Selected worker: http://localhost:8002
INFO:     127.0.0.1:49212 - "POST /v1/completions HTTP/1.1" 200 OK
INFO:     127.0.0.1:49220 - "POST /v1/completions HTTP/1.1" 200 OK
Worker: http://localhost:8001, Running: 31.0, Waiting: 0.0
Worker: http://localhost:8001, qlen: 31.0
Worker: http://localhost:8001, Tokens: 209548.0
Worker: http://localhost:8002, Running: 33.0, Waiting: 0.0
Worker: http://localhost:8002, qlen: 33.0
Worker: http://localhost:8002, Tokens: 211281.0
Selected worker: http://localhost:8001
Worker: http://localhost:8001, Running: 31.0, Waiting: 0.0
Worker: http://localhost:8001, qlen: 31.0
Worker: http://localhost:8001, Tokens: 209822.0
Worker: http://localhost:8002, Running: 33.0, Waiting: 0.0
Worker: http://localhost:8002, qlen: 33.0
Worker: http://localhost:8002, Tokens: 211281.0
Selected worker: http://localhost:8001
INFO:     127.0.0.1:49228 - "POST /v1/completions HTTP/1.1" 200 OK
INFO:     127.0.0.1:49242 - "POST /v1/completions HTTP/1.1" 200 OK
Worker: http://localhost:8001, Running: 33.0, Waiting: 0.0
Worker: http://localhost:8001, qlen: 33.0
Worker: http://localhost:8001, Tokens: 209906.0
Worker: http://localhost:8002, Running: 28.0, Waiting: 0.0
Worker: http://localhost:8002, qlen: 28.0
Worker: http://localhost:8002, Tokens: 212262.0
Selected worker: http://localhost:8002
INFO:     127.0.0.1:49258 - "POST /v1/completions HTTP/1.1" 200 OK
Worker: http://localhost:8001, Running: 33.0, Waiting: 0.0
Worker: http://localhost:8001, qlen: 33.0
Worker: http://localhost:8001, Tokens: 209906.0
Worker: http://localhost:8002, Running: 28.0, Waiting: 0.0
Worker: http://localhost:8002, qlen: 28.0
Worker: http://localhost:8002, Tokens: 212526.0
Selected worker: http://localhost:8002
INFO:     127.0.0.1:49274 - "POST /v1/completions HTTP/1.1" 200 OK
Worker: http://localhost:8001, Running: 33.0, Waiting: 0.0
Worker: http://localhost:8001, qlen: 33.0
Worker: http://localhost:8001, Tokens: 209906.0
Worker: http://localhost:8002, Running: 28.0, Waiting: 0.0
Worker: http://localhost:8002, qlen: 28.0
Worker: http://localhost:8002, Tokens: 214255.0
Selected worker: http://localhost:8002
INFO:     127.0.0.1:49280 - "POST /v1/completions HTTP/1.1" 200 OK
Worker: http://localhost:8001, Running: 33.0, Waiting: 0.0
Worker: http://localhost:8001, qlen: 33.0
Worker: http://localhost:8001, Tokens: 210368.0
Worker: http://localhost:8002, Running: 31.0, Waiting: 0.0
Worker: http://localhost:8002, qlen: 31.0
Worker: http://localhost:8002, Tokens: 213804.0
Selected worker: http://localhost:8002
Worker: http://localhost:8001, Running: 33.0, Waiting: 0.0
Worker: http://localhost:8001, qlen: 33.0
Worker: http://localhost:8001, Tokens: 210368.0
Worker: http://localhost:8002, Running: 31.0, Waiting: 0.0
Worker: http://localhost:8002, qlen: 31.0
Worker: http://localhost:8002, Tokens: 214075.0
Selected worker: http://localhost:8002
INFO:     127.0.0.1:49284 - "POST /v1/completions HTTP/1.1" 200 OK
INFO:     127.0.0.1:49286 - "POST /v1/completions HTTP/1.1" 200 OK
Worker: http://localhost:8001, Running: 33.0, Waiting: 0.0
Worker: http://localhost:8001, qlen: 33.0
Worker: http://localhost:8001, Tokens: 210614.0
Worker: http://localhost:8002, Running: 31.0, Waiting: 0.0
Worker: http://localhost:8002, qlen: 31.0
Worker: http://localhost:8002, Tokens: 215086.0
Selected worker: http://localhost:8002
Worker: http://localhost:8001, Running: 33.0, Waiting: 0.0
Worker: http://localhost:8001, qlen: 33.0
Worker: http://localhost:8001, Tokens: 210614.0
Worker: http://localhost:8002, Running: 31.0, Waiting: 0.0
Worker: http://localhost:8002, qlen: 31.0
Worker: http://localhost:8002, Tokens: 216548.0
Selected worker: http://localhost:8002
INFO:     127.0.0.1:49294 - "POST /v1/completions HTTP/1.1" 200 OK
INFO:     127.0.0.1:49306 - "POST /v1/completions HTTP/1.1" 200 OK
Worker: http://localhost:8001, Running: 27.0, Waiting: 0.0
Worker: http://localhost:8001, qlen: 27.0
Worker: http://localhost:8001, Tokens: 211662.0
Worker: http://localhost:8002, Running: 31.0, Waiting: 0.0
Worker: http://localhost:8002, qlen: 31.0
Worker: http://localhost:8002, Tokens: 215303.0
Selected worker: http://localhost:8001
INFO:     127.0.0.1:49310 - "POST /v1/completions HTTP/1.1" 200 OK
Worker: http://localhost:8001, Running: 27.0, Waiting: 0.0
Worker: http://localhost:8001, qlen: 27.0
Worker: http://localhost:8001, Tokens: 213552.0
Worker: http://localhost:8002, Running: 31.0, Waiting: 0.0
Worker: http://localhost:8002, qlen: 31.0
Worker: http://localhost:8002, Tokens: 215303.0
Selected worker: http://localhost:8001
INFO:     127.0.0.1:49326 - "POST /v1/completions HTTP/1.1" 200 OK
Worker: http://localhost:8001, Running: 27.0, Waiting: 0.0
Worker: http://localhost:8001, qlen: 27.0
Worker: http://localhost:8001, Tokens: 215501.0
Worker: http://localhost:8002, Running: 31.0, Waiting: 0.0
Worker: http://localhost:8002, qlen: 31.0
Worker: http://localhost:8002, Tokens: 215303.0
Selected worker: http://localhost:8001
INFO:     127.0.0.1:49342 - "POST /v1/completions HTTP/1.1" 200 OK
Worker: http://localhost:8001, Running: 27.0, Waiting: 0.0
Worker: http://localhost:8001, qlen: 27.0
Worker: http://localhost:8001, Tokens: 217628.0
Worker: http://localhost:8002, Running: 31.0, Waiting: 0.0
Worker: http://localhost:8002, qlen: 31.0
Worker: http://localhost:8002, Tokens: 215303.0
Selected worker: http://localhost:8001
INFO:     127.0.0.1:49356 - "POST /v1/completions HTTP/1.1" 200 OK
Worker: http://localhost:8001, Running: 27.0, Waiting: 0.0
Worker: http://localhost:8001, qlen: 27.0
Worker: http://localhost:8001, Tokens: 211633.0
Worker: http://localhost:8002, Running: 33.0, Waiting: 0.0
Worker: http://localhost:8002, qlen: 33.0
Worker: http://localhost:8002, Tokens: 219149.0
Selected worker: http://localhost:8001
INFO:     127.0.0.1:49362 - "POST /v1/completions HTTP/1.1" 200 OK
Worker: http://localhost:8001, Running: 29.0, Waiting: 2.0
Worker: http://localhost:8001, qlen: 29.0
Worker: http://localhost:8001, Tokens: 215994.0
Worker: http://localhost:8002, Running: 33.0, Waiting: 0.0
Worker: http://localhost:8002, qlen: 33.0
Worker: http://localhost:8002, Tokens: 218592.0
Selected worker: http://localhost:8001
INFO:     127.0.0.1:49370 - "POST /v1/completions HTTP/1.1" 200 OK
Worker: http://localhost:8001, Running: 29.0, Waiting: 2.0
Worker: http://localhost:8001, qlen: 29.0
Worker: http://localhost:8001, Tokens: 216022.0
Worker: http://localhost:8002, Running: 32.0, Waiting: 0.0
Worker: http://localhost:8002, qlen: 32.0
Worker: http://localhost:8002, Tokens: 219884.0
Selected worker: http://localhost:8001
INFO:     127.0.0.1:49378 - "POST /v1/completions HTTP/1.1" 200 OK
Worker: http://localhost:8001, Running: 33.0, Waiting: 0.0
Worker: http://localhost:8001, qlen: 33.0
Worker: http://localhost:8001, Tokens: 225967.0
Worker: http://localhost:8002, Running: 31.0, Waiting: 0.0
Worker: http://localhost:8002, qlen: 31.0
Worker: http://localhost:8002, Tokens: 220632.0
Selected worker: http://localhost:8002
INFO:     127.0.0.1:49382 - "POST /v1/completions HTTP/1.1" 200 OK
Worker: http://localhost:8001, Running: 30.0, Waiting: 0.0
Worker: http://localhost:8001, qlen: 30.0
Worker: http://localhost:8001, Tokens: 226915.0
Worker: http://localhost:8002, Running: 32.0, Waiting: 0.0
Worker: http://localhost:8002, qlen: 32.0
Worker: http://localhost:8002, Tokens: 224007.0
Selected worker: http://localhost:8001
INFO:     127.0.0.1:49398 - "POST /v1/completions HTTP/1.1" 200 OK
Worker: http://localhost:8001, Running: 30.0, Waiting: 0.0
Worker: http://localhost:8001, qlen: 30.0
Worker: http://localhost:8001, Tokens: 228209.0
Worker: http://localhost:8002, Running: 32.0, Waiting: 0.0
Worker: http://localhost:8002, qlen: 32.0
Worker: http://localhost:8002, Tokens: 224007.0
Selected worker: http://localhost:8001
INFO:     127.0.0.1:49402 - "POST /v1/completions HTTP/1.1" 200 OK
Worker: http://localhost:8001, Running: 30.0, Waiting: 0.0
Worker: http://localhost:8001, qlen: 30.0
Worker: http://localhost:8001, Tokens: 228503.0
Worker: http://localhost:8002, Running: 32.0, Waiting: 0.0
Worker: http://localhost:8002, qlen: 32.0
Worker: http://localhost:8002, Tokens: 223473.0
Selected worker: http://localhost:8001
Worker: http://localhost:8001, Running: 30.0, Waiting: 0.0
Worker: http://localhost:8001, qlen: 30.0
Worker: http://localhost:8001, Tokens: 228806.0
Worker: http://localhost:8002, Running: 32.0, Waiting: 0.0
Worker: http://localhost:8002, qlen: 32.0
Worker: http://localhost:8002, Tokens: 223473.0
Selected worker: http://localhost:8001
INFO:     127.0.0.1:49410 - "POST /v1/completions HTTP/1.1" 200 OK
INFO:     127.0.0.1:49416 - "POST /v1/completions HTTP/1.1" 200 OK
Worker: http://localhost:8001, Running: 32.0, Waiting: 0.0
Worker: http://localhost:8001, qlen: 32.0
Worker: http://localhost:8001, Tokens: 228414.0
Worker: http://localhost:8002, Running: 30.0, Waiting: 0.0
Worker: http://localhost:8002, qlen: 30.0
Worker: http://localhost:8002, Tokens: 223802.0
Selected worker: http://localhost:8002
Worker: http://localhost:8001, Running: 32.0, Waiting: 0.0
Worker: http://localhost:8001, qlen: 32.0
Worker: http://localhost:8001, Tokens: 228414.0
Worker: http://localhost:8002, Running: 30.0, Waiting: 0.0
Worker: http://localhost:8002, qlen: 30.0
Worker: http://localhost:8002, Tokens: 224079.0
Selected worker: http://localhost:8002
INFO:     127.0.0.1:49420 - "POST /v1/completions HTTP/1.1" 200 OK
INFO:     127.0.0.1:49432 - "POST /v1/completions HTTP/1.1" 200 OK
Worker: http://localhost:8001, Running: 34.0, Waiting: 0.0
Worker: http://localhost:8001, qlen: 34.0
Worker: http://localhost:8001, Tokens: 229237.0
Worker: http://localhost:8002, Running: 30.0, Waiting: 0.0
Worker: http://localhost:8002, qlen: 30.0
Worker: http://localhost:8002, Tokens: 224723.0
Selected worker: http://localhost:8002
INFO:     127.0.0.1:49434 - "POST /v1/completions HTTP/1.1" 200 OK
Worker: http://localhost:8001, Running: 34.0, Waiting: 0.0
Worker: http://localhost:8001, qlen: 34.0
Worker: http://localhost:8001, Tokens: 230325.0
Worker: http://localhost:8002, Running: 30.0, Waiting: 0.0
Worker: http://localhost:8002, qlen: 30.0
Worker: http://localhost:8002, Tokens: 228717.0
Selected worker: http://localhost:8002
INFO:     127.0.0.1:35010 - "POST /v1/completions HTTP/1.1" 200 OK
Worker: http://localhost:8001, Running: 34.0, Waiting: 0.0
Worker: http://localhost:8001, qlen: 34.0
Worker: http://localhost:8001, Tokens: 229748.0
Worker: http://localhost:8002, Running: 30.0, Waiting: 0.0
Worker: http://localhost:8002, qlen: 30.0
Worker: http://localhost:8002, Tokens: 228807.0
Selected worker: http://localhost:8002
INFO:     127.0.0.1:35016 - "POST /v1/completions HTTP/1.1" 200 OK
Worker: http://localhost:8001, Running: 34.0, Waiting: 0.0
Worker: http://localhost:8001, qlen: 34.0
Worker: http://localhost:8001, Tokens: 229748.0
Worker: http://localhost:8002, Running: 30.0, Waiting: 0.0
Worker: http://localhost:8002, qlen: 30.0
Worker: http://localhost:8002, Tokens: 229080.0
Selected worker: http://localhost:8002
INFO:     127.0.0.1:35030 - "POST /v1/completions HTTP/1.1" 200 OK
Worker: http://localhost:8001, Running: 31.0, Waiting: 0.0
Worker: http://localhost:8001, qlen: 31.0
Worker: http://localhost:8001, Tokens: 230852.0
Worker: http://localhost:8002, Running: 33.0, Waiting: 0.0
Worker: http://localhost:8002, qlen: 33.0
Worker: http://localhost:8002, Tokens: 229868.0
Selected worker: http://localhost:8001
INFO:     127.0.0.1:35040 - "POST /v1/completions HTTP/1.1" 200 OK
Worker: http://localhost:8001, Running: 31.0, Waiting: 0.0
Worker: http://localhost:8001, qlen: 31.0
Worker: http://localhost:8001, Tokens: 231140.0
Worker: http://localhost:8002, Running: 33.0, Waiting: 0.0
Worker: http://localhost:8002, qlen: 33.0
Worker: http://localhost:8002, Tokens: 229967.0
Selected worker: http://localhost:8001
INFO:     127.0.0.1:35050 - "POST /v1/completions HTTP/1.1" 200 OK
Worker: http://localhost:8001, Running: 31.0, Waiting: 0.0
Worker: http://localhost:8001, qlen: 31.0
Worker: http://localhost:8001, Tokens: 231414.0
Worker: http://localhost:8002, Running: 33.0, Waiting: 0.0
Worker: http://localhost:8002, qlen: 33.0
Worker: http://localhost:8002, Tokens: 229967.0
Selected worker: http://localhost:8001
INFO:     127.0.0.1:35064 - "POST /v1/completions HTTP/1.1" 200 OK
Worker: http://localhost:8001, Running: 31.0, Waiting: 0.0
Worker: http://localhost:8001, qlen: 31.0
Worker: http://localhost:8001, Tokens: 232253.0
Worker: http://localhost:8002, Running: 33.0, Waiting: 0.0
Worker: http://localhost:8002, qlen: 33.0
Worker: http://localhost:8002, Tokens: 229856.0
Selected worker: http://localhost:8001
Worker: http://localhost:8001, Running: 31.0, Waiting: 0.0
Worker: http://localhost:8001, qlen: 31.0
Worker: http://localhost:8001, Tokens: 232515.0
Worker: http://localhost:8002, Running: 33.0, Waiting: 0.0
Worker: http://localhost:8002, qlen: 33.0
Worker: http://localhost:8002, Tokens: 229856.0
Selected worker: http://localhost:8001
INFO:     127.0.0.1:35066 - "POST /v1/completions HTTP/1.1" 200 OK
INFO:     127.0.0.1:35074 - "POST /v1/completions HTTP/1.1" 200 OK
Worker: http://localhost:8001, Running: 33.0, Waiting: 0.0
Worker: http://localhost:8001, qlen: 33.0
Worker: http://localhost:8001, Tokens: 231851.0
Worker: http://localhost:8002, Running: 31.0, Waiting: 0.0
Worker: http://localhost:8002, qlen: 31.0
Worker: http://localhost:8002, Tokens: 231144.0
Selected worker: http://localhost:8002
INFO:     127.0.0.1:35082 - "POST /v1/completions HTTP/1.1" 200 OK
Worker: http://localhost:8001, Running: 32.0, Waiting: 0.0
Worker: http://localhost:8001, qlen: 32.0
Worker: http://localhost:8001, Tokens: 234168.0
Worker: http://localhost:8002, Running: 32.0, Waiting: 0.0
Worker: http://localhost:8002, qlen: 32.0
Worker: http://localhost:8002, Tokens: 231865.0
Selected worker: http://localhost:8002
INFO:     127.0.0.1:35088 - "POST /v1/completions HTTP/1.1" 200 OK
Worker: http://localhost:8001, Running: 32.0, Waiting: 0.0
Worker: http://localhost:8001, qlen: 32.0
Worker: http://localhost:8001, Tokens: 234168.0
Worker: http://localhost:8002, Running: 31.0, Waiting: 0.0
Worker: http://localhost:8002, qlen: 31.0
Worker: http://localhost:8002, Tokens: 231716.0
Selected worker: http://localhost:8002
INFO:     127.0.0.1:35104 - "POST /v1/completions HTTP/1.1" 200 OK
Worker: http://localhost:8001, Running: 32.0, Waiting: 0.0
Worker: http://localhost:8001, qlen: 32.0
Worker: http://localhost:8001, Tokens: 234168.0
Worker: http://localhost:8002, Running: 31.0, Waiting: 0.0
Worker: http://localhost:8002, qlen: 31.0
Worker: http://localhost:8002, Tokens: 232010.0
Selected worker: http://localhost:8002
INFO:     127.0.0.1:35112 - "POST /v1/completions HTTP/1.1" 200 OK
Worker: http://localhost:8001, Running: 32.0, Waiting: 0.0
Worker: http://localhost:8001, qlen: 32.0
Worker: http://localhost:8001, Tokens: 234424.0
Worker: http://localhost:8002, Running: 31.0, Waiting: 0.0
Worker: http://localhost:8002, qlen: 31.0
Worker: http://localhost:8002, Tokens: 230692.0
Selected worker: http://localhost:8002
INFO:     127.0.0.1:35116 - "POST /v1/completions HTTP/1.1" 200 OK
Worker: http://localhost:8001, Running: 32.0, Waiting: 0.0
Worker: http://localhost:8001, qlen: 32.0
Worker: http://localhost:8001, Tokens: 234552.0
Worker: http://localhost:8002, Running: 31.0, Waiting: 0.0
Worker: http://localhost:8002, qlen: 31.0
Worker: http://localhost:8002, Tokens: 230707.0
Selected worker: http://localhost:8002
INFO:     127.0.0.1:35128 - "POST /v1/completions HTTP/1.1" 200 OK
Worker: http://localhost:8001, Running: 32.0, Waiting: 0.0
Worker: http://localhost:8001, qlen: 32.0
Worker: http://localhost:8001, Tokens: 234442.0
Worker: http://localhost:8002, Running: 32.0, Waiting: 0.0
Worker: http://localhost:8002, qlen: 32.0
Worker: http://localhost:8002, Tokens: 236653.0
Selected worker: http://localhost:8001
INFO:     127.0.0.1:35142 - "POST /v1/completions HTTP/1.1" 200 OK
Worker: http://localhost:8001, Running: 32.0, Waiting: 0.0
Worker: http://localhost:8001, qlen: 32.0
Worker: http://localhost:8001, Tokens: 237374.0
Worker: http://localhost:8002, Running: 32.0, Waiting: 0.0
Worker: http://localhost:8002, qlen: 32.0
Worker: http://localhost:8002, Tokens: 236653.0
Selected worker: http://localhost:8002
Worker: http://localhost:8001, Running: 32.0, Waiting: 0.0
Worker: http://localhost:8001, qlen: 32.0
Worker: http://localhost:8001, Tokens: 237374.0
Worker: http://localhost:8002, Running: 32.0, Waiting: 0.0
Worker: http://localhost:8002, qlen: 32.0
Worker: http://localhost:8002, Tokens: 236921.0
Selected worker: http://localhost:8001
INFO:     127.0.0.1:35154 - "POST /v1/completions HTTP/1.1" 200 OK
INFO:     127.0.0.1:35156 - "POST /v1/completions HTTP/1.1" 200 OK
Worker: http://localhost:8001, Running: 31.0, Waiting: 0.0
Worker: http://localhost:8001, qlen: 31.0
Worker: http://localhost:8001, Tokens: 237554.0
Worker: http://localhost:8002, Running: 33.0, Waiting: 0.0
Worker: http://localhost:8002, qlen: 33.0
Worker: http://localhost:8002, Tokens: 237252.0
Selected worker: http://localhost:8001
INFO:     127.0.0.1:35162 - "POST /v1/completions HTTP/1.1" 200 OK
Worker: http://localhost:8001, Running: 31.0, Waiting: 0.0
Worker: http://localhost:8001, qlen: 31.0
Worker: http://localhost:8001, Tokens: 237831.0
Worker: http://localhost:8002, Running: 33.0, Waiting: 0.0
Worker: http://localhost:8002, qlen: 33.0
Worker: http://localhost:8002, Tokens: 237252.0
Selected worker: http://localhost:8001
INFO:     127.0.0.1:35172 - "POST /v1/completions HTTP/1.1" 200 OK
Worker: http://localhost:8001, Running: 31.0, Waiting: 0.0
Worker: http://localhost:8001, qlen: 31.0
Worker: http://localhost:8001, Tokens: 238983.0
Worker: http://localhost:8002, Running: 33.0, Waiting: 0.0
Worker: http://localhost:8002, qlen: 33.0
Worker: http://localhost:8002, Tokens: 237895.0
Selected worker: http://localhost:8001
INFO:     127.0.0.1:35180 - "POST /v1/completions HTTP/1.1" 200 OK
Worker: http://localhost:8001, Running: 32.0, Waiting: 0.0
Worker: http://localhost:8001, qlen: 32.0
Worker: http://localhost:8001, Tokens: 239338.0
Worker: http://localhost:8002, Running: 32.0, Waiting: 0.0
Worker: http://localhost:8002, qlen: 32.0
Worker: http://localhost:8002, Tokens: 237220.0
Selected worker: http://localhost:8002
INFO:     127.0.0.1:35194 - "POST /v1/completions HTTP/1.1" 200 OK
Worker: http://localhost:8001, Running: 32.0, Waiting: 0.0
Worker: http://localhost:8001, qlen: 32.0
Worker: http://localhost:8001, Tokens: 240138.0
Worker: http://localhost:8002, Running: 32.0, Waiting: 0.0
Worker: http://localhost:8002, qlen: 32.0
Worker: http://localhost:8002, Tokens: 238408.0
Selected worker: http://localhost:8001
Worker: http://localhost:8001, Running: 32.0, Waiting: 0.0
Worker: http://localhost:8001, qlen: 32.0
Worker: http://localhost:8001, Tokens: 241456.0
Worker: http://localhost:8002, Running: 32.0, Waiting: 0.0
Worker: http://localhost:8002, qlen: 32.0
Worker: http://localhost:8002, Tokens: 238408.0
Selected worker: http://localhost:8001
Worker: http://localhost:8001, Running: 32.0, Waiting: 0.0
Worker: http://localhost:8001, qlen: 32.0
Worker: http://localhost:8001, Tokens: 242956.0
Worker: http://localhost:8002, Running: 32.0, Waiting: 0.0
Worker: http://localhost:8002, qlen: 32.0
Worker: http://localhost:8002, Tokens: 238408.0
Selected worker: http://localhost:8002
INFO:     127.0.0.1:35198 - "POST /v1/completions HTTP/1.1" 200 OK
INFO:     127.0.0.1:35212 - "POST /v1/completions HTTP/1.1" 200 OK
INFO:     127.0.0.1:35220 - "POST /v1/completions HTTP/1.1" 200 OK
Worker: http://localhost:8001, Running: 32.0, Waiting: 0.0
Worker: http://localhost:8001, qlen: 32.0
Worker: http://localhost:8001, Tokens: 242956.0
Worker: http://localhost:8002, Running: 29.0, Waiting: 0.0
Worker: http://localhost:8002, qlen: 29.0
Worker: http://localhost:8002, Tokens: 239075.0
Selected worker: http://localhost:8002
INFO:     127.0.0.1:35224 - "POST /v1/completions HTTP/1.1" 200 OK
Worker: http://localhost:8001, Running: 34.0, Waiting: 0.0
Worker: http://localhost:8001, qlen: 34.0
Worker: http://localhost:8001, Tokens: 245968.0
Worker: http://localhost:8002, Running: 30.0, Waiting: 0.0
Worker: http://localhost:8002, qlen: 30.0
Worker: http://localhost:8002, Tokens: 239841.0
Selected worker: http://localhost:8002
INFO:     127.0.0.1:35232 - "POST /v1/completions HTTP/1.1" 200 OK
Worker: http://localhost:8001, Running: 34.0, Waiting: 0.0
Worker: http://localhost:8001, qlen: 34.0
Worker: http://localhost:8001, Tokens: 246286.0
Worker: http://localhost:8002, Running: 30.0, Waiting: 0.0
Worker: http://localhost:8002, qlen: 30.0
Worker: http://localhost:8002, Tokens: 240654.0
Selected worker: http://localhost:8002
INFO:     127.0.0.1:35242 - "POST /v1/completions HTTP/1.1" 200 OK
Worker: http://localhost:8001, Running: 33.0, Waiting: 0.0
Worker: http://localhost:8001, qlen: 33.0
Worker: http://localhost:8001, Tokens: 246240.0
Worker: http://localhost:8002, Running: 30.0, Waiting: 0.0
Worker: http://localhost:8002, qlen: 30.0
Worker: http://localhost:8002, Tokens: 240894.0
Selected worker: http://localhost:8002
Worker: http://localhost:8001, Running: 33.0, Waiting: 0.0
Worker: http://localhost:8001, qlen: 33.0
Worker: http://localhost:8001, Tokens: 246240.0
Worker: http://localhost:8002, Running: 30.0, Waiting: 0.0
Worker: http://localhost:8002, qlen: 30.0
Worker: http://localhost:8002, Tokens: 242459.0
Selected worker: http://localhost:8002
INFO:     127.0.0.1:35252 - "POST /v1/completions HTTP/1.1" 200 OK
INFO:     127.0.0.1:35262 - "POST /v1/completions HTTP/1.1" 200 OK
Worker: http://localhost:8001, Running: 31.0, Waiting: 0.0
Worker: http://localhost:8001, qlen: 31.0
Worker: http://localhost:8001, Tokens: 247447.0
Worker: http://localhost:8002, Running: 33.0, Waiting: 0.0
Worker: http://localhost:8002, qlen: 33.0
Worker: http://localhost:8002, Tokens: 245879.0
Selected worker: http://localhost:8001
INFO:     127.0.0.1:37408 - "POST /v1/completions HTTP/1.1" 200 OK
Worker: http://localhost:8001, Running: 30.0, Waiting: 0.0
Worker: http://localhost:8001, qlen: 30.0
Worker: http://localhost:8001, Tokens: 247896.0
Worker: http://localhost:8002, Running: 33.0, Waiting: 0.0
Worker: http://localhost:8002, qlen: 33.0
Worker: http://localhost:8002, Tokens: 245838.0
Selected worker: http://localhost:8001
INFO:     127.0.0.1:37416 - "POST /v1/completions HTTP/1.1" 200 OK
Worker: http://localhost:8001, Running: 32.0, Waiting: 0.0
Worker: http://localhost:8001, qlen: 32.0
Worker: http://localhost:8001, Tokens: 250777.0
Worker: http://localhost:8002, Running: 32.0, Waiting: 0.0
Worker: http://localhost:8002, qlen: 32.0
Worker: http://localhost:8002, Tokens: 246505.0
Selected worker: http://localhost:8002
Worker: http://localhost:8001, Running: 32.0, Waiting: 0.0
Worker: http://localhost:8001, qlen: 32.0
Worker: http://localhost:8001, Tokens: 250777.0
Worker: http://localhost:8002, Running: 32.0, Waiting: 0.0
Worker: http://localhost:8002, qlen: 32.0
Worker: http://localhost:8002, Tokens: 248096.0
Selected worker: http://localhost:8002
INFO:     127.0.0.1:37424 - "POST /v1/completions HTTP/1.1" 200 OK
INFO:     127.0.0.1:37440 - "POST /v1/completions HTTP/1.1" 200 OK
Worker: http://localhost:8001, Running: 32.0, Waiting: 0.0
Worker: http://localhost:8001, qlen: 32.0
Worker: http://localhost:8001, Tokens: 251673.0
Worker: http://localhost:8002, Running: 32.0, Waiting: 0.0
Worker: http://localhost:8002, qlen: 32.0
Worker: http://localhost:8002, Tokens: 250130.0
Selected worker: http://localhost:8001
INFO:     127.0.0.1:37456 - "POST /v1/completions HTTP/1.1" 200 OK
Worker: http://localhost:8001, Running: 33.0, Waiting: 0.0
Worker: http://localhost:8001, qlen: 33.0
Worker: http://localhost:8001, Tokens: 250757.0
Worker: http://localhost:8002, Running: 31.0, Waiting: 0.0
Worker: http://localhost:8002, qlen: 31.0
Worker: http://localhost:8002, Tokens: 250923.0
Selected worker: http://localhost:8002
INFO:     127.0.0.1:37460 - "POST /v1/completions HTTP/1.1" 200 OK
Worker: http://localhost:8001, Running: 32.0, Waiting: 0.0
Worker: http://localhost:8001, qlen: 32.0
Worker: http://localhost:8001, Tokens: 252474.0
Worker: http://localhost:8002, Running: 31.0, Waiting: 0.0
Worker: http://localhost:8002, qlen: 31.0
Worker: http://localhost:8002, Tokens: 250786.0
Selected worker: http://localhost:8002
INFO:     127.0.0.1:37474 - "POST /v1/completions HTTP/1.1" 200 OK
Worker: http://localhost:8001, Running: 32.0, Waiting: 0.0
Worker: http://localhost:8001, qlen: 32.0
Worker: http://localhost:8001, Tokens: 253027.0
Worker: http://localhost:8002, Running: 32.0, Waiting: 0.0
Worker: http://localhost:8002, qlen: 32.0
Worker: http://localhost:8002, Tokens: 252001.0
Selected worker: http://localhost:8001
INFO:     127.0.0.1:37490 - "POST /v1/completions HTTP/1.1" 200 OK
Worker: http://localhost:8001, Running: 32.0, Waiting: 0.0
Worker: http://localhost:8001, qlen: 32.0
Worker: http://localhost:8001, Tokens: 255662.0
Worker: http://localhost:8002, Running: 32.0, Waiting: 0.0
Worker: http://localhost:8002, qlen: 32.0
Worker: http://localhost:8002, Tokens: 251549.0
Selected worker: http://localhost:8001
INFO:     127.0.0.1:37498 - "POST /v1/completions HTTP/1.1" 200 OK
Worker: http://localhost:8001, Running: 33.0, Waiting: 0.0
Worker: http://localhost:8001, qlen: 33.0
Worker: http://localhost:8001, Tokens: 255958.0
Worker: http://localhost:8002, Running: 31.0, Waiting: 0.0
Worker: http://localhost:8002, qlen: 31.0
Worker: http://localhost:8002, Tokens: 253179.0
Selected worker: http://localhost:8002
INFO:     127.0.0.1:37506 - "POST /v1/completions HTTP/1.1" 200 OK
Worker: http://localhost:8001, Running: 33.0, Waiting: 0.0
Worker: http://localhost:8001, qlen: 33.0
Worker: http://localhost:8001, Tokens: 256146.0
Worker: http://localhost:8002, Running: 31.0, Waiting: 0.0
Worker: http://localhost:8002, qlen: 31.0
Worker: http://localhost:8002, Tokens: 253929.0
Selected worker: http://localhost:8002
INFO:     127.0.0.1:37514 - "POST /v1/completions HTTP/1.1" 200 OK
Worker: http://localhost:8001, Running: 32.0, Waiting: 0.0
Worker: http://localhost:8001, qlen: 32.0
Worker: http://localhost:8001, Tokens: 256871.0
Worker: http://localhost:8002, Running: 32.0, Waiting: 0.0
Worker: http://localhost:8002, qlen: 32.0
Worker: http://localhost:8002, Tokens: 254074.0
Selected worker: http://localhost:8002
INFO:     127.0.0.1:37516 - "POST /v1/completions HTTP/1.1" 200 OK
Worker: http://localhost:8001, Running: 32.0, Waiting: 0.0
Worker: http://localhost:8001, qlen: 32.0
Worker: http://localhost:8001, Tokens: 256967.0
Worker: http://localhost:8002, Running: 32.0, Waiting: 0.0
Worker: http://localhost:8002, qlen: 32.0
Worker: http://localhost:8002, Tokens: 255295.0
Selected worker: http://localhost:8002
INFO:     127.0.0.1:37526 - "POST /v1/completions HTTP/1.1" 200 OK
Worker: http://localhost:8001, Running: 32.0, Waiting: 0.0
Worker: http://localhost:8001, qlen: 32.0
Worker: http://localhost:8001, Tokens: 258757.0
Worker: http://localhost:8002, Running: 32.0, Waiting: 0.0
Worker: http://localhost:8002, qlen: 32.0
Worker: http://localhost:8002, Tokens: 260637.0
Selected worker: http://localhost:8001
INFO:     127.0.0.1:37528 - "POST /v1/completions HTTP/1.1" 200 OK
Worker: http://localhost:8001, Running: 32.0, Waiting: 0.0
Worker: http://localhost:8001, qlen: 32.0
Worker: http://localhost:8001, Tokens: 259657.0
Worker: http://localhost:8002, Running: 32.0, Waiting: 0.0
Worker: http://localhost:8002, qlen: 32.0
Worker: http://localhost:8002, Tokens: 261111.0
Selected worker: http://localhost:8002
INFO:     127.0.0.1:37534 - "POST /v1/completions HTTP/1.1" 200 OK
Worker: http://localhost:8001, Running: 32.0, Waiting: 0.0
Worker: http://localhost:8001, qlen: 32.0
Worker: http://localhost:8001, Tokens: 260105.0
Worker: http://localhost:8002, Running: 32.0, Waiting: 0.0
Worker: http://localhost:8002, qlen: 32.0
Worker: http://localhost:8002, Tokens: 261538.0
Selected worker: http://localhost:8001
INFO:     127.0.0.1:60638 - "POST /v1/completions HTTP/1.1" 200 OK
Worker: http://localhost:8001, Running: 33.0, Waiting: 0.0
Worker: http://localhost:8001, qlen: 33.0
Worker: http://localhost:8001, Tokens: 261986.0
Worker: http://localhost:8002, Running: 31.0, Waiting: 0.0
Worker: http://localhost:8002, qlen: 31.0
Worker: http://localhost:8002, Tokens: 261792.0
Selected worker: http://localhost:8002
INFO:     127.0.0.1:60640 - "POST /v1/completions HTTP/1.1" 200 OK
Worker: http://localhost:8001, Running: 32.0, Waiting: 0.0
Worker: http://localhost:8001, qlen: 32.0
Worker: http://localhost:8001, Tokens: 262546.0
Worker: http://localhost:8002, Running: 31.0, Waiting: 0.0
Worker: http://localhost:8002, qlen: 31.0
Worker: http://localhost:8002, Tokens: 264167.0
Selected worker: http://localhost:8002
INFO:     127.0.0.1:60656 - "POST /v1/completions HTTP/1.1" 200 OK
Worker: http://localhost:8001, Running: 32.0, Waiting: 0.0
Worker: http://localhost:8001, qlen: 32.0
Worker: http://localhost:8001, Tokens: 263058.0
Worker: http://localhost:8002, Running: 32.0, Waiting: 0.0
Worker: http://localhost:8002, qlen: 32.0
Worker: http://localhost:8002, Tokens: 264516.0
Selected worker: http://localhost:8001
INFO:     127.0.0.1:60658 - "POST /v1/completions HTTP/1.1" 200 OK
Worker: http://localhost:8001, Running: 33.0, Waiting: 0.0
Worker: http://localhost:8001, qlen: 33.0
Worker: http://localhost:8001, Tokens: 265608.0
Worker: http://localhost:8002, Running: 31.0, Waiting: 0.0
Worker: http://localhost:8002, qlen: 31.0
Worker: http://localhost:8002, Tokens: 265571.0
Selected worker: http://localhost:8002
INFO:     127.0.0.1:60662 - "POST /v1/completions HTTP/1.1" 200 OK
Worker: http://localhost:8001, Running: 32.0, Waiting: 0.0
Worker: http://localhost:8001, qlen: 32.0
Worker: http://localhost:8001, Tokens: 265045.0
Worker: http://localhost:8002, Running: 31.0, Waiting: 0.0
Worker: http://localhost:8002, qlen: 31.0
Worker: http://localhost:8002, Tokens: 265757.0
Selected worker: http://localhost:8002
INFO:     127.0.0.1:60666 - "POST /v1/completions HTTP/1.1" 200 OK
Worker: http://localhost:8001, Running: 31.0, Waiting: 0.0
Worker: http://localhost:8001, qlen: 31.0
Worker: http://localhost:8001, Tokens: 266849.0
Worker: http://localhost:8002, Running: 33.0, Waiting: 0.0
Worker: http://localhost:8002, qlen: 33.0
Worker: http://localhost:8002, Tokens: 264970.0
Selected worker: http://localhost:8001
INFO:     127.0.0.1:60682 - "POST /v1/completions HTTP/1.1" 200 OK
Worker: http://localhost:8001, Running: 32.0, Waiting: 0.0
Worker: http://localhost:8001, qlen: 32.0
Worker: http://localhost:8001, Tokens: 267097.0
Worker: http://localhost:8002, Running: 32.0, Waiting: 0.0
Worker: http://localhost:8002, qlen: 32.0
Worker: http://localhost:8002, Tokens: 268835.0
Selected worker: http://localhost:8001
INFO:     127.0.0.1:60686 - "POST /v1/completions HTTP/1.1" 200 OK
Worker: http://localhost:8001, Running: 32.0, Waiting: 0.0
Worker: http://localhost:8001, qlen: 32.0
Worker: http://localhost:8001, Tokens: 267159.0
Worker: http://localhost:8002, Running: 31.0, Waiting: 0.0
Worker: http://localhost:8002, qlen: 31.0
Worker: http://localhost:8002, Tokens: 269298.0
Selected worker: http://localhost:8002
INFO:     127.0.0.1:60690 - "POST /v1/completions HTTP/1.1" 200 OK
Worker: http://localhost:8001, Running: 33.0, Waiting: 0.0
Worker: http://localhost:8001, qlen: 33.0
Worker: http://localhost:8001, Tokens: 279403.0
Worker: http://localhost:8002, Running: 31.0, Waiting: 0.0
Worker: http://localhost:8002, qlen: 31.0
Worker: http://localhost:8002, Tokens: 270824.0
Selected worker: http://localhost:8002
INFO:     127.0.0.1:60694 - "POST /v1/completions HTTP/1.1" 200 OK
Worker: http://localhost:8001, Running: 33.0, Waiting: 0.0
Worker: http://localhost:8001, qlen: 33.0
Worker: http://localhost:8001, Tokens: 280987.0
Worker: http://localhost:8002, Running: 31.0, Waiting: 0.0
Worker: http://localhost:8002, qlen: 31.0
Worker: http://localhost:8002, Tokens: 272610.0
Selected worker: http://localhost:8002
INFO:     127.0.0.1:60696 - "POST /v1/completions HTTP/1.1" 200 OK
Worker: http://localhost:8001, Running: 33.0, Waiting: 0.0
Worker: http://localhost:8001, qlen: 33.0
Worker: http://localhost:8001, Tokens: 281013.0
Worker: http://localhost:8002, Running: 31.0, Waiting: 0.0
Worker: http://localhost:8002, qlen: 31.0
Worker: http://localhost:8002, Tokens: 273214.0
Selected worker: http://localhost:8002
INFO:     127.0.0.1:60700 - "POST /v1/completions HTTP/1.1" 200 OK
Worker: http://localhost:8001, Running: 32.0, Waiting: 0.0
Worker: http://localhost:8001, qlen: 32.0
Worker: http://localhost:8001, Tokens: 282535.0
Worker: http://localhost:8002, Running: 32.0, Waiting: 0.0
Worker: http://localhost:8002, qlen: 32.0
Worker: http://localhost:8002, Tokens: 274132.0
Selected worker: http://localhost:8002
INFO:     127.0.0.1:46800 - "POST /v1/completions HTTP/1.1" 200 OK
Worker: http://localhost:8001, Running: 32.0, Waiting: 0.0
Worker: http://localhost:8001, qlen: 32.0
Worker: http://localhost:8001, Tokens: 284135.0
Worker: http://localhost:8002, Running: 32.0, Waiting: 0.0
Worker: http://localhost:8002, qlen: 32.0
Worker: http://localhost:8002, Tokens: 275973.0
Selected worker: http://localhost:8001
INFO:     127.0.0.1:46808 - "POST /v1/completions HTTP/1.1" 200 OK
Worker: http://localhost:8001, Running: 33.0, Waiting: 0.0
Worker: http://localhost:8001, qlen: 33.0
Worker: http://localhost:8001, Tokens: 284470.0
Worker: http://localhost:8002, Running: 31.0, Waiting: 0.0
Worker: http://localhost:8002, qlen: 31.0
Worker: http://localhost:8002, Tokens: 276285.0
Selected worker: http://localhost:8002
INFO:     127.0.0.1:46818 - "POST /v1/completions HTTP/1.1" 200 OK
Worker: http://localhost:8001, Running: 33.0, Waiting: 0.0
Worker: http://localhost:8001, qlen: 33.0
Worker: http://localhost:8001, Tokens: 285724.0
Worker: http://localhost:8002, Running: 31.0, Waiting: 0.0
Worker: http://localhost:8002, qlen: 31.0
Worker: http://localhost:8002, Tokens: 279510.0
Selected worker: http://localhost:8002
INFO:     127.0.0.1:46826 - "POST /v1/completions HTTP/1.1" 200 OK
Worker: http://localhost:8001, Running: 33.0, Waiting: 0.0
Worker: http://localhost:8001, qlen: 33.0
Worker: http://localhost:8001, Tokens: 286120.0
Worker: http://localhost:8002, Running: 31.0, Waiting: 0.0
Worker: http://localhost:8002, qlen: 31.0
Worker: http://localhost:8002, Tokens: 276359.0
Selected worker: http://localhost:8002
Worker: http://localhost:8001, Running: 33.0, Waiting: 0.0
Worker: http://localhost:8001, qlen: 33.0
Worker: http://localhost:8001, Tokens: 286120.0
Worker: http://localhost:8002, Running: 31.0, Waiting: 0.0
Worker: http://localhost:8002, qlen: 31.0
Worker: http://localhost:8002, Tokens: 276663.0
Selected worker: http://localhost:8002
INFO:     127.0.0.1:46830 - "POST /v1/completions HTTP/1.1" 200 OK
INFO:     127.0.0.1:46840 - "POST /v1/completions HTTP/1.1" 200 OK
Worker: http://localhost:8001, Running: 32.0, Waiting: 0.0
Worker: http://localhost:8001, qlen: 32.0
Worker: http://localhost:8001, Tokens: 287341.0
Worker: http://localhost:8002, Running: 31.0, Waiting: 0.0
Worker: http://localhost:8002, qlen: 31.0
Worker: http://localhost:8002, Tokens: 282978.0
Selected worker: http://localhost:8002
INFO:     127.0.0.1:46856 - "POST /v1/completions HTTP/1.1" 200 OK
Worker: http://localhost:8001, Running: 32.0, Waiting: 0.0
Worker: http://localhost:8001, qlen: 32.0
Worker: http://localhost:8001, Tokens: 287266.0
Worker: http://localhost:8002, Running: 32.0, Waiting: 0.0
Worker: http://localhost:8002, qlen: 32.0
Worker: http://localhost:8002, Tokens: 283320.0
Selected worker: http://localhost:8002
INFO:     127.0.0.1:46860 - "POST /v1/completions HTTP/1.1" 200 OK
Worker: http://localhost:8001, Running: 31.0, Waiting: 0.0
Worker: http://localhost:8001, qlen: 31.0
Worker: http://localhost:8001, Tokens: 289272.0
Worker: http://localhost:8002, Running: 33.0, Waiting: 0.0
Worker: http://localhost:8002, qlen: 33.0
Worker: http://localhost:8002, Tokens: 287470.0
Selected worker: http://localhost:8001
INFO:     127.0.0.1:46872 - "POST /v1/completions HTTP/1.1" 200 OK
Worker: http://localhost:8001, Running: 31.0, Waiting: 0.0
Worker: http://localhost:8001, qlen: 31.0
Worker: http://localhost:8001, Tokens: 289427.0
Worker: http://localhost:8002, Running: 32.0, Waiting: 0.0
Worker: http://localhost:8002, qlen: 32.0
Worker: http://localhost:8002, Tokens: 287858.0
Selected worker: http://localhost:8001
INFO:     127.0.0.1:46880 - "POST /v1/completions HTTP/1.1" 200 OK
Worker: http://localhost:8001, Running: 33.0, Waiting: 0.0
Worker: http://localhost:8001, qlen: 33.0
Worker: http://localhost:8001, Tokens: 292993.0
Worker: http://localhost:8002, Running: 31.0, Waiting: 0.0
Worker: http://localhost:8002, qlen: 31.0
Worker: http://localhost:8002, Tokens: 285801.0
Selected worker: http://localhost:8002
INFO:     127.0.0.1:54432 - "POST /v1/completions HTTP/1.1" 200 OK
Worker: http://localhost:8001, Running: 33.0, Waiting: 0.0
Worker: http://localhost:8001, qlen: 33.0
Worker: http://localhost:8001, Tokens: 293092.0
Worker: http://localhost:8002, Running: 31.0, Waiting: 0.0
Worker: http://localhost:8002, qlen: 31.0
Worker: http://localhost:8002, Tokens: 282558.0
Selected worker: http://localhost:8002
INFO:     127.0.0.1:54446 - "POST /v1/completions HTTP/1.1" 200 OK
Worker: http://localhost:8001, Running: 33.0, Waiting: 0.0
Worker: http://localhost:8001, qlen: 33.0
Worker: http://localhost:8001, Tokens: 293092.0
Worker: http://localhost:8002, Running: 31.0, Waiting: 0.0
Worker: http://localhost:8002, qlen: 31.0
Worker: http://localhost:8002, Tokens: 282861.0
Selected worker: http://localhost:8002
INFO:     127.0.0.1:54456 - "POST /v1/completions HTTP/1.1" 200 OK
Worker: http://localhost:8001, Running: 33.0, Waiting: 0.0
Worker: http://localhost:8001, qlen: 33.0
Worker: http://localhost:8001, Tokens: 293290.0
Worker: http://localhost:8002, Running: 31.0, Waiting: 0.0
Worker: http://localhost:8002, qlen: 31.0
Worker: http://localhost:8002, Tokens: 289105.0
Selected worker: http://localhost:8002
INFO:     127.0.0.1:54472 - "POST /v1/completions HTTP/1.1" 200 OK
Worker: http://localhost:8001, Running: 33.0, Waiting: 0.0
Worker: http://localhost:8001, qlen: 33.0
Worker: http://localhost:8001, Tokens: 294577.0
Worker: http://localhost:8002, Running: 31.0, Waiting: 0.0
Worker: http://localhost:8002, qlen: 31.0
Worker: http://localhost:8002, Tokens: 286749.0
Selected worker: http://localhost:8002
INFO:     127.0.0.1:54480 - "POST /v1/completions HTTP/1.1" 200 OK
Worker: http://localhost:8001, Running: 33.0, Waiting: 0.0
Worker: http://localhost:8001, qlen: 33.0
Worker: http://localhost:8001, Tokens: 294907.0
Worker: http://localhost:8002, Running: 31.0, Waiting: 0.0
Worker: http://localhost:8002, qlen: 31.0
Worker: http://localhost:8002, Tokens: 289677.0
Selected worker: http://localhost:8002
INFO:     127.0.0.1:54482 - "POST /v1/completions HTTP/1.1" 200 OK
Worker: http://localhost:8001, Running: 33.0, Waiting: 0.0
Worker: http://localhost:8001, qlen: 33.0
Worker: http://localhost:8001, Tokens: 293514.0
Worker: http://localhost:8002, Running: 31.0, Waiting: 0.0
Worker: http://localhost:8002, qlen: 31.0
Worker: http://localhost:8002, Tokens: 289943.0
Selected worker: http://localhost:8002
INFO:     127.0.0.1:54498 - "POST /v1/completions HTTP/1.1" 200 OK
Worker: http://localhost:8001, Running: 32.0, Waiting: 0.0
Worker: http://localhost:8001, qlen: 32.0
Worker: http://localhost:8001, Tokens: 293727.0
Worker: http://localhost:8002, Running: 31.0, Waiting: 0.0
Worker: http://localhost:8002, qlen: 31.0
Worker: http://localhost:8002, Tokens: 291338.0
Selected worker: http://localhost:8002
INFO:     127.0.0.1:54514 - "POST /v1/completions HTTP/1.1" 200 OK
Worker: http://localhost:8001, Running: 31.0, Waiting: 0.0
Worker: http://localhost:8001, qlen: 31.0
Worker: http://localhost:8001, Tokens: 293976.0
Worker: http://localhost:8002, Running: 31.0, Waiting: 0.0
Worker: http://localhost:8002, qlen: 31.0
Worker: http://localhost:8002, Tokens: 291615.0
Selected worker: http://localhost:8002
INFO:     127.0.0.1:54530 - "POST /v1/completions HTTP/1.1" 200 OK
Worker: http://localhost:8001, Running: 30.0, Waiting: 0.0
Worker: http://localhost:8001, qlen: 30.0
Worker: http://localhost:8001, Tokens: 295566.0
Worker: http://localhost:8002, Running: 33.0, Waiting: 0.0
Worker: http://localhost:8002, qlen: 33.0
Worker: http://localhost:8002, Tokens: 243439.0
Selected worker: http://localhost:8001
INFO:     127.0.0.1:54544 - "POST /v1/completions HTTP/1.1" 200 OK
Worker: http://localhost:8001, Running: 30.0, Waiting: 0.0
Worker: http://localhost:8001, qlen: 30.0
Worker: http://localhost:8001, Tokens: 295393.0
Worker: http://localhost:8002, Running: 33.0, Waiting: 0.0
Worker: http://localhost:8002, qlen: 33.0
Worker: http://localhost:8002, Tokens: 243439.0
Selected worker: http://localhost:8001
INFO:     127.0.0.1:54552 - "POST /v1/completions HTTP/1.1" 200 OK
Worker: http://localhost:8001, Running: 31.0, Waiting: 0.0
Worker: http://localhost:8001, qlen: 31.0
Worker: http://localhost:8001, Tokens: 296149.0
Worker: http://localhost:8002, Running: 33.0, Waiting: 0.0
Worker: http://localhost:8002, qlen: 33.0
Worker: http://localhost:8002, Tokens: 292126.0
Selected worker: http://localhost:8001
INFO:     127.0.0.1:54564 - "POST /v1/completions HTTP/1.1" 200 OK
Worker: http://localhost:8001, Running: 31.0, Waiting: 0.0
Worker: http://localhost:8001, qlen: 31.0
Worker: http://localhost:8001, Tokens: 296418.0
Worker: http://localhost:8002, Running: 32.0, Waiting: 0.0
Worker: http://localhost:8002, qlen: 32.0
Worker: http://localhost:8002, Tokens: 291914.0
Selected worker: http://localhost:8001
INFO:     127.0.0.1:54570 - "POST /v1/completions HTTP/1.1" 200 OK
Worker: http://localhost:8001, Running: 31.0, Waiting: 0.0
Worker: http://localhost:8001, qlen: 31.0
Worker: http://localhost:8001, Tokens: 296682.0
Worker: http://localhost:8002, Running: 32.0, Waiting: 0.0
Worker: http://localhost:8002, qlen: 32.0
Worker: http://localhost:8002, Tokens: 291914.0
Selected worker: http://localhost:8001
INFO:     127.0.0.1:54578 - "POST /v1/completions HTTP/1.1" 200 OK
Worker: http://localhost:8001, Running: 31.0, Waiting: 0.0
Worker: http://localhost:8001, qlen: 31.0
Worker: http://localhost:8001, Tokens: 296366.0
Worker: http://localhost:8002, Running: 30.0, Waiting: 0.0
Worker: http://localhost:8002, qlen: 30.0
Worker: http://localhost:8002, Tokens: 292446.0
Selected worker: http://localhost:8002
INFO:     127.0.0.1:54584 - "POST /v1/completions HTTP/1.1" 200 OK
Worker: http://localhost:8001, Running: 34.0, Waiting: 0.0
Worker: http://localhost:8001, qlen: 34.0
Worker: http://localhost:8001, Tokens: 297686.0
Worker: http://localhost:8002, Running: 30.0, Waiting: 0.0
Worker: http://localhost:8002, qlen: 30.0
Worker: http://localhost:8002, Tokens: 293683.0
Selected worker: http://localhost:8002
INFO:     127.0.0.1:54592 - "POST /v1/completions HTTP/1.1" 200 OK
Worker: http://localhost:8001, Running: 34.0, Waiting: 0.0
Worker: http://localhost:8001, qlen: 34.0
Worker: http://localhost:8001, Tokens: 297992.0
Worker: http://localhost:8002, Running: 30.0, Waiting: 0.0
Worker: http://localhost:8002, qlen: 30.0
Worker: http://localhost:8002, Tokens: 294137.0
Selected worker: http://localhost:8002
INFO:     127.0.0.1:54602 - "POST /v1/completions HTTP/1.1" 200 OK
Worker: http://localhost:8001, Running: 34.0, Waiting: 0.0
Worker: http://localhost:8001, qlen: 34.0
Worker: http://localhost:8001, Tokens: 298094.0
Worker: http://localhost:8002, Running: 30.0, Waiting: 0.0
Worker: http://localhost:8002, qlen: 30.0
Worker: http://localhost:8002, Tokens: 294126.0
Selected worker: http://localhost:8002
INFO:     127.0.0.1:54604 - "POST /v1/completions HTTP/1.1" 200 OK
Worker: http://localhost:8001, Running: 34.0, Waiting: 0.0
Worker: http://localhost:8001, qlen: 34.0
Worker: http://localhost:8001, Tokens: 298094.0
Worker: http://localhost:8002, Running: 28.0, Waiting: 0.0
Worker: http://localhost:8002, qlen: 28.0
Worker: http://localhost:8002, Tokens: 291563.0
Selected worker: http://localhost:8002
INFO:     127.0.0.1:54612 - "POST /v1/completions HTTP/1.1" 200 OK
Worker: http://localhost:8001, Running: 34.0, Waiting: 0.0
Worker: http://localhost:8001, qlen: 34.0
Worker: http://localhost:8001, Tokens: 298264.0
Worker: http://localhost:8002, Running: 29.0, Waiting: 0.0
Worker: http://localhost:8002, qlen: 29.0
Worker: http://localhost:8002, Tokens: 294438.0
Selected worker: http://localhost:8002
INFO:     127.0.0.1:54626 - "POST /v1/completions HTTP/1.1" 200 OK
Worker: http://localhost:8001, Running: 34.0, Waiting: 0.0
Worker: http://localhost:8001, qlen: 34.0
Worker: http://localhost:8001, Tokens: 298638.0
Worker: http://localhost:8002, Running: 30.0, Waiting: 0.0
Worker: http://localhost:8002, qlen: 30.0
Worker: http://localhost:8002, Tokens: 291809.0
Selected worker: http://localhost:8002
INFO:     127.0.0.1:54640 - "POST /v1/completions HTTP/1.1" 200 OK
Worker: http://localhost:8001, Running: 34.0, Waiting: 0.0
Worker: http://localhost:8001, qlen: 34.0
Worker: http://localhost:8001, Tokens: 296779.0
Worker: http://localhost:8002, Running: 29.0, Waiting: 0.0
Worker: http://localhost:8002, qlen: 29.0
Worker: http://localhost:8002, Tokens: 291509.0
Selected worker: http://localhost:8002
INFO:     127.0.0.1:54642 - "POST /v1/completions HTTP/1.1" 200 OK
Worker: http://localhost:8001, Running: 34.0, Waiting: 0.0
Worker: http://localhost:8001, qlen: 34.0
Worker: http://localhost:8001, Tokens: 296779.0
Worker: http://localhost:8002, Running: 29.0, Waiting: 0.0
Worker: http://localhost:8002, qlen: 29.0
Worker: http://localhost:8002, Tokens: 291774.0
Selected worker: http://localhost:8002
INFO:     127.0.0.1:54658 - "POST /v1/completions HTTP/1.1" 200 OK
Worker: http://localhost:8001, Running: 34.0, Waiting: 0.0
Worker: http://localhost:8001, qlen: 34.0
Worker: http://localhost:8001, Tokens: 296779.0
Worker: http://localhost:8002, Running: 29.0, Waiting: 0.0
Worker: http://localhost:8002, qlen: 29.0
Worker: http://localhost:8002, Tokens: 292067.0
Selected worker: http://localhost:8002
INFO:     127.0.0.1:54670 - "POST /v1/completions HTTP/1.1" 200 OK
Worker: http://localhost:8001, Running: 33.0, Waiting: 0.0
Worker: http://localhost:8001, qlen: 33.0
Worker: http://localhost:8001, Tokens: 298869.0
Worker: http://localhost:8002, Running: 31.0, Waiting: 0.0
Worker: http://localhost:8002, qlen: 31.0
Worker: http://localhost:8002, Tokens: 295601.0
Selected worker: http://localhost:8002
INFO:     127.0.0.1:54684 - "POST /v1/completions HTTP/1.1" 200 OK
Worker: http://localhost:8001, Running: 33.0, Waiting: 0.0
Worker: http://localhost:8001, qlen: 33.0
Worker: http://localhost:8001, Tokens: 298598.0
Worker: http://localhost:8002, Running: 31.0, Waiting: 0.0
Worker: http://localhost:8002, qlen: 31.0
Worker: http://localhost:8002, Tokens: 295725.0
Selected worker: http://localhost:8002
INFO:     127.0.0.1:54694 - "POST /v1/completions HTTP/1.1" 200 OK
Worker: http://localhost:8001, Running: 31.0, Waiting: 0.0
Worker: http://localhost:8001, qlen: 31.0
Worker: http://localhost:8001, Tokens: 299512.0
Worker: http://localhost:8002, Running: 33.0, Waiting: 0.0
Worker: http://localhost:8002, qlen: 33.0
Worker: http://localhost:8002, Tokens: 295775.0
Selected worker: http://localhost:8001
INFO:     127.0.0.1:54710 - "POST /v1/completions HTTP/1.1" 200 OK
Worker: http://localhost:8001, Running: 32.0, Waiting: 0.0
Worker: http://localhost:8001, qlen: 32.0
Worker: http://localhost:8001, Tokens: 298903.0
Worker: http://localhost:8002, Running: 32.0, Waiting: 0.0
Worker: http://localhost:8002, qlen: 32.0
Worker: http://localhost:8002, Tokens: 296593.0
Selected worker: http://localhost:8002
Worker: http://localhost:8001, Running: 32.0, Waiting: 0.0
Worker: http://localhost:8001, qlen: 32.0
Worker: http://localhost:8001, Tokens: 298903.0
Worker: http://localhost:8002, Running: 32.0, Waiting: 0.0
Worker: http://localhost:8002, qlen: 32.0
Worker: http://localhost:8002, Tokens: 296882.0
Selected worker: http://localhost:8002
Worker: http://localhost:8001, Running: 32.0, Waiting: 0.0
Worker: http://localhost:8001, qlen: 32.0
Worker: http://localhost:8001, Tokens: 298903.0
Worker: http://localhost:8002, Running: 32.0, Waiting: 0.0
Worker: http://localhost:8002, qlen: 32.0
Worker: http://localhost:8002, Tokens: 297139.0
Selected worker: http://localhost:8001
INFO:     127.0.0.1:54718 - "POST /v1/completions HTTP/1.1" 200 OK
INFO:     127.0.0.1:54732 - "POST /v1/completions HTTP/1.1" 200 OK
INFO:     127.0.0.1:54736 - "POST /v1/completions HTTP/1.1" 200 OK
Worker: http://localhost:8001, Running: 29.0, Waiting: 0.0
Worker: http://localhost:8001, qlen: 29.0
Worker: http://localhost:8001, Tokens: 300004.0
Worker: http://localhost:8002, Running: 32.0, Waiting: 0.0
Worker: http://localhost:8002, qlen: 32.0
Worker: http://localhost:8002, Tokens: 297139.0
Selected worker: http://localhost:8001
INFO:     127.0.0.1:54748 - "POST /v1/completions HTTP/1.1" 200 OK
Worker: http://localhost:8001, Running: 30.0, Waiting: 0.0
Worker: http://localhost:8001, qlen: 30.0
Worker: http://localhost:8001, Tokens: 302576.0
Worker: http://localhost:8002, Running: 34.0, Waiting: 0.0
Worker: http://localhost:8002, qlen: 34.0
Worker: http://localhost:8002, Tokens: 297285.0
Selected worker: http://localhost:8001
INFO:     127.0.0.1:54760 - "POST /v1/completions HTTP/1.1" 200 OK
Worker: http://localhost:8001, Running: 31.0, Waiting: 0.0
Worker: http://localhost:8001, qlen: 31.0
Worker: http://localhost:8001, Tokens: 302883.0
Worker: http://localhost:8002, Running: 33.0, Waiting: 0.0
Worker: http://localhost:8002, qlen: 33.0
Worker: http://localhost:8002, Tokens: 297714.0
Selected worker: http://localhost:8001
INFO:     127.0.0.1:54776 - "POST /v1/completions HTTP/1.1" 200 OK
Worker: http://localhost:8001, Running: 31.0, Waiting: 0.0
Worker: http://localhost:8001, qlen: 31.0
Worker: http://localhost:8001, Tokens: 302976.0
Worker: http://localhost:8002, Running: 33.0, Waiting: 0.0
Worker: http://localhost:8002, qlen: 33.0
Worker: http://localhost:8002, Tokens: 297435.0
Selected worker: http://localhost:8001
INFO:     127.0.0.1:54788 - "POST /v1/completions HTTP/1.1" 200 OK
Worker: http://localhost:8001, Running: 31.0, Waiting: 0.0
Worker: http://localhost:8001, qlen: 31.0
Worker: http://localhost:8001, Tokens: 303276.0
Worker: http://localhost:8002, Running: 31.0, Waiting: 0.0
Worker: http://localhost:8002, qlen: 31.0
Worker: http://localhost:8002, Tokens: 297823.0
Selected worker: http://localhost:8001
INFO:     127.0.0.1:54794 - "POST /v1/completions HTTP/1.1" 200 OK
Worker: http://localhost:8001, Running: 32.0, Waiting: 0.0
Worker: http://localhost:8001, qlen: 32.0
Worker: http://localhost:8001, Tokens: 303203.0
Worker: http://localhost:8002, Running: 29.0, Waiting: 0.0
Worker: http://localhost:8002, qlen: 29.0
Worker: http://localhost:8002, Tokens: 298312.0
Selected worker: http://localhost:8002
INFO:     127.0.0.1:54806 - "POST /v1/completions HTTP/1.1" 200 OK
Worker: http://localhost:8001, Running: 34.0, Waiting: 0.0
Worker: http://localhost:8001, qlen: 34.0
Worker: http://localhost:8001, Tokens: 303528.0
Worker: http://localhost:8002, Running: 30.0, Waiting: 0.0
Worker: http://localhost:8002, qlen: 30.0
Worker: http://localhost:8002, Tokens: 297521.0
Selected worker: http://localhost:8002
INFO:     127.0.0.1:54814 - "POST /v1/completions HTTP/1.1" 200 OK
Worker: http://localhost:8001, Running: 34.0, Waiting: 0.0
Worker: http://localhost:8001, qlen: 34.0
Worker: http://localhost:8001, Tokens: 303528.0
Worker: http://localhost:8002, Running: 30.0, Waiting: 0.0
Worker: http://localhost:8002, qlen: 30.0
Worker: http://localhost:8002, Tokens: 297791.0
Selected worker: http://localhost:8002
Worker: http://localhost:8001, Running: 34.0, Waiting: 0.0
Worker: http://localhost:8001, qlen: 34.0
Worker: http://localhost:8001, Tokens: 303528.0
Worker: http://localhost:8002, Running: 30.0, Waiting: 0.0
Worker: http://localhost:8002, qlen: 30.0
Worker: http://localhost:8002, Tokens: 298060.0
Selected worker: http://localhost:8002
Worker: http://localhost:8001, Running: 34.0, Waiting: 0.0
Worker: http://localhost:8001, qlen: 34.0
Worker: http://localhost:8001, Tokens: 303528.0
Worker: http://localhost:8002, Running: 30.0, Waiting: 0.0
Worker: http://localhost:8002, qlen: 30.0
Worker: http://localhost:8002, Tokens: 298323.0
Selected worker: http://localhost:8002
INFO:     127.0.0.1:54830 - "POST /v1/completions HTTP/1.1" 200 OK
INFO:     127.0.0.1:54846 - "POST /v1/completions HTTP/1.1" 200 OK
INFO:     127.0.0.1:54858 - "POST /v1/completions HTTP/1.1" 200 OK
Worker: http://localhost:8001, Running: 34.0, Waiting: 0.0
Worker: http://localhost:8001, qlen: 34.0
Worker: http://localhost:8001, Tokens: 304072.0
Worker: http://localhost:8002, Running: 30.0, Waiting: 0.0
Worker: http://localhost:8002, qlen: 30.0
Worker: http://localhost:8002, Tokens: 298592.0
Selected worker: http://localhost:8002
INFO:     127.0.0.1:40002 - "POST /v1/completions HTTP/1.1" 200 OK
Worker: http://localhost:8001, Running: 34.0, Waiting: 0.0
Worker: http://localhost:8001, qlen: 34.0
Worker: http://localhost:8001, Tokens: 304072.0
Worker: http://localhost:8002, Running: 30.0, Waiting: 0.0
Worker: http://localhost:8002, qlen: 30.0
Worker: http://localhost:8002, Tokens: 299916.0
Selected worker: http://localhost:8002
INFO:     127.0.0.1:40010 - "POST /v1/completions HTTP/1.1" 200 OK
Worker: http://localhost:8001, Running: 34.0, Waiting: 0.0
Worker: http://localhost:8001, qlen: 34.0
Worker: http://localhost:8001, Tokens: 302549.0
Worker: http://localhost:8002, Running: 28.0, Waiting: 0.0
Worker: http://localhost:8002, qlen: 28.0
Worker: http://localhost:8002, Tokens: 299303.0
Selected worker: http://localhost:8002
INFO:     127.0.0.1:40014 - "POST /v1/completions HTTP/1.1" 200 OK
Worker: http://localhost:8001, Running: 33.0, Waiting: 0.0
Worker: http://localhost:8001, qlen: 33.0
Worker: http://localhost:8001, Tokens: 299036.0
Worker: http://localhost:8002, Running: 28.0, Waiting: 0.0
Worker: http://localhost:8002, qlen: 28.0
Worker: http://localhost:8002, Tokens: 299574.0
Selected worker: http://localhost:8002
INFO:     127.0.0.1:40018 - "POST /v1/completions HTTP/1.1" 200 OK
Worker: http://localhost:8001, Running: 33.0, Waiting: 0.0
Worker: http://localhost:8001, qlen: 33.0
Worker: http://localhost:8001, Tokens: 299036.0
Worker: http://localhost:8002, Running: 28.0, Waiting: 0.0
Worker: http://localhost:8002, qlen: 28.0
Worker: http://localhost:8002, Tokens: 299835.0
Selected worker: http://localhost:8002
INFO:     127.0.0.1:40034 - "POST /v1/completions HTTP/1.1" 200 OK
Worker: http://localhost:8001, Running: 31.0, Waiting: 0.0
Worker: http://localhost:8001, qlen: 31.0
Worker: http://localhost:8001, Tokens: 305022.0
Worker: http://localhost:8002, Running: 33.0, Waiting: 0.0
Worker: http://localhost:8002, qlen: 33.0
Worker: http://localhost:8002, Tokens: 300786.0
Selected worker: http://localhost:8001
Worker: http://localhost:8001, Running: 31.0, Waiting: 0.0
Worker: http://localhost:8001, qlen: 31.0
Worker: http://localhost:8001, Tokens: 305308.0
Worker: http://localhost:8002, Running: 33.0, Waiting: 0.0
Worker: http://localhost:8002, qlen: 33.0
Worker: http://localhost:8002, Tokens: 300786.0
Selected worker: http://localhost:8001
INFO:     127.0.0.1:40050 - "POST /v1/completions HTTP/1.1" 200 OK
INFO:     127.0.0.1:40058 - "POST /v1/completions HTTP/1.1" 200 OK
Worker: http://localhost:8001, Running: 31.0, Waiting: 0.0
Worker: http://localhost:8001, qlen: 31.0
Worker: http://localhost:8001, Tokens: 303681.0
Worker: http://localhost:8002, Running: 31.0, Waiting: 0.0
Worker: http://localhost:8002, qlen: 31.0
Worker: http://localhost:8002, Tokens: 301462.0
Selected worker: http://localhost:8001
INFO:     127.0.0.1:40064 - "POST /v1/completions HTTP/1.1" 200 OK
Worker: http://localhost:8001, Running: 32.0, Waiting: 0.0
Worker: http://localhost:8001, qlen: 32.0
Worker: http://localhost:8001, Tokens: 305365.0
Worker: http://localhost:8002, Running: 31.0, Waiting: 0.0
Worker: http://localhost:8002, qlen: 31.0
Worker: http://localhost:8002, Tokens: 298995.0
Selected worker: http://localhost:8002
Worker: http://localhost:8001, Running: 32.0, Waiting: 0.0
Worker: http://localhost:8001, qlen: 32.0
Worker: http://localhost:8001, Tokens: 305365.0
Worker: http://localhost:8002, Running: 31.0, Waiting: 0.0
Worker: http://localhost:8002, qlen: 31.0
Worker: http://localhost:8002, Tokens: 300946.0
Selected worker: http://localhost:8002
INFO:     127.0.0.1:40076 - "POST /v1/completions HTTP/1.1" 200 OK
INFO:     127.0.0.1:40084 - "POST /v1/completions HTTP/1.1" 200 OK
Worker: http://localhost:8001, Running: 32.0, Waiting: 0.0
Worker: http://localhost:8001, qlen: 32.0
Worker: http://localhost:8001, Tokens: 305102.0
Worker: http://localhost:8002, Running: 29.0, Waiting: 0.0
Worker: http://localhost:8002, qlen: 29.0
Worker: http://localhost:8002, Tokens: 301863.0
Selected worker: http://localhost:8002
INFO:     127.0.0.1:40100 - "POST /v1/completions HTTP/1.1" 200 OK
Worker: http://localhost:8001, Running: 32.0, Waiting: 0.0
Worker: http://localhost:8001, qlen: 32.0
Worker: http://localhost:8001, Tokens: 306891.0
Worker: http://localhost:8002, Running: 29.0, Waiting: 0.0
Worker: http://localhost:8002, qlen: 29.0
Worker: http://localhost:8002, Tokens: 302138.0
Selected worker: http://localhost:8002
INFO:     127.0.0.1:40106 - "POST /v1/completions HTTP/1.1" 200 OK
Worker: http://localhost:8001, Running: 31.0, Waiting: 0.0
Worker: http://localhost:8001, qlen: 31.0
Worker: http://localhost:8001, Tokens: 307438.0
Worker: http://localhost:8002, Running: 33.0, Waiting: 0.0
Worker: http://localhost:8002, qlen: 33.0
Worker: http://localhost:8002, Tokens: 304778.0
Selected worker: http://localhost:8001
INFO:     127.0.0.1:40110 - "POST /v1/completions HTTP/1.1" 200 OK
Worker: http://localhost:8001, Running: 30.0, Waiting: 0.0
Worker: http://localhost:8001, qlen: 30.0
Worker: http://localhost:8001, Tokens: 307939.0
Worker: http://localhost:8002, Running: 33.0, Waiting: 0.0
Worker: http://localhost:8002, qlen: 33.0
Worker: http://localhost:8002, Tokens: 304806.0
Selected worker: http://localhost:8001
INFO:     127.0.0.1:40124 - "POST /v1/completions HTTP/1.1" 200 OK
Worker: http://localhost:8001, Running: 31.0, Waiting: 0.0
Worker: http://localhost:8001, qlen: 31.0
Worker: http://localhost:8001, Tokens: 307750.0
Worker: http://localhost:8002, Running: 33.0, Waiting: 0.0
Worker: http://localhost:8002, qlen: 33.0
Worker: http://localhost:8002, Tokens: 304806.0
Selected worker: http://localhost:8001
INFO:     127.0.0.1:40134 - "POST /v1/completions HTTP/1.1" 200 OK
Worker: http://localhost:8001, Running: 31.0, Waiting: 0.0
Worker: http://localhost:8001, qlen: 31.0
Worker: http://localhost:8001, Tokens: 307465.0
Worker: http://localhost:8002, Running: 32.0, Waiting: 0.0
Worker: http://localhost:8002, qlen: 32.0
Worker: http://localhost:8002, Tokens: 305269.0
Selected worker: http://localhost:8001
INFO:     127.0.0.1:40136 - "POST /v1/completions HTTP/1.1" 200 OK
Worker: http://localhost:8001, Running: 31.0, Waiting: 0.0
Worker: http://localhost:8001, qlen: 31.0
Worker: http://localhost:8001, Tokens: 307729.0
Worker: http://localhost:8002, Running: 32.0, Waiting: 0.0
Worker: http://localhost:8002, qlen: 32.0
Worker: http://localhost:8002, Tokens: 305269.0
Selected worker: http://localhost:8001
INFO:     127.0.0.1:40152 - "POST /v1/completions HTTP/1.1" 200 OK
Worker: http://localhost:8001, Running: 30.0, Waiting: 0.0
Worker: http://localhost:8001, qlen: 30.0
Worker: http://localhost:8001, Tokens: 306804.0
Worker: http://localhost:8002, Running: 32.0, Waiting: 0.0
Worker: http://localhost:8002, qlen: 32.0
Worker: http://localhost:8002, Tokens: 305589.0
Selected worker: http://localhost:8001
INFO:     127.0.0.1:40160 - "POST /v1/completions HTTP/1.1" 200 OK
Worker: http://localhost:8001, Running: 31.0, Waiting: 0.0
Worker: http://localhost:8001, qlen: 31.0
Worker: http://localhost:8001, Tokens: 306178.0
Worker: http://localhost:8002, Running: 32.0, Waiting: 0.0
Worker: http://localhost:8002, qlen: 32.0
Worker: http://localhost:8002, Tokens: 304510.0
Selected worker: http://localhost:8001
INFO:     127.0.0.1:40162 - "POST /v1/completions HTTP/1.1" 200 OK
Worker: http://localhost:8001, Running: 31.0, Waiting: 0.0
Worker: http://localhost:8001, qlen: 31.0
Worker: http://localhost:8001, Tokens: 309788.0
Worker: http://localhost:8002, Running: 32.0, Waiting: 0.0
Worker: http://localhost:8002, qlen: 32.0
Worker: http://localhost:8002, Tokens: 304510.0
Selected worker: http://localhost:8001
INFO:     127.0.0.1:40178 - "POST /v1/completions HTTP/1.1" 200 OK
Worker: http://localhost:8001, Running: 31.0, Waiting: 0.0
Worker: http://localhost:8001, qlen: 31.0
Worker: http://localhost:8001, Tokens: 310054.0
Worker: http://localhost:8002, Running: 32.0, Waiting: 0.0
Worker: http://localhost:8002, qlen: 32.0
Worker: http://localhost:8002, Tokens: 304510.0
Selected worker: http://localhost:8001
INFO:     127.0.0.1:40190 - "POST /v1/completions HTTP/1.1" 200 OK
Worker: http://localhost:8001, Running: 31.0, Waiting: 0.0
Worker: http://localhost:8001, qlen: 31.0
Worker: http://localhost:8001, Tokens: 310325.0
Worker: http://localhost:8002, Running: 32.0, Waiting: 0.0
Worker: http://localhost:8002, qlen: 32.0
Worker: http://localhost:8002, Tokens: 304510.0
Selected worker: http://localhost:8001
INFO:     127.0.0.1:40192 - "POST /v1/completions HTTP/1.1" 200 OK
Worker: http://localhost:8001, Running: 31.0, Waiting: 0.0
Worker: http://localhost:8001, qlen: 31.0
Worker: http://localhost:8001, Tokens: 310598.0
Worker: http://localhost:8002, Running: 32.0, Waiting: 0.0
Worker: http://localhost:8002, qlen: 32.0
Worker: http://localhost:8002, Tokens: 304510.0
Selected worker: http://localhost:8001
INFO:     127.0.0.1:40202 - "POST /v1/completions HTTP/1.1" 200 OK
Worker: http://localhost:8001, Running: 31.0, Waiting: 0.0
Worker: http://localhost:8001, qlen: 31.0
Worker: http://localhost:8001, Tokens: 313531.0
Worker: http://localhost:8002, Running: 32.0, Waiting: 0.0
Worker: http://localhost:8002, qlen: 32.0
Worker: http://localhost:8002, Tokens: 304510.0
Selected worker: http://localhost:8001
INFO:     127.0.0.1:40206 - "POST /v1/completions HTTP/1.1" 200 OK
Worker: http://localhost:8001, Running: 31.0, Waiting: 0.0
Worker: http://localhost:8001, qlen: 31.0
Worker: http://localhost:8001, Tokens: 314987.0
Worker: http://localhost:8002, Running: 28.0, Waiting: 0.0
Worker: http://localhost:8002, qlen: 28.0
Worker: http://localhost:8002, Tokens: 305587.0
Selected worker: http://localhost:8002
INFO:     127.0.0.1:40214 - "POST /v1/completions HTTP/1.1" 200 OK
Worker: http://localhost:8001, Running: 30.0, Waiting: 0.0
Worker: http://localhost:8001, qlen: 30.0
Worker: http://localhost:8001, Tokens: 310162.0
Worker: http://localhost:8002, Running: 28.0, Waiting: 0.0
Worker: http://localhost:8002, qlen: 28.0
Worker: http://localhost:8002, Tokens: 306602.0
Selected worker: http://localhost:8002
INFO:     127.0.0.1:40228 - "POST /v1/completions HTTP/1.1" 200 OK
Worker: http://localhost:8001, Running: 30.0, Waiting: 0.0
Worker: http://localhost:8001, qlen: 30.0
Worker: http://localhost:8001, Tokens: 310162.0
Worker: http://localhost:8002, Running: 26.0, Waiting: 0.0
Worker: http://localhost:8002, qlen: 26.0
Worker: http://localhost:8002, Tokens: 305618.0
Selected worker: http://localhost:8002
Worker: http://localhost:8001, Running: 30.0, Waiting: 0.0
Worker: http://localhost:8001, qlen: 30.0
Worker: http://localhost:8001, Tokens: 310162.0
Worker: http://localhost:8002, Running: 26.0, Waiting: 0.0
Worker: http://localhost:8002, qlen: 26.0
Worker: http://localhost:8002, Tokens: 305884.0
Selected worker: http://localhost:8002
INFO:     127.0.0.1:40244 - "POST /v1/completions HTTP/1.1" 200 OK
INFO:     127.0.0.1:40246 - "POST /v1/completions HTTP/1.1" 200 OK
Worker: http://localhost:8001, Running: 36.0, Waiting: 0.0
Worker: http://localhost:8001, qlen: 36.0
Worker: http://localhost:8001, Tokens: 318195.0
Worker: http://localhost:8002, Running: 28.0, Waiting: 0.0
Worker: http://localhost:8002, qlen: 28.0
Worker: http://localhost:8002, Tokens: 307750.0
Selected worker: http://localhost:8002
Worker: http://localhost:8001, Running: 36.0, Waiting: 0.0
Worker: http://localhost:8001, qlen: 36.0
Worker: http://localhost:8001, Tokens: 318195.0
Worker: http://localhost:8002, Running: 28.0, Waiting: 0.0
Worker: http://localhost:8002, qlen: 28.0
Worker: http://localhost:8002, Tokens: 308027.0
Selected worker: http://localhost:8002
Worker: http://localhost:8001, Running: 36.0, Waiting: 0.0
Worker: http://localhost:8001, qlen: 36.0
Worker: http://localhost:8001, Tokens: 318195.0
Worker: http://localhost:8002, Running: 28.0, Waiting: 0.0
Worker: http://localhost:8002, qlen: 28.0
Worker: http://localhost:8002, Tokens: 308292.0
Selected worker: http://localhost:8002
INFO:     127.0.0.1:40260 - "POST /v1/completions HTTP/1.1" 200 OK
INFO:     127.0.0.1:40274 - "POST /v1/completions HTTP/1.1" 200 OK
INFO:     127.0.0.1:40290 - "POST /v1/completions HTTP/1.1" 200 OK
Worker: http://localhost:8001, Running: 36.0, Waiting: 0.0
Worker: http://localhost:8001, qlen: 36.0
Worker: http://localhost:8001, Tokens: 318303.0
Worker: http://localhost:8002, Running: 28.0, Waiting: 0.0
Worker: http://localhost:8002, qlen: 28.0
Worker: http://localhost:8002, Tokens: 307083.0
Selected worker: http://localhost:8002
INFO:     127.0.0.1:40298 - "POST /v1/completions HTTP/1.1" 200 OK
Worker: http://localhost:8001, Running: 36.0, Waiting: 0.0
Worker: http://localhost:8001, qlen: 36.0
Worker: http://localhost:8001, Tokens: 314849.0
Worker: http://localhost:8002, Running: 27.0, Waiting: 0.0
Worker: http://localhost:8002, qlen: 27.0
Worker: http://localhost:8002, Tokens: 301772.0
Selected worker: http://localhost:8002
INFO:     127.0.0.1:40308 - "POST /v1/completions HTTP/1.1" 200 OK
Worker: http://localhost:8001, Running: 36.0, Waiting: 0.0
Worker: http://localhost:8001, qlen: 36.0
Worker: http://localhost:8001, Tokens: 314849.0
Worker: http://localhost:8002, Running: 27.0, Waiting: 0.0
Worker: http://localhost:8002, qlen: 27.0
Worker: http://localhost:8002, Tokens: 302038.0
Selected worker: http://localhost:8002
Worker: http://localhost:8001, Running: 36.0, Waiting: 0.0
Worker: http://localhost:8001, qlen: 36.0
Worker: http://localhost:8001, Tokens: 314849.0
Worker: http://localhost:8002, Running: 27.0, Waiting: 0.0
Worker: http://localhost:8002, qlen: 27.0
Worker: http://localhost:8002, Tokens: 302312.0
Selected worker: http://localhost:8002
Worker: http://localhost:8001, Running: 36.0, Waiting: 0.0
Worker: http://localhost:8001, qlen: 36.0
Worker: http://localhost:8001, Tokens: 314849.0
Worker: http://localhost:8002, Running: 27.0, Waiting: 0.0
Worker: http://localhost:8002, qlen: 27.0
Worker: http://localhost:8002, Tokens: 303920.0
Selected worker: http://localhost:8002
Worker: http://localhost:8001, Running: 36.0, Waiting: 0.0
Worker: http://localhost:8001, qlen: 36.0
Worker: http://localhost:8001, Tokens: 314849.0
Worker: http://localhost:8002, Running: 27.0, Waiting: 0.0
Worker: http://localhost:8002, qlen: 27.0
Worker: http://localhost:8002, Tokens: 304195.0
Selected worker: http://localhost:8002
Worker: http://localhost:8001, Running: 36.0, Waiting: 0.0
Worker: http://localhost:8001, qlen: 36.0
Worker: http://localhost:8001, Tokens: 314849.0
Worker: http://localhost:8002, Running: 27.0, Waiting: 0.0
Worker: http://localhost:8002, qlen: 27.0
Worker: http://localhost:8002, Tokens: 304487.0
Selected worker: http://localhost:8002
Worker: http://localhost:8001, Running: 36.0, Waiting: 0.0
Worker: http://localhost:8001, qlen: 36.0
Worker: http://localhost:8001, Tokens: 314849.0
Worker: http://localhost:8002, Running: 27.0, Waiting: 0.0
Worker: http://localhost:8002, qlen: 27.0
Worker: http://localhost:8002, Tokens: 304749.0
Selected worker: http://localhost:8002
INFO:     127.0.0.1:40316 - "POST /v1/completions HTTP/1.1" 200 OK
INFO:     127.0.0.1:40318 - "POST /v1/completions HTTP/1.1" 200 OK
INFO:     127.0.0.1:40320 - "POST /v1/completions HTTP/1.1" 200 OK
INFO:     127.0.0.1:40322 - "POST /v1/completions HTTP/1.1" 200 OK
INFO:     127.0.0.1:40328 - "POST /v1/completions HTTP/1.1" 200 OK
INFO:     127.0.0.1:40340 - "POST /v1/completions HTTP/1.1" 200 OK
Worker: http://localhost:8001, Running: 32.0, Waiting: 0.0
Worker: http://localhost:8001, qlen: 32.0
Worker: http://localhost:8001, Tokens: 317480.0
Worker: http://localhost:8002, Running: 27.0, Waiting: 0.0
Worker: http://localhost:8002, qlen: 27.0
Worker: http://localhost:8002, Tokens: 305054.0
Selected worker: http://localhost:8002
INFO:     127.0.0.1:40356 - "POST /v1/completions HTTP/1.1" 200 OK
Worker: http://localhost:8001, Running: 31.0, Waiting: 0.0
Worker: http://localhost:8001, qlen: 31.0
Worker: http://localhost:8001, Tokens: 319519.0
Worker: http://localhost:8002, Running: 33.0, Waiting: 0.0
Worker: http://localhost:8002, qlen: 33.0
Worker: http://localhost:8002, Tokens: 311924.0
Selected worker: http://localhost:8001
INFO:     127.0.0.1:40372 - "POST /v1/completions HTTP/1.1" 200 OK
Worker: http://localhost:8001, Running: 31.0, Waiting: 0.0
Worker: http://localhost:8001, qlen: 31.0
Worker: http://localhost:8001, Tokens: 319549.0
Worker: http://localhost:8002, Running: 33.0, Waiting: 0.0
Worker: http://localhost:8002, qlen: 33.0
Worker: http://localhost:8002, Tokens: 312287.0
Selected worker: http://localhost:8001
INFO:     127.0.0.1:40382 - "POST /v1/completions HTTP/1.1" 200 OK
Worker: http://localhost:8001, Running: 31.0, Waiting: 0.0
Worker: http://localhost:8001, qlen: 31.0
Worker: http://localhost:8001, Tokens: 319817.0
Worker: http://localhost:8002, Running: 33.0, Waiting: 0.0
Worker: http://localhost:8002, qlen: 33.0
Worker: http://localhost:8002, Tokens: 312004.0
Selected worker: http://localhost:8001
INFO:     127.0.0.1:40398 - "POST /v1/completions HTTP/1.1" 200 OK
Worker: http://localhost:8001, Running: 31.0, Waiting: 0.0
Worker: http://localhost:8001, qlen: 31.0
Worker: http://localhost:8001, Tokens: 319822.0
Worker: http://localhost:8002, Running: 33.0, Waiting: 0.0
Worker: http://localhost:8002, qlen: 33.0
Worker: http://localhost:8002, Tokens: 311471.0
Selected worker: http://localhost:8001
INFO:     127.0.0.1:40408 - "POST /v1/completions HTTP/1.1" 200 OK
Worker: http://localhost:8001, Running: 31.0, Waiting: 0.0
Worker: http://localhost:8001, qlen: 31.0
Worker: http://localhost:8001, Tokens: 320084.0
Worker: http://localhost:8002, Running: 33.0, Waiting: 0.0
Worker: http://localhost:8002, qlen: 33.0
Worker: http://localhost:8002, Tokens: 311471.0
Selected worker: http://localhost:8001
INFO:     127.0.0.1:40412 - "POST /v1/completions HTTP/1.1" 200 OK
Worker: http://localhost:8001, Running: 28.0, Waiting: 0.0
Worker: http://localhost:8001, qlen: 28.0
Worker: http://localhost:8001, Tokens: 320310.0
Worker: http://localhost:8002, Running: 33.0, Waiting: 0.0
Worker: http://localhost:8002, qlen: 33.0
Worker: http://localhost:8002, Tokens: 311471.0
Selected worker: http://localhost:8001
INFO:     127.0.0.1:40426 - "POST /v1/completions HTTP/1.1" 200 OK
Worker: http://localhost:8001, Running: 28.0, Waiting: 0.0
Worker: http://localhost:8001, qlen: 28.0
Worker: http://localhost:8001, Tokens: 320600.0
Worker: http://localhost:8002, Running: 33.0, Waiting: 0.0
Worker: http://localhost:8002, qlen: 33.0
Worker: http://localhost:8002, Tokens: 311471.0
Selected worker: http://localhost:8001
INFO:     127.0.0.1:40432 - "POST /v1/completions HTTP/1.1" 200 OK
Worker: http://localhost:8001, Running: 28.0, Waiting: 0.0
Worker: http://localhost:8001, qlen: 28.0
Worker: http://localhost:8001, Tokens: 320610.0
Worker: http://localhost:8002, Running: 33.0, Waiting: 0.0
Worker: http://localhost:8002, qlen: 33.0
Worker: http://localhost:8002, Tokens: 311471.0
Selected worker: http://localhost:8001
INFO:     127.0.0.1:40448 - "POST /v1/completions HTTP/1.1" 200 OK
Worker: http://localhost:8001, Running: 34.0, Waiting: 0.0
Worker: http://localhost:8001, qlen: 34.0
Worker: http://localhost:8001, Tokens: 321976.0
Worker: http://localhost:8002, Running: 30.0, Waiting: 0.0
Worker: http://localhost:8002, qlen: 30.0
Worker: http://localhost:8002, Tokens: 313107.0
Selected worker: http://localhost:8002
Worker: http://localhost:8001, Running: 34.0, Waiting: 0.0
Worker: http://localhost:8001, qlen: 34.0
Worker: http://localhost:8001, Tokens: 321976.0
Worker: http://localhost:8002, Running: 30.0, Waiting: 0.0
Worker: http://localhost:8002, qlen: 30.0
Worker: http://localhost:8002, Tokens: 313370.0
Selected worker: http://localhost:8002
Worker: http://localhost:8001, Running: 34.0, Waiting: 0.0
Worker: http://localhost:8001, qlen: 34.0
Worker: http://localhost:8001, Tokens: 321976.0
Worker: http://localhost:8002, Running: 30.0, Waiting: 0.0
Worker: http://localhost:8002, qlen: 30.0
Worker: http://localhost:8002, Tokens: 313636.0
Selected worker: http://localhost:8002
INFO:     127.0.0.1:40458 - "POST /v1/completions HTTP/1.1" 200 OK
INFO:     127.0.0.1:40464 - "POST /v1/completions HTTP/1.1" 200 OK
INFO:     127.0.0.1:40476 - "POST /v1/completions HTTP/1.1" 200 OK
Worker: http://localhost:8001, Running: 31.0, Waiting: 0.0
Worker: http://localhost:8001, qlen: 31.0
Worker: http://localhost:8001, Tokens: 323440.0
Worker: http://localhost:8002, Running: 33.0, Waiting: 0.0
Worker: http://localhost:8002, qlen: 33.0
Worker: http://localhost:8002, Tokens: 313260.0
Selected worker: http://localhost:8001
Worker: http://localhost:8001, Running: 31.0, Waiting: 0.0
Worker: http://localhost:8001, qlen: 31.0
Worker: http://localhost:8001, Tokens: 323703.0
Worker: http://localhost:8002, Running: 33.0, Waiting: 0.0
Worker: http://localhost:8002, qlen: 33.0
Worker: http://localhost:8002, Tokens: 313260.0
Selected worker: http://localhost:8001
INFO:     127.0.0.1:40480 - "POST /v1/completions HTTP/1.1" 200 OK
INFO:     127.0.0.1:40494 - "POST /v1/completions HTTP/1.1" 200 OK
Worker: http://localhost:8001, Running: 31.0, Waiting: 0.0
Worker: http://localhost:8001, qlen: 31.0
Worker: http://localhost:8001, Tokens: 323970.0
Worker: http://localhost:8002, Running: 29.0, Waiting: 0.0
Worker: http://localhost:8002, qlen: 29.0
Worker: http://localhost:8002, Tokens: 314017.0
Selected worker: http://localhost:8002
INFO:     127.0.0.1:40508 - "POST /v1/completions HTTP/1.1" 200 OK
Worker: http://localhost:8001, Running: 31.0, Waiting: 0.0
Worker: http://localhost:8001, qlen: 31.0
Worker: http://localhost:8001, Tokens: 323970.0
Worker: http://localhost:8002, Running: 29.0, Waiting: 0.0
Worker: http://localhost:8002, qlen: 29.0
Worker: http://localhost:8002, Tokens: 314276.0
Selected worker: http://localhost:8002
INFO:     127.0.0.1:40512 - "POST /v1/completions HTTP/1.1" 200 OK
Worker: http://localhost:8001, Running: 33.0, Waiting: 0.0
Worker: http://localhost:8001, qlen: 33.0
Worker: http://localhost:8001, Tokens: 324145.0
Worker: http://localhost:8002, Running: 31.0, Waiting: 0.0
Worker: http://localhost:8002, qlen: 31.0
Worker: http://localhost:8002, Tokens: 312908.0
Selected worker: http://localhost:8002
Worker: http://localhost:8001, Running: 33.0, Waiting: 0.0
Worker: http://localhost:8001, qlen: 33.0
Worker: http://localhost:8001, Tokens: 324145.0
Worker: http://localhost:8002, Running: 31.0, Waiting: 0.0
Worker: http://localhost:8002, qlen: 31.0
Worker: http://localhost:8002, Tokens: 313168.0
Selected worker: http://localhost:8002
Worker: http://localhost:8001, Running: 33.0, Waiting: 0.0
Worker: http://localhost:8001, qlen: 33.0
Worker: http://localhost:8001, Tokens: 324145.0
Worker: http://localhost:8002, Running: 31.0, Waiting: 0.0
Worker: http://localhost:8002, qlen: 31.0
Worker: http://localhost:8002, Tokens: 314954.0
Selected worker: http://localhost:8002
Worker: http://localhost:8001, Running: 33.0, Waiting: 0.0
Worker: http://localhost:8001, qlen: 33.0
Worker: http://localhost:8001, Tokens: 324145.0
Worker: http://localhost:8002, Running: 31.0, Waiting: 0.0
Worker: http://localhost:8002, qlen: 31.0
Worker: http://localhost:8002, Tokens: 316352.0
Selected worker: http://localhost:8002
Worker: http://localhost:8001, Running: 33.0, Waiting: 0.0
Worker: http://localhost:8001, qlen: 33.0
Worker: http://localhost:8001, Tokens: 324145.0
Worker: http://localhost:8002, Running: 31.0, Waiting: 0.0
Worker: http://localhost:8002, qlen: 31.0
Worker: http://localhost:8002, Tokens: 316618.0
Selected worker: http://localhost:8002
Worker: http://localhost:8001, Running: 33.0, Waiting: 0.0
Worker: http://localhost:8001, qlen: 33.0
Worker: http://localhost:8001, Tokens: 324145.0
Worker: http://localhost:8002, Running: 31.0, Waiting: 0.0
Worker: http://localhost:8002, qlen: 31.0
Worker: http://localhost:8002, Tokens: 316895.0
Selected worker: http://localhost:8002
INFO:     127.0.0.1:40532 - "POST /v1/completions HTTP/1.1" 200 OK
INFO:     127.0.0.1:40548 - "POST /v1/completions HTTP/1.1" 200 OK
INFO:     127.0.0.1:40564 - "POST /v1/completions HTTP/1.1" 200 OK
INFO:     127.0.0.1:40572 - "POST /v1/completions HTTP/1.1" 200 OK
INFO:     127.0.0.1:40580 - "POST /v1/completions HTTP/1.1" 200 OK
INFO:     127.0.0.1:40516 - "POST /v1/completions HTTP/1.1" 200 OK
Worker: http://localhost:8001, Running: 33.0, Waiting: 0.0
Worker: http://localhost:8001, qlen: 33.0
Worker: http://localhost:8001, Tokens: 324145.0
Worker: http://localhost:8002, Running: 25.0, Waiting: 0.0
Worker: http://localhost:8002, qlen: 25.0
Worker: http://localhost:8002, Tokens: 312893.0
Selected worker: http://localhost:8002
Worker: http://localhost:8001, Running: 33.0, Waiting: 0.0
Worker: http://localhost:8001, qlen: 33.0
Worker: http://localhost:8001, Tokens: 324145.0
Worker: http://localhost:8002, Running: 25.0, Waiting: 0.0
Worker: http://localhost:8002, qlen: 25.0
Worker: http://localhost:8002, Tokens: 316052.0
Selected worker: http://localhost:8002
INFO:     127.0.0.1:40594 - "POST /v1/completions HTTP/1.1" 200 OK
INFO:     127.0.0.1:40604 - "POST /v1/completions HTTP/1.1" 200 OK
Worker: http://localhost:8001, Running: 33.0, Waiting: 0.0
Worker: http://localhost:8001, qlen: 33.0
Worker: http://localhost:8001, Tokens: 324961.0
Worker: http://localhost:8002, Running: 31.0, Waiting: 0.0
Worker: http://localhost:8002, qlen: 31.0
Worker: http://localhost:8002, Tokens: 321472.0
Selected worker: http://localhost:8002
INFO:     127.0.0.1:40608 - "POST /v1/completions HTTP/1.1" 200 OK
Worker: http://localhost:8001, Running: 32.0, Waiting: 0.0
Worker: http://localhost:8001, qlen: 32.0
Worker: http://localhost:8001, Tokens: 325416.0
Worker: http://localhost:8002, Running: 32.0, Waiting: 0.0
Worker: http://localhost:8002, qlen: 32.0
Worker: http://localhost:8002, Tokens: 322042.0
Selected worker: http://localhost:8001
INFO:     127.0.0.1:46984 - "POST /v1/completions HTTP/1.1" 200 OK
Worker: http://localhost:8001, Running: 31.0, Waiting: 0.0
Worker: http://localhost:8001, qlen: 31.0
Worker: http://localhost:8001, Tokens: 324425.0
Worker: http://localhost:8002, Running: 32.0, Waiting: 0.0
Worker: http://localhost:8002, qlen: 32.0
Worker: http://localhost:8002, Tokens: 322042.0
Selected worker: http://localhost:8001
INFO:     127.0.0.1:46998 - "POST /v1/completions HTTP/1.1" 200 OK
Worker: http://localhost:8001, Running: 31.0, Waiting: 0.0
Worker: http://localhost:8001, qlen: 31.0
Worker: http://localhost:8001, Tokens: 325970.0
Worker: http://localhost:8002, Running: 32.0, Waiting: 0.0
Worker: http://localhost:8002, qlen: 32.0
Worker: http://localhost:8002, Tokens: 322042.0
Selected worker: http://localhost:8001
INFO:     127.0.0.1:47006 - "POST /v1/completions HTTP/1.1" 200 OK
Worker: http://localhost:8001, Running: 31.0, Waiting: 0.0
Worker: http://localhost:8001, qlen: 31.0
Worker: http://localhost:8001, Tokens: 327317.0
Worker: http://localhost:8002, Running: 32.0, Waiting: 0.0
Worker: http://localhost:8002, qlen: 32.0
Worker: http://localhost:8002, Tokens: 322042.0
Selected worker: http://localhost:8001
INFO:     127.0.0.1:47010 - "POST /v1/completions HTTP/1.1" 200 OK
Worker: http://localhost:8001, Running: 31.0, Waiting: 0.0
Worker: http://localhost:8001, qlen: 31.0
Worker: http://localhost:8001, Tokens: 327574.0
Worker: http://localhost:8002, Running: 32.0, Waiting: 0.0
Worker: http://localhost:8002, qlen: 32.0
Worker: http://localhost:8002, Tokens: 322042.0
Selected worker: http://localhost:8001
INFO:     127.0.0.1:47014 - "POST /v1/completions HTTP/1.1" 200 OK
Worker: http://localhost:8001, Running: 31.0, Waiting: 0.0
Worker: http://localhost:8001, qlen: 31.0
Worker: http://localhost:8001, Tokens: 327835.0
Worker: http://localhost:8002, Running: 32.0, Waiting: 0.0
Worker: http://localhost:8002, qlen: 32.0
Worker: http://localhost:8002, Tokens: 322042.0
Selected worker: http://localhost:8001
INFO:     127.0.0.1:47022 - "POST /v1/completions HTTP/1.1" 200 OK
Worker: http://localhost:8001, Running: 27.0, Waiting: 0.0
Worker: http://localhost:8001, qlen: 27.0
Worker: http://localhost:8001, Tokens: 326137.0
Worker: http://localhost:8002, Running: 32.0, Waiting: 0.0
Worker: http://localhost:8002, qlen: 32.0
Worker: http://localhost:8002, Tokens: 321851.0
Selected worker: http://localhost:8001
Worker: http://localhost:8001, Running: 27.0, Waiting: 0.0
Worker: http://localhost:8001, qlen: 27.0
Worker: http://localhost:8001, Tokens: 326404.0
Worker: http://localhost:8002, Running: 32.0, Waiting: 0.0
Worker: http://localhost:8002, qlen: 32.0
Worker: http://localhost:8002, Tokens: 321851.0
Selected worker: http://localhost:8001
Worker: http://localhost:8001, Running: 27.0, Waiting: 0.0
Worker: http://localhost:8001, qlen: 27.0
Worker: http://localhost:8001, Tokens: 326670.0
Worker: http://localhost:8002, Running: 32.0, Waiting: 0.0
Worker: http://localhost:8002, qlen: 32.0
Worker: http://localhost:8002, Tokens: 321851.0
Selected worker: http://localhost:8001
INFO:     127.0.0.1:47028 - "POST /v1/completions HTTP/1.1" 200 OK
INFO:     127.0.0.1:47036 - "POST /v1/completions HTTP/1.1" 200 OK
INFO:     127.0.0.1:47042 - "POST /v1/completions HTTP/1.1" 200 OK
Worker: http://localhost:8001, Running: 35.0, Waiting: 0.0
Worker: http://localhost:8001, qlen: 35.0
Worker: http://localhost:8001, Tokens: 332178.0
Worker: http://localhost:8002, Running: 29.0, Waiting: 0.0
Worker: http://localhost:8002, qlen: 29.0
Worker: http://localhost:8002, Tokens: 322852.0
Selected worker: http://localhost:8002
INFO:     127.0.0.1:47048 - "POST /v1/completions HTTP/1.1" 200 OK
Worker: http://localhost:8001, Running: 35.0, Waiting: 0.0
Worker: http://localhost:8001, qlen: 35.0
Worker: http://localhost:8001, Tokens: 332178.0
Worker: http://localhost:8002, Running: 29.0, Waiting: 0.0
Worker: http://localhost:8002, qlen: 29.0
Worker: http://localhost:8002, Tokens: 323115.0
Selected worker: http://localhost:8002
INFO:     127.0.0.1:47054 - "POST /v1/completions HTTP/1.1" 200 OK
Worker: http://localhost:8001, Running: 35.0, Waiting: 0.0
Worker: http://localhost:8001, qlen: 35.0
Worker: http://localhost:8001, Tokens: 331928.0
Worker: http://localhost:8002, Running: 29.0, Waiting: 0.0
Worker: http://localhost:8002, qlen: 29.0
Worker: http://localhost:8002, Tokens: 321956.0
Selected worker: http://localhost:8002
Worker: http://localhost:8001, Running: 35.0, Waiting: 0.0
Worker: http://localhost:8001, qlen: 35.0
Worker: http://localhost:8001, Tokens: 331928.0
Worker: http://localhost:8002, Running: 29.0, Waiting: 0.0
Worker: http://localhost:8002, qlen: 29.0
Worker: http://localhost:8002, Tokens: 322219.0
Selected worker: http://localhost:8002
Worker: http://localhost:8001, Running: 35.0, Waiting: 0.0
Worker: http://localhost:8001, qlen: 35.0
Worker: http://localhost:8001, Tokens: 331928.0
Worker: http://localhost:8002, Running: 29.0, Waiting: 0.0
Worker: http://localhost:8002, qlen: 29.0
Worker: http://localhost:8002, Tokens: 322503.0
Selected worker: http://localhost:8002
INFO:     127.0.0.1:47070 - "POST /v1/completions HTTP/1.1" 200 OK
INFO:     127.0.0.1:47082 - "POST /v1/completions HTTP/1.1" 200 OK
INFO:     127.0.0.1:47096 - "POST /v1/completions HTTP/1.1" 200 OK
Worker: http://localhost:8001, Running: 33.0, Waiting: 0.0
Worker: http://localhost:8001, qlen: 33.0
Worker: http://localhost:8001, Tokens: 329506.0
Worker: http://localhost:8002, Running: 28.0, Waiting: 0.0
Worker: http://localhost:8002, qlen: 28.0
Worker: http://localhost:8002, Tokens: 323996.0
Selected worker: http://localhost:8002
Worker: http://localhost:8001, Running: 33.0, Waiting: 0.0
Worker: http://localhost:8001, qlen: 33.0
Worker: http://localhost:8001, Tokens: 329506.0
Worker: http://localhost:8002, Running: 28.0, Waiting: 0.0
Worker: http://localhost:8002, qlen: 28.0
Worker: http://localhost:8002, Tokens: 324272.0
Selected worker: http://localhost:8002
INFO:     127.0.0.1:47100 - "POST /v1/completions HTTP/1.1" 200 OK
INFO:     127.0.0.1:47102 - "POST /v1/completions HTTP/1.1" 200 OK
Worker: http://localhost:8001, Running: 33.0, Waiting: 0.0
Worker: http://localhost:8001, qlen: 33.0
Worker: http://localhost:8001, Tokens: 328234.0
Worker: http://localhost:8002, Running: 31.0, Waiting: 0.0
Worker: http://localhost:8002, qlen: 31.0
Worker: http://localhost:8002, Tokens: 324065.0
Selected worker: http://localhost:8002
INFO:     127.0.0.1:47106 - "POST /v1/completions HTTP/1.1" 200 OK
Worker: http://localhost:8001, Running: 30.0, Waiting: 0.0
Worker: http://localhost:8001, qlen: 30.0
Worker: http://localhost:8001, Tokens: 333106.0
Worker: http://localhost:8002, Running: 31.0, Waiting: 0.0
Worker: http://localhost:8002, qlen: 31.0
Worker: http://localhost:8002, Tokens: 326109.0
Selected worker: http://localhost:8001
Worker: http://localhost:8001, Running: 30.0, Waiting: 0.0
Worker: http://localhost:8001, qlen: 30.0
Worker: http://localhost:8001, Tokens: 334819.0
Worker: http://localhost:8002, Running: 31.0, Waiting: 0.0
Worker: http://localhost:8002, qlen: 31.0
Worker: http://localhost:8002, Tokens: 326109.0
Selected worker: http://localhost:8001
Worker: http://localhost:8001, Running: 30.0, Waiting: 0.0
Worker: http://localhost:8001, qlen: 30.0
Worker: http://localhost:8001, Tokens: 335087.0
Worker: http://localhost:8002, Running: 31.0, Waiting: 0.0
Worker: http://localhost:8002, qlen: 31.0
Worker: http://localhost:8002, Tokens: 326109.0
Selected worker: http://localhost:8001
Worker: http://localhost:8001, Running: 30.0, Waiting: 0.0
Worker: http://localhost:8001, qlen: 30.0
Worker: http://localhost:8001, Tokens: 335354.0
Worker: http://localhost:8002, Running: 31.0, Waiting: 0.0
Worker: http://localhost:8002, qlen: 31.0
Worker: http://localhost:8002, Tokens: 326109.0
Selected worker: http://localhost:8001
INFO:     127.0.0.1:47114 - "POST /v1/completions HTTP/1.1" 200 OK
INFO:     127.0.0.1:47118 - "POST /v1/completions HTTP/1.1" 200 OK
INFO:     127.0.0.1:47128 - "POST /v1/completions HTTP/1.1" 200 OK
INFO:     127.0.0.1:47142 - "POST /v1/completions HTTP/1.1" 200 OK
Worker: http://localhost:8001, Running: 30.0, Waiting: 0.0
Worker: http://localhost:8001, qlen: 30.0
Worker: http://localhost:8001, Tokens: 333226.0
Worker: http://localhost:8002, Running: 31.0, Waiting: 0.0
Worker: http://localhost:8002, qlen: 31.0
Worker: http://localhost:8002, Tokens: 325811.0
Selected worker: http://localhost:8001
INFO:     127.0.0.1:47156 - "POST /v1/completions HTTP/1.1" 200 OK
Worker: http://localhost:8001, Running: 32.0, Waiting: 0.0
Worker: http://localhost:8001, qlen: 32.0
Worker: http://localhost:8001, Tokens: 333562.0
Worker: http://localhost:8002, Running: 29.0, Waiting: 0.0
Worker: http://localhost:8002, qlen: 29.0
Worker: http://localhost:8002, Tokens: 327398.0
Selected worker: http://localhost:8002
INFO:     127.0.0.1:47170 - "POST /v1/completions HTTP/1.1" 200 OK
Worker: http://localhost:8001, Running: 32.0, Waiting: 0.0
Worker: http://localhost:8001, qlen: 32.0
Worker: http://localhost:8001, Tokens: 333562.0
Worker: http://localhost:8002, Running: 28.0, Waiting: 0.0
Worker: http://localhost:8002, qlen: 28.0
Worker: http://localhost:8002, Tokens: 326280.0
Selected worker: http://localhost:8002
INFO:     127.0.0.1:47176 - "POST /v1/completions HTTP/1.1" 200 OK
Worker: http://localhost:8001, Running: 35.0, Waiting: 0.0
Worker: http://localhost:8001, qlen: 35.0
Worker: http://localhost:8001, Tokens: 341104.0
Worker: http://localhost:8002, Running: 26.0, Waiting: 0.0
Worker: http://localhost:8002, qlen: 26.0
Worker: http://localhost:8002, Tokens: 329605.0
Selected worker: http://localhost:8002
Worker: http://localhost:8001, Running: 35.0, Waiting: 0.0
Worker: http://localhost:8001, qlen: 35.0
Worker: http://localhost:8001, Tokens: 341104.0
Worker: http://localhost:8002, Running: 26.0, Waiting: 0.0
Worker: http://localhost:8002, qlen: 26.0
Worker: http://localhost:8002, Tokens: 329872.0
Selected worker: http://localhost:8002
Worker: http://localhost:8001, Running: 35.0, Waiting: 0.0
Worker: http://localhost:8001, qlen: 35.0
Worker: http://localhost:8001, Tokens: 341104.0
Worker: http://localhost:8002, Running: 26.0, Waiting: 0.0
Worker: http://localhost:8002, qlen: 26.0
Worker: http://localhost:8002, Tokens: 330135.0
Selected worker: http://localhost:8002
Worker: http://localhost:8001, Running: 35.0, Waiting: 0.0
Worker: http://localhost:8001, qlen: 35.0
Worker: http://localhost:8001, Tokens: 341104.0
Worker: http://localhost:8002, Running: 26.0, Waiting: 0.0
Worker: http://localhost:8002, qlen: 26.0
Worker: http://localhost:8002, Tokens: 330402.0
Selected worker: http://localhost:8002
INFO:     127.0.0.1:47182 - "POST /v1/completions HTTP/1.1" 200 OK
INFO:     127.0.0.1:47198 - "POST /v1/completions HTTP/1.1" 200 OK
INFO:     127.0.0.1:47210 - "POST /v1/completions HTTP/1.1" 200 OK
INFO:     127.0.0.1:47218 - "POST /v1/completions HTTP/1.1" 200 OK
Worker: http://localhost:8001, Running: 35.0, Waiting: 0.0
Worker: http://localhost:8001, qlen: 35.0
Worker: http://localhost:8001, Tokens: 340586.0
Worker: http://localhost:8002, Running: 26.0, Waiting: 0.0
Worker: http://localhost:8002, qlen: 26.0
Worker: http://localhost:8002, Tokens: 330672.0
Selected worker: http://localhost:8002
Worker: http://localhost:8001, Running: 35.0, Waiting: 0.0
Worker: http://localhost:8001, qlen: 35.0
Worker: http://localhost:8001, Tokens: 340586.0
Worker: http://localhost:8002, Running: 26.0, Waiting: 0.0
Worker: http://localhost:8002, qlen: 26.0
Worker: http://localhost:8002, Tokens: 333659.0
Selected worker: http://localhost:8002
INFO:     127.0.0.1:47224 - "POST /v1/completions HTTP/1.1" 200 OK
INFO:     127.0.0.1:47240 - "POST /v1/completions HTTP/1.1" 200 OK
Worker: http://localhost:8001, Running: 32.0, Waiting: 0.0
Worker: http://localhost:8001, qlen: 32.0
Worker: http://localhost:8001, Tokens: 340847.0
Worker: http://localhost:8002, Running: 26.0, Waiting: 0.0
Worker: http://localhost:8002, qlen: 26.0
Worker: http://localhost:8002, Tokens: 334993.0
Selected worker: http://localhost:8002
INFO:     127.0.0.1:47248 - "POST /v1/completions HTTP/1.1" 200 OK
Worker: http://localhost:8001, Running: 32.0, Waiting: 0.0
Worker: http://localhost:8001, qlen: 32.0
Worker: http://localhost:8001, Tokens: 340847.0
Worker: http://localhost:8002, Running: 26.0, Waiting: 0.0
Worker: http://localhost:8002, qlen: 26.0
Worker: http://localhost:8002, Tokens: 335267.0
Selected worker: http://localhost:8002
INFO:     127.0.0.1:47264 - "POST /v1/completions HTTP/1.1" 200 OK
Worker: http://localhost:8001, Running: 32.0, Waiting: 0.0
Worker: http://localhost:8001, qlen: 32.0
Worker: http://localhost:8001, Tokens: 340847.0
Worker: http://localhost:8002, Running: 26.0, Waiting: 0.0
Worker: http://localhost:8002, qlen: 26.0
Worker: http://localhost:8002, Tokens: 336786.0
Selected worker: http://localhost:8002
INFO:     127.0.0.1:47278 - "POST /v1/completions HTTP/1.1" 200 OK
Worker: http://localhost:8001, Running: 32.0, Waiting: 0.0
Worker: http://localhost:8001, qlen: 32.0
Worker: http://localhost:8001, Tokens: 340847.0
Worker: http://localhost:8002, Running: 26.0, Waiting: 0.0
Worker: http://localhost:8002, qlen: 26.0
Worker: http://localhost:8002, Tokens: 336514.0
Selected worker: http://localhost:8002
Worker: http://localhost:8001, Running: 32.0, Waiting: 0.0
Worker: http://localhost:8001, qlen: 32.0
Worker: http://localhost:8001, Tokens: 340847.0
Worker: http://localhost:8002, Running: 26.0, Waiting: 0.0
Worker: http://localhost:8002, qlen: 26.0
Worker: http://localhost:8002, Tokens: 336802.0
Selected worker: http://localhost:8002
INFO:     127.0.0.1:47290 - "POST /v1/completions HTTP/1.1" 200 OK
INFO:     127.0.0.1:47304 - "POST /v1/completions HTTP/1.1" 200 OK
Worker: http://localhost:8001, Running: 29.0, Waiting: 0.0
Worker: http://localhost:8001, qlen: 29.0
Worker: http://localhost:8001, Tokens: 341990.0
Worker: http://localhost:8002, Running: 28.0, Waiting: 0.0
Worker: http://localhost:8002, qlen: 28.0
Worker: http://localhost:8002, Tokens: 329364.0
Selected worker: http://localhost:8002
INFO:     127.0.0.1:47308 - "POST /v1/completions HTTP/1.1" 200 OK
Worker: http://localhost:8001, Running: 29.0, Waiting: 0.0
Worker: http://localhost:8001, qlen: 29.0
Worker: http://localhost:8001, Tokens: 341990.0
Worker: http://localhost:8002, Running: 28.0, Waiting: 0.0
Worker: http://localhost:8002, qlen: 28.0
Worker: http://localhost:8002, Tokens: 329625.0
Selected worker: http://localhost:8002
INFO:     127.0.0.1:47322 - "POST /v1/completions HTTP/1.1" 200 OK
Worker: http://localhost:8001, Running: 29.0, Waiting: 0.0
Worker: http://localhost:8001, qlen: 29.0
Worker: http://localhost:8001, Tokens: 341990.0
Worker: http://localhost:8002, Running: 28.0, Waiting: 0.0
Worker: http://localhost:8002, qlen: 28.0
Worker: http://localhost:8002, Tokens: 329884.0
Selected worker: http://localhost:8002
INFO:     127.0.0.1:47332 - "POST /v1/completions HTTP/1.1" 200 OK
Worker: http://localhost:8001, Running: 29.0, Waiting: 0.0
Worker: http://localhost:8001, qlen: 29.0
Worker: http://localhost:8001, Tokens: 341346.0
Worker: http://localhost:8002, Running: 35.0, Waiting: 0.0
Worker: http://localhost:8002, qlen: 35.0
Worker: http://localhost:8002, Tokens: 337868.0
Selected worker: http://localhost:8001
INFO:     127.0.0.1:47342 - "POST /v1/completions HTTP/1.1" 200 OK
Worker: http://localhost:8001, Running: 29.0, Waiting: 0.0
Worker: http://localhost:8001, qlen: 29.0
Worker: http://localhost:8001, Tokens: 342947.0
Worker: http://localhost:8002, Running: 35.0, Waiting: 0.0
Worker: http://localhost:8002, qlen: 35.0
Worker: http://localhost:8002, Tokens: 337703.0
Selected worker: http://localhost:8001
INFO:     127.0.0.1:47356 - "POST /v1/completions HTTP/1.1" 200 OK
Worker: http://localhost:8001, Running: 29.0, Waiting: 0.0
Worker: http://localhost:8001, qlen: 29.0
Worker: http://localhost:8001, Tokens: 343212.0
Worker: http://localhost:8002, Running: 35.0, Waiting: 0.0
Worker: http://localhost:8002, qlen: 35.0
Worker: http://localhost:8002, Tokens: 337703.0
Selected worker: http://localhost:8001
INFO:     127.0.0.1:47370 - "POST /v1/completions HTTP/1.1" 200 OK
Worker: http://localhost:8001, Running: 29.0, Waiting: 0.0
Worker: http://localhost:8001, qlen: 29.0
Worker: http://localhost:8001, Tokens: 342499.0
Worker: http://localhost:8002, Running: 35.0, Waiting: 0.0
Worker: http://localhost:8002, qlen: 35.0
Worker: http://localhost:8002, Tokens: 334684.0
Selected worker: http://localhost:8001
INFO:     127.0.0.1:47378 - "POST /v1/completions HTTP/1.1" 200 OK
Worker: http://localhost:8001, Running: 29.0, Waiting: 0.0
Worker: http://localhost:8001, qlen: 29.0
Worker: http://localhost:8001, Tokens: 342768.0
Worker: http://localhost:8002, Running: 35.0, Waiting: 0.0
Worker: http://localhost:8002, qlen: 35.0
Worker: http://localhost:8002, Tokens: 334684.0
Selected worker: http://localhost:8001
INFO:     127.0.0.1:47386 - "POST /v1/completions HTTP/1.1" 200 OK
Worker: http://localhost:8001, Running: 29.0, Waiting: 0.0
Worker: http://localhost:8001, qlen: 29.0
Worker: http://localhost:8001, Tokens: 343053.0
Worker: http://localhost:8002, Running: 35.0, Waiting: 0.0
Worker: http://localhost:8002, qlen: 35.0
Worker: http://localhost:8002, Tokens: 334684.0
Selected worker: http://localhost:8001
INFO:     127.0.0.1:47398 - "POST /v1/completions HTTP/1.1" 200 OK
Worker: http://localhost:8001, Running: 29.0, Waiting: 0.0
Worker: http://localhost:8001, qlen: 29.0
Worker: http://localhost:8001, Tokens: 343037.0
Worker: http://localhost:8002, Running: 32.0, Waiting: 0.0
Worker: http://localhost:8002, qlen: 32.0
Worker: http://localhost:8002, Tokens: 338577.0
Selected worker: http://localhost:8001
INFO:     127.0.0.1:47410 - "POST /v1/completions HTTP/1.1" 200 OK
Worker: http://localhost:8001, Running: 32.0, Waiting: 0.0
Worker: http://localhost:8001, qlen: 32.0
Worker: http://localhost:8001, Tokens: 344823.0
Worker: http://localhost:8002, Running: 28.0, Waiting: 0.0
Worker: http://localhost:8002, qlen: 28.0
Worker: http://localhost:8002, Tokens: 340401.0
Selected worker: http://localhost:8002
INFO:     127.0.0.1:47422 - "POST /v1/completions HTTP/1.1" 200 OK
Worker: http://localhost:8001, Running: 32.0, Waiting: 0.0
Worker: http://localhost:8001, qlen: 32.0
Worker: http://localhost:8001, Tokens: 344823.0
Worker: http://localhost:8002, Running: 28.0, Waiting: 0.0
Worker: http://localhost:8002, qlen: 28.0
Worker: http://localhost:8002, Tokens: 343303.0
Selected worker: http://localhost:8002
INFO:     127.0.0.1:47428 - "POST /v1/completions HTTP/1.1" 200 OK
Worker: http://localhost:8001, Running: 32.0, Waiting: 0.0
Worker: http://localhost:8001, qlen: 32.0
Worker: http://localhost:8001, Tokens: 344823.0
Worker: http://localhost:8002, Running: 28.0, Waiting: 0.0
Worker: http://localhost:8002, qlen: 28.0
Worker: http://localhost:8002, Tokens: 344944.0
Selected worker: http://localhost:8002
INFO:     127.0.0.1:47440 - "POST /v1/completions HTTP/1.1" 200 OK
Worker: http://localhost:8001, Running: 32.0, Waiting: 0.0
Worker: http://localhost:8001, qlen: 32.0
Worker: http://localhost:8001, Tokens: 344823.0
Worker: http://localhost:8002, Running: 28.0, Waiting: 0.0
Worker: http://localhost:8002, qlen: 28.0
Worker: http://localhost:8002, Tokens: 348779.0
Selected worker: http://localhost:8002
INFO:     127.0.0.1:47452 - "POST /v1/completions HTTP/1.1" 200 OK
Worker: http://localhost:8001, Running: 32.0, Waiting: 0.0
Worker: http://localhost:8001, qlen: 32.0
Worker: http://localhost:8001, Tokens: 345527.0
Worker: http://localhost:8002, Running: 30.0, Waiting: 2.0
Worker: http://localhost:8002, qlen: 30.0
Worker: http://localhost:8002, Tokens: 342542.0
Selected worker: http://localhost:8002
INFO:     127.0.0.1:47468 - "POST /v1/completions HTTP/1.1" 200 OK
Worker: http://localhost:8001, Running: 32.0, Waiting: 0.0
Worker: http://localhost:8001, qlen: 32.0
Worker: http://localhost:8001, Tokens: 345751.0
Worker: http://localhost:8002, Running: 30.0, Waiting: 1.0
Worker: http://localhost:8002, qlen: 30.0
Worker: http://localhost:8002, Tokens: 344302.0
Selected worker: http://localhost:8002
Worker: http://localhost:8001, Running: 32.0, Waiting: 0.0
Worker: http://localhost:8001, qlen: 32.0
Worker: http://localhost:8001, Tokens: 345751.0
Worker: http://localhost:8002, Running: 30.0, Waiting: 1.0
Worker: http://localhost:8002, qlen: 30.0
Worker: http://localhost:8002, Tokens: 344568.0
Selected worker: http://localhost:8002
Worker: http://localhost:8001, Running: 32.0, Waiting: 0.0
Worker: http://localhost:8001, qlen: 32.0
Worker: http://localhost:8001, Tokens: 345751.0
Worker: http://localhost:8002, Running: 30.0, Waiting: 1.0
Worker: http://localhost:8002, qlen: 30.0
Worker: http://localhost:8002, Tokens: 344844.0
Selected worker: http://localhost:8002
Worker: http://localhost:8001, Running: 32.0, Waiting: 0.0
Worker: http://localhost:8001, qlen: 32.0
Worker: http://localhost:8001, Tokens: 345751.0
Worker: http://localhost:8002, Running: 30.0, Waiting: 1.0
Worker: http://localhost:8002, qlen: 30.0
Worker: http://localhost:8002, Tokens: 345101.0
Selected worker: http://localhost:8002
Worker: http://localhost:8001, Running: 32.0, Waiting: 0.0
Worker: http://localhost:8001, qlen: 32.0
Worker: http://localhost:8001, Tokens: 345751.0
Worker: http://localhost:8002, Running: 30.0, Waiting: 1.0
Worker: http://localhost:8002, qlen: 30.0
Worker: http://localhost:8002, Tokens: 345377.0
Selected worker: http://localhost:8002
Worker: http://localhost:8001, Running: 32.0, Waiting: 0.0
Worker: http://localhost:8001, qlen: 32.0
Worker: http://localhost:8001, Tokens: 345751.0
Worker: http://localhost:8002, Running: 30.0, Waiting: 1.0
Worker: http://localhost:8002, qlen: 30.0
Worker: http://localhost:8002, Tokens: 345644.0
Selected worker: http://localhost:8002
INFO:     127.0.0.1:47484 - "POST /v1/completions HTTP/1.1" 200 OK
INFO:     127.0.0.1:47498 - "POST /v1/completions HTTP/1.1" 200 OK
INFO:     127.0.0.1:47506 - "POST /v1/completions HTTP/1.1" 200 OK
INFO:     127.0.0.1:47518 - "POST /v1/completions HTTP/1.1" 200 OK
INFO:     127.0.0.1:47530 - "POST /v1/completions HTTP/1.1" 200 OK
INFO:     127.0.0.1:47476 - "POST /v1/completions HTTP/1.1" 200 OK
Worker: http://localhost:8001, Running: 32.0, Waiting: 0.0
Worker: http://localhost:8001, qlen: 32.0
Worker: http://localhost:8001, Tokens: 345784.0
Worker: http://localhost:8002, Running: 24.0, Waiting: 1.0
Worker: http://localhost:8002, qlen: 24.0
Worker: http://localhost:8002, Tokens: 345962.0
Selected worker: http://localhost:8002
INFO:     127.0.0.1:47536 - "POST /v1/completions HTTP/1.1" 200 OK
Worker: http://localhost:8001, Running: 31.0, Waiting: 0.0
Worker: http://localhost:8001, qlen: 31.0
Worker: http://localhost:8001, Tokens: 342357.0
Worker: http://localhost:8002, Running: 26.0, Waiting: 0.0
Worker: http://localhost:8002, qlen: 26.0
Worker: http://localhost:8002, Tokens: 350109.0
Selected worker: http://localhost:8002
INFO:     127.0.0.1:47538 - "POST /v1/completions HTTP/1.1" 200 OK
Worker: http://localhost:8001, Running: 31.0, Waiting: 0.0
Worker: http://localhost:8001, qlen: 31.0
Worker: http://localhost:8001, Tokens: 342357.0
Worker: http://localhost:8002, Running: 26.0, Waiting: 0.0
Worker: http://localhost:8002, qlen: 26.0
Worker: http://localhost:8002, Tokens: 350386.0
Selected worker: http://localhost:8002
INFO:     127.0.0.1:47542 - "POST /v1/completions HTTP/1.1" 200 OK
Worker: http://localhost:8001, Running: 31.0, Waiting: 0.0
Worker: http://localhost:8001, qlen: 31.0
Worker: http://localhost:8001, Tokens: 338728.0
Worker: http://localhost:8002, Running: 32.0, Waiting: 0.0
Worker: http://localhost:8002, qlen: 32.0
Worker: http://localhost:8002, Tokens: 350327.0
Selected worker: http://localhost:8001
INFO:     127.0.0.1:35908 - "POST /v1/completions HTTP/1.1" 200 OK
Worker: http://localhost:8001, Running: 27.0, Waiting: 0.0
Worker: http://localhost:8001, qlen: 27.0
Worker: http://localhost:8001, Tokens: 346401.0
Worker: http://localhost:8002, Running: 32.0, Waiting: 0.0
Worker: http://localhost:8002, qlen: 32.0
Worker: http://localhost:8002, Tokens: 350327.0
Selected worker: http://localhost:8001
INFO:     127.0.0.1:35912 - "POST /v1/completions HTTP/1.1" 200 OK
Worker: http://localhost:8001, Running: 27.0, Waiting: 0.0
Worker: http://localhost:8001, qlen: 27.0
Worker: http://localhost:8001, Tokens: 347196.0
Worker: http://localhost:8002, Running: 32.0, Waiting: 0.0
Worker: http://localhost:8002, qlen: 32.0
Worker: http://localhost:8002, Tokens: 350327.0
Selected worker: http://localhost:8001
Worker: http://localhost:8001, Running: 27.0, Waiting: 0.0
Worker: http://localhost:8001, qlen: 27.0
Worker: http://localhost:8001, Tokens: 347453.0
Worker: http://localhost:8002, Running: 32.0, Waiting: 0.0
Worker: http://localhost:8002, qlen: 32.0
Worker: http://localhost:8002, Tokens: 350327.0
Selected worker: http://localhost:8001
INFO:     127.0.0.1:35920 - "POST /v1/completions HTTP/1.1" 200 OK
INFO:     127.0.0.1:35922 - "POST /v1/completions HTTP/1.1" 200 OK
Worker: http://localhost:8001, Running: 27.0, Waiting: 0.0
Worker: http://localhost:8001, qlen: 27.0
Worker: http://localhost:8001, Tokens: 346888.0
Worker: http://localhost:8002, Running: 35.0, Waiting: 0.0
Worker: http://localhost:8002, qlen: 35.0
Worker: http://localhost:8002, Tokens: 350723.0
Selected worker: http://localhost:8001
INFO:     127.0.0.1:35928 - "POST /v1/completions HTTP/1.1" 200 OK
Worker: http://localhost:8001, Running: 27.0, Waiting: 0.0
Worker: http://localhost:8001, qlen: 27.0
Worker: http://localhost:8001, Tokens: 348466.0
Worker: http://localhost:8002, Running: 35.0, Waiting: 0.0
Worker: http://localhost:8002, qlen: 35.0
Worker: http://localhost:8002, Tokens: 350723.0
Selected worker: http://localhost:8001
INFO:     127.0.0.1:35938 - "POST /v1/completions HTTP/1.1" 200 OK
Worker: http://localhost:8001, Running: 27.0, Waiting: 0.0
Worker: http://localhost:8001, qlen: 27.0
Worker: http://localhost:8001, Tokens: 348727.0
Worker: http://localhost:8002, Running: 35.0, Waiting: 0.0
Worker: http://localhost:8002, qlen: 35.0
Worker: http://localhost:8002, Tokens: 350723.0
Selected worker: http://localhost:8001
INFO:     127.0.0.1:35948 - "POST /v1/completions HTTP/1.1" 200 OK
Worker: http://localhost:8001, Running: 27.0, Waiting: 0.0
Worker: http://localhost:8001, qlen: 27.0
Worker: http://localhost:8001, Tokens: 348748.0
Worker: http://localhost:8002, Running: 35.0, Waiting: 0.0
Worker: http://localhost:8002, qlen: 35.0
Worker: http://localhost:8002, Tokens: 350723.0
Selected worker: http://localhost:8001
INFO:     127.0.0.1:35950 - "POST /v1/completions HTTP/1.1" 200 OK
Worker: http://localhost:8001, Running: 29.0, Waiting: 0.0
Worker: http://localhost:8001, qlen: 29.0
Worker: http://localhost:8001, Tokens: 349000.0
Worker: http://localhost:8002, Running: 35.0, Waiting: 0.0
Worker: http://localhost:8002, qlen: 35.0
Worker: http://localhost:8002, Tokens: 352018.0
Selected worker: http://localhost:8001
INFO:     127.0.0.1:35962 - "POST /v1/completions HTTP/1.1" 200 OK
Worker: http://localhost:8001, Running: 28.0, Waiting: 0.0
Worker: http://localhost:8001, qlen: 28.0
Worker: http://localhost:8001, Tokens: 350493.0
Worker: http://localhost:8002, Running: 35.0, Waiting: 0.0
Worker: http://localhost:8002, qlen: 35.0
Worker: http://localhost:8002, Tokens: 348700.0
Selected worker: http://localhost:8001
INFO:     127.0.0.1:35974 - "POST /v1/completions HTTP/1.1" 200 OK
Worker: http://localhost:8001, Running: 30.0, Waiting: 0.0
Worker: http://localhost:8001, qlen: 30.0
Worker: http://localhost:8001, Tokens: 351584.0
Worker: http://localhost:8002, Running: 34.0, Waiting: 0.0
Worker: http://localhost:8002, qlen: 34.0
Worker: http://localhost:8002, Tokens: 352829.0
Selected worker: http://localhost:8001
INFO:     127.0.0.1:35980 - "POST /v1/completions HTTP/1.1" 200 OK
Worker: http://localhost:8001, Running: 30.0, Waiting: 0.0
Worker: http://localhost:8001, qlen: 30.0
Worker: http://localhost:8001, Tokens: 353161.0
Worker: http://localhost:8002, Running: 34.0, Waiting: 0.0
Worker: http://localhost:8002, qlen: 34.0
Worker: http://localhost:8002, Tokens: 352829.0
Selected worker: http://localhost:8001
INFO:     127.0.0.1:35984 - "POST /v1/completions HTTP/1.1" 200 OK
Worker: http://localhost:8001, Running: 30.0, Waiting: 0.0
Worker: http://localhost:8001, qlen: 30.0
Worker: http://localhost:8001, Tokens: 351764.0
Worker: http://localhost:8002, Running: 32.0, Waiting: 0.0
Worker: http://localhost:8002, qlen: 32.0
Worker: http://localhost:8002, Tokens: 352343.0
Selected worker: http://localhost:8001
Worker: http://localhost:8001, Running: 30.0, Waiting: 0.0
Worker: http://localhost:8001, qlen: 30.0
Worker: http://localhost:8001, Tokens: 352064.0
Worker: http://localhost:8002, Running: 32.0, Waiting: 0.0
Worker: http://localhost:8002, qlen: 32.0
Worker: http://localhost:8002, Tokens: 352343.0
Selected worker: http://localhost:8001
Worker: http://localhost:8001, Running: 30.0, Waiting: 0.0
Worker: http://localhost:8001, qlen: 30.0
Worker: http://localhost:8001, Tokens: 353751.0
Worker: http://localhost:8002, Running: 32.0, Waiting: 0.0
Worker: http://localhost:8002, qlen: 32.0
Worker: http://localhost:8002, Tokens: 352343.0
Selected worker: http://localhost:8001
Worker: http://localhost:8001, Running: 30.0, Waiting: 0.0
Worker: http://localhost:8001, qlen: 30.0
Worker: http://localhost:8001, Tokens: 354023.0
Worker: http://localhost:8002, Running: 32.0, Waiting: 0.0
Worker: http://localhost:8002, qlen: 32.0
Worker: http://localhost:8002, Tokens: 352343.0
Selected worker: http://localhost:8001
Worker: http://localhost:8001, Running: 30.0, Waiting: 0.0
Worker: http://localhost:8001, qlen: 30.0
Worker: http://localhost:8001, Tokens: 354291.0
Worker: http://localhost:8002, Running: 32.0, Waiting: 0.0
Worker: http://localhost:8002, qlen: 32.0
Worker: http://localhost:8002, Tokens: 352343.0
Selected worker: http://localhost:8001
INFO:     127.0.0.1:36008 - "POST /v1/completions HTTP/1.1" 200 OK
INFO:     127.0.0.1:36018 - "POST /v1/completions HTTP/1.1" 200 OK
INFO:     127.0.0.1:36022 - "POST /v1/completions HTTP/1.1" 200 OK
INFO:     127.0.0.1:35992 - "POST /v1/completions HTTP/1.1" 200 OK
INFO:     127.0.0.1:36036 - "POST /v1/completions HTTP/1.1" 200 OK
Worker: http://localhost:8001, Running: 30.0, Waiting: 0.0
Worker: http://localhost:8001, qlen: 30.0
Worker: http://localhost:8001, Tokens: 351824.0
Worker: http://localhost:8002, Running: 32.0, Waiting: 0.0
Worker: http://localhost:8002, qlen: 32.0
Worker: http://localhost:8002, Tokens: 351786.0
Selected worker: http://localhost:8001
INFO:     127.0.0.1:36050 - "POST /v1/completions HTTP/1.1" 200 OK
Worker: http://localhost:8001, Running: 30.0, Waiting: 0.0
Worker: http://localhost:8001, qlen: 30.0
Worker: http://localhost:8001, Tokens: 353896.0
Worker: http://localhost:8002, Running: 32.0, Waiting: 0.0
Worker: http://localhost:8002, qlen: 32.0
Worker: http://localhost:8002, Tokens: 351786.0
Selected worker: http://localhost:8001
INFO:     127.0.0.1:36058 - "POST /v1/completions HTTP/1.1" 200 OK
Worker: http://localhost:8001, Running: 30.0, Waiting: 0.0
Worker: http://localhost:8001, qlen: 30.0
Worker: http://localhost:8001, Tokens: 354157.0
Worker: http://localhost:8002, Running: 32.0, Waiting: 0.0
Worker: http://localhost:8002, qlen: 32.0
Worker: http://localhost:8002, Tokens: 351225.0
Selected worker: http://localhost:8001
Worker: http://localhost:8001, Running: 30.0, Waiting: 0.0
Worker: http://localhost:8001, qlen: 30.0
Worker: http://localhost:8001, Tokens: 354430.0
Worker: http://localhost:8002, Running: 32.0, Waiting: 0.0
Worker: http://localhost:8002, qlen: 32.0
Worker: http://localhost:8002, Tokens: 351225.0
Selected worker: http://localhost:8001
INFO:     127.0.0.1:36068 - "POST /v1/completions HTTP/1.1" 200 OK
INFO:     127.0.0.1:36070 - "POST /v1/completions HTTP/1.1" 200 OK
Worker: http://localhost:8001, Running: 41.0, Waiting: 0.0
Worker: http://localhost:8001, qlen: 41.0
Worker: http://localhost:8001, Tokens: 358281.0
Worker: http://localhost:8002, Running: 23.0, Waiting: 0.0
Worker: http://localhost:8002, qlen: 23.0
Worker: http://localhost:8002, Tokens: 354658.0
Selected worker: http://localhost:8002
INFO:     127.0.0.1:36078 - "POST /v1/completions HTTP/1.1" 200 OK
Worker: http://localhost:8001, Running: 40.0, Waiting: 0.0
Worker: http://localhost:8001, qlen: 40.0
Worker: http://localhost:8001, Tokens: 358443.0
Worker: http://localhost:8002, Running: 23.0, Waiting: 0.0
Worker: http://localhost:8002, qlen: 23.0
Worker: http://localhost:8002, Tokens: 354773.0
Selected worker: http://localhost:8002
INFO:     127.0.0.1:36086 - "POST /v1/completions HTTP/1.1" 200 OK
Worker: http://localhost:8001, Running: 39.0, Waiting: 0.0
Worker: http://localhost:8001, qlen: 39.0
Worker: http://localhost:8001, Tokens: 357788.0
Worker: http://localhost:8002, Running: 23.0, Waiting: 0.0
Worker: http://localhost:8002, qlen: 23.0
Worker: http://localhost:8002, Tokens: 356331.0
Selected worker: http://localhost:8002
INFO:     127.0.0.1:36098 - "POST /v1/completions HTTP/1.1" 200 OK
Worker: http://localhost:8001, Running: 39.0, Waiting: 0.0
Worker: http://localhost:8001, qlen: 39.0
Worker: http://localhost:8001, Tokens: 357788.0
Worker: http://localhost:8002, Running: 23.0, Waiting: 0.0
Worker: http://localhost:8002, qlen: 23.0
Worker: http://localhost:8002, Tokens: 356606.0
Selected worker: http://localhost:8002
INFO:     127.0.0.1:36114 - "POST /v1/completions HTTP/1.1" 200 OK
Worker: http://localhost:8001, Running: 39.0, Waiting: 0.0
Worker: http://localhost:8001, qlen: 39.0
Worker: http://localhost:8001, Tokens: 357788.0
Worker: http://localhost:8002, Running: 23.0, Waiting: 0.0
Worker: http://localhost:8002, qlen: 23.0
Worker: http://localhost:8002, Tokens: 356884.0
Selected worker: http://localhost:8002
INFO:     127.0.0.1:36116 - "POST /v1/completions HTTP/1.1" 200 OK
Worker: http://localhost:8001, Running: 39.0, Waiting: 0.0
Worker: http://localhost:8001, qlen: 39.0
Worker: http://localhost:8001, Tokens: 357788.0
Worker: http://localhost:8002, Running: 23.0, Waiting: 0.0
Worker: http://localhost:8002, qlen: 23.0
Worker: http://localhost:8002, Tokens: 357158.0
Selected worker: http://localhost:8002
INFO:     127.0.0.1:36120 - "POST /v1/completions HTTP/1.1" 200 OK
Worker: http://localhost:8001, Running: 35.0, Waiting: 0.0
Worker: http://localhost:8001, qlen: 35.0
Worker: http://localhost:8001, Tokens: 359567.0
Worker: http://localhost:8002, Running: 29.0, Waiting: 0.0
Worker: http://localhost:8002, qlen: 29.0
Worker: http://localhost:8002, Tokens: 357243.0
Selected worker: http://localhost:8002
INFO:     127.0.0.1:36122 - "POST /v1/completions HTTP/1.1" 200 OK
Worker: http://localhost:8001, Running: 34.0, Waiting: 0.0
Worker: http://localhost:8001, qlen: 34.0
Worker: http://localhost:8001, Tokens: 359823.0
Worker: http://localhost:8002, Running: 29.0, Waiting: 0.0
Worker: http://localhost:8002, qlen: 29.0
Worker: http://localhost:8002, Tokens: 357475.0
Selected worker: http://localhost:8002
INFO:     127.0.0.1:36128 - "POST /v1/completions HTTP/1.1" 200 OK
Worker: http://localhost:8001, Running: 33.0, Waiting: 0.0
Worker: http://localhost:8001, qlen: 33.0
Worker: http://localhost:8001, Tokens: 361045.0
Worker: http://localhost:8002, Running: 31.0, Waiting: 0.0
Worker: http://localhost:8002, qlen: 31.0
Worker: http://localhost:8002, Tokens: 359652.0
Selected worker: http://localhost:8002
INFO:     127.0.0.1:36142 - "POST /v1/completions HTTP/1.1" 200 OK
Worker: http://localhost:8001, Running: 33.0, Waiting: 0.0
Worker: http://localhost:8001, qlen: 33.0
Worker: http://localhost:8001, Tokens: 361177.0
Worker: http://localhost:8002, Running: 31.0, Waiting: 0.0
Worker: http://localhost:8002, qlen: 31.0
Worker: http://localhost:8002, Tokens: 358381.0
Selected worker: http://localhost:8002
INFO:     127.0.0.1:36144 - "POST /v1/completions HTTP/1.1" 200 OK
Worker: http://localhost:8001, Running: 33.0, Waiting: 0.0
Worker: http://localhost:8001, qlen: 33.0
Worker: http://localhost:8001, Tokens: 360911.0
Worker: http://localhost:8002, Running: 29.0, Waiting: 0.0
Worker: http://localhost:8002, qlen: 29.0
Worker: http://localhost:8002, Tokens: 361755.0
Selected worker: http://localhost:8002
INFO:     127.0.0.1:36148 - "POST /v1/completions HTTP/1.1" 200 OK
Worker: http://localhost:8001, Running: 32.0, Waiting: 0.0
Worker: http://localhost:8001, qlen: 32.0
Worker: http://localhost:8001, Tokens: 361233.0
Worker: http://localhost:8002, Running: 32.0, Waiting: 0.0
Worker: http://localhost:8002, qlen: 32.0
Worker: http://localhost:8002, Tokens: 362156.0
Selected worker: http://localhost:8002
INFO:     127.0.0.1:36162 - "POST /v1/completions HTTP/1.1" 200 OK
Worker: http://localhost:8001, Running: 31.0, Waiting: 0.0
Worker: http://localhost:8001, qlen: 31.0
Worker: http://localhost:8001, Tokens: 360012.0
Worker: http://localhost:8002, Running: 32.0, Waiting: 0.0
Worker: http://localhost:8002, qlen: 32.0
Worker: http://localhost:8002, Tokens: 362425.0
Selected worker: http://localhost:8001
INFO:     127.0.0.1:36170 - "POST /v1/completions HTTP/1.1" 200 OK
Worker: http://localhost:8001, Running: 31.0, Waiting: 0.0
Worker: http://localhost:8001, qlen: 31.0
Worker: http://localhost:8001, Tokens: 360286.0
Worker: http://localhost:8002, Running: 32.0, Waiting: 0.0
Worker: http://localhost:8002, qlen: 32.0
Worker: http://localhost:8002, Tokens: 362425.0
Selected worker: http://localhost:8001
INFO:     127.0.0.1:36182 - "POST /v1/completions HTTP/1.1" 200 OK
Worker: http://localhost:8001, Running: 31.0, Waiting: 0.0
Worker: http://localhost:8001, qlen: 31.0
Worker: http://localhost:8001, Tokens: 360583.0
Worker: http://localhost:8002, Running: 32.0, Waiting: 0.0
Worker: http://localhost:8002, qlen: 32.0
Worker: http://localhost:8002, Tokens: 362425.0
Selected worker: http://localhost:8001
INFO:     127.0.0.1:36186 - "POST /v1/completions HTTP/1.1" 200 OK
Worker: http://localhost:8001, Running: 31.0, Waiting: 0.0
Worker: http://localhost:8001, qlen: 31.0
Worker: http://localhost:8001, Tokens: 360843.0
Worker: http://localhost:8002, Running: 32.0, Waiting: 0.0
Worker: http://localhost:8002, qlen: 32.0
Worker: http://localhost:8002, Tokens: 362425.0
Selected worker: http://localhost:8001
INFO:     127.0.0.1:36198 - "POST /v1/completions HTTP/1.1" 200 OK
Worker: http://localhost:8001, Running: 31.0, Waiting: 0.0
Worker: http://localhost:8001, qlen: 31.0
Worker: http://localhost:8001, Tokens: 361110.0
Worker: http://localhost:8002, Running: 32.0, Waiting: 0.0
Worker: http://localhost:8002, qlen: 32.0
Worker: http://localhost:8002, Tokens: 362425.0
Selected worker: http://localhost:8001
INFO:     127.0.0.1:36206 - "POST /v1/completions HTTP/1.1" 200 OK
Worker: http://localhost:8001, Running: 31.0, Waiting: 0.0
Worker: http://localhost:8001, qlen: 31.0
Worker: http://localhost:8001, Tokens: 361395.0
Worker: http://localhost:8002, Running: 32.0, Waiting: 0.0
Worker: http://localhost:8002, qlen: 32.0
Worker: http://localhost:8002, Tokens: 362425.0
Selected worker: http://localhost:8001
INFO:     127.0.0.1:36216 - "POST /v1/completions HTTP/1.1" 200 OK
Worker: http://localhost:8001, Running: 31.0, Waiting: 0.0
Worker: http://localhost:8001, qlen: 31.0
Worker: http://localhost:8001, Tokens: 362311.0
Worker: http://localhost:8002, Running: 33.0, Waiting: 0.0
Worker: http://localhost:8002, qlen: 33.0
Worker: http://localhost:8002, Tokens: 362689.0
Selected worker: http://localhost:8001
INFO:     127.0.0.1:36222 - "POST /v1/completions HTTP/1.1" 200 OK
Worker: http://localhost:8001, Running: 31.0, Waiting: 0.0
Worker: http://localhost:8001, qlen: 31.0
Worker: http://localhost:8001, Tokens: 362559.0
Worker: http://localhost:8002, Running: 32.0, Waiting: 0.0
Worker: http://localhost:8002, qlen: 32.0
Worker: http://localhost:8002, Tokens: 362149.0
Selected worker: http://localhost:8001
Worker: http://localhost:8001, Running: 31.0, Waiting: 0.0
Worker: http://localhost:8001, qlen: 31.0
Worker: http://localhost:8001, Tokens: 365517.0
Worker: http://localhost:8002, Running: 32.0, Waiting: 0.0
Worker: http://localhost:8002, qlen: 32.0
Worker: http://localhost:8002, Tokens: 362149.0
Selected worker: http://localhost:8001
INFO:     127.0.0.1:36224 - "POST /v1/completions HTTP/1.1" 200 OK
INFO:     127.0.0.1:36230 - "POST /v1/completions HTTP/1.1" 200 OK
Worker: http://localhost:8001, Running: 32.0, Waiting: 0.0
Worker: http://localhost:8001, qlen: 32.0
Worker: http://localhost:8001, Tokens: 362664.0
Worker: http://localhost:8002, Running: 32.0, Waiting: 0.0
Worker: http://localhost:8002, qlen: 32.0
Worker: http://localhost:8002, Tokens: 362149.0
Selected worker: http://localhost:8002
INFO:     127.0.0.1:36234 - "POST /v1/completions HTTP/1.1" 200 OK
Worker: http://localhost:8001, Running: 32.0, Waiting: 0.0
Worker: http://localhost:8001, qlen: 32.0
Worker: http://localhost:8001, Tokens: 362664.0
Worker: http://localhost:8002, Running: 32.0, Waiting: 0.0
Worker: http://localhost:8002, qlen: 32.0
Worker: http://localhost:8002, Tokens: 362420.0
Selected worker: http://localhost:8002
INFO:     127.0.0.1:36244 - "POST /v1/completions HTTP/1.1" 200 OK
Worker: http://localhost:8001, Running: 34.0, Waiting: 0.0
Worker: http://localhost:8001, qlen: 34.0
Worker: http://localhost:8001, Tokens: 368251.0
Worker: http://localhost:8002, Running: 30.0, Waiting: 0.0
Worker: http://localhost:8002, qlen: 30.0
Worker: http://localhost:8002, Tokens: 364269.0
Selected worker: http://localhost:8002
INFO:     127.0.0.1:36246 - "POST /v1/completions HTTP/1.1" 200 OK
Worker: http://localhost:8001, Running: 34.0, Waiting: 0.0
Worker: http://localhost:8001, qlen: 34.0
Worker: http://localhost:8001, Tokens: 368251.0
Worker: http://localhost:8002, Running: 30.0, Waiting: 0.0
Worker: http://localhost:8002, qlen: 30.0
Worker: http://localhost:8002, Tokens: 364565.0
Selected worker: http://localhost:8002
INFO:     127.0.0.1:36262 - "POST /v1/completions HTTP/1.1" 200 OK
Worker: http://localhost:8001, Running: 34.0, Waiting: 0.0
Worker: http://localhost:8001, qlen: 34.0
Worker: http://localhost:8001, Tokens: 365625.0
Worker: http://localhost:8002, Running: 30.0, Waiting: 0.0
Worker: http://localhost:8002, qlen: 30.0
Worker: http://localhost:8002, Tokens: 366567.0
Selected worker: http://localhost:8002
INFO:     127.0.0.1:36274 - "POST /v1/completions HTTP/1.1" 200 OK
Worker: http://localhost:8001, Running: 33.0, Waiting: 0.0
Worker: http://localhost:8001, qlen: 33.0
Worker: http://localhost:8001, Tokens: 369121.0
Worker: http://localhost:8002, Running: 31.0, Waiting: 0.0
Worker: http://localhost:8002, qlen: 31.0
Worker: http://localhost:8002, Tokens: 366916.0
Selected worker: http://localhost:8002
INFO:     127.0.0.1:36284 - "POST /v1/completions HTTP/1.1" 200 OK
Worker: http://localhost:8001, Running: 33.0, Waiting: 0.0
Worker: http://localhost:8001, qlen: 33.0
Worker: http://localhost:8001, Tokens: 369220.0
Worker: http://localhost:8002, Running: 30.0, Waiting: 0.0
Worker: http://localhost:8002, qlen: 30.0
Worker: http://localhost:8002, Tokens: 366805.0
Selected worker: http://localhost:8002
Worker: http://localhost:8001, Running: 33.0, Waiting: 0.0
Worker: http://localhost:8001, qlen: 33.0
Worker: http://localhost:8001, Tokens: 369220.0
Worker: http://localhost:8002, Running: 30.0, Waiting: 0.0
Worker: http://localhost:8002, qlen: 30.0
Worker: http://localhost:8002, Tokens: 367067.0
Selected worker: http://localhost:8002
INFO:     127.0.0.1:36294 - "POST /v1/completions HTTP/1.1" 200 OK
INFO:     127.0.0.1:36298 - "POST /v1/completions HTTP/1.1" 200 OK
Worker: http://localhost:8001, Running: 33.0, Waiting: 0.0
Worker: http://localhost:8001, qlen: 33.0
Worker: http://localhost:8001, Tokens: 369814.0
Worker: http://localhost:8002, Running: 31.0, Waiting: 0.0
Worker: http://localhost:8002, qlen: 31.0
Worker: http://localhost:8002, Tokens: 367541.0
Selected worker: http://localhost:8002
INFO:     127.0.0.1:51260 - "POST /v1/completions HTTP/1.1" 200 OK
Worker: http://localhost:8001, Running: 33.0, Waiting: 0.0
Worker: http://localhost:8001, qlen: 33.0
Worker: http://localhost:8001, Tokens: 368741.0
Worker: http://localhost:8002, Running: 31.0, Waiting: 0.0
Worker: http://localhost:8002, qlen: 31.0
Worker: http://localhost:8002, Tokens: 373326.0
Selected worker: http://localhost:8002
Worker: http://localhost:8001, Running: 33.0, Waiting: 0.0
Worker: http://localhost:8001, qlen: 33.0
Worker: http://localhost:8001, Tokens: 368741.0
Worker: http://localhost:8002, Running: 31.0, Waiting: 0.0
Worker: http://localhost:8002, qlen: 31.0
Worker: http://localhost:8002, Tokens: 373590.0
Selected worker: http://localhost:8002
Worker: http://localhost:8001, Running: 33.0, Waiting: 0.0
Worker: http://localhost:8001, qlen: 33.0
Worker: http://localhost:8001, Tokens: 368741.0
Worker: http://localhost:8002, Running: 31.0, Waiting: 0.0
Worker: http://localhost:8002, qlen: 31.0
Worker: http://localhost:8002, Tokens: 373867.0
Selected worker: http://localhost:8002
Worker: http://localhost:8001, Running: 33.0, Waiting: 0.0
Worker: http://localhost:8001, qlen: 33.0
Worker: http://localhost:8001, Tokens: 368741.0
Worker: http://localhost:8002, Running: 31.0, Waiting: 0.0
Worker: http://localhost:8002, qlen: 31.0
Worker: http://localhost:8002, Tokens: 374169.0
Selected worker: http://localhost:8002
Worker: http://localhost:8001, Running: 33.0, Waiting: 0.0
Worker: http://localhost:8001, qlen: 33.0
Worker: http://localhost:8001, Tokens: 368741.0
Worker: http://localhost:8002, Running: 31.0, Waiting: 0.0
Worker: http://localhost:8002, qlen: 31.0
Worker: http://localhost:8002, Tokens: 374446.0
Selected worker: http://localhost:8002
Worker: http://localhost:8001, Running: 33.0, Waiting: 0.0
Worker: http://localhost:8001, qlen: 33.0
Worker: http://localhost:8001, Tokens: 368741.0
Worker: http://localhost:8002, Running: 31.0, Waiting: 0.0
Worker: http://localhost:8002, qlen: 31.0
Worker: http://localhost:8002, Tokens: 374721.0
Selected worker: http://localhost:8002
INFO:     127.0.0.1:51288 - "POST /v1/completions HTTP/1.1" 200 OK
INFO:     127.0.0.1:51292 - "POST /v1/completions HTTP/1.1" 200 OK
INFO:     127.0.0.1:51294 - "POST /v1/completions HTTP/1.1" 200 OK
INFO:     127.0.0.1:51306 - "POST /v1/completions HTTP/1.1" 200 OK
INFO:     127.0.0.1:51316 - "POST /v1/completions HTTP/1.1" 200 OK
INFO:     127.0.0.1:51276 - "POST /v1/completions HTTP/1.1" 200 OK
Worker: http://localhost:8001, Running: 27.0, Waiting: 0.0
Worker: http://localhost:8001, qlen: 27.0
Worker: http://localhost:8001, Tokens: 370541.0
Worker: http://localhost:8002, Running: 31.0, Waiting: 0.0
Worker: http://localhost:8002, qlen: 31.0
Worker: http://localhost:8002, Tokens: 373667.0
Selected worker: http://localhost:8001
INFO:     127.0.0.1:51318 - "POST /v1/completions HTTP/1.1" 200 OK
Worker: http://localhost:8001, Running: 26.0, Waiting: 0.0
Worker: http://localhost:8001, qlen: 26.0
Worker: http://localhost:8001, Tokens: 370935.0
Worker: http://localhost:8002, Running: 37.0, Waiting: 0.0
Worker: http://localhost:8002, qlen: 37.0
Worker: http://localhost:8002, Tokens: 373970.0
Selected worker: http://localhost:8001
INFO:     127.0.0.1:51332 - "POST /v1/completions HTTP/1.1" 200 OK
Worker: http://localhost:8001, Running: 27.0, Waiting: 0.0
Worker: http://localhost:8001, qlen: 27.0
Worker: http://localhost:8001, Tokens: 370901.0
Worker: http://localhost:8002, Running: 37.0, Waiting: 0.0
Worker: http://localhost:8002, qlen: 37.0
Worker: http://localhost:8002, Tokens: 373970.0
Selected worker: http://localhost:8001
INFO:     127.0.0.1:51340 - "POST /v1/completions HTTP/1.1" 200 OK
Worker: http://localhost:8001, Running: 27.0, Waiting: 0.0
Worker: http://localhost:8001, qlen: 27.0
Worker: http://localhost:8001, Tokens: 369695.0
Worker: http://localhost:8002, Running: 36.0, Waiting: 0.0
Worker: http://localhost:8002, qlen: 36.0
Worker: http://localhost:8002, Tokens: 374423.0
Selected worker: http://localhost:8001
INFO:     127.0.0.1:51354 - "POST /v1/completions HTTP/1.1" 200 OK
Worker: http://localhost:8001, Running: 28.0, Waiting: 0.0
Worker: http://localhost:8001, qlen: 28.0
Worker: http://localhost:8001, Tokens: 375444.0
Worker: http://localhost:8002, Running: 36.0, Waiting: 0.0
Worker: http://localhost:8002, qlen: 36.0
Worker: http://localhost:8002, Tokens: 374510.0
Selected worker: http://localhost:8001
INFO:     127.0.0.1:51370 - "POST /v1/completions HTTP/1.1" 200 OK
Worker: http://localhost:8001, Running: 28.0, Waiting: 0.0
Worker: http://localhost:8001, qlen: 28.0
Worker: http://localhost:8001, Tokens: 375729.0
Worker: http://localhost:8002, Running: 36.0, Waiting: 0.0
Worker: http://localhost:8002, qlen: 36.0
Worker: http://localhost:8002, Tokens: 374510.0
Selected worker: http://localhost:8001
INFO:     127.0.0.1:51376 - "POST /v1/completions HTTP/1.1" 200 OK
Worker: http://localhost:8001, Running: 30.0, Waiting: 0.0
Worker: http://localhost:8001, qlen: 30.0
Worker: http://localhost:8001, Tokens: 375760.0
Worker: http://localhost:8002, Running: 34.0, Waiting: 0.0
Worker: http://localhost:8002, qlen: 34.0
Worker: http://localhost:8002, Tokens: 375186.0
Selected worker: http://localhost:8001
INFO:     127.0.0.1:51378 - "POST /v1/completions HTTP/1.1" 200 OK
Worker: http://localhost:8001, Running: 31.0, Waiting: 0.0
Worker: http://localhost:8001, qlen: 31.0
Worker: http://localhost:8001, Tokens: 376319.0
Worker: http://localhost:8002, Running: 33.0, Waiting: 0.0
Worker: http://localhost:8002, qlen: 33.0
Worker: http://localhost:8002, Tokens: 372991.0
Selected worker: http://localhost:8001
Worker: http://localhost:8001, Running: 31.0, Waiting: 0.0
Worker: http://localhost:8001, qlen: 31.0
Worker: http://localhost:8001, Tokens: 376602.0
Worker: http://localhost:8002, Running: 33.0, Waiting: 0.0
Worker: http://localhost:8002, qlen: 33.0
Worker: http://localhost:8002, Tokens: 372991.0
Selected worker: http://localhost:8001
INFO:     127.0.0.1:51392 - "POST /v1/completions HTTP/1.1" 200 OK
INFO:     127.0.0.1:51400 - "POST /v1/completions HTTP/1.1" 200 OK
Worker: http://localhost:8001, Running: 31.0, Waiting: 0.0
Worker: http://localhost:8001, qlen: 31.0
Worker: http://localhost:8001, Tokens: 376412.0
Worker: http://localhost:8002, Running: 33.0, Waiting: 0.0
Worker: http://localhost:8002, qlen: 33.0
Worker: http://localhost:8002, Tokens: 372732.0
Selected worker: http://localhost:8001
INFO:     127.0.0.1:51412 - "POST /v1/completions HTTP/1.1" 200 OK
Worker: http://localhost:8001, Running: 31.0, Waiting: 0.0
Worker: http://localhost:8001, qlen: 31.0
Worker: http://localhost:8001, Tokens: 376697.0
Worker: http://localhost:8002, Running: 30.0, Waiting: 0.0
Worker: http://localhost:8002, qlen: 30.0
Worker: http://localhost:8002, Tokens: 375768.0
Selected worker: http://localhost:8002
Worker: http://localhost:8001, Running: 31.0, Waiting: 0.0
Worker: http://localhost:8001, qlen: 31.0
Worker: http://localhost:8001, Tokens: 376697.0
Worker: http://localhost:8002, Running: 30.0, Waiting: 0.0
Worker: http://localhost:8002, qlen: 30.0
Worker: http://localhost:8002, Tokens: 376029.0
Selected worker: http://localhost:8002
INFO:     127.0.0.1:51428 - "POST /v1/completions HTTP/1.1" 200 OK
INFO:     127.0.0.1:51444 - "POST /v1/completions HTTP/1.1" 200 OK
Worker: http://localhost:8001, Running: 33.0, Waiting: 0.0
Worker: http://localhost:8001, qlen: 33.0
Worker: http://localhost:8001, Tokens: 377219.0
Worker: http://localhost:8002, Running: 30.0, Waiting: 0.0
Worker: http://localhost:8002, qlen: 30.0
Worker: http://localhost:8002, Tokens: 376825.0
Selected worker: http://localhost:8002
INFO:     127.0.0.1:51458 - "POST /v1/completions HTTP/1.1" 200 OK
Worker: http://localhost:8001, Running: 33.0, Waiting: 0.0
Worker: http://localhost:8001, qlen: 33.0
Worker: http://localhost:8001, Tokens: 377747.0
Worker: http://localhost:8002, Running: 31.0, Waiting: 0.0
Worker: http://localhost:8002, qlen: 31.0
Worker: http://localhost:8002, Tokens: 378867.0
Selected worker: http://localhost:8002
INFO:     127.0.0.1:51468 - "POST /v1/completions HTTP/1.1" 200 OK
Worker: http://localhost:8001, Running: 33.0, Waiting: 0.0
Worker: http://localhost:8001, qlen: 33.0
Worker: http://localhost:8001, Tokens: 377879.0
Worker: http://localhost:8002, Running: 31.0, Waiting: 0.0
Worker: http://localhost:8002, qlen: 31.0
Worker: http://localhost:8002, Tokens: 379135.0
Selected worker: http://localhost:8002
Worker: http://localhost:8001, Running: 33.0, Waiting: 0.0
Worker: http://localhost:8001, qlen: 33.0
Worker: http://localhost:8001, Tokens: 377879.0
Worker: http://localhost:8002, Running: 31.0, Waiting: 0.0
Worker: http://localhost:8002, qlen: 31.0
Worker: http://localhost:8002, Tokens: 381181.0
Selected worker: http://localhost:8002
Worker: http://localhost:8001, Running: 33.0, Waiting: 0.0
Worker: http://localhost:8001, qlen: 33.0
Worker: http://localhost:8001, Tokens: 377879.0
Worker: http://localhost:8002, Running: 31.0, Waiting: 0.0
Worker: http://localhost:8002, qlen: 31.0
Worker: http://localhost:8002, Tokens: 381453.0
Selected worker: http://localhost:8002
Worker: http://localhost:8001, Running: 33.0, Waiting: 0.0
Worker: http://localhost:8001, qlen: 33.0
Worker: http://localhost:8001, Tokens: 377879.0
Worker: http://localhost:8002, Running: 31.0, Waiting: 0.0
Worker: http://localhost:8002, qlen: 31.0
Worker: http://localhost:8002, Tokens: 381720.0
Selected worker: http://localhost:8002
Worker: http://localhost:8001, Running: 33.0, Waiting: 0.0
Worker: http://localhost:8001, qlen: 33.0
Worker: http://localhost:8001, Tokens: 377879.0
Worker: http://localhost:8002, Running: 31.0, Waiting: 0.0
Worker: http://localhost:8002, qlen: 31.0
Worker: http://localhost:8002, Tokens: 382018.0
Selected worker: http://localhost:8002
INFO:     127.0.0.1:51480 - "POST /v1/completions HTTP/1.1" 200 OK
INFO:     127.0.0.1:51494 - "POST /v1/completions HTTP/1.1" 200 OK
INFO:     127.0.0.1:51504 - "POST /v1/completions HTTP/1.1" 200 OK
INFO:     127.0.0.1:51516 - "POST /v1/completions HTTP/1.1" 200 OK
INFO:     127.0.0.1:51522 - "POST /v1/completions HTTP/1.1" 200 OK
Worker: http://localhost:8001, Running: 33.0, Waiting: 0.0
Worker: http://localhost:8001, qlen: 33.0
Worker: http://localhost:8001, Tokens: 377816.0
Worker: http://localhost:8002, Running: 25.0, Waiting: 0.0
Worker: http://localhost:8002, qlen: 25.0
Worker: http://localhost:8002, Tokens: 380865.0
Selected worker: http://localhost:8002
Worker: http://localhost:8001, Running: 33.0, Waiting: 0.0
Worker: http://localhost:8001, qlen: 33.0
Worker: http://localhost:8001, Tokens: 377816.0
Worker: http://localhost:8002, Running: 25.0, Waiting: 0.0
Worker: http://localhost:8002, qlen: 25.0
Worker: http://localhost:8002, Tokens: 381165.0
Selected worker: http://localhost:8002
INFO:     127.0.0.1:51532 - "POST /v1/completions HTTP/1.1" 200 OK
INFO:     127.0.0.1:51548 - "POST /v1/completions HTTP/1.1" 200 OK
Worker: http://localhost:8001, Running: 31.0, Waiting: 0.0
Worker: http://localhost:8001, qlen: 31.0
Worker: http://localhost:8001, Tokens: 378416.0
Worker: http://localhost:8002, Running: 33.0, Waiting: 0.0
Worker: http://localhost:8002, qlen: 33.0
Worker: http://localhost:8002, Tokens: 385986.0
Selected worker: http://localhost:8001
Worker: http://localhost:8001, Running: 31.0, Waiting: 0.0
Worker: http://localhost:8001, qlen: 31.0
Worker: http://localhost:8001, Tokens: 379806.0
Worker: http://localhost:8002, Running: 33.0, Waiting: 0.0
Worker: http://localhost:8002, qlen: 33.0
Worker: http://localhost:8002, Tokens: 385986.0
Selected worker: http://localhost:8001
INFO:     127.0.0.1:51550 - "POST /v1/completions HTTP/1.1" 200 OK
INFO:     127.0.0.1:51562 - "POST /v1/completions HTTP/1.1" 200 OK
Worker: http://localhost:8001, Running: 29.0, Waiting: 0.0
Worker: http://localhost:8001, qlen: 29.0
Worker: http://localhost:8001, Tokens: 378940.0
Worker: http://localhost:8002, Running: 33.0, Waiting: 0.0
Worker: http://localhost:8002, qlen: 33.0
Worker: http://localhost:8002, Tokens: 386448.0
Selected worker: http://localhost:8001
INFO:     127.0.0.1:51570 - "POST /v1/completions HTTP/1.1" 200 OK
Worker: http://localhost:8001, Running: 31.0, Waiting: 0.0
Worker: http://localhost:8001, qlen: 31.0
Worker: http://localhost:8001, Tokens: 380468.0
Worker: http://localhost:8002, Running: 33.0, Waiting: 0.0
Worker: http://localhost:8002, qlen: 33.0
Worker: http://localhost:8002, Tokens: 387141.0
Selected worker: http://localhost:8001
Worker: http://localhost:8001, Running: 31.0, Waiting: 0.0
Worker: http://localhost:8001, qlen: 31.0
Worker: http://localhost:8001, Tokens: 382037.0
Worker: http://localhost:8002, Running: 33.0, Waiting: 0.0
Worker: http://localhost:8002, qlen: 33.0
Worker: http://localhost:8002, Tokens: 387141.0
Selected worker: http://localhost:8001
Worker: http://localhost:8001, Running: 31.0, Waiting: 0.0
Worker: http://localhost:8001, qlen: 31.0
Worker: http://localhost:8001, Tokens: 382321.0
Worker: http://localhost:8002, Running: 33.0, Waiting: 0.0
Worker: http://localhost:8002, qlen: 33.0
Worker: http://localhost:8002, Tokens: 387141.0
Selected worker: http://localhost:8001
INFO:     127.0.0.1:51576 - "POST /v1/completions HTTP/1.1" 200 OK
INFO:     127.0.0.1:51590 - "POST /v1/completions HTTP/1.1" 200 OK
INFO:     127.0.0.1:51592 - "POST /v1/completions HTTP/1.1" 200 OK
Worker: http://localhost:8001, Running: 31.0, Waiting: 0.0
Worker: http://localhost:8001, qlen: 31.0
Worker: http://localhost:8001, Tokens: 383354.0
Worker: http://localhost:8002, Running: 33.0, Waiting: 0.0
Worker: http://localhost:8002, qlen: 33.0
Worker: http://localhost:8002, Tokens: 387167.0
Selected worker: http://localhost:8001
Worker: http://localhost:8001, Running: 31.0, Waiting: 0.0
Worker: http://localhost:8001, qlen: 31.0
Worker: http://localhost:8001, Tokens: 383624.0
Worker: http://localhost:8002, Running: 33.0, Waiting: 0.0
Worker: http://localhost:8002, qlen: 33.0
Worker: http://localhost:8002, Tokens: 387167.0
Selected worker: http://localhost:8001
INFO:     127.0.0.1:51594 - "POST /v1/completions HTTP/1.1" 200 OK
INFO:     127.0.0.1:51596 - "POST /v1/completions HTTP/1.1" 200 OK
Worker: http://localhost:8001, Running: 31.0, Waiting: 0.0
Worker: http://localhost:8001, qlen: 31.0
Worker: http://localhost:8001, Tokens: 382310.0
Worker: http://localhost:8002, Running: 31.0, Waiting: 0.0
Worker: http://localhost:8002, qlen: 31.0
Worker: http://localhost:8002, Tokens: 387983.0
Selected worker: http://localhost:8001
INFO:     127.0.0.1:51606 - "POST /v1/completions HTTP/1.1" 200 OK
Worker: http://localhost:8001, Running: 33.0, Waiting: 0.0
Worker: http://localhost:8001, qlen: 33.0
Worker: http://localhost:8001, Tokens: 384425.0
Worker: http://localhost:8002, Running: 31.0, Waiting: 0.0
Worker: http://localhost:8002, qlen: 31.0
Worker: http://localhost:8002, Tokens: 388521.0
Selected worker: http://localhost:8002
INFO:     127.0.0.1:51622 - "POST /v1/completions HTTP/1.1" 200 OK
Worker: http://localhost:8001, Running: 33.0, Waiting: 0.0
Worker: http://localhost:8001, qlen: 33.0
Worker: http://localhost:8001, Tokens: 384524.0
Worker: http://localhost:8002, Running: 31.0, Waiting: 0.0
Worker: http://localhost:8002, qlen: 31.0
Worker: http://localhost:8002, Tokens: 387685.0
Selected worker: http://localhost:8002
INFO:     127.0.0.1:51626 - "POST /v1/completions HTTP/1.1" 200 OK
Worker: http://localhost:8001, Running: 33.0, Waiting: 0.0
Worker: http://localhost:8001, qlen: 33.0
Worker: http://localhost:8001, Tokens: 384524.0
Worker: http://localhost:8002, Running: 31.0, Waiting: 0.0
Worker: http://localhost:8002, qlen: 31.0
Worker: http://localhost:8002, Tokens: 389584.0
Selected worker: http://localhost:8002
INFO:     127.0.0.1:51638 - "POST /v1/completions HTTP/1.1" 200 OK
Worker: http://localhost:8001, Running: 33.0, Waiting: 0.0
Worker: http://localhost:8001, qlen: 33.0
Worker: http://localhost:8001, Tokens: 384524.0
Worker: http://localhost:8002, Running: 31.0, Waiting: 0.0
Worker: http://localhost:8002, qlen: 31.0
Worker: http://localhost:8002, Tokens: 389843.0
Selected worker: http://localhost:8002
INFO:     127.0.0.1:51650 - "POST /v1/completions HTTP/1.1" 200 OK
Worker: http://localhost:8001, Running: 33.0, Waiting: 0.0
Worker: http://localhost:8001, qlen: 33.0
Worker: http://localhost:8001, Tokens: 384524.0
Worker: http://localhost:8002, Running: 31.0, Waiting: 0.0
Worker: http://localhost:8002, qlen: 31.0
Worker: http://localhost:8002, Tokens: 393165.0
Selected worker: http://localhost:8002
INFO:     127.0.0.1:51656 - "POST /v1/completions HTTP/1.1" 200 OK
Worker: http://localhost:8001, Running: 33.0, Waiting: 0.0
Worker: http://localhost:8001, qlen: 33.0
Worker: http://localhost:8001, Tokens: 384524.0
Worker: http://localhost:8002, Running: 31.0, Waiting: 0.0
Worker: http://localhost:8002, qlen: 31.0
Worker: http://localhost:8002, Tokens: 397113.0
Selected worker: http://localhost:8002
INFO:     127.0.0.1:51670 - "POST /v1/completions HTTP/1.1" 200 OK
Worker: http://localhost:8001, Running: 33.0, Waiting: 0.0
Worker: http://localhost:8001, qlen: 33.0
Worker: http://localhost:8001, Tokens: 385210.0
Worker: http://localhost:8002, Running: 30.0, Waiting: 1.0
Worker: http://localhost:8002, qlen: 30.0
Worker: http://localhost:8002, Tokens: 394089.0
Selected worker: http://localhost:8002
INFO:     127.0.0.1:51684 - "POST /v1/completions HTTP/1.1" 200 OK
Worker: http://localhost:8001, Running: 32.0, Waiting: 0.0
Worker: http://localhost:8001, qlen: 32.0
Worker: http://localhost:8001, Tokens: 385436.0
Worker: http://localhost:8002, Running: 30.0, Waiting: 1.0
Worker: http://localhost:8002, qlen: 30.0
Worker: http://localhost:8002, Tokens: 394118.0
Selected worker: http://localhost:8002
INFO:     127.0.0.1:51688 - "POST /v1/completions HTTP/1.1" 200 OK
Worker: http://localhost:8001, Running: 31.0, Waiting: 0.0
Worker: http://localhost:8001, qlen: 31.0
Worker: http://localhost:8001, Tokens: 385912.0
Worker: http://localhost:8002, Running: 33.0, Waiting: 0.0
Worker: http://localhost:8002, qlen: 33.0
Worker: http://localhost:8002, Tokens: 401565.0
Selected worker: http://localhost:8001
Worker: http://localhost:8001, Running: 31.0, Waiting: 0.0
Worker: http://localhost:8001, qlen: 31.0
Worker: http://localhost:8001, Tokens: 386183.0
Worker: http://localhost:8002, Running: 33.0, Waiting: 0.0
Worker: http://localhost:8002, qlen: 33.0
Worker: http://localhost:8002, Tokens: 401565.0
Selected worker: http://localhost:8001
INFO:     127.0.0.1:58200 - "POST /v1/completions HTTP/1.1" 200 OK
INFO:     127.0.0.1:58204 - "POST /v1/completions HTTP/1.1" 200 OK
Worker: http://localhost:8001, Running: 31.0, Waiting: 0.0
Worker: http://localhost:8001, qlen: 31.0
Worker: http://localhost:8001, Tokens: 386276.0
Worker: http://localhost:8002, Running: 33.0, Waiting: 0.0
Worker: http://localhost:8002, qlen: 33.0
Worker: http://localhost:8002, Tokens: 401961.0
Selected worker: http://localhost:8001
INFO:     127.0.0.1:58214 - "POST /v1/completions HTTP/1.1" 200 OK
Worker: http://localhost:8001, Running: 31.0, Waiting: 0.0
Worker: http://localhost:8001, qlen: 31.0
Worker: http://localhost:8001, Tokens: 388214.0
Worker: http://localhost:8002, Running: 33.0, Waiting: 0.0
Worker: http://localhost:8002, qlen: 33.0
Worker: http://localhost:8002, Tokens: 401961.0
Selected worker: http://localhost:8001
INFO:     127.0.0.1:58228 - "POST /v1/completions HTTP/1.1" 200 OK
Worker: http://localhost:8001, Running: 29.0, Waiting: 0.0
Worker: http://localhost:8001, qlen: 29.0
Worker: http://localhost:8001, Tokens: 386659.0
Worker: http://localhost:8002, Running: 33.0, Waiting: 0.0
Worker: http://localhost:8002, qlen: 33.0
Worker: http://localhost:8002, Tokens: 402159.0
Selected worker: http://localhost:8001
INFO:     127.0.0.1:58244 - "POST /v1/completions HTTP/1.1" 200 OK
Worker: http://localhost:8001, Running: 28.0, Waiting: 0.0
Worker: http://localhost:8001, qlen: 28.0
Worker: http://localhost:8001, Tokens: 387102.0
Worker: http://localhost:8002, Running: 33.0, Waiting: 0.0
Worker: http://localhost:8002, qlen: 33.0
Worker: http://localhost:8002, Tokens: 400360.0
Selected worker: http://localhost:8001
INFO:     127.0.0.1:58260 - "POST /v1/completions HTTP/1.1" 200 OK
Worker: http://localhost:8001, Running: 32.0, Waiting: 0.0
Worker: http://localhost:8001, qlen: 32.0
Worker: http://localhost:8001, Tokens: 393146.0
Worker: http://localhost:8002, Running: 32.0, Waiting: 0.0
Worker: http://localhost:8002, qlen: 32.0
Worker: http://localhost:8002, Tokens: 403723.0
Selected worker: http://localhost:8002
INFO:     127.0.0.1:58274 - "POST /v1/completions HTTP/1.1" 200 OK
Worker: http://localhost:8001, Running: 32.0, Waiting: 0.0
Worker: http://localhost:8001, qlen: 32.0
Worker: http://localhost:8001, Tokens: 393242.0
Worker: http://localhost:8002, Running: 32.0, Waiting: 0.0
Worker: http://localhost:8002, qlen: 32.0
Worker: http://localhost:8002, Tokens: 403733.0
Selected worker: http://localhost:8002
INFO:     127.0.0.1:58280 - "POST /v1/completions HTTP/1.1" 200 OK
Worker: http://localhost:8001, Running: 32.0, Waiting: 0.0
Worker: http://localhost:8001, qlen: 32.0
Worker: http://localhost:8001, Tokens: 393242.0
Worker: http://localhost:8002, Running: 30.0, Waiting: 0.0
Worker: http://localhost:8002, qlen: 30.0
Worker: http://localhost:8002, Tokens: 403929.0
Selected worker: http://localhost:8002
INFO:     127.0.0.1:58288 - "POST /v1/completions HTTP/1.1" 200 OK
Worker: http://localhost:8001, Running: 32.0, Waiting: 0.0
Worker: http://localhost:8001, qlen: 32.0
Worker: http://localhost:8001, Tokens: 393434.0
Worker: http://localhost:8002, Running: 30.0, Waiting: 0.0
Worker: http://localhost:8002, qlen: 30.0
Worker: http://localhost:8002, Tokens: 403931.0
Selected worker: http://localhost:8002
INFO:     127.0.0.1:58298 - "POST /v1/completions HTTP/1.1" 200 OK
Worker: http://localhost:8001, Running: 32.0, Waiting: 0.0
Worker: http://localhost:8001, qlen: 32.0
Worker: http://localhost:8001, Tokens: 393956.0
Worker: http://localhost:8002, Running: 32.0, Waiting: 0.0
Worker: http://localhost:8002, qlen: 32.0
Worker: http://localhost:8002, Tokens: 407184.0
Selected worker: http://localhost:8001
Worker: http://localhost:8001, Running: 32.0, Waiting: 0.0
Worker: http://localhost:8001, qlen: 32.0
Worker: http://localhost:8001, Tokens: 394230.0
Worker: http://localhost:8002, Running: 32.0, Waiting: 0.0
Worker: http://localhost:8002, qlen: 32.0
Worker: http://localhost:8002, Tokens: 407184.0
Selected worker: http://localhost:8001
INFO:     127.0.0.1:58304 - "POST /v1/completions HTTP/1.1" 200 OK
INFO:     127.0.0.1:58306 - "POST /v1/completions HTTP/1.1" 200 OK
Worker: http://localhost:8001, Running: 32.0, Waiting: 0.0
Worker: http://localhost:8001, qlen: 32.0
Worker: http://localhost:8001, Tokens: 396999.0
Worker: http://localhost:8002, Running: 32.0, Waiting: 0.0
Worker: http://localhost:8002, qlen: 32.0
Worker: http://localhost:8002, Tokens: 407696.0
Selected worker: http://localhost:8002
INFO:     127.0.0.1:58322 - "POST /v1/completions HTTP/1.1" 200 OK
Worker: http://localhost:8001, Running: 32.0, Waiting: 0.0
Worker: http://localhost:8001, qlen: 32.0
Worker: http://localhost:8001, Tokens: 396742.0
Worker: http://localhost:8002, Running: 32.0, Waiting: 0.0
Worker: http://localhost:8002, qlen: 32.0
Worker: http://localhost:8002, Tokens: 407792.0
Selected worker: http://localhost:8001
INFO:     127.0.0.1:58334 - "POST /v1/completions HTTP/1.1" 200 OK
Worker: http://localhost:8001, Running: 31.0, Waiting: 0.0
Worker: http://localhost:8001, qlen: 31.0
Worker: http://localhost:8001, Tokens: 398979.0
Worker: http://localhost:8002, Running: 33.0, Waiting: 0.0
Worker: http://localhost:8002, qlen: 33.0
Worker: http://localhost:8002, Tokens: 408928.0
Selected worker: http://localhost:8001
INFO:     127.0.0.1:58338 - "POST /v1/completions HTTP/1.1" 200 OK
Worker: http://localhost:8001, Running: 31.0, Waiting: 0.0
Worker: http://localhost:8001, qlen: 31.0
Worker: http://localhost:8001, Tokens: 396233.0
Worker: http://localhost:8002, Running: 33.0, Waiting: 0.0
Worker: http://localhost:8002, qlen: 33.0
Worker: http://localhost:8002, Tokens: 408928.0
Selected worker: http://localhost:8001
INFO:     127.0.0.1:58350 - "POST /v1/completions HTTP/1.1" 200 OK
Worker: http://localhost:8001, Running: 31.0, Waiting: 0.0
Worker: http://localhost:8001, qlen: 31.0
Worker: http://localhost:8001, Tokens: 396510.0
Worker: http://localhost:8002, Running: 33.0, Waiting: 0.0
Worker: http://localhost:8002, qlen: 33.0
Worker: http://localhost:8002, Tokens: 408928.0
Selected worker: http://localhost:8001
INFO:     127.0.0.1:58356 - "POST /v1/completions HTTP/1.1" 200 OK
Worker: http://localhost:8001, Running: 31.0, Waiting: 0.0
Worker: http://localhost:8001, qlen: 31.0
Worker: http://localhost:8001, Tokens: 398194.0
Worker: http://localhost:8002, Running: 33.0, Waiting: 0.0
Worker: http://localhost:8002, qlen: 33.0
Worker: http://localhost:8002, Tokens: 408657.0
Selected worker: http://localhost:8001
INFO:     127.0.0.1:58370 - "POST /v1/completions HTTP/1.1" 200 OK
Worker: http://localhost:8001, Running: 34.0, Waiting: 0.0
Worker: http://localhost:8001, qlen: 34.0
Worker: http://localhost:8001, Tokens: 401848.0
Worker: http://localhost:8002, Running: 30.0, Waiting: 0.0
Worker: http://localhost:8002, qlen: 30.0
Worker: http://localhost:8002, Tokens: 410970.0
Selected worker: http://localhost:8002
INFO:     127.0.0.1:58382 - "POST /v1/completions HTTP/1.1" 200 OK
Worker: http://localhost:8001, Running: 33.0, Waiting: 0.0
Worker: http://localhost:8001, qlen: 33.0
Worker: http://localhost:8001, Tokens: 402224.0
Worker: http://localhost:8002, Running: 30.0, Waiting: 0.0
Worker: http://localhost:8002, qlen: 30.0
Worker: http://localhost:8002, Tokens: 410814.0
Selected worker: http://localhost:8002
INFO:     127.0.0.1:58384 - "POST /v1/completions HTTP/1.1" 200 OK
Worker: http://localhost:8001, Running: 33.0, Waiting: 0.0
Worker: http://localhost:8001, qlen: 33.0
Worker: http://localhost:8001, Tokens: 396238.0
Worker: http://localhost:8002, Running: 30.0, Waiting: 0.0
Worker: http://localhost:8002, qlen: 30.0
Worker: http://localhost:8002, Tokens: 411245.0
Selected worker: http://localhost:8002
INFO:     127.0.0.1:58386 - "POST /v1/completions HTTP/1.1" 200 OK
Worker: http://localhost:8001, Running: 32.0, Waiting: 0.0
Worker: http://localhost:8001, qlen: 32.0
Worker: http://localhost:8001, Tokens: 402292.0
Worker: http://localhost:8002, Running: 30.0, Waiting: 0.0
Worker: http://localhost:8002, qlen: 30.0
Worker: http://localhost:8002, Tokens: 411515.0
Selected worker: http://localhost:8002
INFO:     127.0.0.1:58402 - "POST /v1/completions HTTP/1.1" 200 OK
Worker: http://localhost:8001, Running: 31.0, Waiting: 0.0
Worker: http://localhost:8001, qlen: 31.0
Worker: http://localhost:8001, Tokens: 403578.0
Worker: http://localhost:8002, Running: 33.0, Waiting: 0.0
Worker: http://localhost:8002, qlen: 33.0
Worker: http://localhost:8002, Tokens: 413015.0
Selected worker: http://localhost:8001
Worker: http://localhost:8001, Running: 31.0, Waiting: 0.0
Worker: http://localhost:8001, qlen: 31.0
Worker: http://localhost:8001, Tokens: 403843.0
Worker: http://localhost:8002, Running: 33.0, Waiting: 0.0
Worker: http://localhost:8002, qlen: 33.0
Worker: http://localhost:8002, Tokens: 413015.0
Selected worker: http://localhost:8001
INFO:     127.0.0.1:58414 - "POST /v1/completions HTTP/1.1" 200 OK
INFO:     127.0.0.1:58426 - "POST /v1/completions HTTP/1.1" 200 OK
Worker: http://localhost:8001, Running: 29.0, Waiting: 0.0
Worker: http://localhost:8001, qlen: 29.0
Worker: http://localhost:8001, Tokens: 403951.0
Worker: http://localhost:8002, Running: 33.0, Waiting: 0.0
Worker: http://localhost:8002, qlen: 33.0
Worker: http://localhost:8002, Tokens: 413015.0
Selected worker: http://localhost:8001
INFO:     127.0.0.1:58432 - "POST /v1/completions HTTP/1.1" 200 OK
Worker: http://localhost:8001, Running: 31.0, Waiting: 0.0
Worker: http://localhost:8001, qlen: 31.0
Worker: http://localhost:8001, Tokens: 404660.0
Worker: http://localhost:8002, Running: 33.0, Waiting: 0.0
Worker: http://localhost:8002, qlen: 33.0
Worker: http://localhost:8002, Tokens: 411562.0
Selected worker: http://localhost:8001
INFO:     127.0.0.1:47356 - "POST /v1/completions HTTP/1.1" 200 OK
Worker: http://localhost:8001, Running: 32.0, Waiting: 0.0
Worker: http://localhost:8001, qlen: 32.0
Worker: http://localhost:8001, Tokens: 405786.0
Worker: http://localhost:8002, Running: 32.0, Waiting: 0.0
Worker: http://localhost:8002, qlen: 32.0
Worker: http://localhost:8002, Tokens: 414242.0
Selected worker: http://localhost:8002
INFO:     127.0.0.1:47368 - "POST /v1/completions HTTP/1.1" 200 OK
Worker: http://localhost:8001, Running: 32.0, Waiting: 0.0
Worker: http://localhost:8001, qlen: 32.0
Worker: http://localhost:8001, Tokens: 405914.0
Worker: http://localhost:8002, Running: 31.0, Waiting: 0.0
Worker: http://localhost:8002, qlen: 31.0
Worker: http://localhost:8002, Tokens: 414421.0
Selected worker: http://localhost:8002
INFO:     127.0.0.1:47372 - "POST /v1/completions HTTP/1.1" 200 OK
Worker: http://localhost:8001, Running: 32.0, Waiting: 0.0
Worker: http://localhost:8001, qlen: 32.0
Worker: http://localhost:8001, Tokens: 406010.0
Worker: http://localhost:8002, Running: 31.0, Waiting: 0.0
Worker: http://localhost:8002, qlen: 31.0
Worker: http://localhost:8002, Tokens: 414338.0
Selected worker: http://localhost:8002
Worker: http://localhost:8001, Running: 32.0, Waiting: 0.0
Worker: http://localhost:8001, qlen: 32.0
Worker: http://localhost:8001, Tokens: 406010.0
Worker: http://localhost:8002, Running: 31.0, Waiting: 0.0
Worker: http://localhost:8002, qlen: 31.0
Worker: http://localhost:8002, Tokens: 414606.0
Selected worker: http://localhost:8002
INFO:     127.0.0.1:47384 - "POST /v1/completions HTTP/1.1" 200 OK
INFO:     127.0.0.1:47388 - "POST /v1/completions HTTP/1.1" 200 OK
Worker: http://localhost:8001, Running: 32.0, Waiting: 0.0
Worker: http://localhost:8001, qlen: 32.0
Worker: http://localhost:8001, Tokens: 406490.0
Worker: http://localhost:8002, Running: 32.0, Waiting: 0.0
Worker: http://localhost:8002, qlen: 32.0
Worker: http://localhost:8002, Tokens: 413441.0
Selected worker: http://localhost:8002
INFO:     127.0.0.1:47396 - "POST /v1/completions HTTP/1.1" 200 OK
Worker: http://localhost:8001, Running: 32.0, Waiting: 0.0
Worker: http://localhost:8001, qlen: 32.0
Worker: http://localhost:8001, Tokens: 406803.0
Worker: http://localhost:8002, Running: 32.0, Waiting: 0.0
Worker: http://localhost:8002, qlen: 32.0
Worker: http://localhost:8002, Tokens: 419107.0
Selected worker: http://localhost:8002
Worker: http://localhost:8001, Running: 32.0, Waiting: 0.0
Worker: http://localhost:8001, qlen: 32.0
Worker: http://localhost:8001, Tokens: 406803.0
Worker: http://localhost:8002, Running: 32.0, Waiting: 0.0
Worker: http://localhost:8002, qlen: 32.0
Worker: http://localhost:8002, Tokens: 419372.0
Selected worker: http://localhost:8002
Worker: http://localhost:8001, Running: 32.0, Waiting: 0.0
Worker: http://localhost:8001, qlen: 32.0
Worker: http://localhost:8001, Tokens: 406803.0
Worker: http://localhost:8002, Running: 32.0, Waiting: 0.0
Worker: http://localhost:8002, qlen: 32.0
Worker: http://localhost:8002, Tokens: 419640.0
Selected worker: http://localhost:8001
INFO:     127.0.0.1:47406 - "POST /v1/completions HTTP/1.1" 200 OK
INFO:     127.0.0.1:47414 - "POST /v1/completions HTTP/1.1" 200 OK
INFO:     127.0.0.1:47418 - "POST /v1/completions HTTP/1.1" 200 OK
Worker: http://localhost:8001, Running: 30.0, Waiting: 0.0
Worker: http://localhost:8001, qlen: 30.0
Worker: http://localhost:8001, Tokens: 407770.0
Worker: http://localhost:8002, Running: 34.0, Waiting: 0.0
Worker: http://localhost:8002, qlen: 34.0
Worker: http://localhost:8002, Tokens: 419552.0
Selected worker: http://localhost:8001
INFO:     127.0.0.1:47430 - "POST /v1/completions HTTP/1.1" 200 OK
Worker: http://localhost:8001, Running: 29.0, Waiting: 0.0
Worker: http://localhost:8001, qlen: 29.0
Worker: http://localhost:8001, Tokens: 408181.0
Worker: http://localhost:8002, Running: 34.0, Waiting: 0.0
Worker: http://localhost:8002, qlen: 34.0
Worker: http://localhost:8002, Tokens: 416685.0
Selected worker: http://localhost:8001
INFO:     127.0.0.1:47434 - "POST /v1/completions HTTP/1.1" 200 OK
Worker: http://localhost:8001, Running: 31.0, Waiting: 0.0
Worker: http://localhost:8001, qlen: 31.0
Worker: http://localhost:8001, Tokens: 411028.0
Worker: http://localhost:8002, Running: 32.0, Waiting: 0.0
Worker: http://localhost:8002, qlen: 32.0
Worker: http://localhost:8002, Tokens: 421111.0
Selected worker: http://localhost:8001
INFO:     127.0.0.1:47446 - "POST /v1/completions HTTP/1.1" 200 OK
Worker: http://localhost:8001, Running: 31.0, Waiting: 0.0
Worker: http://localhost:8001, qlen: 31.0
Worker: http://localhost:8001, Tokens: 411152.0
Worker: http://localhost:8002, Running: 32.0, Waiting: 0.0
Worker: http://localhost:8002, qlen: 32.0
Worker: http://localhost:8002, Tokens: 420977.0
Selected worker: http://localhost:8001
INFO:     127.0.0.1:47450 - "POST /v1/completions HTTP/1.1" 200 OK
Worker: http://localhost:8001, Running: 32.0, Waiting: 0.0
Worker: http://localhost:8001, qlen: 32.0
Worker: http://localhost:8001, Tokens: 411392.0
Worker: http://localhost:8002, Running: 31.0, Waiting: 0.0
Worker: http://localhost:8002, qlen: 31.0
Worker: http://localhost:8002, Tokens: 420850.0
Selected worker: http://localhost:8002
Worker: http://localhost:8001, Running: 32.0, Waiting: 0.0
Worker: http://localhost:8001, qlen: 32.0
Worker: http://localhost:8001, Tokens: 411392.0
Worker: http://localhost:8002, Running: 31.0, Waiting: 0.0
Worker: http://localhost:8002, qlen: 31.0
Worker: http://localhost:8002, Tokens: 421107.0
Selected worker: http://localhost:8002
INFO:     127.0.0.1:47454 - "POST /v1/completions HTTP/1.1" 200 OK
INFO:     127.0.0.1:47458 - "POST /v1/completions HTTP/1.1" 200 OK
Worker: http://localhost:8001, Running: 33.0, Waiting: 0.0
Worker: http://localhost:8001, qlen: 33.0
Worker: http://localhost:8001, Tokens: 412733.0
Worker: http://localhost:8002, Running: 31.0, Waiting: 0.0
Worker: http://localhost:8002, qlen: 31.0
Worker: http://localhost:8002, Tokens: 422067.0
Selected worker: http://localhost:8002
INFO:     127.0.0.1:47468 - "POST /v1/completions HTTP/1.1" 200 OK
Worker: http://localhost:8001, Running: 33.0, Waiting: 0.0
Worker: http://localhost:8001, qlen: 33.0
Worker: http://localhost:8001, Tokens: 412733.0
Worker: http://localhost:8002, Running: 31.0, Waiting: 0.0
Worker: http://localhost:8002, qlen: 31.0
Worker: http://localhost:8002, Tokens: 423674.0
Selected worker: http://localhost:8002
INFO:     127.0.0.1:47470 - "POST /v1/completions HTTP/1.1" 200 OK
Worker: http://localhost:8001, Running: 33.0, Waiting: 0.0
Worker: http://localhost:8001, qlen: 33.0
Worker: http://localhost:8001, Tokens: 412472.0
Worker: http://localhost:8002, Running: 31.0, Waiting: 0.0
Worker: http://localhost:8002, qlen: 31.0
Worker: http://localhost:8002, Tokens: 427329.0
Selected worker: http://localhost:8002
INFO:     127.0.0.1:47474 - "POST /v1/completions HTTP/1.1" 200 OK
Worker: http://localhost:8001, Running: 32.0, Waiting: 0.0
Worker: http://localhost:8001, qlen: 32.0
Worker: http://localhost:8001, Tokens: 412858.0
Worker: http://localhost:8002, Running: 30.0, Waiting: 0.0
Worker: http://localhost:8002, qlen: 30.0
Worker: http://localhost:8002, Tokens: 424507.0
Selected worker: http://localhost:8002
INFO:     127.0.0.1:47482 - "POST /v1/completions HTTP/1.1" 200 OK
Worker: http://localhost:8001, Running: 31.0, Waiting: 0.0
Worker: http://localhost:8001, qlen: 31.0
Worker: http://localhost:8001, Tokens: 414060.0
Worker: http://localhost:8002, Running: 33.0, Waiting: 0.0
Worker: http://localhost:8002, qlen: 33.0
Worker: http://localhost:8002, Tokens: 430539.0
Selected worker: http://localhost:8001
INFO:     127.0.0.1:47498 - "POST /v1/completions HTTP/1.1" 200 OK
Worker: http://localhost:8001, Running: 30.0, Waiting: 0.0
Worker: http://localhost:8001, qlen: 30.0
Worker: http://localhost:8001, Tokens: 414303.0
Worker: http://localhost:8002, Running: 33.0, Waiting: 0.0
Worker: http://localhost:8002, qlen: 33.0
Worker: http://localhost:8002, Tokens: 430671.0
Selected worker: http://localhost:8001
INFO:     127.0.0.1:47500 - "POST /v1/completions HTTP/1.1" 200 OK
Worker: http://localhost:8001, Running: 31.0, Waiting: 0.0
Worker: http://localhost:8001, qlen: 31.0
Worker: http://localhost:8001, Tokens: 411859.0
Worker: http://localhost:8002, Running: 33.0, Waiting: 0.0
Worker: http://localhost:8002, qlen: 33.0
Worker: http://localhost:8002, Tokens: 431496.0
Selected worker: http://localhost:8001
INFO:     127.0.0.1:47512 - "POST /v1/completions HTTP/1.1" 200 OK
Worker: http://localhost:8001, Running: 30.0, Waiting: 0.0
Worker: http://localhost:8001, qlen: 30.0
Worker: http://localhost:8001, Tokens: 415388.0
Worker: http://localhost:8002, Running: 33.0, Waiting: 0.0
Worker: http://localhost:8002, qlen: 33.0
Worker: http://localhost:8002, Tokens: 430977.0
Selected worker: http://localhost:8001
Worker: http://localhost:8001, Running: 30.0, Waiting: 0.0
Worker: http://localhost:8001, qlen: 30.0
Worker: http://localhost:8001, Tokens: 416654.0
Worker: http://localhost:8002, Running: 33.0, Waiting: 0.0
Worker: http://localhost:8002, qlen: 33.0
Worker: http://localhost:8002, Tokens: 430977.0
Selected worker: http://localhost:8001
INFO:     127.0.0.1:47514 - "POST /v1/completions HTTP/1.1" 200 OK
INFO:     127.0.0.1:47522 - "POST /v1/completions HTTP/1.1" 200 OK
Worker: http://localhost:8001, Running: 33.0, Waiting: 0.0
Worker: http://localhost:8001, qlen: 33.0
Worker: http://localhost:8001, Tokens: 418621.0
Worker: http://localhost:8002, Running: 31.0, Waiting: 0.0
Worker: http://localhost:8002, qlen: 31.0
Worker: http://localhost:8002, Tokens: 432520.0
Selected worker: http://localhost:8002
INFO:     127.0.0.1:35592 - "POST /v1/completions HTTP/1.1" 200 OK
Worker: http://localhost:8001, Running: 33.0, Waiting: 0.0
Worker: http://localhost:8001, qlen: 33.0
Worker: http://localhost:8001, Tokens: 419645.0
Worker: http://localhost:8002, Running: 31.0, Waiting: 0.0
Worker: http://localhost:8002, qlen: 31.0
Worker: http://localhost:8002, Tokens: 435220.0
Selected worker: http://localhost:8002
INFO:     127.0.0.1:35598 - "POST /v1/completions HTTP/1.1" 200 OK
Worker: http://localhost:8001, Running: 32.0, Waiting: 0.0
Worker: http://localhost:8001, qlen: 32.0
Worker: http://localhost:8001, Tokens: 419809.0
Worker: http://localhost:8002, Running: 31.0, Waiting: 0.0
Worker: http://localhost:8002, qlen: 31.0
Worker: http://localhost:8002, Tokens: 435437.0
Selected worker: http://localhost:8002
INFO:     127.0.0.1:35600 - "POST /v1/completions HTTP/1.1" 200 OK
Worker: http://localhost:8001, Running: 31.0, Waiting: 0.0
Worker: http://localhost:8001, qlen: 31.0
Worker: http://localhost:8001, Tokens: 420643.0
Worker: http://localhost:8002, Running: 33.0, Waiting: 0.0
Worker: http://localhost:8002, qlen: 33.0
Worker: http://localhost:8002, Tokens: 436312.0
Selected worker: http://localhost:8001
INFO:     127.0.0.1:35610 - "POST /v1/completions HTTP/1.1" 200 OK
Worker: http://localhost:8001, Running: 30.0, Waiting: 0.0
Worker: http://localhost:8001, qlen: 30.0
Worker: http://localhost:8001, Tokens: 420791.0
Worker: http://localhost:8002, Running: 33.0, Waiting: 0.0
Worker: http://localhost:8002, qlen: 33.0
Worker: http://localhost:8002, Tokens: 436411.0
Selected worker: http://localhost:8001
INFO:     127.0.0.1:35622 - "POST /v1/completions HTTP/1.1" 200 OK
Worker: http://localhost:8001, Running: 31.0, Waiting: 0.0
Worker: http://localhost:8001, qlen: 31.0
Worker: http://localhost:8001, Tokens: 423418.0
Worker: http://localhost:8002, Running: 33.0, Waiting: 0.0
Worker: http://localhost:8002, qlen: 33.0
Worker: http://localhost:8002, Tokens: 438557.0
Selected worker: http://localhost:8001
INFO:     127.0.0.1:35630 - "POST /v1/completions HTTP/1.1" 200 OK
Worker: http://localhost:8001, Running: 31.0, Waiting: 0.0
Worker: http://localhost:8001, qlen: 31.0
Worker: http://localhost:8001, Tokens: 423666.0
Worker: http://localhost:8002, Running: 32.0, Waiting: 0.0
Worker: http://localhost:8002, qlen: 32.0
Worker: http://localhost:8002, Tokens: 438704.0
Selected worker: http://localhost:8001
INFO:     127.0.0.1:35644 - "POST /v1/completions HTTP/1.1" 200 OK
Worker: http://localhost:8001, Running: 33.0, Waiting: 0.0
Worker: http://localhost:8001, qlen: 33.0
Worker: http://localhost:8001, Tokens: 425291.0
Worker: http://localhost:8002, Running: 31.0, Waiting: 0.0
Worker: http://localhost:8002, qlen: 31.0
Worker: http://localhost:8002, Tokens: 439666.0
Selected worker: http://localhost:8002
INFO:     127.0.0.1:35646 - "POST /v1/completions HTTP/1.1" 200 OK
Worker: http://localhost:8001, Running: 32.0, Waiting: 0.0
Worker: http://localhost:8001, qlen: 32.0
Worker: http://localhost:8001, Tokens: 425421.0
Worker: http://localhost:8002, Running: 31.0, Waiting: 0.0
Worker: http://localhost:8002, qlen: 31.0
Worker: http://localhost:8002, Tokens: 439821.0
Selected worker: http://localhost:8002
INFO:     127.0.0.1:35656 - "POST /v1/completions HTTP/1.1" 200 OK
Worker: http://localhost:8001, Running: 30.0, Waiting: 0.0
Worker: http://localhost:8001, qlen: 30.0
Worker: http://localhost:8001, Tokens: 425969.0
Worker: http://localhost:8002, Running: 31.0, Waiting: 0.0
Worker: http://localhost:8002, qlen: 31.0
Worker: http://localhost:8002, Tokens: 439852.0
Selected worker: http://localhost:8001
INFO:     127.0.0.1:35660 - "POST /v1/completions HTTP/1.1" 200 OK
Worker: http://localhost:8001, Running: 31.0, Waiting: 0.0
Worker: http://localhost:8001, qlen: 31.0
Worker: http://localhost:8001, Tokens: 429914.0
Worker: http://localhost:8002, Running: 33.0, Waiting: 0.0
Worker: http://localhost:8002, qlen: 33.0
Worker: http://localhost:8002, Tokens: 441836.0
Selected worker: http://localhost:8001
INFO:     127.0.0.1:35668 - "POST /v1/completions HTTP/1.1" 200 OK
Worker: http://localhost:8001, Running: 32.0, Waiting: 0.0
Worker: http://localhost:8001, qlen: 32.0
Worker: http://localhost:8001, Tokens: 431040.0
Worker: http://localhost:8002, Running: 32.0, Waiting: 0.0
Worker: http://localhost:8002, qlen: 32.0
Worker: http://localhost:8002, Tokens: 444571.0
Selected worker: http://localhost:8001
INFO:     127.0.0.1:35678 - "POST /v1/completions HTTP/1.1" 200 OK
Worker: http://localhost:8001, Running: 31.0, Waiting: 0.0
Worker: http://localhost:8001, qlen: 31.0
Worker: http://localhost:8001, Tokens: 431399.0
Worker: http://localhost:8002, Running: 31.0, Waiting: 0.0
Worker: http://localhost:8002, qlen: 31.0
Worker: http://localhost:8002, Tokens: 444731.0
Selected worker: http://localhost:8002
INFO:     127.0.0.1:35684 - "POST /v1/completions HTTP/1.1" 200 OK
Worker: http://localhost:8001, Running: 32.0, Waiting: 0.0
Worker: http://localhost:8001, qlen: 32.0
Worker: http://localhost:8001, Tokens: 434106.0
Worker: http://localhost:8002, Running: 31.0, Waiting: 0.0
Worker: http://localhost:8002, qlen: 31.0
Worker: http://localhost:8002, Tokens: 445437.0
Selected worker: http://localhost:8002
INFO:     127.0.0.1:35698 - "POST /v1/completions HTTP/1.1" 200 OK
Worker: http://localhost:8001, Running: 32.0, Waiting: 0.0
Worker: http://localhost:8001, qlen: 32.0
Worker: http://localhost:8001, Tokens: 432693.0
Worker: http://localhost:8002, Running: 31.0, Waiting: 0.0
Worker: http://localhost:8002, qlen: 31.0
Worker: http://localhost:8002, Tokens: 445561.0
Selected worker: http://localhost:8002
INFO:     127.0.0.1:34398 - "POST /v1/completions HTTP/1.1" 200 OK
Worker: http://localhost:8001, Running: 31.0, Waiting: 0.0
Worker: http://localhost:8001, qlen: 31.0
Worker: http://localhost:8001, Tokens: 435054.0
Worker: http://localhost:8002, Running: 33.0, Waiting: 0.0
Worker: http://localhost:8002, qlen: 33.0
Worker: http://localhost:8002, Tokens: 449887.0
Selected worker: http://localhost:8001
INFO:     127.0.0.1:34402 - "POST /v1/completions HTTP/1.1" 200 OK
Worker: http://localhost:8001, Running: 31.0, Waiting: 0.0
Worker: http://localhost:8001, qlen: 31.0
Worker: http://localhost:8001, Tokens: 434267.0
Worker: http://localhost:8002, Running: 33.0, Waiting: 0.0
Worker: http://localhost:8002, qlen: 33.0
Worker: http://localhost:8002, Tokens: 449030.0
Selected worker: http://localhost:8001
Worker: http://localhost:8001, Running: 31.0, Waiting: 0.0
Worker: http://localhost:8001, qlen: 31.0
Worker: http://localhost:8001, Tokens: 434524.0
Worker: http://localhost:8002, Running: 33.0, Waiting: 0.0
Worker: http://localhost:8002, qlen: 33.0
Worker: http://localhost:8002, Tokens: 449030.0
Selected worker: http://localhost:8001
INFO:     127.0.0.1:34412 - "POST /v1/completions HTTP/1.1" 200 OK
INFO:     127.0.0.1:34424 - "POST /v1/completions HTTP/1.1" 200 OK
Worker: http://localhost:8001, Running: 32.0, Waiting: 0.0
Worker: http://localhost:8001, qlen: 32.0
Worker: http://localhost:8001, Tokens: 429605.0
Worker: http://localhost:8002, Running: 32.0, Waiting: 0.0
Worker: http://localhost:8002, qlen: 32.0
Worker: http://localhost:8002, Tokens: 450829.0
Selected worker: http://localhost:8002
INFO:     127.0.0.1:34434 - "POST /v1/completions HTTP/1.1" 200 OK
Worker: http://localhost:8001, Running: 32.0, Waiting: 0.0
Worker: http://localhost:8001, qlen: 32.0
Worker: http://localhost:8001, Tokens: 429605.0
Worker: http://localhost:8002, Running: 32.0, Waiting: 0.0
Worker: http://localhost:8002, qlen: 32.0
Worker: http://localhost:8002, Tokens: 451110.0
Selected worker: http://localhost:8001
INFO:     127.0.0.1:34444 - "POST /v1/completions HTTP/1.1" 200 OK
Worker: http://localhost:8001, Running: 30.0, Waiting: 0.0
Worker: http://localhost:8001, qlen: 30.0
Worker: http://localhost:8001, Tokens: 434819.0
Worker: http://localhost:8002, Running: 32.0, Waiting: 0.0
Worker: http://localhost:8002, qlen: 32.0
Worker: http://localhost:8002, Tokens: 451110.0
Selected worker: http://localhost:8001
INFO:     127.0.0.1:34448 - "POST /v1/completions HTTP/1.1" 200 OK
Worker: http://localhost:8001, Running: 31.0, Waiting: 0.0
Worker: http://localhost:8001, qlen: 31.0
Worker: http://localhost:8001, Tokens: 439972.0
Worker: http://localhost:8002, Running: 33.0, Waiting: 0.0
Worker: http://localhost:8002, qlen: 33.0
Worker: http://localhost:8002, Tokens: 451478.0
Selected worker: http://localhost:8001
INFO:     127.0.0.1:34458 - "POST /v1/completions HTTP/1.1" 200 OK
Worker: http://localhost:8001, Running: 32.0, Waiting: 0.0
Worker: http://localhost:8001, qlen: 32.0
Worker: http://localhost:8001, Tokens: 441899.0
Worker: http://localhost:8002, Running: 32.0, Waiting: 0.0
Worker: http://localhost:8002, qlen: 32.0
Worker: http://localhost:8002, Tokens: 452262.0
Selected worker: http://localhost:8002
INFO:     127.0.0.1:34468 - "POST /v1/completions HTTP/1.1" 200 OK
Worker: http://localhost:8001, Running: 32.0, Waiting: 0.0
Worker: http://localhost:8001, qlen: 32.0
Worker: http://localhost:8001, Tokens: 442155.0
Worker: http://localhost:8002, Running: 32.0, Waiting: 0.0
Worker: http://localhost:8002, qlen: 32.0
Worker: http://localhost:8002, Tokens: 451142.0
Selected worker: http://localhost:8002
INFO:     127.0.0.1:34478 - "POST /v1/completions HTTP/1.1" 200 OK
Worker: http://localhost:8001, Running: 32.0, Waiting: 0.0
Worker: http://localhost:8001, qlen: 32.0
Worker: http://localhost:8001, Tokens: 442597.0
Worker: http://localhost:8002, Running: 32.0, Waiting: 0.0
Worker: http://localhost:8002, qlen: 32.0
Worker: http://localhost:8002, Tokens: 452999.0
Selected worker: http://localhost:8001
INFO:     127.0.0.1:34482 - "POST /v1/completions HTTP/1.1" 200 OK
Worker: http://localhost:8001, Running: 32.0, Waiting: 0.0
Worker: http://localhost:8001, qlen: 32.0
Worker: http://localhost:8001, Tokens: 442799.0
Worker: http://localhost:8002, Running: 32.0, Waiting: 0.0
Worker: http://localhost:8002, qlen: 32.0
Worker: http://localhost:8002, Tokens: 458489.0
Selected worker: http://localhost:8001
INFO:     127.0.0.1:34490 - "POST /v1/completions HTTP/1.1" 200 OK
Worker: http://localhost:8001, Running: 32.0, Waiting: 0.0
Worker: http://localhost:8001, qlen: 32.0
Worker: http://localhost:8001, Tokens: 443069.0
Worker: http://localhost:8002, Running: 32.0, Waiting: 0.0
Worker: http://localhost:8002, qlen: 32.0
Worker: http://localhost:8002, Tokens: 458489.0
Selected worker: http://localhost:8002
INFO:     127.0.0.1:34492 - "POST /v1/completions HTTP/1.1" 200 OK
Worker: http://localhost:8001, Running: 32.0, Waiting: 0.0
Worker: http://localhost:8001, qlen: 32.0
Worker: http://localhost:8001, Tokens: 441416.0
Worker: http://localhost:8002, Running: 32.0, Waiting: 0.0
Worker: http://localhost:8002, qlen: 32.0
Worker: http://localhost:8002, Tokens: 458760.0
Selected worker: http://localhost:8001
INFO:     127.0.0.1:34502 - "POST /v1/completions HTTP/1.1" 200 OK
Worker: http://localhost:8001, Running: 31.0, Waiting: 0.0
Worker: http://localhost:8001, qlen: 31.0
Worker: http://localhost:8001, Tokens: 445338.0
Worker: http://localhost:8002, Running: 33.0, Waiting: 0.0
Worker: http://localhost:8002, qlen: 33.0
Worker: http://localhost:8002, Tokens: 459093.0
Selected worker: http://localhost:8001
INFO:     127.0.0.1:34518 - "POST /v1/completions HTTP/1.1" 200 OK
Worker: http://localhost:8001, Running: 31.0, Waiting: 0.0
Worker: http://localhost:8001, qlen: 31.0
Worker: http://localhost:8001, Tokens: 445980.0
Worker: http://localhost:8002, Running: 33.0, Waiting: 0.0
Worker: http://localhost:8002, qlen: 33.0
Worker: http://localhost:8002, Tokens: 459142.0
Selected worker: http://localhost:8001
INFO:     127.0.0.1:34528 - "POST /v1/completions HTTP/1.1" 200 OK
Worker: http://localhost:8001, Running: 32.0, Waiting: 0.0
Worker: http://localhost:8001, qlen: 32.0
Worker: http://localhost:8001, Tokens: 447672.0
Worker: http://localhost:8002, Running: 32.0, Waiting: 0.0
Worker: http://localhost:8002, qlen: 32.0
Worker: http://localhost:8002, Tokens: 460719.0
Selected worker: http://localhost:8001
INFO:     127.0.0.1:34534 - "POST /v1/completions HTTP/1.1" 200 OK
Worker: http://localhost:8001, Running: 33.0, Waiting: 0.0
Worker: http://localhost:8001, qlen: 33.0
Worker: http://localhost:8001, Tokens: 450164.0
Worker: http://localhost:8002, Running: 31.0, Waiting: 0.0
Worker: http://localhost:8002, qlen: 31.0
Worker: http://localhost:8002, Tokens: 461365.0
Selected worker: http://localhost:8002
INFO:     127.0.0.1:34550 - "POST /v1/completions HTTP/1.1" 200 OK
Worker: http://localhost:8001, Running: 33.0, Waiting: 0.0
Worker: http://localhost:8001, qlen: 33.0
Worker: http://localhost:8001, Tokens: 450164.0
Worker: http://localhost:8002, Running: 31.0, Waiting: 0.0
Worker: http://localhost:8002, qlen: 31.0
Worker: http://localhost:8002, Tokens: 458274.0
Selected worker: http://localhost:8002
INFO:     127.0.0.1:34552 - "POST /v1/completions HTTP/1.1" 200 OK
Worker: http://localhost:8001, Running: 33.0, Waiting: 0.0
Worker: http://localhost:8001, qlen: 33.0
Worker: http://localhost:8001, Tokens: 450164.0
Worker: http://localhost:8002, Running: 31.0, Waiting: 0.0
Worker: http://localhost:8002, qlen: 31.0
Worker: http://localhost:8002, Tokens: 455376.0
Selected worker: http://localhost:8002
INFO:     127.0.0.1:34562 - "POST /v1/completions HTTP/1.1" 200 OK
Worker: http://localhost:8001, Running: 33.0, Waiting: 0.0
Worker: http://localhost:8001, qlen: 33.0
Worker: http://localhost:8001, Tokens: 450164.0
Worker: http://localhost:8002, Running: 31.0, Waiting: 0.0
Worker: http://localhost:8002, qlen: 31.0
Worker: http://localhost:8002, Tokens: 455644.0
Selected worker: http://localhost:8002
INFO:     127.0.0.1:34578 - "POST /v1/completions HTTP/1.1" 200 OK
Worker: http://localhost:8001, Running: 32.0, Waiting: 0.0
Worker: http://localhost:8001, qlen: 32.0
Worker: http://localhost:8001, Tokens: 450649.0
Worker: http://localhost:8002, Running: 32.0, Waiting: 0.0
Worker: http://localhost:8002, qlen: 32.0
Worker: http://localhost:8002, Tokens: 461803.0
Selected worker: http://localhost:8001
INFO:     127.0.0.1:34594 - "POST /v1/completions HTTP/1.1" 200 OK
Worker: http://localhost:8001, Running: 32.0, Waiting: 0.0
Worker: http://localhost:8001, qlen: 32.0
Worker: http://localhost:8001, Tokens: 450913.0
Worker: http://localhost:8002, Running: 32.0, Waiting: 0.0
Worker: http://localhost:8002, qlen: 32.0
Worker: http://localhost:8002, Tokens: 461628.0
Selected worker: http://localhost:8001
INFO:     127.0.0.1:34608 - "POST /v1/completions HTTP/1.1" 200 OK
Worker: http://localhost:8001, Running: 33.0, Waiting: 0.0
Worker: http://localhost:8001, qlen: 33.0
Worker: http://localhost:8001, Tokens: 449658.0
Worker: http://localhost:8002, Running: 31.0, Waiting: 0.0
Worker: http://localhost:8002, qlen: 31.0
Worker: http://localhost:8002, Tokens: 462149.0
Selected worker: http://localhost:8002
INFO:     127.0.0.1:34614 - "POST /v1/completions HTTP/1.1" 200 OK
Worker: http://localhost:8001, Running: 33.0, Waiting: 0.0
Worker: http://localhost:8001, qlen: 33.0
Worker: http://localhost:8001, Tokens: 446819.0
Worker: http://localhost:8002, Running: 31.0, Waiting: 0.0
Worker: http://localhost:8002, qlen: 31.0
Worker: http://localhost:8002, Tokens: 462411.0
Selected worker: http://localhost:8002
Worker: http://localhost:8001, Running: 33.0, Waiting: 0.0
Worker: http://localhost:8001, qlen: 33.0
Worker: http://localhost:8001, Tokens: 446819.0
Worker: http://localhost:8002, Running: 31.0, Waiting: 0.0
Worker: http://localhost:8002, qlen: 31.0
Worker: http://localhost:8002, Tokens: 462673.0
Selected worker: http://localhost:8002
INFO:     127.0.0.1:34622 - "POST /v1/completions HTTP/1.1" 200 OK
INFO:     127.0.0.1:34624 - "POST /v1/completions HTTP/1.1" 200 OK
Worker: http://localhost:8001, Running: 30.0, Waiting: 0.0
Worker: http://localhost:8001, qlen: 30.0
Worker: http://localhost:8001, Tokens: 451050.0
Worker: http://localhost:8002, Running: 32.0, Waiting: 0.0
Worker: http://localhost:8002, qlen: 32.0
Worker: http://localhost:8002, Tokens: 462388.0
Selected worker: http://localhost:8001
INFO:     127.0.0.1:34636 - "POST /v1/completions HTTP/1.1" 200 OK
Worker: http://localhost:8001, Running: 30.0, Waiting: 0.0
Worker: http://localhost:8001, qlen: 30.0
Worker: http://localhost:8001, Tokens: 451548.0
Worker: http://localhost:8002, Running: 34.0, Waiting: 0.0
Worker: http://localhost:8002, qlen: 34.0
Worker: http://localhost:8002, Tokens: 462719.0
Selected worker: http://localhost:8001
INFO:     127.0.0.1:34640 - "POST /v1/completions HTTP/1.1" 200 OK
Worker: http://localhost:8001, Running: 30.0, Waiting: 0.0
Worker: http://localhost:8001, qlen: 30.0
Worker: http://localhost:8001, Tokens: 451497.0
Worker: http://localhost:8002, Running: 34.0, Waiting: 0.0
Worker: http://localhost:8002, qlen: 34.0
Worker: http://localhost:8002, Tokens: 463807.0
Selected worker: http://localhost:8001
INFO:     127.0.0.1:57192 - "POST /v1/completions HTTP/1.1" 200 OK
Worker: http://localhost:8001, Running: 29.0, Waiting: 0.0
Worker: http://localhost:8001, qlen: 29.0
Worker: http://localhost:8001, Tokens: 451308.0
Worker: http://localhost:8002, Running: 34.0, Waiting: 0.0
Worker: http://localhost:8002, qlen: 34.0
Worker: http://localhost:8002, Tokens: 463807.0
Selected worker: http://localhost:8001
INFO:     127.0.0.1:57194 - "POST /v1/completions HTTP/1.1" 200 OK
Worker: http://localhost:8001, Running: 30.0, Waiting: 0.0
Worker: http://localhost:8001, qlen: 30.0
Worker: http://localhost:8001, Tokens: 453826.0
Worker: http://localhost:8002, Running: 33.0, Waiting: 0.0
Worker: http://localhost:8002, qlen: 33.0
Worker: http://localhost:8002, Tokens: 464691.0
Selected worker: http://localhost:8001
INFO:     127.0.0.1:57202 - "POST /v1/completions HTTP/1.1" 200 OK
Worker: http://localhost:8001, Running: 31.0, Waiting: 0.0
Worker: http://localhost:8001, qlen: 31.0
Worker: http://localhost:8001, Tokens: 453621.0
Worker: http://localhost:8002, Running: 33.0, Waiting: 0.0
Worker: http://localhost:8002, qlen: 33.0
Worker: http://localhost:8002, Tokens: 464732.0
Selected worker: http://localhost:8001
Worker: http://localhost:8001, Running: 31.0, Waiting: 0.0
Worker: http://localhost:8001, qlen: 31.0
Worker: http://localhost:8001, Tokens: 453882.0
Worker: http://localhost:8002, Running: 33.0, Waiting: 0.0
Worker: http://localhost:8002, qlen: 33.0
Worker: http://localhost:8002, Tokens: 464732.0
Selected worker: http://localhost:8001
Worker: http://localhost:8001, Running: 31.0, Waiting: 0.0
Worker: http://localhost:8001, qlen: 31.0
Worker: http://localhost:8001, Tokens: 454144.0
Worker: http://localhost:8002, Running: 33.0, Waiting: 0.0
Worker: http://localhost:8002, qlen: 33.0
Worker: http://localhost:8002, Tokens: 464732.0
Selected worker: http://localhost:8001
INFO:     127.0.0.1:57206 - "POST /v1/completions HTTP/1.1" 200 OK
INFO:     127.0.0.1:57214 - "POST /v1/completions HTTP/1.1" 200 OK
INFO:     127.0.0.1:57220 - "POST /v1/completions HTTP/1.1" 200 OK
Worker: http://localhost:8001, Running: 29.0, Waiting: 0.0
Worker: http://localhost:8001, qlen: 29.0
Worker: http://localhost:8001, Tokens: 454285.0
Worker: http://localhost:8002, Running: 33.0, Waiting: 0.0
Worker: http://localhost:8002, qlen: 33.0
Worker: http://localhost:8002, Tokens: 463936.0
Selected worker: http://localhost:8001
INFO:     127.0.0.1:57222 - "POST /v1/completions HTTP/1.1" 200 OK
Worker: http://localhost:8001, Running: 29.0, Waiting: 0.0
Worker: http://localhost:8001, qlen: 29.0
Worker: http://localhost:8001, Tokens: 455564.0
Worker: http://localhost:8002, Running: 33.0, Waiting: 0.0
Worker: http://localhost:8002, qlen: 33.0
Worker: http://localhost:8002, Tokens: 463936.0
Selected worker: http://localhost:8001
INFO:     127.0.0.1:57236 - "POST /v1/completions HTTP/1.1" 200 OK
Worker: http://localhost:8001, Running: 29.0, Waiting: 0.0
Worker: http://localhost:8001, qlen: 29.0
Worker: http://localhost:8001, Tokens: 455834.0
Worker: http://localhost:8002, Running: 33.0, Waiting: 0.0
Worker: http://localhost:8002, qlen: 33.0
Worker: http://localhost:8002, Tokens: 463936.0
Selected worker: http://localhost:8001
INFO:     127.0.0.1:57252 - "POST /v1/completions HTTP/1.1" 200 OK
Worker: http://localhost:8001, Running: 32.0, Waiting: 3.0
Worker: http://localhost:8001, qlen: 32.0
Worker: http://localhost:8001, Tokens: 454693.0
Worker: http://localhost:8002, Running: 29.0, Waiting: 0.0
Worker: http://localhost:8002, qlen: 29.0
Worker: http://localhost:8002, Tokens: 465264.0
Selected worker: http://localhost:8002
INFO:     127.0.0.1:57256 - "POST /v1/completions HTTP/1.1" 200 OK
Worker: http://localhost:8001, Running: 32.0, Waiting: 3.0
Worker: http://localhost:8001, qlen: 32.0
Worker: http://localhost:8001, Tokens: 454693.0
Worker: http://localhost:8002, Running: 28.0, Waiting: 0.0
Worker: http://localhost:8002, qlen: 28.0
Worker: http://localhost:8002, Tokens: 465170.0
Selected worker: http://localhost:8002
Worker: http://localhost:8001, Running: 32.0, Waiting: 3.0
Worker: http://localhost:8001, qlen: 32.0
Worker: http://localhost:8001, Tokens: 454693.0
Worker: http://localhost:8002, Running: 28.0, Waiting: 0.0
Worker: http://localhost:8002, qlen: 28.0
Worker: http://localhost:8002, Tokens: 465449.0
Selected worker: http://localhost:8002
INFO:     127.0.0.1:57268 - "POST /v1/completions HTTP/1.1" 200 OK
INFO:     127.0.0.1:57278 - "POST /v1/completions HTTP/1.1" 200 OK
Worker: http://localhost:8001, Running: 33.0, Waiting: 2.0
Worker: http://localhost:8001, qlen: 33.0
Worker: http://localhost:8001, Tokens: 457711.0
Worker: http://localhost:8002, Running: 28.0, Waiting: 0.0
Worker: http://localhost:8002, qlen: 28.0
Worker: http://localhost:8002, Tokens: 465753.0
Selected worker: http://localhost:8002
INFO:     127.0.0.1:57288 - "POST /v1/completions HTTP/1.1" 200 OK
Worker: http://localhost:8001, Running: 34.0, Waiting: 0.0
Worker: http://localhost:8001, qlen: 34.0
Worker: http://localhost:8001, Tokens: 459589.0
Worker: http://localhost:8002, Running: 30.0, Waiting: 0.0
Worker: http://localhost:8002, qlen: 30.0
Worker: http://localhost:8002, Tokens: 466057.0
Selected worker: http://localhost:8002
INFO:     127.0.0.1:57300 - "POST /v1/completions HTTP/1.1" 200 OK
Worker: http://localhost:8001, Running: 33.0, Waiting: 0.0
Worker: http://localhost:8001, qlen: 33.0
Worker: http://localhost:8001, Tokens: 460644.0
Worker: http://localhost:8002, Running: 31.0, Waiting: 0.0
Worker: http://localhost:8002, qlen: 31.0
Worker: http://localhost:8002, Tokens: 467085.0
Selected worker: http://localhost:8002
INFO:     127.0.0.1:57304 - "POST /v1/completions HTTP/1.1" 200 OK
Worker: http://localhost:8001, Running: 32.0, Waiting: 0.0
Worker: http://localhost:8001, qlen: 32.0
Worker: http://localhost:8001, Tokens: 460768.0
Worker: http://localhost:8002, Running: 31.0, Waiting: 0.0
Worker: http://localhost:8002, qlen: 31.0
Worker: http://localhost:8002, Tokens: 467240.0
Selected worker: http://localhost:8002
INFO:     127.0.0.1:57310 - "POST /v1/completions HTTP/1.1" 200 OK
Worker: http://localhost:8001, Running: 31.0, Waiting: 0.0
Worker: http://localhost:8001, qlen: 31.0
Worker: http://localhost:8001, Tokens: 461595.0
Worker: http://localhost:8002, Running: 33.0, Waiting: 0.0
Worker: http://localhost:8002, qlen: 33.0
Worker: http://localhost:8002, Tokens: 469271.0
Selected worker: http://localhost:8001
INFO:     127.0.0.1:57314 - "POST /v1/completions HTTP/1.1" 200 OK
Worker: http://localhost:8001, Running: 31.0, Waiting: 0.0
Worker: http://localhost:8001, qlen: 31.0
Worker: http://localhost:8001, Tokens: 462128.0
Worker: http://localhost:8002, Running: 32.0, Waiting: 0.0
Worker: http://localhost:8002, qlen: 32.0
Worker: http://localhost:8002, Tokens: 469535.0
Selected worker: http://localhost:8001
INFO:     127.0.0.1:57326 - "POST /v1/completions HTTP/1.1" 200 OK
Worker: http://localhost:8001, Running: 31.0, Waiting: 0.0
Worker: http://localhost:8001, qlen: 31.0
Worker: http://localhost:8001, Tokens: 463452.0
Worker: http://localhost:8002, Running: 32.0, Waiting: 0.0
Worker: http://localhost:8002, qlen: 32.0
Worker: http://localhost:8002, Tokens: 466682.0
Selected worker: http://localhost:8001
INFO:     127.0.0.1:57340 - "POST /v1/completions HTTP/1.1" 200 OK
Worker: http://localhost:8001, Running: 31.0, Waiting: 0.0
Worker: http://localhost:8001, qlen: 31.0
Worker: http://localhost:8001, Tokens: 466641.0
Worker: http://localhost:8002, Running: 32.0, Waiting: 0.0
Worker: http://localhost:8002, qlen: 32.0
Worker: http://localhost:8002, Tokens: 466682.0
Selected worker: http://localhost:8001
INFO:     127.0.0.1:57342 - "POST /v1/completions HTTP/1.1" 200 OK
Worker: http://localhost:8001, Running: 34.0, Waiting: 0.0
Worker: http://localhost:8001, qlen: 34.0
Worker: http://localhost:8001, Tokens: 467775.0
Worker: http://localhost:8002, Running: 30.0, Waiting: 0.0
Worker: http://localhost:8002, qlen: 30.0
Worker: http://localhost:8002, Tokens: 470288.0
Selected worker: http://localhost:8002
Worker: http://localhost:8001, Running: 34.0, Waiting: 0.0
Worker: http://localhost:8001, qlen: 34.0
Worker: http://localhost:8001, Tokens: 467775.0
Worker: http://localhost:8002, Running: 30.0, Waiting: 0.0
Worker: http://localhost:8002, qlen: 30.0
Worker: http://localhost:8002, Tokens: 472372.0
Selected worker: http://localhost:8002
INFO:     127.0.0.1:57350 - "POST /v1/completions HTTP/1.1" 200 OK
INFO:     127.0.0.1:57362 - "POST /v1/completions HTTP/1.1" 200 OK
Worker: http://localhost:8001, Running: 32.0, Waiting: 0.0
Worker: http://localhost:8001, qlen: 32.0
Worker: http://localhost:8001, Tokens: 467880.0
Worker: http://localhost:8002, Running: 30.0, Waiting: 0.0
Worker: http://localhost:8002, qlen: 30.0
Worker: http://localhost:8002, Tokens: 472406.0
Selected worker: http://localhost:8002
Worker: http://localhost:8001, Running: 32.0, Waiting: 0.0
Worker: http://localhost:8001, qlen: 32.0
Worker: http://localhost:8001, Tokens: 467880.0
Worker: http://localhost:8002, Running: 30.0, Waiting: 0.0
Worker: http://localhost:8002, qlen: 30.0
Worker: http://localhost:8002, Tokens: 472663.0
Selected worker: http://localhost:8002
INFO:     127.0.0.1:57376 - "POST /v1/completions HTTP/1.1" 200 OK
INFO:     127.0.0.1:57382 - "POST /v1/completions HTTP/1.1" 200 OK
Worker: http://localhost:8001, Running: 32.0, Waiting: 0.0
Worker: http://localhost:8001, qlen: 32.0
Worker: http://localhost:8001, Tokens: 467880.0
Worker: http://localhost:8002, Running: 30.0, Waiting: 0.0
Worker: http://localhost:8002, qlen: 30.0
Worker: http://localhost:8002, Tokens: 475972.0
Selected worker: http://localhost:8002
INFO:     127.0.0.1:57388 - "POST /v1/completions HTTP/1.1" 200 OK
Worker: http://localhost:8001, Running: 30.0, Waiting: 0.0
Worker: http://localhost:8001, qlen: 30.0
Worker: http://localhost:8001, Tokens: 469070.0
Worker: http://localhost:8002, Running: 33.0, Waiting: 1.0
Worker: http://localhost:8002, qlen: 33.0
Worker: http://localhost:8002, Tokens: 472162.0
Selected worker: http://localhost:8001
Worker: http://localhost:8001, Running: 30.0, Waiting: 0.0
Worker: http://localhost:8001, qlen: 30.0
Worker: http://localhost:8001, Tokens: 469334.0
Worker: http://localhost:8002, Running: 33.0, Waiting: 1.0
Worker: http://localhost:8002, qlen: 33.0
Worker: http://localhost:8002, Tokens: 472162.0
Selected worker: http://localhost:8001
Worker: http://localhost:8001, Running: 30.0, Waiting: 0.0
Worker: http://localhost:8001, qlen: 30.0
Worker: http://localhost:8001, Tokens: 472516.0
Worker: http://localhost:8002, Running: 33.0, Waiting: 1.0
Worker: http://localhost:8002, qlen: 33.0
Worker: http://localhost:8002, Tokens: 472162.0
Selected worker: http://localhost:8001
INFO:     127.0.0.1:57394 - "POST /v1/completions HTTP/1.1" 200 OK
INFO:     127.0.0.1:57402 - "POST /v1/completions HTTP/1.1" 200 OK
INFO:     127.0.0.1:57416 - "POST /v1/completions HTTP/1.1" 200 OK
Worker: http://localhost:8001, Running: 30.0, Waiting: 0.0
Worker: http://localhost:8001, qlen: 30.0
Worker: http://localhost:8001, Tokens: 469400.0
Worker: http://localhost:8002, Running: 31.0, Waiting: 0.0
Worker: http://localhost:8002, qlen: 31.0
Worker: http://localhost:8002, Tokens: 477508.0
Selected worker: http://localhost:8001
INFO:     127.0.0.1:57424 - "POST /v1/completions HTTP/1.1" 200 OK
Worker: http://localhost:8001, Running: 34.0, Waiting: 0.0
Worker: http://localhost:8001, qlen: 34.0
Worker: http://localhost:8001, Tokens: 471559.0
Worker: http://localhost:8002, Running: 30.0, Waiting: 0.0
Worker: http://localhost:8002, qlen: 30.0
Worker: http://localhost:8002, Tokens: 478439.0
Selected worker: http://localhost:8002
INFO:     127.0.0.1:57436 - "POST /v1/completions HTTP/1.1" 200 OK
Worker: http://localhost:8001, Running: 33.0, Waiting: 0.0
Worker: http://localhost:8001, qlen: 33.0
Worker: http://localhost:8001, Tokens: 471541.0
Worker: http://localhost:8002, Running: 31.0, Waiting: 0.0
Worker: http://localhost:8002, qlen: 31.0
Worker: http://localhost:8002, Tokens: 478667.0
Selected worker: http://localhost:8002
INFO:     127.0.0.1:57448 - "POST /v1/completions HTTP/1.1" 200 OK
Worker: http://localhost:8001, Running: 32.0, Waiting: 0.0
Worker: http://localhost:8001, qlen: 32.0
Worker: http://localhost:8001, Tokens: 473250.0
Worker: http://localhost:8002, Running: 31.0, Waiting: 0.0
Worker: http://localhost:8002, qlen: 31.0
Worker: http://localhost:8002, Tokens: 478561.0
Selected worker: http://localhost:8002
INFO:     127.0.0.1:57454 - "POST /v1/completions HTTP/1.1" 200 OK
Worker: http://localhost:8001, Running: 32.0, Waiting: 0.0
Worker: http://localhost:8001, qlen: 32.0
Worker: http://localhost:8001, Tokens: 473761.0
Worker: http://localhost:8002, Running: 32.0, Waiting: 0.0
Worker: http://localhost:8002, qlen: 32.0
Worker: http://localhost:8002, Tokens: 482444.0
Selected worker: http://localhost:8002
INFO:     127.0.0.1:57464 - "POST /v1/completions HTTP/1.1" 200 OK
Worker: http://localhost:8001, Running: 31.0, Waiting: 0.0
Worker: http://localhost:8001, qlen: 31.0
Worker: http://localhost:8001, Tokens: 474361.0
Worker: http://localhost:8002, Running: 33.0, Waiting: 0.0
Worker: http://localhost:8002, qlen: 33.0
Worker: http://localhost:8002, Tokens: 479857.0
Selected worker: http://localhost:8001
INFO:     127.0.0.1:57480 - "POST /v1/completions HTTP/1.1" 200 OK
Worker: http://localhost:8001, Running: 31.0, Waiting: 0.0
Worker: http://localhost:8001, qlen: 31.0
Worker: http://localhost:8001, Tokens: 474485.0
Worker: http://localhost:8002, Running: 33.0, Waiting: 0.0
Worker: http://localhost:8002, qlen: 33.0
Worker: http://localhost:8002, Tokens: 474381.0
Selected worker: http://localhost:8001
INFO:     127.0.0.1:57496 - "POST /v1/completions HTTP/1.1" 200 OK
Worker: http://localhost:8001, Running: 31.0, Waiting: 0.0
Worker: http://localhost:8001, qlen: 31.0
Worker: http://localhost:8001, Tokens: 476091.0
Worker: http://localhost:8002, Running: 33.0, Waiting: 0.0
Worker: http://localhost:8002, qlen: 33.0
Worker: http://localhost:8002, Tokens: 474381.0
Selected worker: http://localhost:8001
INFO:     127.0.0.1:57498 - "POST /v1/completions HTTP/1.1" 200 OK
Worker: http://localhost:8001, Running: 34.0, Waiting: 0.0
Worker: http://localhost:8001, qlen: 34.0
Worker: http://localhost:8001, Tokens: 476965.0
Worker: http://localhost:8002, Running: 30.0, Waiting: 0.0
Worker: http://localhost:8002, qlen: 30.0
Worker: http://localhost:8002, Tokens: 483232.0
Selected worker: http://localhost:8002
Worker: http://localhost:8001, Running: 34.0, Waiting: 0.0
Worker: http://localhost:8001, qlen: 34.0
Worker: http://localhost:8001, Tokens: 476965.0
Worker: http://localhost:8002, Running: 30.0, Waiting: 0.0
Worker: http://localhost:8002, qlen: 30.0
Worker: http://localhost:8002, Tokens: 485164.0
Selected worker: http://localhost:8002
INFO:     127.0.0.1:49952 - "POST /v1/completions HTTP/1.1" 200 OK
INFO:     127.0.0.1:49954 - "POST /v1/completions HTTP/1.1" 200 OK
Worker: http://localhost:8001, Running: 34.0, Waiting: 0.0
Worker: http://localhost:8001, qlen: 34.0
Worker: http://localhost:8001, Tokens: 475490.0
Worker: http://localhost:8002, Running: 30.0, Waiting: 0.0
Worker: http://localhost:8002, qlen: 30.0
Worker: http://localhost:8002, Tokens: 486868.0
Selected worker: http://localhost:8002
INFO:     127.0.0.1:49958 - "POST /v1/completions HTTP/1.1" 200 OK
Worker: http://localhost:8001, Running: 34.0, Waiting: 0.0
Worker: http://localhost:8001, qlen: 34.0
Worker: http://localhost:8001, Tokens: 474962.0
Worker: http://localhost:8002, Running: 28.0, Waiting: 0.0
Worker: http://localhost:8002, qlen: 28.0
Worker: http://localhost:8002, Tokens: 483988.0
Selected worker: http://localhost:8002
Worker: http://localhost:8001, Running: 34.0, Waiting: 0.0
Worker: http://localhost:8001, qlen: 34.0
Worker: http://localhost:8001, Tokens: 474962.0
Worker: http://localhost:8002, Running: 28.0, Waiting: 0.0
Worker: http://localhost:8002, qlen: 28.0
Worker: http://localhost:8002, Tokens: 484250.0
Selected worker: http://localhost:8002
INFO:     127.0.0.1:49970 - "POST /v1/completions HTTP/1.1" 200 OK
INFO:     127.0.0.1:49976 - "POST /v1/completions HTTP/1.1" 200 OK
Worker: http://localhost:8001, Running: 31.0, Waiting: 0.0
Worker: http://localhost:8001, qlen: 31.0
Worker: http://localhost:8001, Tokens: 475355.0
Worker: http://localhost:8002, Running: 28.0, Waiting: 0.0
Worker: http://localhost:8002, qlen: 28.0
Worker: http://localhost:8002, Tokens: 485507.0
Selected worker: http://localhost:8002
INFO:     127.0.0.1:49978 - "POST /v1/completions HTTP/1.1" 200 OK
Worker: http://localhost:8001, Running: 31.0, Waiting: 0.0
Worker: http://localhost:8001, qlen: 31.0
Worker: http://localhost:8001, Tokens: 475355.0
Worker: http://localhost:8002, Running: 28.0, Waiting: 0.0
Worker: http://localhost:8002, qlen: 28.0
Worker: http://localhost:8002, Tokens: 485780.0
Selected worker: http://localhost:8002
INFO:     127.0.0.1:49994 - "POST /v1/completions HTTP/1.1" 200 OK
Worker: http://localhost:8001, Running: 31.0, Waiting: 0.0
Worker: http://localhost:8001, qlen: 31.0
Worker: http://localhost:8001, Tokens: 473283.0
Worker: http://localhost:8002, Running: 28.0, Waiting: 0.0
Worker: http://localhost:8002, qlen: 28.0
Worker: http://localhost:8002, Tokens: 486046.0
Selected worker: http://localhost:8002
INFO:     127.0.0.1:50002 - "POST /v1/completions HTTP/1.1" 200 OK
Worker: http://localhost:8001, Running: 28.0, Waiting: 0.0
Worker: http://localhost:8001, qlen: 28.0
Worker: http://localhost:8001, Tokens: 478738.0
Worker: http://localhost:8002, Running: 36.0, Waiting: 0.0
Worker: http://localhost:8002, qlen: 36.0
Worker: http://localhost:8002, Tokens: 491705.0
Selected worker: http://localhost:8001
INFO:     127.0.0.1:50006 - "POST /v1/completions HTTP/1.1" 200 OK
Worker: http://localhost:8001, Running: 29.0, Waiting: 0.0
Worker: http://localhost:8001, qlen: 29.0
Worker: http://localhost:8001, Tokens: 479061.0
Worker: http://localhost:8002, Running: 34.0, Waiting: 0.0
Worker: http://localhost:8002, qlen: 34.0
Worker: http://localhost:8002, Tokens: 492330.0
Selected worker: http://localhost:8001
INFO:     127.0.0.1:50018 - "POST /v1/completions HTTP/1.1" 200 OK
Worker: http://localhost:8001, Running: 28.0, Waiting: 0.0
Worker: http://localhost:8001, qlen: 28.0
Worker: http://localhost:8001, Tokens: 479413.0
Worker: http://localhost:8002, Running: 34.0, Waiting: 0.0
Worker: http://localhost:8002, qlen: 34.0
Worker: http://localhost:8002, Tokens: 492568.0
Selected worker: http://localhost:8001
INFO:     127.0.0.1:50030 - "POST /v1/completions HTTP/1.1" 200 OK
Worker: http://localhost:8001, Running: 28.0, Waiting: 0.0
Worker: http://localhost:8001, qlen: 28.0
Worker: http://localhost:8001, Tokens: 479670.0
Worker: http://localhost:8002, Running: 34.0, Waiting: 0.0
Worker: http://localhost:8002, qlen: 34.0
Worker: http://localhost:8002, Tokens: 492568.0
Selected worker: http://localhost:8001
INFO:     127.0.0.1:50042 - "POST /v1/completions HTTP/1.1" 200 OK
Worker: http://localhost:8001, Running: 28.0, Waiting: 0.0
Worker: http://localhost:8001, qlen: 28.0
Worker: http://localhost:8001, Tokens: 479581.0
Worker: http://localhost:8002, Running: 34.0, Waiting: 0.0
Worker: http://localhost:8002, qlen: 34.0
Worker: http://localhost:8002, Tokens: 492496.0
Selected worker: http://localhost:8001
INFO:     127.0.0.1:50044 - "POST /v1/completions HTTP/1.1" 200 OK
Worker: http://localhost:8001, Running: 31.0, Waiting: 0.0
Worker: http://localhost:8001, qlen: 31.0
Worker: http://localhost:8001, Tokens: 481240.0
Worker: http://localhost:8002, Running: 33.0, Waiting: 0.0
Worker: http://localhost:8002, qlen: 33.0
Worker: http://localhost:8002, Tokens: 493902.0
Selected worker: http://localhost:8001
Worker: http://localhost:8001, Running: 31.0, Waiting: 0.0
Worker: http://localhost:8001, qlen: 31.0
Worker: http://localhost:8001, Tokens: 481518.0
Worker: http://localhost:8002, Running: 33.0, Waiting: 0.0
Worker: http://localhost:8002, qlen: 33.0
Worker: http://localhost:8002, Tokens: 493902.0
Selected worker: http://localhost:8001
INFO:     127.0.0.1:50046 - "POST /v1/completions HTTP/1.1" 200 OK
INFO:     127.0.0.1:50060 - "POST /v1/completions HTTP/1.1" 200 OK
Worker: http://localhost:8001, Running: 31.0, Waiting: 0.0
Worker: http://localhost:8001, qlen: 31.0
Worker: http://localhost:8001, Tokens: 481333.0
Worker: http://localhost:8002, Running: 33.0, Waiting: 0.0
Worker: http://localhost:8002, qlen: 33.0
Worker: http://localhost:8002, Tokens: 493098.0
Selected worker: http://localhost:8001
INFO:     127.0.0.1:50074 - "POST /v1/completions HTTP/1.1" 200 OK
Worker: http://localhost:8001, Running: 31.0, Waiting: 0.0
Worker: http://localhost:8001, qlen: 31.0
Worker: http://localhost:8001, Tokens: 481608.0
Worker: http://localhost:8002, Running: 33.0, Waiting: 0.0
Worker: http://localhost:8002, qlen: 33.0
Worker: http://localhost:8002, Tokens: 493098.0
Selected worker: http://localhost:8001
INFO:     127.0.0.1:50088 - "POST /v1/completions HTTP/1.1" 200 OK
Worker: http://localhost:8001, Running: 31.0, Waiting: 0.0
Worker: http://localhost:8001, qlen: 31.0
Worker: http://localhost:8001, Tokens: 481877.0
Worker: http://localhost:8002, Running: 33.0, Waiting: 0.0
Worker: http://localhost:8002, qlen: 33.0
Worker: http://localhost:8002, Tokens: 493098.0
Selected worker: http://localhost:8001
INFO:     127.0.0.1:50096 - "POST /v1/completions HTTP/1.1" 200 OK
Worker: http://localhost:8001, Running: 36.0, Waiting: 0.0
Worker: http://localhost:8001, qlen: 36.0
Worker: http://localhost:8001, Tokens: 478106.0
Worker: http://localhost:8002, Running: 28.0, Waiting: 0.0
Worker: http://localhost:8002, qlen: 28.0
Worker: http://localhost:8002, Tokens: 494884.0
Selected worker: http://localhost:8002
Worker: http://localhost:8001, Running: 36.0, Waiting: 0.0
Worker: http://localhost:8001, qlen: 36.0
Worker: http://localhost:8001, Tokens: 478106.0
Worker: http://localhost:8002, Running: 28.0, Waiting: 0.0
Worker: http://localhost:8002, qlen: 28.0
Worker: http://localhost:8002, Tokens: 495170.0
Selected worker: http://localhost:8002
INFO:     127.0.0.1:50098 - "POST /v1/completions HTTP/1.1" 200 OK
INFO:     127.0.0.1:50104 - "POST /v1/completions HTTP/1.1" 200 OK
Worker: http://localhost:8001, Running: 36.0, Waiting: 0.0
Worker: http://localhost:8001, qlen: 36.0
Worker: http://localhost:8001, Tokens: 478106.0
Worker: http://localhost:8002, Running: 28.0, Waiting: 0.0
Worker: http://localhost:8002, qlen: 28.0
Worker: http://localhost:8002, Tokens: 493410.0
Selected worker: http://localhost:8002
INFO:     127.0.0.1:50116 - "POST /v1/completions HTTP/1.1" 200 OK
Worker: http://localhost:8001, Running: 34.0, Waiting: 0.0
Worker: http://localhost:8001, qlen: 34.0
Worker: http://localhost:8001, Tokens: 483270.0
Worker: http://localhost:8002, Running: 30.0, Waiting: 0.0
Worker: http://localhost:8002, qlen: 30.0
Worker: http://localhost:8002, Tokens: 495246.0
Selected worker: http://localhost:8002
INFO:     127.0.0.1:50124 - "POST /v1/completions HTTP/1.1" 200 OK
Worker: http://localhost:8001, Running: 33.0, Waiting: 0.0
Worker: http://localhost:8001, qlen: 33.0
Worker: http://localhost:8001, Tokens: 483550.0
Worker: http://localhost:8002, Running: 31.0, Waiting: 0.0
Worker: http://localhost:8002, qlen: 31.0
Worker: http://localhost:8002, Tokens: 495464.0
Selected worker: http://localhost:8002
INFO:     127.0.0.1:50136 - "POST /v1/completions HTTP/1.1" 200 OK
Worker: http://localhost:8001, Running: 32.0, Waiting: 0.0
Worker: http://localhost:8001, qlen: 32.0
Worker: http://localhost:8001, Tokens: 483663.0
Worker: http://localhost:8002, Running: 32.0, Waiting: 0.0
Worker: http://localhost:8002, qlen: 32.0
Worker: http://localhost:8002, Tokens: 495689.0
Selected worker: http://localhost:8001
Worker: http://localhost:8001, Running: 32.0, Waiting: 0.0
Worker: http://localhost:8001, qlen: 32.0
Worker: http://localhost:8001, Tokens: 483922.0
Worker: http://localhost:8002, Running: 32.0, Waiting: 0.0
Worker: http://localhost:8002, qlen: 32.0
Worker: http://localhost:8002, Tokens: 495689.0
Selected worker: http://localhost:8001
INFO:     127.0.0.1:50146 - "POST /v1/completions HTTP/1.1" 200 OK
INFO:     127.0.0.1:50158 - "POST /v1/completions HTTP/1.1" 200 OK
Worker: http://localhost:8001, Running: 30.0, Waiting: 0.0
Worker: http://localhost:8001, qlen: 30.0
Worker: http://localhost:8001, Tokens: 484084.0
Worker: http://localhost:8002, Running: 32.0, Waiting: 0.0
Worker: http://localhost:8002, qlen: 32.0
Worker: http://localhost:8002, Tokens: 495785.0
Selected worker: http://localhost:8001
INFO:     127.0.0.1:50168 - "POST /v1/completions HTTP/1.1" 200 OK
Worker: http://localhost:8001, Running: 30.0, Waiting: 0.0
Worker: http://localhost:8001, qlen: 30.0
Worker: http://localhost:8001, Tokens: 484388.0
Worker: http://localhost:8002, Running: 32.0, Waiting: 0.0
Worker: http://localhost:8002, qlen: 32.0
Worker: http://localhost:8002, Tokens: 493071.0
Selected worker: http://localhost:8001
INFO:     127.0.0.1:50184 - "POST /v1/completions HTTP/1.1" 200 OK
Worker: http://localhost:8001, Running: 33.0, Waiting: 0.0
Worker: http://localhost:8001, qlen: 33.0
Worker: http://localhost:8001, Tokens: 484927.0
Worker: http://localhost:8002, Running: 31.0, Waiting: 0.0
Worker: http://localhost:8002, qlen: 31.0
Worker: http://localhost:8002, Tokens: 497559.0
Selected worker: http://localhost:8002
INFO:     127.0.0.1:50192 - "POST /v1/completions HTTP/1.1" 200 OK
Worker: http://localhost:8001, Running: 32.0, Waiting: 0.0
Worker: http://localhost:8001, qlen: 32.0
Worker: http://localhost:8001, Tokens: 485219.0
Worker: http://localhost:8002, Running: 31.0, Waiting: 0.0
Worker: http://localhost:8002, qlen: 31.0
Worker: http://localhost:8002, Tokens: 497714.0
Selected worker: http://localhost:8002
INFO:     127.0.0.1:50202 - "POST /v1/completions HTTP/1.1" 200 OK
Worker: http://localhost:8001, Running: 32.0, Waiting: 0.0
Worker: http://localhost:8001, qlen: 32.0
Worker: http://localhost:8001, Tokens: 485219.0
Worker: http://localhost:8002, Running: 31.0, Waiting: 0.0
Worker: http://localhost:8002, qlen: 31.0
Worker: http://localhost:8002, Tokens: 499504.0
Selected worker: http://localhost:8002
INFO:     127.0.0.1:50216 - "POST /v1/completions HTTP/1.1" 200 OK
Worker: http://localhost:8001, Running: 32.0, Waiting: 0.0
Worker: http://localhost:8001, qlen: 32.0
Worker: http://localhost:8001, Tokens: 485219.0
Worker: http://localhost:8002, Running: 31.0, Waiting: 0.0
Worker: http://localhost:8002, qlen: 31.0
Worker: http://localhost:8002, Tokens: 499783.0
Selected worker: http://localhost:8002
INFO:     127.0.0.1:50232 - "POST /v1/completions HTTP/1.1" 200 OK
Worker: http://localhost:8001, Running: 28.0, Waiting: 0.0
Worker: http://localhost:8001, qlen: 28.0
Worker: http://localhost:8001, Tokens: 486489.0
Worker: http://localhost:8002, Running: 31.0, Waiting: 0.0
Worker: http://localhost:8002, qlen: 31.0
Worker: http://localhost:8002, Tokens: 502875.0
Selected worker: http://localhost:8001
INFO:     127.0.0.1:50236 - "POST /v1/completions HTTP/1.1" 200 OK
Worker: http://localhost:8001, Running: 28.0, Waiting: 0.0
Worker: http://localhost:8001, qlen: 28.0
Worker: http://localhost:8001, Tokens: 486967.0
Worker: http://localhost:8002, Running: 31.0, Waiting: 0.0
Worker: http://localhost:8002, qlen: 31.0
Worker: http://localhost:8002, Tokens: 502875.0
Selected worker: http://localhost:8001
INFO:     127.0.0.1:50244 - "POST /v1/completions HTTP/1.1" 200 OK
Worker: http://localhost:8001, Running: 29.0, Waiting: 0.0
Worker: http://localhost:8001, qlen: 29.0
Worker: http://localhost:8001, Tokens: 489613.0
Worker: http://localhost:8002, Running: 35.0, Waiting: 0.0
Worker: http://localhost:8002, qlen: 35.0
Worker: http://localhost:8002, Tokens: 501934.0
Selected worker: http://localhost:8001
Worker: http://localhost:8001, Running: 29.0, Waiting: 0.0
Worker: http://localhost:8001, qlen: 29.0
Worker: http://localhost:8001, Tokens: 489875.0
Worker: http://localhost:8002, Running: 35.0, Waiting: 0.0
Worker: http://localhost:8002, qlen: 35.0
Worker: http://localhost:8002, Tokens: 501934.0
Selected worker: http://localhost:8001
INFO:     127.0.0.1:50254 - "POST /v1/completions HTTP/1.1" 200 OK
INFO:     127.0.0.1:50256 - "POST /v1/completions HTTP/1.1" 200 OK
Worker: http://localhost:8001, Running: 29.0, Waiting: 0.0
Worker: http://localhost:8001, qlen: 29.0
Worker: http://localhost:8001, Tokens: 490170.0
Worker: http://localhost:8002, Running: 33.0, Waiting: 0.0
Worker: http://localhost:8002, qlen: 33.0
Worker: http://localhost:8002, Tokens: 502318.0
Selected worker: http://localhost:8001
INFO:     127.0.0.1:50264 - "POST /v1/completions HTTP/1.1" 200 OK
Worker: http://localhost:8001, Running: 32.0, Waiting: 0.0
Worker: http://localhost:8001, qlen: 32.0
Worker: http://localhost:8001, Tokens: 490036.0
Worker: http://localhost:8002, Running: 32.0, Waiting: 0.0
Worker: http://localhost:8002, qlen: 32.0
Worker: http://localhost:8002, Tokens: 502549.0
Selected worker: http://localhost:8001
INFO:     127.0.0.1:50278 - "POST /v1/completions HTTP/1.1" 200 OK
Worker: http://localhost:8001, Running: 32.0, Waiting: 0.0
Worker: http://localhost:8001, qlen: 32.0
Worker: http://localhost:8001, Tokens: 489770.0
Worker: http://localhost:8002, Running: 31.0, Waiting: 0.0
Worker: http://localhost:8002, qlen: 31.0
Worker: http://localhost:8002, Tokens: 500881.0
Selected worker: http://localhost:8002
INFO:     127.0.0.1:50288 - "POST /v1/completions HTTP/1.1" 200 OK
Worker: http://localhost:8001, Running: 32.0, Waiting: 0.0
Worker: http://localhost:8001, qlen: 32.0
Worker: http://localhost:8001, Tokens: 489770.0
Worker: http://localhost:8002, Running: 31.0, Waiting: 0.0
Worker: http://localhost:8002, qlen: 31.0
Worker: http://localhost:8002, Tokens: 502447.0
Selected worker: http://localhost:8002
Worker: http://localhost:8001, Running: 32.0, Waiting: 0.0
Worker: http://localhost:8001, qlen: 32.0
Worker: http://localhost:8001, Tokens: 489770.0
Worker: http://localhost:8002, Running: 31.0, Waiting: 0.0
Worker: http://localhost:8002, qlen: 31.0
Worker: http://localhost:8002, Tokens: 502706.0
Selected worker: http://localhost:8002
INFO:     127.0.0.1:50290 - "POST /v1/completions HTTP/1.1" 200 OK
INFO:     127.0.0.1:50302 - "POST /v1/completions HTTP/1.1" 200 OK
Worker: http://localhost:8001, Running: 30.0, Waiting: 0.0
Worker: http://localhost:8001, qlen: 30.0
Worker: http://localhost:8001, Tokens: 489628.0
Worker: http://localhost:8002, Running: 31.0, Waiting: 0.0
Worker: http://localhost:8002, qlen: 31.0
Worker: http://localhost:8002, Tokens: 502707.0
Selected worker: http://localhost:8001
Worker: http://localhost:8001, Running: 30.0, Waiting: 0.0
Worker: http://localhost:8001, qlen: 30.0
Worker: http://localhost:8001, Tokens: 489891.0
Worker: http://localhost:8002, Running: 31.0, Waiting: 0.0
Worker: http://localhost:8002, qlen: 31.0
Worker: http://localhost:8002, Tokens: 502707.0
Selected worker: http://localhost:8001
Worker: http://localhost:8001, Running: 30.0, Waiting: 0.0
Worker: http://localhost:8001, qlen: 30.0
Worker: http://localhost:8001, Tokens: 490153.0
Worker: http://localhost:8002, Running: 31.0, Waiting: 0.0
Worker: http://localhost:8002, qlen: 31.0
Worker: http://localhost:8002, Tokens: 502707.0
Selected worker: http://localhost:8001
INFO:     127.0.0.1:50308 - "POST /v1/completions HTTP/1.1" 200 OK
INFO:     127.0.0.1:50320 - "POST /v1/completions HTTP/1.1" 200 OK
INFO:     127.0.0.1:50334 - "POST /v1/completions HTTP/1.1" 200 OK
Worker: http://localhost:8001, Running: 32.0, Waiting: 0.0
Worker: http://localhost:8001, qlen: 32.0
Worker: http://localhost:8001, Tokens: 492159.0
Worker: http://localhost:8002, Running: 32.0, Waiting: 0.0
Worker: http://localhost:8002, qlen: 32.0
Worker: http://localhost:8002, Tokens: 506652.0
Selected worker: http://localhost:8002
INFO:     127.0.0.1:58312 - "POST /v1/completions HTTP/1.1" 200 OK
Worker: http://localhost:8001, Running: 31.0, Waiting: 0.0
Worker: http://localhost:8001, qlen: 31.0
Worker: http://localhost:8001, Tokens: 492816.0
Worker: http://localhost:8002, Running: 33.0, Waiting: 0.0
Worker: http://localhost:8002, qlen: 33.0
Worker: http://localhost:8002, Tokens: 506697.0
Selected worker: http://localhost:8001
INFO:     127.0.0.1:58326 - "POST /v1/completions HTTP/1.1" 200 OK
Worker: http://localhost:8001, Running: 31.0, Waiting: 0.0
Worker: http://localhost:8001, qlen: 31.0
Worker: http://localhost:8001, Tokens: 491685.0
Worker: http://localhost:8002, Running: 32.0, Waiting: 0.0
Worker: http://localhost:8002, qlen: 32.0
Worker: http://localhost:8002, Tokens: 501856.0
Selected worker: http://localhost:8001
INFO:     127.0.0.1:58336 - "POST /v1/completions HTTP/1.1" 200 OK
Worker: http://localhost:8001, Running: 31.0, Waiting: 0.0
Worker: http://localhost:8001, qlen: 31.0
Worker: http://localhost:8001, Tokens: 491951.0
Worker: http://localhost:8002, Running: 32.0, Waiting: 0.0
Worker: http://localhost:8002, qlen: 32.0
Worker: http://localhost:8002, Tokens: 501856.0
Selected worker: http://localhost:8001
INFO:     127.0.0.1:58346 - "POST /v1/completions HTTP/1.1" 200 OK
Worker: http://localhost:8001, Running: 30.0, Waiting: 0.0
Worker: http://localhost:8001, qlen: 30.0
Worker: http://localhost:8001, Tokens: 493091.0
Worker: http://localhost:8002, Running: 32.0, Waiting: 0.0
Worker: http://localhost:8002, qlen: 32.0
Worker: http://localhost:8002, Tokens: 501577.0
Selected worker: http://localhost:8001
INFO:     127.0.0.1:58358 - "POST /v1/completions HTTP/1.1" 200 OK
Worker: http://localhost:8001, Running: 30.0, Waiting: 0.0
Worker: http://localhost:8001, qlen: 30.0
Worker: http://localhost:8001, Tokens: 492550.0
Worker: http://localhost:8002, Running: 30.0, Waiting: 0.0
Worker: http://localhost:8002, qlen: 30.0
Worker: http://localhost:8002, Tokens: 507334.0
Selected worker: http://localhost:8001
INFO:     127.0.0.1:58368 - "POST /v1/completions HTTP/1.1" 200 OK
Worker: http://localhost:8001, Running: 30.0, Waiting: 0.0
Worker: http://localhost:8001, qlen: 30.0
Worker: http://localhost:8001, Tokens: 492815.0
Worker: http://localhost:8002, Running: 30.0, Waiting: 0.0
Worker: http://localhost:8002, qlen: 30.0
Worker: http://localhost:8002, Tokens: 507334.0
Selected worker: http://localhost:8001
INFO:     127.0.0.1:58376 - "POST /v1/completions HTTP/1.1" 200 OK
Worker: http://localhost:8001, Running: 30.0, Waiting: 0.0
Worker: http://localhost:8001, qlen: 30.0
Worker: http://localhost:8001, Tokens: 493109.0
Worker: http://localhost:8002, Running: 30.0, Waiting: 0.0
Worker: http://localhost:8002, qlen: 30.0
Worker: http://localhost:8002, Tokens: 507334.0
Selected worker: http://localhost:8002
INFO:     127.0.0.1:58386 - "POST /v1/completions HTTP/1.1" 200 OK
Worker: http://localhost:8001, Running: 30.0, Waiting: 0.0
Worker: http://localhost:8001, qlen: 30.0
Worker: http://localhost:8001, Tokens: 493132.0
Worker: http://localhost:8002, Running: 30.0, Waiting: 0.0
Worker: http://localhost:8002, qlen: 30.0
Worker: http://localhost:8002, Tokens: 507604.0
Selected worker: http://localhost:8002
INFO:     127.0.0.1:58392 - "POST /v1/completions HTTP/1.1" 200 OK
Worker: http://localhost:8001, Running: 32.0, Waiting: 0.0
Worker: http://localhost:8001, qlen: 32.0
Worker: http://localhost:8001, Tokens: 493045.0
Worker: http://localhost:8002, Running: 32.0, Waiting: 0.0
Worker: http://localhost:8002, qlen: 32.0
Worker: http://localhost:8002, Tokens: 507915.0
Selected worker: http://localhost:8001
Worker: http://localhost:8001, Running: 32.0, Waiting: 0.0
Worker: http://localhost:8001, qlen: 32.0
Worker: http://localhost:8001, Tokens: 493314.0
Worker: http://localhost:8002, Running: 32.0, Waiting: 0.0
Worker: http://localhost:8002, qlen: 32.0
Worker: http://localhost:8002, Tokens: 507915.0
Selected worker: http://localhost:8002
Worker: http://localhost:8001, Running: 32.0, Waiting: 0.0
Worker: http://localhost:8001, qlen: 32.0
Worker: http://localhost:8001, Tokens: 493314.0
Worker: http://localhost:8002, Running: 32.0, Waiting: 0.0
Worker: http://localhost:8002, qlen: 32.0
Worker: http://localhost:8002, Tokens: 511120.0
Selected worker: http://localhost:8002
INFO:     127.0.0.1:58394 - "POST /v1/completions HTTP/1.1" 200 OK
INFO:     127.0.0.1:58410 - "POST /v1/completions HTTP/1.1" 200 OK
INFO:     127.0.0.1:58422 - "POST /v1/completions HTTP/1.1" 200 OK
Worker: http://localhost:8001, Running: 29.0, Waiting: 0.0
Worker: http://localhost:8001, qlen: 29.0
Worker: http://localhost:8001, Tokens: 492391.0
Worker: http://localhost:8002, Running: 32.0, Waiting: 0.0
Worker: http://localhost:8002, qlen: 32.0
Worker: http://localhost:8002, Tokens: 511395.0
Selected worker: http://localhost:8001
INFO:     127.0.0.1:58432 - "POST /v1/completions HTTP/1.1" 200 OK
Worker: http://localhost:8001, Running: 29.0, Waiting: 0.0
Worker: http://localhost:8001, qlen: 29.0
Worker: http://localhost:8001, Tokens: 493984.0
Worker: http://localhost:8002, Running: 32.0, Waiting: 0.0
Worker: http://localhost:8002, qlen: 32.0
Worker: http://localhost:8002, Tokens: 507681.0
Selected worker: http://localhost:8001
INFO:     127.0.0.1:58438 - "POST /v1/completions HTTP/1.1" 200 OK
