/home/jrxing/rayLearning/python/throught_aware_router_demo/router.py:290: DeprecationWarning: 
        on_event is deprecated, use lifespan event handlers instead.

        Read more about it in the
        [FastAPI docs for Lifespan Events](https://fastapi.tiangolo.com/advanced/events/).
        
  @app.on_event("shutdown")
/home/jrxing/rayLearning/python/throught_aware_router_demo/router.py:309: DeprecationWarning: 
        on_event is deprecated, use lifespan event handlers instead.

        Read more about it in the
        [FastAPI docs for Lifespan Events](https://fastapi.tiangolo.com/advanced/events/).
        
  @app.on_event("startup")
INFO:     Started server process [8102]
INFO:     Waiting for application startup.
INFO:     Application startup complete.
INFO:     Uvicorn running on http://0.0.0.0:8000 (Press CTRL+C to quit)
Initialized with strategy: pow_2
Worker: http://localhost:8001, Running: 0.0, Waiting: 0.0
Worker: http://localhost:8001, qlen: 0.0
Worker: http://localhost:8001, Tokens: 0.0
Worker: http://localhost:8002, Running: 0.0, Waiting: 0.0
Worker: http://localhost:8002, qlen: 0.0
Worker: http://localhost:8002, Tokens: 0.0
Selected worker: http://localhost:8001
INFO:     127.0.0.1:33280 - "GET /v1/models HTTP/1.1" 200 OK
Worker: http://localhost:8001, Running: 0.0, Waiting: 0.0
Worker: http://localhost:8001, qlen: 0.0
Worker: http://localhost:8001, Tokens: 0.0
Worker: http://localhost:8002, Running: 0.0, Waiting: 0.0
Worker: http://localhost:8002, qlen: 0.0
Worker: http://localhost:8002, Tokens: 0.0
Selected worker: http://localhost:8002
INFO:     127.0.0.1:54126 - "POST /v1/completions HTTP/1.1" 200 OK
Worker: http://localhost:8001, Running: 0.0, Waiting: 0.0
Worker: http://localhost:8001, qlen: 0.0
Worker: http://localhost:8001, Tokens: 0.0
Worker: http://localhost:8002, Running: 0.0, Waiting: 0.0
Worker: http://localhost:8002, qlen: 0.0
Worker: http://localhost:8002, Tokens: 121.0
Selected worker: http://localhost:8002
Worker: http://localhost:8001, Running: 0.0, Waiting: 0.0
Worker: http://localhost:8001, qlen: 0.0
Worker: http://localhost:8001, Tokens: 0.0
Worker: http://localhost:8002, Running: 0.0, Waiting: 0.0
Worker: http://localhost:8002, qlen: 0.0
Worker: http://localhost:8002, Tokens: 394.0
Selected worker: http://localhost:8001
Worker: http://localhost:8001, Running: 0.0, Waiting: 0.0
Worker: http://localhost:8001, qlen: 0.0
Worker: http://localhost:8001, Tokens: 259.0
Worker: http://localhost:8002, Running: 0.0, Waiting: 0.0
Worker: http://localhost:8002, qlen: 0.0
Worker: http://localhost:8002, Tokens: 394.0
Selected worker: http://localhost:8001
Worker: http://localhost:8001, Running: 0.0, Waiting: 0.0
Worker: http://localhost:8001, qlen: 0.0
Worker: http://localhost:8001, Tokens: 527.0
Worker: http://localhost:8002, Running: 0.0, Waiting: 0.0
Worker: http://localhost:8002, qlen: 0.0
Worker: http://localhost:8002, Tokens: 394.0
Selected worker: http://localhost:8001
Worker: http://localhost:8001, Running: 0.0, Waiting: 0.0
Worker: http://localhost:8001, qlen: 0.0
Worker: http://localhost:8001, Tokens: 790.0
Worker: http://localhost:8002, Running: 0.0, Waiting: 0.0
Worker: http://localhost:8002, qlen: 0.0
Worker: http://localhost:8002, Tokens: 394.0
Selected worker: http://localhost:8002
Worker: http://localhost:8001, Running: 0.0, Waiting: 0.0
Worker: http://localhost:8001, qlen: 0.0
Worker: http://localhost:8001, Tokens: 790.0
Worker: http://localhost:8002, Running: 0.0, Waiting: 0.0
Worker: http://localhost:8002, qlen: 0.0
Worker: http://localhost:8002, Tokens: 675.0
Selected worker: http://localhost:8001
Worker: http://localhost:8001, Running: 0.0, Waiting: 0.0
Worker: http://localhost:8001, qlen: 0.0
Worker: http://localhost:8001, Tokens: 1069.0
Worker: http://localhost:8002, Running: 0.0, Waiting: 0.0
Worker: http://localhost:8002, qlen: 0.0
Worker: http://localhost:8002, Tokens: 675.0
Selected worker: http://localhost:8002
Worker: http://localhost:8001, Running: 0.0, Waiting: 0.0
Worker: http://localhost:8001, qlen: 0.0
Worker: http://localhost:8001, Tokens: 1069.0
Worker: http://localhost:8002, Running: 0.0, Waiting: 0.0
Worker: http://localhost:8002, qlen: 0.0
Worker: http://localhost:8002, Tokens: 941.0
Selected worker: http://localhost:8002
Worker: http://localhost:8001, Running: 0.0, Waiting: 0.0
Worker: http://localhost:8001, qlen: 0.0
Worker: http://localhost:8001, Tokens: 1069.0
Worker: http://localhost:8002, Running: 0.0, Waiting: 0.0
Worker: http://localhost:8002, qlen: 0.0
Worker: http://localhost:8002, Tokens: 1203.0
Selected worker: http://localhost:8002
Worker: http://localhost:8001, Running: 0.0, Waiting: 0.0
Worker: http://localhost:8001, qlen: 0.0
Worker: http://localhost:8001, Tokens: 1069.0
Worker: http://localhost:8002, Running: 0.0, Waiting: 0.0
Worker: http://localhost:8002, qlen: 0.0
Worker: http://localhost:8002, Tokens: 1494.0
Selected worker: http://localhost:8001
Worker: http://localhost:8001, Running: 0.0, Waiting: 0.0
Worker: http://localhost:8001, qlen: 0.0
Worker: http://localhost:8001, Tokens: 1336.0
Worker: http://localhost:8002, Running: 0.0, Waiting: 0.0
Worker: http://localhost:8002, qlen: 0.0
Worker: http://localhost:8002, Tokens: 1494.0
Selected worker: http://localhost:8002
Worker: http://localhost:8001, Running: 0.0, Waiting: 0.0
Worker: http://localhost:8001, qlen: 0.0
Worker: http://localhost:8001, Tokens: 1336.0
Worker: http://localhost:8002, Running: 0.0, Waiting: 0.0
Worker: http://localhost:8002, qlen: 0.0
Worker: http://localhost:8002, Tokens: 1759.0
Selected worker: http://localhost:8001
Worker: http://localhost:8001, Running: 0.0, Waiting: 0.0
Worker: http://localhost:8001, qlen: 0.0
Worker: http://localhost:8001, Tokens: 1615.0
Worker: http://localhost:8002, Running: 0.0, Waiting: 0.0
Worker: http://localhost:8002, qlen: 0.0
Worker: http://localhost:8002, Tokens: 1759.0
Selected worker: http://localhost:8001
Worker: http://localhost:8001, Running: 0.0, Waiting: 0.0
Worker: http://localhost:8001, qlen: 0.0
Worker: http://localhost:8001, Tokens: 3094.0
Worker: http://localhost:8002, Running: 0.0, Waiting: 0.0
Worker: http://localhost:8002, qlen: 0.0
Worker: http://localhost:8002, Tokens: 1759.0
Selected worker: http://localhost:8001
Worker: http://localhost:8001, Running: 0.0, Waiting: 0.0
Worker: http://localhost:8001, qlen: 0.0
Worker: http://localhost:8001, Tokens: 3368.0
Worker: http://localhost:8002, Running: 0.0, Waiting: 0.0
Worker: http://localhost:8002, qlen: 0.0
Worker: http://localhost:8002, Tokens: 1759.0
Selected worker: http://localhost:8002
Worker: http://localhost:8001, Running: 0.0, Waiting: 0.0
Worker: http://localhost:8001, qlen: 0.0
Worker: http://localhost:8001, Tokens: 3368.0
Worker: http://localhost:8002, Running: 0.0, Waiting: 0.0
Worker: http://localhost:8002, qlen: 0.0
Worker: http://localhost:8002, Tokens: 2046.0
Selected worker: http://localhost:8002
Worker: http://localhost:8001, Running: 0.0, Waiting: 0.0
Worker: http://localhost:8001, qlen: 0.0
Worker: http://localhost:8001, Tokens: 3368.0
Worker: http://localhost:8002, Running: 0.0, Waiting: 0.0
Worker: http://localhost:8002, qlen: 0.0
Worker: http://localhost:8002, Tokens: 2339.0
Selected worker: http://localhost:8001
Worker: http://localhost:8001, Running: 0.0, Waiting: 0.0
Worker: http://localhost:8001, qlen: 0.0
Worker: http://localhost:8001, Tokens: 3657.0
Worker: http://localhost:8002, Running: 0.0, Waiting: 0.0
Worker: http://localhost:8002, qlen: 0.0
Worker: http://localhost:8002, Tokens: 2339.0
Selected worker: http://localhost:8001
Worker: http://localhost:8001, Running: 0.0, Waiting: 0.0
Worker: http://localhost:8001, qlen: 0.0
Worker: http://localhost:8001, Tokens: 3935.0
Worker: http://localhost:8002, Running: 0.0, Waiting: 0.0
Worker: http://localhost:8002, qlen: 0.0
Worker: http://localhost:8002, Tokens: 2339.0
Selected worker: http://localhost:8002
Worker: http://localhost:8001, Running: 0.0, Waiting: 0.0
Worker: http://localhost:8001, qlen: 0.0
Worker: http://localhost:8001, Tokens: 3935.0
Worker: http://localhost:8002, Running: 0.0, Waiting: 0.0
Worker: http://localhost:8002, qlen: 0.0
Worker: http://localhost:8002, Tokens: 2631.0
Selected worker: http://localhost:8002
Worker: http://localhost:8001, Running: 0.0, Waiting: 0.0
Worker: http://localhost:8001, qlen: 0.0
Worker: http://localhost:8001, Tokens: 3935.0
Worker: http://localhost:8002, Running: 0.0, Waiting: 0.0
Worker: http://localhost:8002, qlen: 0.0
Worker: http://localhost:8002, Tokens: 2904.0
Selected worker: http://localhost:8002
Worker: http://localhost:8001, Running: 0.0, Waiting: 0.0
Worker: http://localhost:8001, qlen: 0.0
Worker: http://localhost:8001, Tokens: 3935.0
Worker: http://localhost:8002, Running: 0.0, Waiting: 0.0
Worker: http://localhost:8002, qlen: 0.0
Worker: http://localhost:8002, Tokens: 3185.0
Selected worker: http://localhost:8001
Worker: http://localhost:8001, Running: 0.0, Waiting: 0.0
Worker: http://localhost:8001, qlen: 0.0
Worker: http://localhost:8001, Tokens: 5637.0
Worker: http://localhost:8002, Running: 0.0, Waiting: 0.0
Worker: http://localhost:8002, qlen: 0.0
Worker: http://localhost:8002, Tokens: 3185.0
Selected worker: http://localhost:8002
Worker: http://localhost:8001, Running: 0.0, Waiting: 0.0
Worker: http://localhost:8001, qlen: 0.0
Worker: http://localhost:8001, Tokens: 5637.0
Worker: http://localhost:8002, Running: 0.0, Waiting: 0.0
Worker: http://localhost:8002, qlen: 0.0
Worker: http://localhost:8002, Tokens: 3469.0
Selected worker: http://localhost:8001
Worker: http://localhost:8001, Running: 0.0, Waiting: 0.0
Worker: http://localhost:8001, qlen: 0.0
Worker: http://localhost:8001, Tokens: 5903.0
Worker: http://localhost:8002, Running: 0.0, Waiting: 0.0
Worker: http://localhost:8002, qlen: 0.0
Worker: http://localhost:8002, Tokens: 3469.0
Selected worker: http://localhost:8002
Worker: http://localhost:8001, Running: 0.0, Waiting: 0.0
Worker: http://localhost:8001, qlen: 0.0
Worker: http://localhost:8001, Tokens: 5903.0
Worker: http://localhost:8002, Running: 0.0, Waiting: 0.0
Worker: http://localhost:8002, qlen: 0.0
Worker: http://localhost:8002, Tokens: 3771.0
Selected worker: http://localhost:8001
Worker: http://localhost:8001, Running: 0.0, Waiting: 0.0
Worker: http://localhost:8001, qlen: 0.0
Worker: http://localhost:8001, Tokens: 6183.0
Worker: http://localhost:8002, Running: 0.0, Waiting: 0.0
Worker: http://localhost:8002, qlen: 0.0
Worker: http://localhost:8002, Tokens: 3771.0
Selected worker: http://localhost:8002
Worker: http://localhost:8001, Running: 0.0, Waiting: 0.0
Worker: http://localhost:8001, qlen: 0.0
Worker: http://localhost:8001, Tokens: 6183.0
Worker: http://localhost:8002, Running: 0.0, Waiting: 0.0
Worker: http://localhost:8002, qlen: 0.0
Worker: http://localhost:8002, Tokens: 4040.0
Selected worker: http://localhost:8002
Worker: http://localhost:8001, Running: 0.0, Waiting: 0.0
Worker: http://localhost:8001, qlen: 0.0
Worker: http://localhost:8001, Tokens: 6183.0
Worker: http://localhost:8002, Running: 0.0, Waiting: 0.0
Worker: http://localhost:8002, qlen: 0.0
Worker: http://localhost:8002, Tokens: 4319.0
Selected worker: http://localhost:8001
Worker: http://localhost:8001, Running: 0.0, Waiting: 0.0
Worker: http://localhost:8001, qlen: 0.0
Worker: http://localhost:8001, Tokens: 6449.0
Worker: http://localhost:8002, Running: 0.0, Waiting: 0.0
Worker: http://localhost:8002, qlen: 0.0
Worker: http://localhost:8002, Tokens: 4319.0
Selected worker: http://localhost:8002
Worker: http://localhost:8001, Running: 0.0, Waiting: 0.0
Worker: http://localhost:8001, qlen: 0.0
Worker: http://localhost:8001, Tokens: 6449.0
Worker: http://localhost:8002, Running: 0.0, Waiting: 0.0
Worker: http://localhost:8002, qlen: 0.0
Worker: http://localhost:8002, Tokens: 4620.0
Selected worker: http://localhost:8002
Worker: http://localhost:8001, Running: 0.0, Waiting: 0.0
Worker: http://localhost:8001, qlen: 0.0
Worker: http://localhost:8001, Tokens: 6449.0
Worker: http://localhost:8002, Running: 0.0, Waiting: 0.0
Worker: http://localhost:8002, qlen: 0.0
Worker: http://localhost:8002, Tokens: 4903.0
Selected worker: http://localhost:8001
Worker: http://localhost:8001, Running: 0.0, Waiting: 0.0
Worker: http://localhost:8001, qlen: 0.0
Worker: http://localhost:8001, Tokens: 6731.0
Worker: http://localhost:8002, Running: 0.0, Waiting: 0.0
Worker: http://localhost:8002, qlen: 0.0
Worker: http://localhost:8002, Tokens: 4903.0
Selected worker: http://localhost:8001
Worker: http://localhost:8001, Running: 0.0, Waiting: 0.0
Worker: http://localhost:8001, qlen: 0.0
Worker: http://localhost:8001, Tokens: 7011.0
Worker: http://localhost:8002, Running: 0.0, Waiting: 0.0
Worker: http://localhost:8002, qlen: 0.0
Worker: http://localhost:8002, Tokens: 4903.0
Selected worker: http://localhost:8002
Worker: http://localhost:8001, Running: 0.0, Waiting: 0.0
Worker: http://localhost:8001, qlen: 0.0
Worker: http://localhost:8001, Tokens: 7011.0
Worker: http://localhost:8002, Running: 0.0, Waiting: 0.0
Worker: http://localhost:8002, qlen: 0.0
Worker: http://localhost:8002, Tokens: 5174.0
Selected worker: http://localhost:8001
Worker: http://localhost:8001, Running: 0.0, Waiting: 0.0
Worker: http://localhost:8001, qlen: 0.0
Worker: http://localhost:8001, Tokens: 7271.0
Worker: http://localhost:8002, Running: 0.0, Waiting: 0.0
Worker: http://localhost:8002, qlen: 0.0
Worker: http://localhost:8002, Tokens: 5174.0
Selected worker: http://localhost:8001
Worker: http://localhost:8001, Running: 0.0, Waiting: 0.0
Worker: http://localhost:8001, qlen: 0.0
Worker: http://localhost:8001, Tokens: 9075.0
Worker: http://localhost:8002, Running: 0.0, Waiting: 0.0
Worker: http://localhost:8002, qlen: 0.0
Worker: http://localhost:8002, Tokens: 5174.0
Selected worker: http://localhost:8001
Worker: http://localhost:8001, Running: 0.0, Waiting: 0.0
Worker: http://localhost:8001, qlen: 0.0
Worker: http://localhost:8001, Tokens: 9345.0
Worker: http://localhost:8002, Running: 0.0, Waiting: 0.0
Worker: http://localhost:8002, qlen: 0.0
Worker: http://localhost:8002, Tokens: 5174.0
Selected worker: http://localhost:8001
Worker: http://localhost:8001, Running: 0.0, Waiting: 0.0
Worker: http://localhost:8001, qlen: 0.0
Worker: http://localhost:8001, Tokens: 9608.0
Worker: http://localhost:8002, Running: 0.0, Waiting: 0.0
Worker: http://localhost:8002, qlen: 0.0
Worker: http://localhost:8002, Tokens: 5174.0
Selected worker: http://localhost:8002
Worker: http://localhost:8001, Running: 0.0, Waiting: 0.0
Worker: http://localhost:8001, qlen: 0.0
Worker: http://localhost:8001, Tokens: 9608.0
Worker: http://localhost:8002, Running: 0.0, Waiting: 0.0
Worker: http://localhost:8002, qlen: 0.0
Worker: http://localhost:8002, Tokens: 5438.0
Selected worker: http://localhost:8002
Worker: http://localhost:8001, Running: 0.0, Waiting: 0.0
Worker: http://localhost:8001, qlen: 0.0
Worker: http://localhost:8001, Tokens: 9608.0
Worker: http://localhost:8002, Running: 0.0, Waiting: 0.0
Worker: http://localhost:8002, qlen: 0.0
Worker: http://localhost:8002, Tokens: 6774.0
Selected worker: http://localhost:8001
Worker: http://localhost:8001, Running: 0.0, Waiting: 0.0
Worker: http://localhost:8001, qlen: 0.0
Worker: http://localhost:8001, Tokens: 11561.0
Worker: http://localhost:8002, Running: 0.0, Waiting: 0.0
Worker: http://localhost:8002, qlen: 0.0
Worker: http://localhost:8002, Tokens: 6774.0
Selected worker: http://localhost:8001
Worker: http://localhost:8001, Running: 0.0, Waiting: 0.0
Worker: http://localhost:8001, qlen: 0.0
Worker: http://localhost:8001, Tokens: 14740.0
Worker: http://localhost:8002, Running: 0.0, Waiting: 0.0
Worker: http://localhost:8002, qlen: 0.0
Worker: http://localhost:8002, Tokens: 6774.0
Selected worker: http://localhost:8002
Worker: http://localhost:8001, Running: 0.0, Waiting: 0.0
Worker: http://localhost:8001, qlen: 0.0
Worker: http://localhost:8001, Tokens: 14740.0
Worker: http://localhost:8002, Running: 0.0, Waiting: 0.0
Worker: http://localhost:8002, qlen: 0.0
Worker: http://localhost:8002, Tokens: 7046.0
Selected worker: http://localhost:8001
Worker: http://localhost:8001, Running: 0.0, Waiting: 0.0
Worker: http://localhost:8001, qlen: 0.0
Worker: http://localhost:8001, Tokens: 15005.0
Worker: http://localhost:8002, Running: 0.0, Waiting: 0.0
Worker: http://localhost:8002, qlen: 0.0
Worker: http://localhost:8002, Tokens: 7046.0
Selected worker: http://localhost:8001
Worker: http://localhost:8001, Running: 0.0, Waiting: 0.0
Worker: http://localhost:8001, qlen: 0.0
Worker: http://localhost:8001, Tokens: 15283.0
Worker: http://localhost:8002, Running: 0.0, Waiting: 0.0
Worker: http://localhost:8002, qlen: 0.0
Worker: http://localhost:8002, Tokens: 7046.0
Selected worker: http://localhost:8002
Worker: http://localhost:8001, Running: 0.0, Waiting: 0.0
Worker: http://localhost:8001, qlen: 0.0
Worker: http://localhost:8001, Tokens: 15283.0
Worker: http://localhost:8002, Running: 0.0, Waiting: 0.0
Worker: http://localhost:8002, qlen: 0.0
Worker: http://localhost:8002, Tokens: 7327.0
Selected worker: http://localhost:8001
Worker: http://localhost:8001, Running: 0.0, Waiting: 0.0
Worker: http://localhost:8001, qlen: 0.0
Worker: http://localhost:8001, Tokens: 16923.0
Worker: http://localhost:8002, Running: 0.0, Waiting: 0.0
Worker: http://localhost:8002, qlen: 0.0
Worker: http://localhost:8002, Tokens: 7327.0
Selected worker: http://localhost:8002
Worker: http://localhost:8001, Running: 0.0, Waiting: 0.0
Worker: http://localhost:8001, qlen: 0.0
Worker: http://localhost:8001, Tokens: 16923.0
Worker: http://localhost:8002, Running: 0.0, Waiting: 0.0
Worker: http://localhost:8002, qlen: 0.0
Worker: http://localhost:8002, Tokens: 7611.0
Selected worker: http://localhost:8001
Worker: http://localhost:8001, Running: 0.0, Waiting: 0.0
Worker: http://localhost:8001, qlen: 0.0
Worker: http://localhost:8001, Tokens: 17189.0
Worker: http://localhost:8002, Running: 0.0, Waiting: 0.0
Worker: http://localhost:8002, qlen: 0.0
Worker: http://localhost:8002, Tokens: 7611.0
Selected worker: http://localhost:8002
Worker: http://localhost:8001, Running: 0.0, Waiting: 0.0
Worker: http://localhost:8001, qlen: 0.0
Worker: http://localhost:8001, Tokens: 17189.0
Worker: http://localhost:8002, Running: 0.0, Waiting: 0.0
Worker: http://localhost:8002, qlen: 0.0
Worker: http://localhost:8002, Tokens: 13580.0
Selected worker: http://localhost:8001
Worker: http://localhost:8001, Running: 0.0, Waiting: 0.0
Worker: http://localhost:8001, qlen: 0.0
Worker: http://localhost:8001, Tokens: 17465.0
Worker: http://localhost:8002, Running: 0.0, Waiting: 0.0
Worker: http://localhost:8002, qlen: 0.0
Worker: http://localhost:8002, Tokens: 13580.0
Selected worker: http://localhost:8001
INFO:     127.0.0.1:54138 - "POST /v1/completions HTTP/1.1" 200 OK
INFO:     127.0.0.1:54142 - "POST /v1/completions HTTP/1.1" 200 OK
INFO:     127.0.0.1:54154 - "POST /v1/completions HTTP/1.1" 200 OK
INFO:     127.0.0.1:54164 - "POST /v1/completions HTTP/1.1" 200 OK
INFO:     127.0.0.1:54170 - "POST /v1/completions HTTP/1.1" 200 OK
INFO:     127.0.0.1:54186 - "POST /v1/completions HTTP/1.1" 200 OK
INFO:     127.0.0.1:54200 - "POST /v1/completions HTTP/1.1" 200 OK
INFO:     127.0.0.1:54204 - "POST /v1/completions HTTP/1.1" 200 OK
INFO:     127.0.0.1:54212 - "POST /v1/completions HTTP/1.1" 200 OK
INFO:     127.0.0.1:54228 - "POST /v1/completions HTTP/1.1" 200 OK
INFO:     127.0.0.1:54232 - "POST /v1/completions HTTP/1.1" 200 OK
INFO:     127.0.0.1:54244 - "POST /v1/completions HTTP/1.1" 200 OK
INFO:     127.0.0.1:54260 - "POST /v1/completions HTTP/1.1" 200 OK
INFO:     127.0.0.1:54270 - "POST /v1/completions HTTP/1.1" 200 OK
INFO:     127.0.0.1:54280 - "POST /v1/completions HTTP/1.1" 200 OK
INFO:     127.0.0.1:54292 - "POST /v1/completions HTTP/1.1" 200 OK
INFO:     127.0.0.1:54294 - "POST /v1/completions HTTP/1.1" 200 OK
INFO:     127.0.0.1:54310 - "POST /v1/completions HTTP/1.1" 200 OK
INFO:     127.0.0.1:54316 - "POST /v1/completions HTTP/1.1" 200 OK
INFO:     127.0.0.1:54326 - "POST /v1/completions HTTP/1.1" 200 OK
INFO:     127.0.0.1:54332 - "POST /v1/completions HTTP/1.1" 200 OK
INFO:     127.0.0.1:54344 - "POST /v1/completions HTTP/1.1" 200 OK
INFO:     127.0.0.1:54346 - "POST /v1/completions HTTP/1.1" 200 OK
INFO:     127.0.0.1:54362 - "POST /v1/completions HTTP/1.1" 200 OK
INFO:     127.0.0.1:54374 - "POST /v1/completions HTTP/1.1" 200 OK
INFO:     127.0.0.1:54388 - "POST /v1/completions HTTP/1.1" 200 OK
INFO:     127.0.0.1:54400 - "POST /v1/completions HTTP/1.1" 200 OK
INFO:     127.0.0.1:54410 - "POST /v1/completions HTTP/1.1" 200 OK
INFO:     127.0.0.1:54418 - "POST /v1/completions HTTP/1.1" 200 OK
INFO:     127.0.0.1:54422 - "POST /v1/completions HTTP/1.1" 200 OK
INFO:     127.0.0.1:54432 - "POST /v1/completions HTTP/1.1" 200 OK
INFO:     127.0.0.1:54434 - "POST /v1/completions HTTP/1.1" 200 OK
INFO:     127.0.0.1:54438 - "POST /v1/completions HTTP/1.1" 200 OK
INFO:     127.0.0.1:54444 - "POST /v1/completions HTTP/1.1" 200 OK
INFO:     127.0.0.1:54448 - "POST /v1/completions HTTP/1.1" 200 OK
INFO:     127.0.0.1:54456 - "POST /v1/completions HTTP/1.1" 200 OK
INFO:     127.0.0.1:54458 - "POST /v1/completions HTTP/1.1" 200 OK
INFO:     127.0.0.1:54474 - "POST /v1/completions HTTP/1.1" 200 OK
INFO:     127.0.0.1:54482 - "POST /v1/completions HTTP/1.1" 200 OK
INFO:     127.0.0.1:54486 - "POST /v1/completions HTTP/1.1" 200 OK
INFO:     127.0.0.1:54500 - "POST /v1/completions HTTP/1.1" 200 OK
INFO:     127.0.0.1:54514 - "POST /v1/completions HTTP/1.1" 200 OK
INFO:     127.0.0.1:54530 - "POST /v1/completions HTTP/1.1" 200 OK
INFO:     127.0.0.1:54534 - "POST /v1/completions HTTP/1.1" 200 OK
INFO:     127.0.0.1:54548 - "POST /v1/completions HTTP/1.1" 200 OK
INFO:     127.0.0.1:54560 - "POST /v1/completions HTTP/1.1" 200 OK
INFO:     127.0.0.1:54566 - "POST /v1/completions HTTP/1.1" 200 OK
INFO:     127.0.0.1:54578 - "POST /v1/completions HTTP/1.1" 200 OK
INFO:     127.0.0.1:54584 - "POST /v1/completions HTTP/1.1" 200 OK
INFO:     127.0.0.1:54586 - "POST /v1/completions HTTP/1.1" 200 OK
INFO:     127.0.0.1:54600 - "POST /v1/completions HTTP/1.1" 200 OK
INFO:     127.0.0.1:54610 - "POST /v1/completions HTTP/1.1" 200 OK
Worker: http://localhost:8001, Running: 0.0, Waiting: 0.0
Worker: http://localhost:8001, qlen: 0.0
Worker: http://localhost:8001, Tokens: 17740.0
Worker: http://localhost:8002, Running: 0.0, Waiting: 0.0
Worker: http://localhost:8002, qlen: 0.0
Worker: http://localhost:8002, Tokens: 13580.0
Selected worker: http://localhost:8002
INFO:     127.0.0.1:54624 - "POST /v1/completions HTTP/1.1" 200 OK
Worker: http://localhost:8001, Running: 0.0, Waiting: 0.0
Worker: http://localhost:8001, qlen: 0.0
Worker: http://localhost:8001, Tokens: 17740.0
Worker: http://localhost:8002, Running: 0.0, Waiting: 0.0
Worker: http://localhost:8002, qlen: 0.0
Worker: http://localhost:8002, Tokens: 13877.0
Selected worker: http://localhost:8002
INFO:     127.0.0.1:54626 - "POST /v1/completions HTTP/1.1" 200 OK
Worker: http://localhost:8001, Running: 0.0, Waiting: 0.0
Worker: http://localhost:8001, qlen: 0.0
Worker: http://localhost:8001, Tokens: 17740.0
Worker: http://localhost:8002, Running: 0.0, Waiting: 0.0
Worker: http://localhost:8002, qlen: 0.0
Worker: http://localhost:8002, Tokens: 15610.0
Selected worker: http://localhost:8001
INFO:     127.0.0.1:54630 - "POST /v1/completions HTTP/1.1" 200 OK
Worker: http://localhost:8001, Running: 0.0, Waiting: 0.0
Worker: http://localhost:8001, qlen: 0.0
Worker: http://localhost:8001, Tokens: 18005.0
Worker: http://localhost:8002, Running: 0.0, Waiting: 0.0
Worker: http://localhost:8002, qlen: 0.0
Worker: http://localhost:8002, Tokens: 15610.0
Selected worker: http://localhost:8001
INFO:     127.0.0.1:54644 - "POST /v1/completions HTTP/1.1" 200 OK
Worker: http://localhost:8001, Running: 0.0, Waiting: 0.0
Worker: http://localhost:8001, qlen: 0.0
Worker: http://localhost:8001, Tokens: 18269.0
Worker: http://localhost:8002, Running: 0.0, Waiting: 0.0
Worker: http://localhost:8002, qlen: 0.0
Worker: http://localhost:8002, Tokens: 15610.0
Selected worker: http://localhost:8002
INFO:     127.0.0.1:54656 - "POST /v1/completions HTTP/1.1" 200 OK
Worker: http://localhost:8001, Running: 0.0, Waiting: 0.0
Worker: http://localhost:8001, qlen: 0.0
Worker: http://localhost:8001, Tokens: 18269.0
Worker: http://localhost:8002, Running: 0.0, Waiting: 0.0
Worker: http://localhost:8002, qlen: 0.0
Worker: http://localhost:8002, Tokens: 15875.0
Selected worker: http://localhost:8001
INFO:     127.0.0.1:54668 - "POST /v1/completions HTTP/1.1" 200 OK
Worker: http://localhost:8001, Running: 0.0, Waiting: 0.0
Worker: http://localhost:8001, qlen: 0.0
Worker: http://localhost:8001, Tokens: 18533.0
Worker: http://localhost:8002, Running: 0.0, Waiting: 0.0
Worker: http://localhost:8002, qlen: 0.0
Worker: http://localhost:8002, Tokens: 15875.0
Selected worker: http://localhost:8001
INFO:     127.0.0.1:54672 - "POST /v1/completions HTTP/1.1" 200 OK
Worker: http://localhost:8001, Running: 0.0, Waiting: 0.0
Worker: http://localhost:8001, qlen: 0.0
Worker: http://localhost:8001, Tokens: 19832.0
Worker: http://localhost:8002, Running: 0.0, Waiting: 0.0
Worker: http://localhost:8002, qlen: 0.0
Worker: http://localhost:8002, Tokens: 15875.0
Selected worker: http://localhost:8001
INFO:     127.0.0.1:54682 - "POST /v1/completions HTTP/1.1" 200 OK
Worker: http://localhost:8001, Running: 0.0, Waiting: 0.0
Worker: http://localhost:8001, qlen: 0.0
Worker: http://localhost:8001, Tokens: 20097.0
Worker: http://localhost:8002, Running: 0.0, Waiting: 0.0
Worker: http://localhost:8002, qlen: 0.0
Worker: http://localhost:8002, Tokens: 15875.0
Selected worker: http://localhost:8001
INFO:     127.0.0.1:54690 - "POST /v1/completions HTTP/1.1" 200 OK
Worker: http://localhost:8001, Running: 0.0, Waiting: 0.0
Worker: http://localhost:8001, qlen: 0.0
Worker: http://localhost:8001, Tokens: 0.0
Worker: http://localhost:8002, Running: 0.0, Waiting: 0.0
Worker: http://localhost:8002, qlen: 0.0
Worker: http://localhost:8002, Tokens: 15875.0
Selected worker: http://localhost:8002
INFO:     127.0.0.1:54700 - "POST /v1/completions HTTP/1.1" 200 OK
Worker: http://localhost:8001, Running: 0.0, Waiting: 0.0
Worker: http://localhost:8001, qlen: 0.0
Worker: http://localhost:8001, Tokens: 0.0
Worker: http://localhost:8002, Running: 0.0, Waiting: 0.0
Worker: http://localhost:8002, qlen: 0.0
Worker: http://localhost:8002, Tokens: 17440.0
Selected worker: http://localhost:8002
INFO:     127.0.0.1:54716 - "POST /v1/completions HTTP/1.1" 200 OK
Worker: http://localhost:8001, Running: 0.0, Waiting: 0.0
Worker: http://localhost:8001, qlen: 0.0
Worker: http://localhost:8001, Tokens: 0.0
Worker: http://localhost:8002, Running: 0.0, Waiting: 0.0
Worker: http://localhost:8002, qlen: 0.0
Worker: http://localhost:8002, Tokens: 17706.0
Selected worker: http://localhost:8001
INFO:     127.0.0.1:54728 - "POST /v1/completions HTTP/1.1" 200 OK
Worker: http://localhost:8001, Running: 35.0, Waiting: 0.0
Worker: http://localhost:8001, qlen: 35.0
Worker: http://localhost:8001, Tokens: 18884.0
Worker: http://localhost:8002, Running: 9.0, Waiting: 0.0
Worker: http://localhost:8002, qlen: 9.0
Worker: http://localhost:8002, Tokens: 17329.0
Selected worker: http://localhost:8002
Worker: http://localhost:8001, Running: 35.0, Waiting: 0.0
Worker: http://localhost:8001, qlen: 35.0
Worker: http://localhost:8001, Tokens: 18884.0
Worker: http://localhost:8002, Running: 9.0, Waiting: 0.0
Worker: http://localhost:8002, qlen: 9.0
Worker: http://localhost:8002, Tokens: 17597.0
Selected worker: http://localhost:8002
Worker: http://localhost:8001, Running: 35.0, Waiting: 0.0
Worker: http://localhost:8001, qlen: 35.0
Worker: http://localhost:8001, Tokens: 18884.0
Worker: http://localhost:8002, Running: 9.0, Waiting: 0.0
Worker: http://localhost:8002, qlen: 9.0
Worker: http://localhost:8002, Tokens: 17902.0
Selected worker: http://localhost:8002
Worker: http://localhost:8001, Running: 35.0, Waiting: 0.0
Worker: http://localhost:8001, qlen: 35.0
Worker: http://localhost:8001, Tokens: 18884.0
Worker: http://localhost:8002, Running: 9.0, Waiting: 0.0
Worker: http://localhost:8002, qlen: 9.0
Worker: http://localhost:8002, Tokens: 19483.0
Selected worker: http://localhost:8002
Worker: http://localhost:8001, Running: 35.0, Waiting: 0.0
Worker: http://localhost:8001, qlen: 35.0
Worker: http://localhost:8001, Tokens: 18884.0
Worker: http://localhost:8002, Running: 9.0, Waiting: 0.0
Worker: http://localhost:8002, qlen: 9.0
Worker: http://localhost:8002, Tokens: 20972.0
Selected worker: http://localhost:8002
Worker: http://localhost:8001, Running: 35.0, Waiting: 0.0
Worker: http://localhost:8001, qlen: 35.0
Worker: http://localhost:8001, Tokens: 18884.0
Worker: http://localhost:8002, Running: 9.0, Waiting: 0.0
Worker: http://localhost:8002, qlen: 9.0
Worker: http://localhost:8002, Tokens: 21230.0
Selected worker: http://localhost:8002
Worker: http://localhost:8001, Running: 35.0, Waiting: 0.0
Worker: http://localhost:8001, qlen: 35.0
Worker: http://localhost:8001, Tokens: 18884.0
Worker: http://localhost:8002, Running: 9.0, Waiting: 0.0
Worker: http://localhost:8002, qlen: 9.0
Worker: http://localhost:8002, Tokens: 21487.0
Selected worker: http://localhost:8002
Worker: http://localhost:8001, Running: 35.0, Waiting: 0.0
Worker: http://localhost:8001, qlen: 35.0
Worker: http://localhost:8001, Tokens: 18884.0
Worker: http://localhost:8002, Running: 9.0, Waiting: 0.0
Worker: http://localhost:8002, qlen: 9.0
Worker: http://localhost:8002, Tokens: 21751.0
Selected worker: http://localhost:8002
Worker: http://localhost:8001, Running: 35.0, Waiting: 0.0
Worker: http://localhost:8001, qlen: 35.0
Worker: http://localhost:8001, Tokens: 18884.0
Worker: http://localhost:8002, Running: 9.0, Waiting: 0.0
Worker: http://localhost:8002, qlen: 9.0
Worker: http://localhost:8002, Tokens: 22010.0
Selected worker: http://localhost:8002
Worker: http://localhost:8001, Running: 35.0, Waiting: 0.0
Worker: http://localhost:8001, qlen: 35.0
Worker: http://localhost:8001, Tokens: 18884.0
Worker: http://localhost:8002, Running: 9.0, Waiting: 0.0
Worker: http://localhost:8002, qlen: 9.0
Worker: http://localhost:8002, Tokens: 22284.0
Selected worker: http://localhost:8002
Worker: http://localhost:8001, Running: 35.0, Waiting: 0.0
Worker: http://localhost:8001, qlen: 35.0
Worker: http://localhost:8001, Tokens: 18884.0
Worker: http://localhost:8002, Running: 9.0, Waiting: 0.0
Worker: http://localhost:8002, qlen: 9.0
Worker: http://localhost:8002, Tokens: 22559.0
Selected worker: http://localhost:8002
Worker: http://localhost:8001, Running: 35.0, Waiting: 0.0
Worker: http://localhost:8001, qlen: 35.0
Worker: http://localhost:8001, Tokens: 18884.0
Worker: http://localhost:8002, Running: 9.0, Waiting: 0.0
Worker: http://localhost:8002, qlen: 9.0
Worker: http://localhost:8002, Tokens: 22821.0
Selected worker: http://localhost:8002
Worker: http://localhost:8001, Running: 35.0, Waiting: 0.0
Worker: http://localhost:8001, qlen: 35.0
Worker: http://localhost:8001, Tokens: 18884.0
Worker: http://localhost:8002, Running: 9.0, Waiting: 0.0
Worker: http://localhost:8002, qlen: 9.0
Worker: http://localhost:8002, Tokens: 23093.0
Selected worker: http://localhost:8002
INFO:     127.0.0.1:51626 - "POST /v1/completions HTTP/1.1" 200 OK
INFO:     127.0.0.1:51630 - "POST /v1/completions HTTP/1.1" 200 OK
INFO:     127.0.0.1:51642 - "POST /v1/completions HTTP/1.1" 200 OK
INFO:     127.0.0.1:51658 - "POST /v1/completions HTTP/1.1" 200 OK
INFO:     127.0.0.1:51662 - "POST /v1/completions HTTP/1.1" 200 OK
INFO:     127.0.0.1:51664 - "POST /v1/completions HTTP/1.1" 200 OK
INFO:     127.0.0.1:51670 - "POST /v1/completions HTTP/1.1" 200 OK
INFO:     127.0.0.1:51678 - "POST /v1/completions HTTP/1.1" 200 OK
INFO:     127.0.0.1:51692 - "POST /v1/completions HTTP/1.1" 200 OK
INFO:     127.0.0.1:51708 - "POST /v1/completions HTTP/1.1" 200 OK
INFO:     127.0.0.1:51716 - "POST /v1/completions HTTP/1.1" 200 OK
INFO:     127.0.0.1:51732 - "POST /v1/completions HTTP/1.1" 200 OK
INFO:     127.0.0.1:51744 - "POST /v1/completions HTTP/1.1" 200 OK
Worker: http://localhost:8001, Running: 35.0, Waiting: 0.0
Worker: http://localhost:8001, qlen: 35.0
Worker: http://localhost:8001, Tokens: 18884.0
Worker: http://localhost:8002, Running: 9.0, Waiting: 0.0
Worker: http://localhost:8002, qlen: 9.0
Worker: http://localhost:8002, Tokens: 23355.0
Selected worker: http://localhost:8002
INFO:     127.0.0.1:51750 - "POST /v1/completions HTTP/1.1" 200 OK
Worker: http://localhost:8001, Running: 35.0, Waiting: 0.0
Worker: http://localhost:8001, qlen: 35.0
Worker: http://localhost:8001, Tokens: 18884.0
Worker: http://localhost:8002, Running: 9.0, Waiting: 0.0
Worker: http://localhost:8002, qlen: 9.0
Worker: http://localhost:8002, Tokens: 23620.0
Selected worker: http://localhost:8002
INFO:     127.0.0.1:51754 - "POST /v1/completions HTTP/1.1" 200 OK
Worker: http://localhost:8001, Running: 35.0, Waiting: 0.0
Worker: http://localhost:8001, qlen: 35.0
Worker: http://localhost:8001, Tokens: 11575.0
Worker: http://localhost:8002, Running: 9.0, Waiting: 0.0
Worker: http://localhost:8002, qlen: 9.0
Worker: http://localhost:8002, Tokens: 24455.0
Selected worker: http://localhost:8002
INFO:     127.0.0.1:51758 - "POST /v1/completions HTTP/1.1" 200 OK
Worker: http://localhost:8001, Running: 35.0, Waiting: 0.0
Worker: http://localhost:8001, qlen: 35.0
Worker: http://localhost:8001, Tokens: 11575.0
Worker: http://localhost:8002, Running: 9.0, Waiting: 0.0
Worker: http://localhost:8002, qlen: 9.0
Worker: http://localhost:8002, Tokens: 24751.0
Selected worker: http://localhost:8002
INFO:     127.0.0.1:51764 - "POST /v1/completions HTTP/1.1" 200 OK
Worker: http://localhost:8001, Running: 35.0, Waiting: 0.0
Worker: http://localhost:8001, qlen: 35.0
Worker: http://localhost:8001, Tokens: 11575.0
Worker: http://localhost:8002, Running: 9.0, Waiting: 0.0
Worker: http://localhost:8002, qlen: 9.0
Worker: http://localhost:8002, Tokens: 26168.0
Selected worker: http://localhost:8002
INFO:     127.0.0.1:51770 - "POST /v1/completions HTTP/1.1" 200 OK
Worker: http://localhost:8001, Running: 35.0, Waiting: 0.0
Worker: http://localhost:8001, qlen: 35.0
Worker: http://localhost:8001, Tokens: 11575.0
Worker: http://localhost:8002, Running: 9.0, Waiting: 0.0
Worker: http://localhost:8002, qlen: 9.0
Worker: http://localhost:8002, Tokens: 26439.0
Selected worker: http://localhost:8002
INFO:     127.0.0.1:51780 - "POST /v1/completions HTTP/1.1" 200 OK
Worker: http://localhost:8001, Running: 35.0, Waiting: 0.0
Worker: http://localhost:8001, qlen: 35.0
Worker: http://localhost:8001, Tokens: 11575.0
Worker: http://localhost:8002, Running: 9.0, Waiting: 0.0
Worker: http://localhost:8002, qlen: 9.0
Worker: http://localhost:8002, Tokens: 26720.0
Selected worker: http://localhost:8002
INFO:     127.0.0.1:51784 - "POST /v1/completions HTTP/1.1" 200 OK
Worker: http://localhost:8001, Running: 35.0, Waiting: 0.0
Worker: http://localhost:8001, qlen: 35.0
Worker: http://localhost:8001, Tokens: 11575.0
Worker: http://localhost:8002, Running: 9.0, Waiting: 0.0
Worker: http://localhost:8002, qlen: 9.0
Worker: http://localhost:8002, Tokens: 26990.0
Selected worker: http://localhost:8002
INFO:     127.0.0.1:51800 - "POST /v1/completions HTTP/1.1" 200 OK
Worker: http://localhost:8001, Running: 35.0, Waiting: 0.0
Worker: http://localhost:8001, qlen: 35.0
Worker: http://localhost:8001, Tokens: 11575.0
Worker: http://localhost:8002, Running: 9.0, Waiting: 0.0
Worker: http://localhost:8002, qlen: 9.0
Worker: http://localhost:8002, Tokens: 28320.0
Selected worker: http://localhost:8002
INFO:     127.0.0.1:51808 - "POST /v1/completions HTTP/1.1" 200 OK
Worker: http://localhost:8001, Running: 8.0, Waiting: 0.0
Worker: http://localhost:8001, qlen: 8.0
Worker: http://localhost:8001, Tokens: 19435.0
Worker: http://localhost:8002, Running: 9.0, Waiting: 0.0
Worker: http://localhost:8002, qlen: 9.0
Worker: http://localhost:8002, Tokens: 28603.0
Selected worker: http://localhost:8001
INFO:     127.0.0.1:51824 - "POST /v1/completions HTTP/1.1" 200 OK
Worker: http://localhost:8001, Running: 8.0, Waiting: 0.0
Worker: http://localhost:8001, qlen: 8.0
Worker: http://localhost:8001, Tokens: 19704.0
Worker: http://localhost:8002, Running: 9.0, Waiting: 0.0
Worker: http://localhost:8002, qlen: 9.0
Worker: http://localhost:8002, Tokens: 28603.0
Selected worker: http://localhost:8001
INFO:     127.0.0.1:51836 - "POST /v1/completions HTTP/1.1" 200 OK
Worker: http://localhost:8001, Running: 8.0, Waiting: 0.0
Worker: http://localhost:8001, qlen: 8.0
Worker: http://localhost:8001, Tokens: 20003.0
Worker: http://localhost:8002, Running: 9.0, Waiting: 0.0
Worker: http://localhost:8002, qlen: 9.0
Worker: http://localhost:8002, Tokens: 28603.0
Selected worker: http://localhost:8001
INFO:     127.0.0.1:51844 - "POST /v1/completions HTTP/1.1" 200 OK
Worker: http://localhost:8001, Running: 8.0, Waiting: 0.0
Worker: http://localhost:8001, qlen: 8.0
Worker: http://localhost:8001, Tokens: 20279.0
Worker: http://localhost:8002, Running: 9.0, Waiting: 0.0
Worker: http://localhost:8002, qlen: 9.0
Worker: http://localhost:8002, Tokens: 28603.0
Selected worker: http://localhost:8001
INFO:     127.0.0.1:51852 - "POST /v1/completions HTTP/1.1" 200 OK
Worker: http://localhost:8001, Running: 8.0, Waiting: 0.0
Worker: http://localhost:8001, qlen: 8.0
Worker: http://localhost:8001, Tokens: 20547.0
Worker: http://localhost:8002, Running: 9.0, Waiting: 0.0
Worker: http://localhost:8002, qlen: 9.0
Worker: http://localhost:8002, Tokens: 28603.0
Selected worker: http://localhost:8001
INFO:     127.0.0.1:51860 - "POST /v1/completions HTTP/1.1" 200 OK
Worker: http://localhost:8001, Running: 8.0, Waiting: 0.0
Worker: http://localhost:8001, qlen: 8.0
Worker: http://localhost:8001, Tokens: 20808.0
Worker: http://localhost:8002, Running: 9.0, Waiting: 0.0
Worker: http://localhost:8002, qlen: 9.0
Worker: http://localhost:8002, Tokens: 28603.0
Selected worker: http://localhost:8001
INFO:     127.0.0.1:51872 - "POST /v1/completions HTTP/1.1" 200 OK
Worker: http://localhost:8001, Running: 8.0, Waiting: 0.0
Worker: http://localhost:8001, qlen: 8.0
Worker: http://localhost:8001, Tokens: 22642.0
Worker: http://localhost:8002, Running: 9.0, Waiting: 0.0
Worker: http://localhost:8002, qlen: 9.0
Worker: http://localhost:8002, Tokens: 28603.0
Selected worker: http://localhost:8001
INFO:     127.0.0.1:51876 - "POST /v1/completions HTTP/1.1" 200 OK
Worker: http://localhost:8001, Running: 8.0, Waiting: 0.0
Worker: http://localhost:8001, qlen: 8.0
Worker: http://localhost:8001, Tokens: 24586.0
Worker: http://localhost:8002, Running: 9.0, Waiting: 0.0
Worker: http://localhost:8002, qlen: 9.0
Worker: http://localhost:8002, Tokens: 28603.0
Selected worker: http://localhost:8001
INFO:     127.0.0.1:51882 - "POST /v1/completions HTTP/1.1" 200 OK
Worker: http://localhost:8001, Running: 8.0, Waiting: 0.0
Worker: http://localhost:8001, qlen: 8.0
Worker: http://localhost:8001, Tokens: 24868.0
Worker: http://localhost:8002, Running: 9.0, Waiting: 0.0
Worker: http://localhost:8002, qlen: 9.0
Worker: http://localhost:8002, Tokens: 28603.0
Selected worker: http://localhost:8001
INFO:     127.0.0.1:51886 - "POST /v1/completions HTTP/1.1" 200 OK
Worker: http://localhost:8001, Running: 8.0, Waiting: 0.0
Worker: http://localhost:8001, qlen: 8.0
Worker: http://localhost:8001, Tokens: 25131.0
Worker: http://localhost:8002, Running: 9.0, Waiting: 0.0
Worker: http://localhost:8002, qlen: 9.0
Worker: http://localhost:8002, Tokens: 28603.0
Selected worker: http://localhost:8001
INFO:     127.0.0.1:51900 - "POST /v1/completions HTTP/1.1" 200 OK
Worker: http://localhost:8001, Running: 8.0, Waiting: 0.0
Worker: http://localhost:8001, qlen: 8.0
Worker: http://localhost:8001, Tokens: 25396.0
Worker: http://localhost:8002, Running: 9.0, Waiting: 0.0
Worker: http://localhost:8002, qlen: 9.0
Worker: http://localhost:8002, Tokens: 28603.0
Selected worker: http://localhost:8001
INFO:     127.0.0.1:51902 - "POST /v1/completions HTTP/1.1" 200 OK
Worker: http://localhost:8001, Running: 8.0, Waiting: 0.0
Worker: http://localhost:8001, qlen: 8.0
Worker: http://localhost:8001, Tokens: 25670.0
Worker: http://localhost:8002, Running: 9.0, Waiting: 0.0
Worker: http://localhost:8002, qlen: 9.0
Worker: http://localhost:8002, Tokens: 28603.0
Selected worker: http://localhost:8001
INFO:     127.0.0.1:51912 - "POST /v1/completions HTTP/1.1" 200 OK
Worker: http://localhost:8001, Running: 8.0, Waiting: 0.0
Worker: http://localhost:8001, qlen: 8.0
Worker: http://localhost:8001, Tokens: 25942.0
Worker: http://localhost:8002, Running: 7.0, Waiting: 13.0
Worker: http://localhost:8002, qlen: 7.0
Worker: http://localhost:8002, Tokens: 18202.0
Selected worker: http://localhost:8002
INFO:     127.0.0.1:51924 - "POST /v1/completions HTTP/1.1" 200 OK
Worker: http://localhost:8001, Running: 8.0, Waiting: 0.0
Worker: http://localhost:8001, qlen: 8.0
Worker: http://localhost:8001, Tokens: 25942.0
Worker: http://localhost:8002, Running: 7.0, Waiting: 13.0
Worker: http://localhost:8002, qlen: 7.0
Worker: http://localhost:8002, Tokens: 18472.0
Selected worker: http://localhost:8002
INFO:     127.0.0.1:51934 - "POST /v1/completions HTTP/1.1" 200 OK
Worker: http://localhost:8001, Running: 8.0, Waiting: 0.0
Worker: http://localhost:8001, qlen: 8.0
Worker: http://localhost:8001, Tokens: 25942.0
Worker: http://localhost:8002, Running: 7.0, Waiting: 13.0
Worker: http://localhost:8002, qlen: 7.0
Worker: http://localhost:8002, Tokens: 18731.0
Selected worker: http://localhost:8002
INFO:     127.0.0.1:51942 - "POST /v1/completions HTTP/1.1" 200 OK
Worker: http://localhost:8001, Running: 8.0, Waiting: 0.0
Worker: http://localhost:8001, qlen: 8.0
Worker: http://localhost:8001, Tokens: 25942.0
Worker: http://localhost:8002, Running: 7.0, Waiting: 13.0
Worker: http://localhost:8002, qlen: 7.0
Worker: http://localhost:8002, Tokens: 20141.0
Selected worker: http://localhost:8002
INFO:     127.0.0.1:51950 - "POST /v1/completions HTTP/1.1" 200 OK
Worker: http://localhost:8001, Running: 8.0, Waiting: 0.0
Worker: http://localhost:8001, qlen: 8.0
Worker: http://localhost:8001, Tokens: 25942.0
Worker: http://localhost:8002, Running: 7.0, Waiting: 13.0
Worker: http://localhost:8002, qlen: 7.0
Worker: http://localhost:8002, Tokens: 20411.0
Selected worker: http://localhost:8002
INFO:     127.0.0.1:51966 - "POST /v1/completions HTTP/1.1" 200 OK
Worker: http://localhost:8001, Running: 8.0, Waiting: 0.0
Worker: http://localhost:8001, qlen: 8.0
Worker: http://localhost:8001, Tokens: 25942.0
Worker: http://localhost:8002, Running: 7.0, Waiting: 13.0
Worker: http://localhost:8002, qlen: 7.0
Worker: http://localhost:8002, Tokens: 23534.0
Selected worker: http://localhost:8002
INFO:     127.0.0.1:51968 - "POST /v1/completions HTTP/1.1" 200 OK
Worker: http://localhost:8001, Running: 8.0, Waiting: 0.0
Worker: http://localhost:8001, qlen: 8.0
Worker: http://localhost:8001, Tokens: 25942.0
Worker: http://localhost:8002, Running: 7.0, Waiting: 13.0
Worker: http://localhost:8002, qlen: 7.0
Worker: http://localhost:8002, Tokens: 25164.0
Selected worker: http://localhost:8002
INFO:     127.0.0.1:51980 - "POST /v1/completions HTTP/1.1" 200 OK
Worker: http://localhost:8001, Running: 8.0, Waiting: 0.0
Worker: http://localhost:8001, qlen: 8.0
Worker: http://localhost:8001, Tokens: 25942.0
Worker: http://localhost:8002, Running: 7.0, Waiting: 13.0
Worker: http://localhost:8002, qlen: 7.0
Worker: http://localhost:8002, Tokens: 25445.0
Selected worker: http://localhost:8002
INFO:     127.0.0.1:51984 - "POST /v1/completions HTTP/1.1" 200 OK
Worker: http://localhost:8001, Running: 8.0, Waiting: 0.0
Worker: http://localhost:8001, qlen: 8.0
Worker: http://localhost:8001, Tokens: 25942.0
Worker: http://localhost:8002, Running: 7.0, Waiting: 13.0
Worker: http://localhost:8002, qlen: 7.0
Worker: http://localhost:8002, Tokens: 25711.0
Selected worker: http://localhost:8002
INFO:     127.0.0.1:52000 - "POST /v1/completions HTTP/1.1" 200 OK
Worker: http://localhost:8001, Running: 8.0, Waiting: 0.0
Worker: http://localhost:8001, qlen: 8.0
Worker: http://localhost:8001, Tokens: 25942.0
Worker: http://localhost:8002, Running: 7.0, Waiting: 13.0
Worker: http://localhost:8002, qlen: 7.0
Worker: http://localhost:8002, Tokens: 25986.0
Selected worker: http://localhost:8002
INFO:     127.0.0.1:52002 - "POST /v1/completions HTTP/1.1" 200 OK
Worker: http://localhost:8001, Running: 8.0, Waiting: 0.0
Worker: http://localhost:8001, qlen: 8.0
Worker: http://localhost:8001, Tokens: 25942.0
Worker: http://localhost:8002, Running: 7.0, Waiting: 13.0
Worker: http://localhost:8002, qlen: 7.0
Worker: http://localhost:8002, Tokens: 26257.0
Selected worker: http://localhost:8002
INFO:     127.0.0.1:52018 - "POST /v1/completions HTTP/1.1" 200 OK
Worker: http://localhost:8001, Running: 8.0, Waiting: 0.0
Worker: http://localhost:8001, qlen: 8.0
Worker: http://localhost:8001, Tokens: 25942.0
Worker: http://localhost:8002, Running: 7.0, Waiting: 13.0
Worker: http://localhost:8002, qlen: 7.0
Worker: http://localhost:8002, Tokens: 26541.0
Selected worker: http://localhost:8002
INFO:     127.0.0.1:52034 - "POST /v1/completions HTTP/1.1" 200 OK
Worker: http://localhost:8001, Running: 14.0, Waiting: 0.0
Worker: http://localhost:8001, qlen: 14.0
Worker: http://localhost:8001, Tokens: 19916.0
Worker: http://localhost:8002, Running: 7.0, Waiting: 13.0
Worker: http://localhost:8002, qlen: 7.0
Worker: http://localhost:8002, Tokens: 28175.0
Selected worker: http://localhost:8002
INFO:     127.0.0.1:52048 - "POST /v1/completions HTTP/1.1" 200 OK
Worker: http://localhost:8001, Running: 14.0, Waiting: 0.0
Worker: http://localhost:8001, qlen: 14.0
Worker: http://localhost:8001, Tokens: 19916.0
Worker: http://localhost:8002, Running: 7.0, Waiting: 13.0
Worker: http://localhost:8002, qlen: 7.0
Worker: http://localhost:8002, Tokens: 28443.0
Selected worker: http://localhost:8002
INFO:     127.0.0.1:52054 - "POST /v1/completions HTTP/1.1" 200 OK
Worker: http://localhost:8001, Running: 14.0, Waiting: 0.0
Worker: http://localhost:8001, qlen: 14.0
Worker: http://localhost:8001, Tokens: 19916.0
Worker: http://localhost:8002, Running: 7.0, Waiting: 13.0
Worker: http://localhost:8002, qlen: 7.0
Worker: http://localhost:8002, Tokens: 28730.0
Selected worker: http://localhost:8002
INFO:     127.0.0.1:52056 - "POST /v1/completions HTTP/1.1" 200 OK
Worker: http://localhost:8001, Running: 14.0, Waiting: 0.0
Worker: http://localhost:8001, qlen: 14.0
Worker: http://localhost:8001, Tokens: 19916.0
Worker: http://localhost:8002, Running: 7.0, Waiting: 13.0
Worker: http://localhost:8002, qlen: 7.0
Worker: http://localhost:8002, Tokens: 28995.0
Selected worker: http://localhost:8002
INFO:     127.0.0.1:52072 - "POST /v1/completions HTTP/1.1" 200 OK
Worker: http://localhost:8001, Running: 14.0, Waiting: 0.0
Worker: http://localhost:8001, qlen: 14.0
Worker: http://localhost:8001, Tokens: 19916.0
Worker: http://localhost:8002, Running: 7.0, Waiting: 13.0
Worker: http://localhost:8002, qlen: 7.0
Worker: http://localhost:8002, Tokens: 30536.0
Selected worker: http://localhost:8002
INFO:     127.0.0.1:52088 - "POST /v1/completions HTTP/1.1" 200 OK
Worker: http://localhost:8001, Running: 14.0, Waiting: 0.0
Worker: http://localhost:8001, qlen: 14.0
Worker: http://localhost:8001, Tokens: 19916.0
Worker: http://localhost:8002, Running: 7.0, Waiting: 13.0
Worker: http://localhost:8002, qlen: 7.0
Worker: http://localhost:8002, Tokens: 30802.0
Selected worker: http://localhost:8002
INFO:     127.0.0.1:52092 - "POST /v1/completions HTTP/1.1" 200 OK
Worker: http://localhost:8001, Running: 20.0, Waiting: 0.0
Worker: http://localhost:8001, qlen: 20.0
Worker: http://localhost:8001, Tokens: 25650.0
Worker: http://localhost:8002, Running: 44.0, Waiting: 0.0
Worker: http://localhost:8002, qlen: 44.0
Worker: http://localhost:8002, Tokens: 43909.0
Selected worker: http://localhost:8001
INFO:     127.0.0.1:52104 - "POST /v1/completions HTTP/1.1" 200 OK
Worker: http://localhost:8001, Running: 20.0, Waiting: 0.0
Worker: http://localhost:8001, qlen: 20.0
Worker: http://localhost:8001, Tokens: 25361.0
Worker: http://localhost:8002, Running: 44.0, Waiting: 0.0
Worker: http://localhost:8002, qlen: 44.0
Worker: http://localhost:8002, Tokens: 44041.0
Selected worker: http://localhost:8001
INFO:     127.0.0.1:52112 - "POST /v1/completions HTTP/1.1" 200 OK
Worker: http://localhost:8001, Running: 20.0, Waiting: 0.0
Worker: http://localhost:8001, qlen: 20.0
Worker: http://localhost:8001, Tokens: 25632.0
Worker: http://localhost:8002, Running: 44.0, Waiting: 0.0
Worker: http://localhost:8002, qlen: 44.0
Worker: http://localhost:8002, Tokens: 44041.0
Selected worker: http://localhost:8001
INFO:     127.0.0.1:52118 - "POST /v1/completions HTTP/1.1" 200 OK
Worker: http://localhost:8001, Running: 17.0, Waiting: 0.0
Worker: http://localhost:8001, qlen: 17.0
Worker: http://localhost:8001, Tokens: 25503.0
Worker: http://localhost:8002, Running: 44.0, Waiting: 0.0
Worker: http://localhost:8002, qlen: 44.0
Worker: http://localhost:8002, Tokens: 44041.0
Selected worker: http://localhost:8001
Worker: http://localhost:8001, Running: 17.0, Waiting: 0.0
Worker: http://localhost:8001, qlen: 17.0
Worker: http://localhost:8001, Tokens: 25770.0
Worker: http://localhost:8002, Running: 44.0, Waiting: 0.0
Worker: http://localhost:8002, qlen: 44.0
Worker: http://localhost:8002, Tokens: 44041.0
Selected worker: http://localhost:8001
INFO:     127.0.0.1:52130 - "POST /v1/completions HTTP/1.1" 200 OK
INFO:     127.0.0.1:52136 - "POST /v1/completions HTTP/1.1" 200 OK
Worker: http://localhost:8001, Running: 17.0, Waiting: 0.0
Worker: http://localhost:8001, qlen: 17.0
Worker: http://localhost:8001, Tokens: 26511.0
Worker: http://localhost:8002, Running: 44.0, Waiting: 0.0
Worker: http://localhost:8002, qlen: 44.0
Worker: http://localhost:8002, Tokens: 44393.0
Selected worker: http://localhost:8001
INFO:     127.0.0.1:52140 - "POST /v1/completions HTTP/1.1" 200 OK
Worker: http://localhost:8001, Running: 17.0, Waiting: 0.0
Worker: http://localhost:8001, qlen: 17.0
Worker: http://localhost:8001, Tokens: 26781.0
Worker: http://localhost:8002, Running: 44.0, Waiting: 0.0
Worker: http://localhost:8002, qlen: 44.0
Worker: http://localhost:8002, Tokens: 44393.0
Selected worker: http://localhost:8001
INFO:     127.0.0.1:52152 - "POST /v1/completions HTTP/1.1" 200 OK
Worker: http://localhost:8001, Running: 17.0, Waiting: 0.0
Worker: http://localhost:8001, qlen: 17.0
Worker: http://localhost:8001, Tokens: 27047.0
Worker: http://localhost:8002, Running: 44.0, Waiting: 0.0
Worker: http://localhost:8002, qlen: 44.0
Worker: http://localhost:8002, Tokens: 44393.0
Selected worker: http://localhost:8001
INFO:     127.0.0.1:52156 - "POST /v1/completions HTTP/1.1" 200 OK
Worker: http://localhost:8001, Running: 17.0, Waiting: 0.0
Worker: http://localhost:8001, qlen: 17.0
Worker: http://localhost:8001, Tokens: 27306.0
Worker: http://localhost:8002, Running: 44.0, Waiting: 0.0
Worker: http://localhost:8002, qlen: 44.0
Worker: http://localhost:8002, Tokens: 44393.0
Selected worker: http://localhost:8001
INFO:     127.0.0.1:52160 - "POST /v1/completions HTTP/1.1" 200 OK
Worker: http://localhost:8001, Running: 17.0, Waiting: 0.0
Worker: http://localhost:8001, qlen: 17.0
Worker: http://localhost:8001, Tokens: 27601.0
Worker: http://localhost:8002, Running: 44.0, Waiting: 0.0
Worker: http://localhost:8002, qlen: 44.0
Worker: http://localhost:8002, Tokens: 44393.0
Selected worker: http://localhost:8001
INFO:     127.0.0.1:52174 - "POST /v1/completions HTTP/1.1" 200 OK
Worker: http://localhost:8001, Running: 20.0, Waiting: 0.0
Worker: http://localhost:8001, qlen: 20.0
Worker: http://localhost:8001, Tokens: 30083.0
Worker: http://localhost:8002, Running: 44.0, Waiting: 0.0
Worker: http://localhost:8002, qlen: 44.0
Worker: http://localhost:8002, Tokens: 45888.0
Selected worker: http://localhost:8001
Worker: http://localhost:8001, Running: 20.0, Waiting: 0.0
Worker: http://localhost:8001, qlen: 20.0
Worker: http://localhost:8001, Tokens: 30350.0
Worker: http://localhost:8002, Running: 44.0, Waiting: 0.0
Worker: http://localhost:8002, qlen: 44.0
Worker: http://localhost:8002, Tokens: 45888.0
Selected worker: http://localhost:8001
INFO:     127.0.0.1:52184 - "POST /v1/completions HTTP/1.1" 200 OK
INFO:     127.0.0.1:52188 - "POST /v1/completions HTTP/1.1" 200 OK
Worker: http://localhost:8001, Running: 20.0, Waiting: 0.0
Worker: http://localhost:8001, qlen: 20.0
Worker: http://localhost:8001, Tokens: 30183.0
Worker: http://localhost:8002, Running: 31.0, Waiting: 0.0
Worker: http://localhost:8002, qlen: 31.0
Worker: http://localhost:8002, Tokens: 46749.0
Selected worker: http://localhost:8001
INFO:     127.0.0.1:52200 - "POST /v1/completions HTTP/1.1" 200 OK
Worker: http://localhost:8001, Running: 20.0, Waiting: 0.0
Worker: http://localhost:8001, qlen: 20.0
Worker: http://localhost:8001, Tokens: 30452.0
Worker: http://localhost:8002, Running: 31.0, Waiting: 0.0
Worker: http://localhost:8002, qlen: 31.0
Worker: http://localhost:8002, Tokens: 46749.0
Selected worker: http://localhost:8001
Worker: http://localhost:8001, Running: 20.0, Waiting: 0.0
Worker: http://localhost:8001, qlen: 20.0
Worker: http://localhost:8001, Tokens: 30741.0
Worker: http://localhost:8002, Running: 31.0, Waiting: 0.0
Worker: http://localhost:8002, qlen: 31.0
Worker: http://localhost:8002, Tokens: 46749.0
Selected worker: http://localhost:8001
Worker: http://localhost:8001, Running: 20.0, Waiting: 0.0
Worker: http://localhost:8001, qlen: 20.0
Worker: http://localhost:8001, Tokens: 31022.0
Worker: http://localhost:8002, Running: 31.0, Waiting: 0.0
Worker: http://localhost:8002, qlen: 31.0
Worker: http://localhost:8002, Tokens: 46749.0
Selected worker: http://localhost:8001
Worker: http://localhost:8001, Running: 20.0, Waiting: 0.0
Worker: http://localhost:8001, qlen: 20.0
Worker: http://localhost:8001, Tokens: 31292.0
Worker: http://localhost:8002, Running: 31.0, Waiting: 0.0
Worker: http://localhost:8002, qlen: 31.0
Worker: http://localhost:8002, Tokens: 46749.0
Selected worker: http://localhost:8001
Worker: http://localhost:8001, Running: 20.0, Waiting: 0.0
Worker: http://localhost:8001, qlen: 20.0
Worker: http://localhost:8001, Tokens: 31559.0
Worker: http://localhost:8002, Running: 31.0, Waiting: 0.0
Worker: http://localhost:8002, qlen: 31.0
Worker: http://localhost:8002, Tokens: 46749.0
Selected worker: http://localhost:8001
Worker: http://localhost:8001, Running: 20.0, Waiting: 0.0
Worker: http://localhost:8001, qlen: 20.0
Worker: http://localhost:8001, Tokens: 31863.0
Worker: http://localhost:8002, Running: 31.0, Waiting: 0.0
Worker: http://localhost:8002, qlen: 31.0
Worker: http://localhost:8002, Tokens: 46749.0
Selected worker: http://localhost:8001
Worker: http://localhost:8001, Running: 20.0, Waiting: 0.0
Worker: http://localhost:8001, qlen: 20.0
Worker: http://localhost:8001, Tokens: 33626.0
Worker: http://localhost:8002, Running: 31.0, Waiting: 0.0
Worker: http://localhost:8002, qlen: 31.0
Worker: http://localhost:8002, Tokens: 46749.0
Selected worker: http://localhost:8001
Worker: http://localhost:8001, Running: 20.0, Waiting: 0.0
Worker: http://localhost:8001, qlen: 20.0
Worker: http://localhost:8001, Tokens: 33920.0
Worker: http://localhost:8002, Running: 31.0, Waiting: 0.0
Worker: http://localhost:8002, qlen: 31.0
Worker: http://localhost:8002, Tokens: 46749.0
Selected worker: http://localhost:8001
Worker: http://localhost:8001, Running: 20.0, Waiting: 0.0
Worker: http://localhost:8001, qlen: 20.0
Worker: http://localhost:8001, Tokens: 34181.0
Worker: http://localhost:8002, Running: 31.0, Waiting: 0.0
Worker: http://localhost:8002, qlen: 31.0
Worker: http://localhost:8002, Tokens: 46749.0
Selected worker: http://localhost:8001
Worker: http://localhost:8001, Running: 20.0, Waiting: 0.0
Worker: http://localhost:8001, qlen: 20.0
Worker: http://localhost:8001, Tokens: 34445.0
Worker: http://localhost:8002, Running: 31.0, Waiting: 0.0
Worker: http://localhost:8002, qlen: 31.0
Worker: http://localhost:8002, Tokens: 46749.0
Selected worker: http://localhost:8001
INFO:     127.0.0.1:52216 - "POST /v1/completions HTTP/1.1" 200 OK
INFO:     127.0.0.1:52220 - "POST /v1/completions HTTP/1.1" 200 OK
INFO:     127.0.0.1:52230 - "POST /v1/completions HTTP/1.1" 200 OK
INFO:     127.0.0.1:52244 - "POST /v1/completions HTTP/1.1" 200 OK
INFO:     127.0.0.1:52246 - "POST /v1/completions HTTP/1.1" 200 OK
INFO:     127.0.0.1:52248 - "POST /v1/completions HTTP/1.1" 200 OK
INFO:     127.0.0.1:52256 - "POST /v1/completions HTTP/1.1" 200 OK
INFO:     127.0.0.1:52262 - "POST /v1/completions HTTP/1.1" 200 OK
INFO:     127.0.0.1:52266 - "POST /v1/completions HTTP/1.1" 200 OK
INFO:     127.0.0.1:52280 - "POST /v1/completions HTTP/1.1" 200 OK
Worker: http://localhost:8001, Running: 22.0, Waiting: 0.0
Worker: http://localhost:8001, qlen: 22.0
Worker: http://localhost:8001, Tokens: 30773.0
Worker: http://localhost:8002, Running: 31.0, Waiting: 0.0
Worker: http://localhost:8002, qlen: 31.0
Worker: http://localhost:8002, Tokens: 42110.0
Selected worker: http://localhost:8001
Worker: http://localhost:8001, Running: 22.0, Waiting: 0.0
Worker: http://localhost:8001, qlen: 22.0
Worker: http://localhost:8001, Tokens: 31033.0
Worker: http://localhost:8002, Running: 31.0, Waiting: 0.0
Worker: http://localhost:8002, qlen: 31.0
Worker: http://localhost:8002, Tokens: 42110.0
Selected worker: http://localhost:8001
Worker: http://localhost:8001, Running: 22.0, Waiting: 0.0
Worker: http://localhost:8001, qlen: 22.0
Worker: http://localhost:8001, Tokens: 32407.0
Worker: http://localhost:8002, Running: 31.0, Waiting: 0.0
Worker: http://localhost:8002, qlen: 31.0
Worker: http://localhost:8002, Tokens: 42110.0
Selected worker: http://localhost:8001
Worker: http://localhost:8001, Running: 22.0, Waiting: 0.0
Worker: http://localhost:8001, qlen: 22.0
Worker: http://localhost:8001, Tokens: 33778.0
Worker: http://localhost:8002, Running: 31.0, Waiting: 0.0
Worker: http://localhost:8002, qlen: 31.0
Worker: http://localhost:8002, Tokens: 42110.0
Selected worker: http://localhost:8001
Worker: http://localhost:8001, Running: 22.0, Waiting: 0.0
Worker: http://localhost:8001, qlen: 22.0
Worker: http://localhost:8001, Tokens: 35619.0
Worker: http://localhost:8002, Running: 31.0, Waiting: 0.0
Worker: http://localhost:8002, qlen: 31.0
Worker: http://localhost:8002, Tokens: 42110.0
Selected worker: http://localhost:8001
Worker: http://localhost:8001, Running: 22.0, Waiting: 0.0
Worker: http://localhost:8001, qlen: 22.0
Worker: http://localhost:8001, Tokens: 35882.0
Worker: http://localhost:8002, Running: 31.0, Waiting: 0.0
Worker: http://localhost:8002, qlen: 31.0
Worker: http://localhost:8002, Tokens: 42110.0
Selected worker: http://localhost:8001
INFO:     127.0.0.1:52294 - "POST /v1/completions HTTP/1.1" 200 OK
INFO:     127.0.0.1:52298 - "POST /v1/completions HTTP/1.1" 200 OK
INFO:     127.0.0.1:52304 - "POST /v1/completions HTTP/1.1" 200 OK
INFO:     127.0.0.1:52312 - "POST /v1/completions HTTP/1.1" 200 OK
INFO:     127.0.0.1:52320 - "POST /v1/completions HTTP/1.1" 200 OK
INFO:     127.0.0.1:52324 - "POST /v1/completions HTTP/1.1" 200 OK
Worker: http://localhost:8001, Running: 22.0, Waiting: 0.0
Worker: http://localhost:8001, qlen: 22.0
Worker: http://localhost:8001, Tokens: 36146.0
Worker: http://localhost:8002, Running: 31.0, Waiting: 0.0
Worker: http://localhost:8002, qlen: 31.0
Worker: http://localhost:8002, Tokens: 42110.0
Selected worker: http://localhost:8001
INFO:     127.0.0.1:52326 - "POST /v1/completions HTTP/1.1" 200 OK
Worker: http://localhost:8001, Running: 22.0, Waiting: 0.0
Worker: http://localhost:8001, qlen: 22.0
Worker: http://localhost:8001, Tokens: 36418.0
Worker: http://localhost:8002, Running: 31.0, Waiting: 0.0
Worker: http://localhost:8002, qlen: 31.0
Worker: http://localhost:8002, Tokens: 42110.0
Selected worker: http://localhost:8001
INFO:     127.0.0.1:52328 - "POST /v1/completions HTTP/1.1" 200 OK
Worker: http://localhost:8001, Running: 22.0, Waiting: 0.0
Worker: http://localhost:8001, qlen: 22.0
Worker: http://localhost:8001, Tokens: 36691.0
Worker: http://localhost:8002, Running: 31.0, Waiting: 0.0
Worker: http://localhost:8002, qlen: 31.0
Worker: http://localhost:8002, Tokens: 42110.0
Selected worker: http://localhost:8001
INFO:     127.0.0.1:52330 - "POST /v1/completions HTTP/1.1" 200 OK
Worker: http://localhost:8001, Running: 22.0, Waiting: 0.0
Worker: http://localhost:8001, qlen: 22.0
Worker: http://localhost:8001, Tokens: 38118.0
Worker: http://localhost:8002, Running: 31.0, Waiting: 0.0
Worker: http://localhost:8002, qlen: 31.0
Worker: http://localhost:8002, Tokens: 42110.0
Selected worker: http://localhost:8001
INFO:     127.0.0.1:52340 - "POST /v1/completions HTTP/1.1" 200 OK
Worker: http://localhost:8001, Running: 22.0, Waiting: 0.0
Worker: http://localhost:8001, qlen: 22.0
Worker: http://localhost:8001, Tokens: 38095.0
Worker: http://localhost:8002, Running: 31.0, Waiting: 0.0
Worker: http://localhost:8002, qlen: 31.0
Worker: http://localhost:8002, Tokens: 42110.0
Selected worker: http://localhost:8001
INFO:     127.0.0.1:52354 - "POST /v1/completions HTTP/1.1" 200 OK
Worker: http://localhost:8001, Running: 22.0, Waiting: 0.0
Worker: http://localhost:8001, qlen: 22.0
Worker: http://localhost:8001, Tokens: 38358.0
Worker: http://localhost:8002, Running: 31.0, Waiting: 0.0
Worker: http://localhost:8002, qlen: 31.0
Worker: http://localhost:8002, Tokens: 42110.0
Selected worker: http://localhost:8001
INFO:     127.0.0.1:52366 - "POST /v1/completions HTTP/1.1" 200 OK
Worker: http://localhost:8001, Running: 22.0, Waiting: 0.0
Worker: http://localhost:8001, qlen: 22.0
Worker: http://localhost:8001, Tokens: 38652.0
Worker: http://localhost:8002, Running: 31.0, Waiting: 0.0
Worker: http://localhost:8002, qlen: 31.0
Worker: http://localhost:8002, Tokens: 42110.0
Selected worker: http://localhost:8001
INFO:     127.0.0.1:52368 - "POST /v1/completions HTTP/1.1" 200 OK
Worker: http://localhost:8001, Running: 22.0, Waiting: 0.0
Worker: http://localhost:8001, qlen: 22.0
Worker: http://localhost:8001, Tokens: 38657.0
Worker: http://localhost:8002, Running: 31.0, Waiting: 0.0
Worker: http://localhost:8002, qlen: 31.0
Worker: http://localhost:8002, Tokens: 42110.0
Selected worker: http://localhost:8001
INFO:     127.0.0.1:52370 - "POST /v1/completions HTTP/1.1" 200 OK
Worker: http://localhost:8001, Running: 22.0, Waiting: 0.0
Worker: http://localhost:8001, qlen: 22.0
Worker: http://localhost:8001, Tokens: 40083.0
Worker: http://localhost:8002, Running: 31.0, Waiting: 0.0
Worker: http://localhost:8002, qlen: 31.0
Worker: http://localhost:8002, Tokens: 42110.0
Selected worker: http://localhost:8001
INFO:     127.0.0.1:52384 - "POST /v1/completions HTTP/1.1" 200 OK
Worker: http://localhost:8001, Running: 22.0, Waiting: 0.0
Worker: http://localhost:8001, qlen: 22.0
Worker: http://localhost:8001, Tokens: 40340.0
Worker: http://localhost:8002, Running: 14.0, Waiting: 0.0
Worker: http://localhost:8002, qlen: 14.0
Worker: http://localhost:8002, Tokens: 47431.0
Selected worker: http://localhost:8002
INFO:     127.0.0.1:52386 - "POST /v1/completions HTTP/1.1" 200 OK
Worker: http://localhost:8001, Running: 22.0, Waiting: 0.0
Worker: http://localhost:8001, qlen: 22.0
Worker: http://localhost:8001, Tokens: 40340.0
Worker: http://localhost:8002, Running: 14.0, Waiting: 0.0
Worker: http://localhost:8002, qlen: 14.0
Worker: http://localhost:8002, Tokens: 47689.0
Selected worker: http://localhost:8002
INFO:     127.0.0.1:52396 - "POST /v1/completions HTTP/1.1" 200 OK
Worker: http://localhost:8001, Running: 22.0, Waiting: 0.0
Worker: http://localhost:8001, qlen: 22.0
Worker: http://localhost:8001, Tokens: 40340.0
Worker: http://localhost:8002, Running: 14.0, Waiting: 0.0
Worker: http://localhost:8002, qlen: 14.0
Worker: http://localhost:8002, Tokens: 47965.0
Selected worker: http://localhost:8002
INFO:     127.0.0.1:52398 - "POST /v1/completions HTTP/1.1" 200 OK
Worker: http://localhost:8001, Running: 22.0, Waiting: 0.0
Worker: http://localhost:8001, qlen: 22.0
Worker: http://localhost:8001, Tokens: 40340.0
Worker: http://localhost:8002, Running: 14.0, Waiting: 0.0
Worker: http://localhost:8002, qlen: 14.0
Worker: http://localhost:8002, Tokens: 48246.0
Selected worker: http://localhost:8002
INFO:     127.0.0.1:52402 - "POST /v1/completions HTTP/1.1" 200 OK
Worker: http://localhost:8001, Running: 22.0, Waiting: 0.0
Worker: http://localhost:8001, qlen: 22.0
Worker: http://localhost:8001, Tokens: 40340.0
Worker: http://localhost:8002, Running: 14.0, Waiting: 0.0
Worker: http://localhost:8002, qlen: 14.0
Worker: http://localhost:8002, Tokens: 48538.0
Selected worker: http://localhost:8002
INFO:     127.0.0.1:52404 - "POST /v1/completions HTTP/1.1" 200 OK
Worker: http://localhost:8001, Running: 34.0, Waiting: 11.0
Worker: http://localhost:8001, qlen: 34.0
Worker: http://localhost:8001, Tokens: 37708.0
Worker: http://localhost:8002, Running: 19.0, Waiting: 0.0
Worker: http://localhost:8002, qlen: 19.0
Worker: http://localhost:8002, Tokens: 48110.0
Selected worker: http://localhost:8002
INFO:     127.0.0.1:52406 - "POST /v1/completions HTTP/1.1" 200 OK
Worker: http://localhost:8001, Running: 43.0, Waiting: 1.0
Worker: http://localhost:8001, qlen: 43.0
Worker: http://localhost:8001, Tokens: 40295.0
Worker: http://localhost:8002, Running: 19.0, Waiting: 0.0
Worker: http://localhost:8002, qlen: 19.0
Worker: http://localhost:8002, Tokens: 48205.0
Selected worker: http://localhost:8002
INFO:     127.0.0.1:52416 - "POST /v1/completions HTTP/1.1" 200 OK
Worker: http://localhost:8001, Running: 43.0, Waiting: 1.0
Worker: http://localhost:8001, qlen: 43.0
Worker: http://localhost:8001, Tokens: 40295.0
Worker: http://localhost:8002, Running: 19.0, Waiting: 0.0
Worker: http://localhost:8002, qlen: 19.0
Worker: http://localhost:8002, Tokens: 48468.0
Selected worker: http://localhost:8002
Worker: http://localhost:8001, Running: 43.0, Waiting: 1.0
Worker: http://localhost:8001, qlen: 43.0
Worker: http://localhost:8001, Tokens: 40295.0
Worker: http://localhost:8002, Running: 19.0, Waiting: 0.0
Worker: http://localhost:8002, qlen: 19.0
Worker: http://localhost:8002, Tokens: 49978.0
Selected worker: http://localhost:8002
Worker: http://localhost:8001, Running: 43.0, Waiting: 1.0
Worker: http://localhost:8001, qlen: 43.0
Worker: http://localhost:8001, Tokens: 40295.0
Worker: http://localhost:8002, Running: 19.0, Waiting: 0.0
Worker: http://localhost:8002, qlen: 19.0
Worker: http://localhost:8002, Tokens: 50237.0
Selected worker: http://localhost:8002
Worker: http://localhost:8001, Running: 43.0, Waiting: 1.0
Worker: http://localhost:8001, qlen: 43.0
Worker: http://localhost:8001, Tokens: 40295.0
Worker: http://localhost:8002, Running: 19.0, Waiting: 0.0
Worker: http://localhost:8002, qlen: 19.0
Worker: http://localhost:8002, Tokens: 50519.0
Selected worker: http://localhost:8002
INFO:     127.0.0.1:52432 - "POST /v1/completions HTTP/1.1" 200 OK
INFO:     127.0.0.1:52440 - "POST /v1/completions HTTP/1.1" 200 OK
INFO:     127.0.0.1:52448 - "POST /v1/completions HTTP/1.1" 200 OK
INFO:     127.0.0.1:52464 - "POST /v1/completions HTTP/1.1" 200 OK
Worker: http://localhost:8001, Running: 39.0, Waiting: 0.0
Worker: http://localhost:8001, qlen: 39.0
Worker: http://localhost:8001, Tokens: 44919.0
Worker: http://localhost:8002, Running: 25.0, Waiting: 0.0
Worker: http://localhost:8002, qlen: 25.0
Worker: http://localhost:8002, Tokens: 51592.0
Selected worker: http://localhost:8002
Worker: http://localhost:8001, Running: 39.0, Waiting: 0.0
Worker: http://localhost:8001, qlen: 39.0
Worker: http://localhost:8001, Tokens: 44919.0
Worker: http://localhost:8002, Running: 25.0, Waiting: 0.0
Worker: http://localhost:8002, qlen: 25.0
Worker: http://localhost:8002, Tokens: 51861.0
Selected worker: http://localhost:8002
INFO:     127.0.0.1:52466 - "POST /v1/completions HTTP/1.1" 200 OK
INFO:     127.0.0.1:52478 - "POST /v1/completions HTTP/1.1" 200 OK
Worker: http://localhost:8001, Running: 37.0, Waiting: 0.0
Worker: http://localhost:8001, qlen: 37.0
Worker: http://localhost:8001, Tokens: 44519.0
Worker: http://localhost:8002, Running: 27.0, Waiting: 0.0
Worker: http://localhost:8002, qlen: 27.0
Worker: http://localhost:8002, Tokens: 50816.0
Selected worker: http://localhost:8002
INFO:     127.0.0.1:52490 - "POST /v1/completions HTTP/1.1" 200 OK
Worker: http://localhost:8001, Running: 37.0, Waiting: 0.0
Worker: http://localhost:8001, qlen: 37.0
Worker: http://localhost:8001, Tokens: 44519.0
Worker: http://localhost:8002, Running: 27.0, Waiting: 0.0
Worker: http://localhost:8002, qlen: 27.0
Worker: http://localhost:8002, Tokens: 51091.0
Selected worker: http://localhost:8002
Worker: http://localhost:8001, Running: 37.0, Waiting: 0.0
Worker: http://localhost:8001, qlen: 37.0
Worker: http://localhost:8001, Tokens: 44519.0
Worker: http://localhost:8002, Running: 27.0, Waiting: 0.0
Worker: http://localhost:8002, qlen: 27.0
Worker: http://localhost:8002, Tokens: 51357.0
Selected worker: http://localhost:8002
Worker: http://localhost:8001, Running: 37.0, Waiting: 0.0
Worker: http://localhost:8001, qlen: 37.0
Worker: http://localhost:8001, Tokens: 44519.0
Worker: http://localhost:8002, Running: 27.0, Waiting: 0.0
Worker: http://localhost:8002, qlen: 27.0
Worker: http://localhost:8002, Tokens: 51629.0
Selected worker: http://localhost:8002
Worker: http://localhost:8001, Running: 37.0, Waiting: 0.0
Worker: http://localhost:8001, qlen: 37.0
Worker: http://localhost:8001, Tokens: 44519.0
Worker: http://localhost:8002, Running: 27.0, Waiting: 0.0
Worker: http://localhost:8002, qlen: 27.0
Worker: http://localhost:8002, Tokens: 51897.0
Selected worker: http://localhost:8002
Worker: http://localhost:8001, Running: 37.0, Waiting: 0.0
Worker: http://localhost:8001, qlen: 37.0
Worker: http://localhost:8001, Tokens: 44519.0
Worker: http://localhost:8002, Running: 27.0, Waiting: 0.0
Worker: http://localhost:8002, qlen: 27.0
Worker: http://localhost:8002, Tokens: 52162.0
Selected worker: http://localhost:8002
Worker: http://localhost:8001, Running: 37.0, Waiting: 0.0
Worker: http://localhost:8001, qlen: 37.0
Worker: http://localhost:8001, Tokens: 44519.0
Worker: http://localhost:8002, Running: 27.0, Waiting: 0.0
Worker: http://localhost:8002, qlen: 27.0
Worker: http://localhost:8002, Tokens: 52422.0
Selected worker: http://localhost:8002
Worker: http://localhost:8001, Running: 37.0, Waiting: 0.0
Worker: http://localhost:8001, qlen: 37.0
Worker: http://localhost:8001, Tokens: 44519.0
Worker: http://localhost:8002, Running: 27.0, Waiting: 0.0
Worker: http://localhost:8002, qlen: 27.0
Worker: http://localhost:8002, Tokens: 53706.0
Selected worker: http://localhost:8002
Worker: http://localhost:8001, Running: 37.0, Waiting: 0.0
Worker: http://localhost:8001, qlen: 37.0
Worker: http://localhost:8001, Tokens: 44519.0
Worker: http://localhost:8002, Running: 27.0, Waiting: 0.0
Worker: http://localhost:8002, qlen: 27.0
Worker: http://localhost:8002, Tokens: 55652.0
Selected worker: http://localhost:8002
Worker: http://localhost:8001, Running: 37.0, Waiting: 0.0
Worker: http://localhost:8001, qlen: 37.0
Worker: http://localhost:8001, Tokens: 44519.0
Worker: http://localhost:8002, Running: 27.0, Waiting: 0.0
Worker: http://localhost:8002, qlen: 27.0
Worker: http://localhost:8002, Tokens: 57493.0
Selected worker: http://localhost:8002
Worker: http://localhost:8001, Running: 37.0, Waiting: 0.0
Worker: http://localhost:8001, qlen: 37.0
Worker: http://localhost:8001, Tokens: 44519.0
Worker: http://localhost:8002, Running: 27.0, Waiting: 0.0
Worker: http://localhost:8002, qlen: 27.0
Worker: http://localhost:8002, Tokens: 57770.0
Selected worker: http://localhost:8002
INFO:     127.0.0.1:52504 - "POST /v1/completions HTTP/1.1" 200 OK
INFO:     127.0.0.1:52518 - "POST /v1/completions HTTP/1.1" 200 OK
INFO:     127.0.0.1:52528 - "POST /v1/completions HTTP/1.1" 200 OK
INFO:     127.0.0.1:52532 - "POST /v1/completions HTTP/1.1" 200 OK
INFO:     127.0.0.1:52538 - "POST /v1/completions HTTP/1.1" 200 OK
INFO:     127.0.0.1:52540 - "POST /v1/completions HTTP/1.1" 200 OK
INFO:     127.0.0.1:52544 - "POST /v1/completions HTTP/1.1" 200 OK
INFO:     127.0.0.1:52556 - "POST /v1/completions HTTP/1.1" 200 OK
INFO:     127.0.0.1:52560 - "POST /v1/completions HTTP/1.1" 200 OK
INFO:     127.0.0.1:52562 - "POST /v1/completions HTTP/1.1" 200 OK
Worker: http://localhost:8001, Running: 31.0, Waiting: 0.0
Worker: http://localhost:8001, qlen: 31.0
Worker: http://localhost:8001, Tokens: 45206.0
Worker: http://localhost:8002, Running: 27.0, Waiting: 0.0
Worker: http://localhost:8002, qlen: 27.0
Worker: http://localhost:8002, Tokens: 59566.0
Selected worker: http://localhost:8002
Worker: http://localhost:8001, Running: 31.0, Waiting: 0.0
Worker: http://localhost:8001, qlen: 31.0
Worker: http://localhost:8001, Tokens: 45206.0
Worker: http://localhost:8002, Running: 27.0, Waiting: 0.0
Worker: http://localhost:8002, qlen: 27.0
Worker: http://localhost:8002, Tokens: 61196.0
Selected worker: http://localhost:8002
Worker: http://localhost:8001, Running: 31.0, Waiting: 0.0
Worker: http://localhost:8001, qlen: 31.0
Worker: http://localhost:8001, Tokens: 45206.0
Worker: http://localhost:8002, Running: 27.0, Waiting: 0.0
Worker: http://localhost:8002, qlen: 27.0
Worker: http://localhost:8002, Tokens: 64166.0
Selected worker: http://localhost:8002
INFO:     127.0.0.1:51684 - "POST /v1/completions HTTP/1.1" 200 OK
INFO:     127.0.0.1:51690 - "POST /v1/completions HTTP/1.1" 200 OK
INFO:     127.0.0.1:51700 - "POST /v1/completions HTTP/1.1" 200 OK
Worker: http://localhost:8001, Running: 31.0, Waiting: 0.0
Worker: http://localhost:8001, qlen: 31.0
Worker: http://localhost:8001, Tokens: 44946.0
Worker: http://localhost:8002, Running: 27.0, Waiting: 0.0
Worker: http://localhost:8002, qlen: 27.0
Worker: http://localhost:8002, Tokens: 64443.0
Selected worker: http://localhost:8002
INFO:     127.0.0.1:51716 - "POST /v1/completions HTTP/1.1" 200 OK
Worker: http://localhost:8001, Running: 31.0, Waiting: 0.0
Worker: http://localhost:8001, qlen: 31.0
Worker: http://localhost:8001, Tokens: 42521.0
Worker: http://localhost:8002, Running: 22.0, Waiting: 0.0
Worker: http://localhost:8002, qlen: 22.0
Worker: http://localhost:8002, Tokens: 52396.0
Selected worker: http://localhost:8002
INFO:     127.0.0.1:51726 - "POST /v1/completions HTTP/1.1" 200 OK
Worker: http://localhost:8001, Running: 31.0, Waiting: 0.0
Worker: http://localhost:8001, qlen: 31.0
Worker: http://localhost:8001, Tokens: 42521.0
Worker: http://localhost:8002, Running: 22.0, Waiting: 0.0
Worker: http://localhost:8002, qlen: 22.0
Worker: http://localhost:8002, Tokens: 52676.0
Selected worker: http://localhost:8002
INFO:     127.0.0.1:51742 - "POST /v1/completions HTTP/1.1" 200 OK
Worker: http://localhost:8001, Running: 31.0, Waiting: 0.0
Worker: http://localhost:8001, qlen: 31.0
Worker: http://localhost:8001, Tokens: 42521.0
Worker: http://localhost:8002, Running: 22.0, Waiting: 0.0
Worker: http://localhost:8002, qlen: 22.0
Worker: http://localhost:8002, Tokens: 54011.0
Selected worker: http://localhost:8002
INFO:     127.0.0.1:51746 - "POST /v1/completions HTTP/1.1" 200 OK
Worker: http://localhost:8001, Running: 31.0, Waiting: 0.0
Worker: http://localhost:8001, qlen: 31.0
Worker: http://localhost:8001, Tokens: 42521.0
Worker: http://localhost:8002, Running: 22.0, Waiting: 0.0
Worker: http://localhost:8002, qlen: 22.0
Worker: http://localhost:8002, Tokens: 54283.0
Selected worker: http://localhost:8002
INFO:     127.0.0.1:51750 - "POST /v1/completions HTTP/1.1" 200 OK
Worker: http://localhost:8001, Running: 31.0, Waiting: 0.0
Worker: http://localhost:8001, qlen: 31.0
Worker: http://localhost:8001, Tokens: 42521.0
Worker: http://localhost:8002, Running: 22.0, Waiting: 0.0
Worker: http://localhost:8002, qlen: 22.0
Worker: http://localhost:8002, Tokens: 54559.0
Selected worker: http://localhost:8002
INFO:     127.0.0.1:51762 - "POST /v1/completions HTTP/1.1" 200 OK
Worker: http://localhost:8001, Running: 31.0, Waiting: 0.0
Worker: http://localhost:8001, qlen: 31.0
Worker: http://localhost:8001, Tokens: 42521.0
Worker: http://localhost:8002, Running: 22.0, Waiting: 0.0
Worker: http://localhost:8002, qlen: 22.0
Worker: http://localhost:8002, Tokens: 57529.0
Selected worker: http://localhost:8002
INFO:     127.0.0.1:51772 - "POST /v1/completions HTTP/1.1" 200 OK
Worker: http://localhost:8001, Running: 31.0, Waiting: 0.0
Worker: http://localhost:8001, qlen: 31.0
Worker: http://localhost:8001, Tokens: 42521.0
Worker: http://localhost:8002, Running: 22.0, Waiting: 0.0
Worker: http://localhost:8002, qlen: 22.0
Worker: http://localhost:8002, Tokens: 59415.0
Selected worker: http://localhost:8002
INFO:     127.0.0.1:51784 - "POST /v1/completions HTTP/1.1" 200 OK
Worker: http://localhost:8001, Running: 31.0, Waiting: 0.0
Worker: http://localhost:8001, qlen: 31.0
Worker: http://localhost:8001, Tokens: 42521.0
Worker: http://localhost:8002, Running: 22.0, Waiting: 0.0
Worker: http://localhost:8002, qlen: 22.0
Worker: http://localhost:8002, Tokens: 59678.0
Selected worker: http://localhost:8002
INFO:     127.0.0.1:51792 - "POST /v1/completions HTTP/1.1" 200 OK
Worker: http://localhost:8001, Running: 31.0, Waiting: 0.0
Worker: http://localhost:8001, qlen: 31.0
Worker: http://localhost:8001, Tokens: 42521.0
Worker: http://localhost:8002, Running: 22.0, Waiting: 0.0
Worker: http://localhost:8002, qlen: 22.0
Worker: http://localhost:8002, Tokens: 59953.0
Selected worker: http://localhost:8002
INFO:     127.0.0.1:51802 - "POST /v1/completions HTTP/1.1" 200 OK
Worker: http://localhost:8001, Running: 17.0, Waiting: 0.0
Worker: http://localhost:8001, qlen: 17.0
Worker: http://localhost:8001, Tokens: 47160.0
Worker: http://localhost:8002, Running: 22.0, Waiting: 0.0
Worker: http://localhost:8002, qlen: 22.0
Worker: http://localhost:8002, Tokens: 65374.0
Selected worker: http://localhost:8001
INFO:     127.0.0.1:51812 - "POST /v1/completions HTTP/1.1" 200 OK
Worker: http://localhost:8001, Running: 17.0, Waiting: 0.0
Worker: http://localhost:8001, qlen: 17.0
Worker: http://localhost:8001, Tokens: 47452.0
Worker: http://localhost:8002, Running: 22.0, Waiting: 0.0
Worker: http://localhost:8002, qlen: 22.0
Worker: http://localhost:8002, Tokens: 65374.0
Selected worker: http://localhost:8001
INFO:     127.0.0.1:51828 - "POST /v1/completions HTTP/1.1" 200 OK
Worker: http://localhost:8001, Running: 19.0, Waiting: 0.0
Worker: http://localhost:8001, qlen: 19.0
Worker: http://localhost:8001, Tokens: 48392.0
Worker: http://localhost:8002, Running: 45.0, Waiting: 0.0
Worker: http://localhost:8002, qlen: 45.0
Worker: http://localhost:8002, Tokens: 76306.0
Selected worker: http://localhost:8001
INFO:     127.0.0.1:51844 - "POST /v1/completions HTTP/1.1" 200 OK
Worker: http://localhost:8001, Running: 19.0, Waiting: 0.0
Worker: http://localhost:8001, qlen: 19.0
Worker: http://localhost:8001, Tokens: 48468.0
Worker: http://localhost:8002, Running: 45.0, Waiting: 0.0
Worker: http://localhost:8002, qlen: 45.0
Worker: http://localhost:8002, Tokens: 75478.0
Selected worker: http://localhost:8001
INFO:     127.0.0.1:51854 - "POST /v1/completions HTTP/1.1" 200 OK
Worker: http://localhost:8001, Running: 19.0, Waiting: 0.0
Worker: http://localhost:8001, qlen: 19.0
Worker: http://localhost:8001, Tokens: 48738.0
Worker: http://localhost:8002, Running: 45.0, Waiting: 0.0
Worker: http://localhost:8002, qlen: 45.0
Worker: http://localhost:8002, Tokens: 75478.0
Selected worker: http://localhost:8001
INFO:     127.0.0.1:51868 - "POST /v1/completions HTTP/1.1" 200 OK
Worker: http://localhost:8001, Running: 19.0, Waiting: 0.0
Worker: http://localhost:8001, qlen: 19.0
Worker: http://localhost:8001, Tokens: 50483.0
Worker: http://localhost:8002, Running: 45.0, Waiting: 0.0
Worker: http://localhost:8002, qlen: 45.0
Worker: http://localhost:8002, Tokens: 75478.0
Selected worker: http://localhost:8001
INFO:     127.0.0.1:51878 - "POST /v1/completions HTTP/1.1" 200 OK
Worker: http://localhost:8001, Running: 23.0, Waiting: 0.0
Worker: http://localhost:8001, qlen: 23.0
Worker: http://localhost:8001, Tokens: 52809.0
Worker: http://localhost:8002, Running: 41.0, Waiting: 0.0
Worker: http://localhost:8002, qlen: 41.0
Worker: http://localhost:8002, Tokens: 78216.0
Selected worker: http://localhost:8001
Worker: http://localhost:8001, Running: 23.0, Waiting: 0.0
Worker: http://localhost:8001, qlen: 23.0
Worker: http://localhost:8001, Tokens: 53096.0
Worker: http://localhost:8002, Running: 41.0, Waiting: 0.0
Worker: http://localhost:8002, qlen: 41.0
Worker: http://localhost:8002, Tokens: 78216.0
Selected worker: http://localhost:8001
INFO:     127.0.0.1:51886 - "POST /v1/completions HTTP/1.1" 200 OK
INFO:     127.0.0.1:51900 - "POST /v1/completions HTTP/1.1" 200 OK
Worker: http://localhost:8001, Running: 23.0, Waiting: 0.0
Worker: http://localhost:8001, qlen: 23.0
Worker: http://localhost:8001, Tokens: 53720.0
Worker: http://localhost:8002, Running: 41.0, Waiting: 0.0
Worker: http://localhost:8002, qlen: 41.0
Worker: http://localhost:8002, Tokens: 78125.0
Selected worker: http://localhost:8001
Worker: http://localhost:8001, Running: 23.0, Waiting: 0.0
Worker: http://localhost:8001, qlen: 23.0
Worker: http://localhost:8001, Tokens: 55092.0
Worker: http://localhost:8002, Running: 41.0, Waiting: 0.0
Worker: http://localhost:8002, qlen: 41.0
Worker: http://localhost:8002, Tokens: 78125.0
Selected worker: http://localhost:8001
INFO:     127.0.0.1:51912 - "POST /v1/completions HTTP/1.1" 200 OK
INFO:     127.0.0.1:51918 - "POST /v1/completions HTTP/1.1" 200 OK
Worker: http://localhost:8001, Running: 25.0, Waiting: 0.0
Worker: http://localhost:8001, qlen: 25.0
Worker: http://localhost:8001, Tokens: 57668.0
Worker: http://localhost:8002, Running: 39.0, Waiting: 0.0
Worker: http://localhost:8002, qlen: 39.0
Worker: http://localhost:8002, Tokens: 79495.0
Selected worker: http://localhost:8001
Worker: http://localhost:8001, Running: 25.0, Waiting: 0.0
Worker: http://localhost:8001, qlen: 25.0
Worker: http://localhost:8001, Tokens: 57940.0
Worker: http://localhost:8002, Running: 39.0, Waiting: 0.0
Worker: http://localhost:8002, qlen: 39.0
Worker: http://localhost:8002, Tokens: 79495.0
Selected worker: http://localhost:8001
INFO:     127.0.0.1:51932 - "POST /v1/completions HTTP/1.1" 200 OK
INFO:     127.0.0.1:51940 - "POST /v1/completions HTTP/1.1" 200 OK
Worker: http://localhost:8001, Running: 25.0, Waiting: 0.0
Worker: http://localhost:8001, qlen: 25.0
Worker: http://localhost:8001, Tokens: 57768.0
Worker: http://localhost:8002, Running: 39.0, Waiting: 0.0
Worker: http://localhost:8002, qlen: 39.0
Worker: http://localhost:8002, Tokens: 78153.0
Selected worker: http://localhost:8001
INFO:     127.0.0.1:51952 - "POST /v1/completions HTTP/1.1" 200 OK
Worker: http://localhost:8001, Running: 25.0, Waiting: 0.0
Worker: http://localhost:8001, qlen: 25.0
Worker: http://localhost:8001, Tokens: 59509.0
Worker: http://localhost:8002, Running: 39.0, Waiting: 0.0
Worker: http://localhost:8002, qlen: 39.0
Worker: http://localhost:8002, Tokens: 78153.0
Selected worker: http://localhost:8001
Worker: http://localhost:8001, Running: 25.0, Waiting: 0.0
Worker: http://localhost:8001, qlen: 25.0
Worker: http://localhost:8001, Tokens: 59772.0
Worker: http://localhost:8002, Running: 39.0, Waiting: 0.0
Worker: http://localhost:8002, qlen: 39.0
Worker: http://localhost:8002, Tokens: 78153.0
Selected worker: http://localhost:8001
Worker: http://localhost:8001, Running: 25.0, Waiting: 0.0
Worker: http://localhost:8001, qlen: 25.0
Worker: http://localhost:8001, Tokens: 60031.0
Worker: http://localhost:8002, Running: 39.0, Waiting: 0.0
Worker: http://localhost:8002, qlen: 39.0
Worker: http://localhost:8002, Tokens: 78153.0
Selected worker: http://localhost:8001
Worker: http://localhost:8001, Running: 25.0, Waiting: 0.0
Worker: http://localhost:8001, qlen: 25.0
Worker: http://localhost:8001, Tokens: 60298.0
Worker: http://localhost:8002, Running: 39.0, Waiting: 0.0
Worker: http://localhost:8002, qlen: 39.0
Worker: http://localhost:8002, Tokens: 78153.0
Selected worker: http://localhost:8001
INFO:     127.0.0.1:51954 - "POST /v1/completions HTTP/1.1" 200 OK
INFO:     127.0.0.1:51956 - "POST /v1/completions HTTP/1.1" 200 OK
INFO:     127.0.0.1:51972 - "POST /v1/completions HTTP/1.1" 200 OK
INFO:     127.0.0.1:51986 - "POST /v1/completions HTTP/1.1" 200 OK
Worker: http://localhost:8001, Running: 25.0, Waiting: 0.0
Worker: http://localhost:8001, qlen: 25.0
Worker: http://localhost:8001, Tokens: 60568.0
Worker: http://localhost:8002, Running: 32.0, Waiting: 0.0
Worker: http://localhost:8002, qlen: 32.0
Worker: http://localhost:8002, Tokens: 78319.0
Selected worker: http://localhost:8001
INFO:     127.0.0.1:51992 - "POST /v1/completions HTTP/1.1" 200 OK
Worker: http://localhost:8001, Running: 25.0, Waiting: 0.0
Worker: http://localhost:8001, qlen: 25.0
Worker: http://localhost:8001, Tokens: 60830.0
Worker: http://localhost:8002, Running: 32.0, Waiting: 0.0
Worker: http://localhost:8002, qlen: 32.0
Worker: http://localhost:8002, Tokens: 78319.0
Selected worker: http://localhost:8001
Worker: http://localhost:8001, Running: 25.0, Waiting: 0.0
Worker: http://localhost:8001, qlen: 25.0
Worker: http://localhost:8001, Tokens: 61088.0
Worker: http://localhost:8002, Running: 32.0, Waiting: 0.0
Worker: http://localhost:8002, qlen: 32.0
Worker: http://localhost:8002, Tokens: 78319.0
Selected worker: http://localhost:8001
Worker: http://localhost:8001, Running: 25.0, Waiting: 0.0
Worker: http://localhost:8001, qlen: 25.0
Worker: http://localhost:8001, Tokens: 61381.0
Worker: http://localhost:8002, Running: 32.0, Waiting: 0.0
Worker: http://localhost:8002, qlen: 32.0
Worker: http://localhost:8002, Tokens: 78319.0
Selected worker: http://localhost:8001
Worker: http://localhost:8001, Running: 25.0, Waiting: 0.0
Worker: http://localhost:8001, qlen: 25.0
Worker: http://localhost:8001, Tokens: 61647.0
Worker: http://localhost:8002, Running: 32.0, Waiting: 0.0
Worker: http://localhost:8002, qlen: 32.0
Worker: http://localhost:8002, Tokens: 78319.0
Selected worker: http://localhost:8001
Worker: http://localhost:8001, Running: 25.0, Waiting: 0.0
Worker: http://localhost:8001, qlen: 25.0
Worker: http://localhost:8001, Tokens: 61919.0
Worker: http://localhost:8002, Running: 32.0, Waiting: 0.0
Worker: http://localhost:8002, qlen: 32.0
Worker: http://localhost:8002, Tokens: 78319.0
Selected worker: http://localhost:8001
Worker: http://localhost:8001, Running: 25.0, Waiting: 0.0
Worker: http://localhost:8001, qlen: 25.0
Worker: http://localhost:8001, Tokens: 62188.0
Worker: http://localhost:8002, Running: 32.0, Waiting: 0.0
Worker: http://localhost:8002, qlen: 32.0
Worker: http://localhost:8002, Tokens: 78319.0
Selected worker: http://localhost:8001
INFO:     127.0.0.1:52042 - "POST /v1/completions HTTP/1.1" 200 OK
INFO:     127.0.0.1:52004 - "POST /v1/completions HTTP/1.1" 200 OK
INFO:     127.0.0.1:52012 - "POST /v1/completions HTTP/1.1" 200 OK
INFO:     127.0.0.1:52026 - "POST /v1/completions HTTP/1.1" 200 OK
INFO:     127.0.0.1:52050 - "POST /v1/completions HTTP/1.1" 200 OK
INFO:     127.0.0.1:52066 - "POST /v1/completions HTTP/1.1" 200 OK
Worker: http://localhost:8001, Running: 27.0, Waiting: 0.0
Worker: http://localhost:8001, qlen: 27.0
Worker: http://localhost:8001, Tokens: 57608.0
Worker: http://localhost:8002, Running: 32.0, Waiting: 0.0
Worker: http://localhost:8002, qlen: 32.0
Worker: http://localhost:8002, Tokens: 78319.0
Selected worker: http://localhost:8001
INFO:     127.0.0.1:52076 - "POST /v1/completions HTTP/1.1" 200 OK
Worker: http://localhost:8001, Running: 27.0, Waiting: 0.0
Worker: http://localhost:8001, qlen: 27.0
Worker: http://localhost:8001, Tokens: 57876.0
Worker: http://localhost:8002, Running: 32.0, Waiting: 0.0
Worker: http://localhost:8002, qlen: 32.0
Worker: http://localhost:8002, Tokens: 78319.0
Selected worker: http://localhost:8001
INFO:     127.0.0.1:52078 - "POST /v1/completions HTTP/1.1" 200 OK
Worker: http://localhost:8001, Running: 39.0, Waiting: 0.0
Worker: http://localhost:8001, qlen: 39.0
Worker: http://localhost:8001, Tokens: 63049.0
Worker: http://localhost:8002, Running: 25.0, Waiting: 0.0
Worker: http://localhost:8002, qlen: 25.0
Worker: http://localhost:8002, Tokens: 81758.0
Selected worker: http://localhost:8002
Worker: http://localhost:8001, Running: 39.0, Waiting: 0.0
Worker: http://localhost:8001, qlen: 39.0
Worker: http://localhost:8001, Tokens: 63049.0
Worker: http://localhost:8002, Running: 25.0, Waiting: 0.0
Worker: http://localhost:8002, qlen: 25.0
Worker: http://localhost:8002, Tokens: 82022.0
Selected worker: http://localhost:8002
INFO:     127.0.0.1:52080 - "POST /v1/completions HTTP/1.1" 200 OK
INFO:     127.0.0.1:52092 - "POST /v1/completions HTTP/1.1" 200 OK
Worker: http://localhost:8001, Running: 37.0, Waiting: 0.0
Worker: http://localhost:8001, qlen: 37.0
Worker: http://localhost:8001, Tokens: 64054.0
Worker: http://localhost:8002, Running: 27.0, Waiting: 0.0
Worker: http://localhost:8002, qlen: 27.0
Worker: http://localhost:8002, Tokens: 82192.0
Selected worker: http://localhost:8002
INFO:     127.0.0.1:52098 - "POST /v1/completions HTTP/1.1" 200 OK
Worker: http://localhost:8001, Running: 36.0, Waiting: 0.0
Worker: http://localhost:8001, qlen: 36.0
Worker: http://localhost:8001, Tokens: 65001.0
Worker: http://localhost:8002, Running: 28.0, Waiting: 0.0
Worker: http://localhost:8002, qlen: 28.0
Worker: http://localhost:8002, Tokens: 83145.0
Selected worker: http://localhost:8002
Worker: http://localhost:8001, Running: 36.0, Waiting: 0.0
Worker: http://localhost:8001, qlen: 36.0
Worker: http://localhost:8001, Tokens: 65001.0
Worker: http://localhost:8002, Running: 28.0, Waiting: 0.0
Worker: http://localhost:8002, qlen: 28.0
Worker: http://localhost:8002, Tokens: 85252.0
Selected worker: http://localhost:8002
INFO:     127.0.0.1:52100 - "POST /v1/completions HTTP/1.1" 200 OK
INFO:     127.0.0.1:52102 - "POST /v1/completions HTTP/1.1" 200 OK
Worker: http://localhost:8001, Running: 34.0, Waiting: 0.0
Worker: http://localhost:8001, qlen: 34.0
Worker: http://localhost:8001, Tokens: 64823.0
Worker: http://localhost:8002, Running: 28.0, Waiting: 0.0
Worker: http://localhost:8002, qlen: 28.0
Worker: http://localhost:8002, Tokens: 83397.0
Selected worker: http://localhost:8002
Worker: http://localhost:8001, Running: 34.0, Waiting: 0.0
Worker: http://localhost:8001, qlen: 34.0
Worker: http://localhost:8001, Tokens: 64823.0
Worker: http://localhost:8002, Running: 28.0, Waiting: 0.0
Worker: http://localhost:8002, qlen: 28.0
Worker: http://localhost:8002, Tokens: 83675.0
Selected worker: http://localhost:8002
Worker: http://localhost:8001, Running: 34.0, Waiting: 0.0
Worker: http://localhost:8001, qlen: 34.0
Worker: http://localhost:8001, Tokens: 64823.0
Worker: http://localhost:8002, Running: 28.0, Waiting: 0.0
Worker: http://localhost:8002, qlen: 28.0
Worker: http://localhost:8002, Tokens: 83950.0
Selected worker: http://localhost:8002
Worker: http://localhost:8001, Running: 34.0, Waiting: 0.0
Worker: http://localhost:8001, qlen: 34.0
Worker: http://localhost:8001, Tokens: 64823.0
Worker: http://localhost:8002, Running: 28.0, Waiting: 0.0
Worker: http://localhost:8002, qlen: 28.0
Worker: http://localhost:8002, Tokens: 84246.0
Selected worker: http://localhost:8002
INFO:     127.0.0.1:52114 - "POST /v1/completions HTTP/1.1" 200 OK
INFO:     127.0.0.1:52120 - "POST /v1/completions HTTP/1.1" 200 OK
INFO:     127.0.0.1:52138 - "POST /v1/completions HTTP/1.1" 200 OK
INFO:     127.0.0.1:52148 - "POST /v1/completions HTTP/1.1" 200 OK
Worker: http://localhost:8001, Running: 30.0, Waiting: 0.0
Worker: http://localhost:8001, qlen: 30.0
Worker: http://localhost:8001, Tokens: 63825.0
Worker: http://localhost:8002, Running: 28.0, Waiting: 0.0
Worker: http://localhost:8002, qlen: 28.0
Worker: http://localhost:8002, Tokens: 84510.0
Selected worker: http://localhost:8002
INFO:     127.0.0.1:52156 - "POST /v1/completions HTTP/1.1" 200 OK
Worker: http://localhost:8001, Running: 30.0, Waiting: 0.0
Worker: http://localhost:8001, qlen: 30.0
Worker: http://localhost:8001, Tokens: 63825.0
Worker: http://localhost:8002, Running: 28.0, Waiting: 0.0
Worker: http://localhost:8002, qlen: 28.0
Worker: http://localhost:8002, Tokens: 86345.0
Selected worker: http://localhost:8002
INFO:     127.0.0.1:52166 - "POST /v1/completions HTTP/1.1" 200 OK
Worker: http://localhost:8001, Running: 30.0, Waiting: 0.0
Worker: http://localhost:8001, qlen: 30.0
Worker: http://localhost:8001, Tokens: 63825.0
Worker: http://localhost:8002, Running: 28.0, Waiting: 0.0
Worker: http://localhost:8002, qlen: 28.0
Worker: http://localhost:8002, Tokens: 86609.0
Selected worker: http://localhost:8002
INFO:     127.0.0.1:52178 - "POST /v1/completions HTTP/1.1" 200 OK
Worker: http://localhost:8001, Running: 30.0, Waiting: 0.0
Worker: http://localhost:8001, qlen: 30.0
Worker: http://localhost:8001, Tokens: 63825.0
Worker: http://localhost:8002, Running: 28.0, Waiting: 0.0
Worker: http://localhost:8002, qlen: 28.0
Worker: http://localhost:8002, Tokens: 88423.0
Selected worker: http://localhost:8002
INFO:     127.0.0.1:52194 - "POST /v1/completions HTTP/1.1" 200 OK
Worker: http://localhost:8001, Running: 30.0, Waiting: 0.0
Worker: http://localhost:8001, qlen: 30.0
Worker: http://localhost:8001, Tokens: 63825.0
Worker: http://localhost:8002, Running: 28.0, Waiting: 0.0
Worker: http://localhost:8002, qlen: 28.0
Worker: http://localhost:8002, Tokens: 88692.0
Selected worker: http://localhost:8002
INFO:     127.0.0.1:52196 - "POST /v1/completions HTTP/1.1" 200 OK
Worker: http://localhost:8001, Running: 30.0, Waiting: 0.0
Worker: http://localhost:8001, qlen: 30.0
Worker: http://localhost:8001, Tokens: 63825.0
Worker: http://localhost:8002, Running: 28.0, Waiting: 0.0
Worker: http://localhost:8002, qlen: 28.0
Worker: http://localhost:8002, Tokens: 88994.0
Selected worker: http://localhost:8002
INFO:     127.0.0.1:52206 - "POST /v1/completions HTTP/1.1" 200 OK
Worker: http://localhost:8001, Running: 30.0, Waiting: 0.0
Worker: http://localhost:8001, qlen: 30.0
Worker: http://localhost:8001, Tokens: 63825.0
Worker: http://localhost:8002, Running: 28.0, Waiting: 0.0
Worker: http://localhost:8002, qlen: 28.0
Worker: http://localhost:8002, Tokens: 90616.0
Selected worker: http://localhost:8002
INFO:     127.0.0.1:52218 - "POST /v1/completions HTTP/1.1" 200 OK
Worker: http://localhost:8001, Running: 30.0, Waiting: 0.0
Worker: http://localhost:8001, qlen: 30.0
Worker: http://localhost:8001, Tokens: 63825.0
Worker: http://localhost:8002, Running: 28.0, Waiting: 0.0
Worker: http://localhost:8002, qlen: 28.0
Worker: http://localhost:8002, Tokens: 90884.0
Selected worker: http://localhost:8002
INFO:     127.0.0.1:52228 - "POST /v1/completions HTTP/1.1" 200 OK
Worker: http://localhost:8001, Running: 22.0, Waiting: 0.0
Worker: http://localhost:8001, qlen: 22.0
Worker: http://localhost:8001, Tokens: 67972.0
Worker: http://localhost:8002, Running: 42.0, Waiting: 0.0
Worker: http://localhost:8002, qlen: 42.0
Worker: http://localhost:8002, Tokens: 97086.0
Selected worker: http://localhost:8001
Worker: http://localhost:8001, Running: 22.0, Waiting: 0.0
Worker: http://localhost:8001, qlen: 22.0
Worker: http://localhost:8001, Tokens: 68270.0
Worker: http://localhost:8002, Running: 42.0, Waiting: 0.0
Worker: http://localhost:8002, qlen: 42.0
Worker: http://localhost:8002, Tokens: 97086.0
Selected worker: http://localhost:8001
INFO:     127.0.0.1:51088 - "POST /v1/completions HTTP/1.1" 200 OK
INFO:     127.0.0.1:51100 - "POST /v1/completions HTTP/1.1" 200 OK
Worker: http://localhost:8001, Running: 24.0, Waiting: 0.0
Worker: http://localhost:8001, qlen: 24.0
Worker: http://localhost:8001, Tokens: 70306.0
Worker: http://localhost:8002, Running: 40.0, Waiting: 0.0
Worker: http://localhost:8002, qlen: 40.0
Worker: http://localhost:8002, Tokens: 97925.0
Selected worker: http://localhost:8001
INFO:     127.0.0.1:51110 - "POST /v1/completions HTTP/1.1" 200 OK
Worker: http://localhost:8001, Running: 25.0, Waiting: 0.0
Worker: http://localhost:8001, qlen: 25.0
Worker: http://localhost:8001, Tokens: 71510.0
Worker: http://localhost:8002, Running: 39.0, Waiting: 0.0
Worker: http://localhost:8002, qlen: 39.0
Worker: http://localhost:8002, Tokens: 99310.0
Selected worker: http://localhost:8001
INFO:     127.0.0.1:51120 - "POST /v1/completions HTTP/1.1" 200 OK
Worker: http://localhost:8001, Running: 26.0, Waiting: 0.0
Worker: http://localhost:8001, qlen: 26.0
Worker: http://localhost:8001, Tokens: 71691.0
Worker: http://localhost:8002, Running: 38.0, Waiting: 0.0
Worker: http://localhost:8002, qlen: 38.0
Worker: http://localhost:8002, Tokens: 98848.0
Selected worker: http://localhost:8001
Worker: http://localhost:8001, Running: 26.0, Waiting: 0.0
Worker: http://localhost:8001, qlen: 26.0
Worker: http://localhost:8001, Tokens: 71953.0
Worker: http://localhost:8002, Running: 38.0, Waiting: 0.0
Worker: http://localhost:8002, qlen: 38.0
Worker: http://localhost:8002, Tokens: 98848.0
Selected worker: http://localhost:8001
Worker: http://localhost:8001, Running: 26.0, Waiting: 0.0
Worker: http://localhost:8001, qlen: 26.0
Worker: http://localhost:8001, Tokens: 72233.0
Worker: http://localhost:8002, Running: 38.0, Waiting: 0.0
Worker: http://localhost:8002, qlen: 38.0
Worker: http://localhost:8002, Tokens: 98848.0
Selected worker: http://localhost:8001
Worker: http://localhost:8001, Running: 26.0, Waiting: 0.0
Worker: http://localhost:8001, qlen: 26.0
Worker: http://localhost:8001, Tokens: 72497.0
Worker: http://localhost:8002, Running: 38.0, Waiting: 0.0
Worker: http://localhost:8002, qlen: 38.0
Worker: http://localhost:8002, Tokens: 98848.0
Selected worker: http://localhost:8001
INFO:     127.0.0.1:51130 - "POST /v1/completions HTTP/1.1" 200 OK
INFO:     127.0.0.1:51146 - "POST /v1/completions HTTP/1.1" 200 OK
INFO:     127.0.0.1:51152 - "POST /v1/completions HTTP/1.1" 200 OK
INFO:     127.0.0.1:51164 - "POST /v1/completions HTTP/1.1" 200 OK
Worker: http://localhost:8001, Running: 29.0, Waiting: 0.0
Worker: http://localhost:8001, qlen: 29.0
Worker: http://localhost:8001, Tokens: 72102.0
Worker: http://localhost:8002, Running: 34.0, Waiting: 0.0
Worker: http://localhost:8002, qlen: 34.0
Worker: http://localhost:8002, Tokens: 100079.0
Selected worker: http://localhost:8001
INFO:     127.0.0.1:51172 - "POST /v1/completions HTTP/1.1" 200 OK
Worker: http://localhost:8001, Running: 29.0, Waiting: 0.0
Worker: http://localhost:8001, qlen: 29.0
Worker: http://localhost:8001, Tokens: 72102.0
Worker: http://localhost:8002, Running: 34.0, Waiting: 0.0
Worker: http://localhost:8002, qlen: 34.0
Worker: http://localhost:8002, Tokens: 98947.0
Selected worker: http://localhost:8001
Worker: http://localhost:8001, Running: 29.0, Waiting: 0.0
Worker: http://localhost:8001, qlen: 29.0
Worker: http://localhost:8001, Tokens: 72378.0
Worker: http://localhost:8002, Running: 34.0, Waiting: 0.0
Worker: http://localhost:8002, qlen: 34.0
Worker: http://localhost:8002, Tokens: 98947.0
Selected worker: http://localhost:8001
Worker: http://localhost:8001, Running: 29.0, Waiting: 0.0
Worker: http://localhost:8001, qlen: 29.0
Worker: http://localhost:8001, Tokens: 72640.0
Worker: http://localhost:8002, Running: 34.0, Waiting: 0.0
Worker: http://localhost:8002, qlen: 34.0
Worker: http://localhost:8002, Tokens: 98947.0
Selected worker: http://localhost:8001
Worker: http://localhost:8001, Running: 29.0, Waiting: 0.0
Worker: http://localhost:8001, qlen: 29.0
Worker: http://localhost:8001, Tokens: 72933.0
Worker: http://localhost:8002, Running: 34.0, Waiting: 0.0
Worker: http://localhost:8002, qlen: 34.0
Worker: http://localhost:8002, Tokens: 98947.0
Selected worker: http://localhost:8001
INFO:     127.0.0.1:51186 - "POST /v1/completions HTTP/1.1" 200 OK
INFO:     127.0.0.1:51200 - "POST /v1/completions HTTP/1.1" 200 OK
INFO:     127.0.0.1:51202 - "POST /v1/completions HTTP/1.1" 200 OK
INFO:     127.0.0.1:51208 - "POST /v1/completions HTTP/1.1" 200 OK
Worker: http://localhost:8001, Running: 35.0, Waiting: 0.0
Worker: http://localhost:8001, qlen: 35.0
Worker: http://localhost:8001, Tokens: 74600.0
Worker: http://localhost:8002, Running: 29.0, Waiting: 0.0
Worker: http://localhost:8002, qlen: 29.0
Worker: http://localhost:8002, Tokens: 101023.0
Selected worker: http://localhost:8002
INFO:     127.0.0.1:51212 - "POST /v1/completions HTTP/1.1" 200 OK
Worker: http://localhost:8001, Running: 34.0, Waiting: 0.0
Worker: http://localhost:8001, qlen: 34.0
Worker: http://localhost:8001, Tokens: 75108.0
Worker: http://localhost:8002, Running: 30.0, Waiting: 0.0
Worker: http://localhost:8002, qlen: 30.0
Worker: http://localhost:8002, Tokens: 101419.0
Selected worker: http://localhost:8002
INFO:     127.0.0.1:51228 - "POST /v1/completions HTTP/1.1" 200 OK
Worker: http://localhost:8001, Running: 33.0, Waiting: 0.0
Worker: http://localhost:8001, qlen: 33.0
Worker: http://localhost:8001, Tokens: 76568.0
Worker: http://localhost:8002, Running: 31.0, Waiting: 0.0
Worker: http://localhost:8002, qlen: 31.0
Worker: http://localhost:8002, Tokens: 102795.0
Selected worker: http://localhost:8002
INFO:     127.0.0.1:51234 - "POST /v1/completions HTTP/1.1" 200 OK
Worker: http://localhost:8001, Running: 32.0, Waiting: 0.0
Worker: http://localhost:8001, qlen: 32.0
Worker: http://localhost:8001, Tokens: 76539.0
Worker: http://localhost:8002, Running: 32.0, Waiting: 0.0
Worker: http://localhost:8002, qlen: 32.0
Worker: http://localhost:8002, Tokens: 103242.0
Selected worker: http://localhost:8002
INFO:     127.0.0.1:51244 - "POST /v1/completions HTTP/1.1" 200 OK
Worker: http://localhost:8001, Running: 32.0, Waiting: 0.0
Worker: http://localhost:8001, qlen: 32.0
Worker: http://localhost:8001, Tokens: 76539.0
Worker: http://localhost:8002, Running: 32.0, Waiting: 0.0
Worker: http://localhost:8002, qlen: 32.0
Worker: http://localhost:8002, Tokens: 104591.0
Selected worker: http://localhost:8002
INFO:     127.0.0.1:51254 - "POST /v1/completions HTTP/1.1" 200 OK
Worker: http://localhost:8001, Running: 32.0, Waiting: 0.0
Worker: http://localhost:8001, qlen: 32.0
Worker: http://localhost:8001, Tokens: 76539.0
Worker: http://localhost:8002, Running: 32.0, Waiting: 0.0
Worker: http://localhost:8002, qlen: 32.0
Worker: http://localhost:8002, Tokens: 104859.0
Selected worker: http://localhost:8002
INFO:     127.0.0.1:51262 - "POST /v1/completions HTTP/1.1" 200 OK
Worker: http://localhost:8001, Running: 24.0, Waiting: 0.0
Worker: http://localhost:8001, qlen: 24.0
Worker: http://localhost:8001, Tokens: 77884.0
Worker: http://localhost:8002, Running: 32.0, Waiting: 0.0
Worker: http://localhost:8002, qlen: 32.0
Worker: http://localhost:8002, Tokens: 105131.0
Selected worker: http://localhost:8001
INFO:     127.0.0.1:51272 - "POST /v1/completions HTTP/1.1" 200 OK
Worker: http://localhost:8001, Running: 24.0, Waiting: 0.0
Worker: http://localhost:8001, qlen: 24.0
Worker: http://localhost:8001, Tokens: 78141.0
Worker: http://localhost:8002, Running: 32.0, Waiting: 0.0
Worker: http://localhost:8002, qlen: 32.0
Worker: http://localhost:8002, Tokens: 105131.0
Selected worker: http://localhost:8001
INFO:     127.0.0.1:51282 - "POST /v1/completions HTTP/1.1" 200 OK
Worker: http://localhost:8001, Running: 24.0, Waiting: 0.0
Worker: http://localhost:8001, qlen: 24.0
Worker: http://localhost:8001, Tokens: 78398.0
Worker: http://localhost:8002, Running: 32.0, Waiting: 0.0
Worker: http://localhost:8002, qlen: 32.0
Worker: http://localhost:8002, Tokens: 105131.0
Selected worker: http://localhost:8001
INFO:     127.0.0.1:51296 - "POST /v1/completions HTTP/1.1" 200 OK
Worker: http://localhost:8001, Running: 24.0, Waiting: 0.0
Worker: http://localhost:8001, qlen: 24.0
Worker: http://localhost:8001, Tokens: 78655.0
Worker: http://localhost:8002, Running: 32.0, Waiting: 0.0
Worker: http://localhost:8002, qlen: 32.0
Worker: http://localhost:8002, Tokens: 105131.0
Selected worker: http://localhost:8001
INFO:     127.0.0.1:51312 - "POST /v1/completions HTTP/1.1" 200 OK
Worker: http://localhost:8001, Running: 24.0, Waiting: 0.0
Worker: http://localhost:8001, qlen: 24.0
Worker: http://localhost:8001, Tokens: 78959.0
Worker: http://localhost:8002, Running: 32.0, Waiting: 0.0
Worker: http://localhost:8002, qlen: 32.0
Worker: http://localhost:8002, Tokens: 105131.0
Selected worker: http://localhost:8001
INFO:     127.0.0.1:51324 - "POST /v1/completions HTTP/1.1" 200 OK
Worker: http://localhost:8001, Running: 29.0, Waiting: 0.0
Worker: http://localhost:8001, qlen: 29.0
Worker: http://localhost:8001, Tokens: 78709.0
Worker: http://localhost:8002, Running: 35.0, Waiting: 0.0
Worker: http://localhost:8002, qlen: 35.0
Worker: http://localhost:8002, Tokens: 106291.0
Selected worker: http://localhost:8001
INFO:     127.0.0.1:51332 - "POST /v1/completions HTTP/1.1" 200 OK
Worker: http://localhost:8001, Running: 30.0, Waiting: 0.0
Worker: http://localhost:8001, qlen: 30.0
Worker: http://localhost:8001, Tokens: 79228.0
Worker: http://localhost:8002, Running: 33.0, Waiting: 0.0
Worker: http://localhost:8002, qlen: 33.0
Worker: http://localhost:8002, Tokens: 107036.0
Selected worker: http://localhost:8001
INFO:     127.0.0.1:51340 - "POST /v1/completions HTTP/1.1" 200 OK
Worker: http://localhost:8001, Running: 31.0, Waiting: 0.0
Worker: http://localhost:8001, qlen: 31.0
Worker: http://localhost:8001, Tokens: 80757.0
Worker: http://localhost:8002, Running: 33.0, Waiting: 0.0
Worker: http://localhost:8002, qlen: 33.0
Worker: http://localhost:8002, Tokens: 108067.0
Selected worker: http://localhost:8001
INFO:     127.0.0.1:51348 - "POST /v1/completions HTTP/1.1" 200 OK
Worker: http://localhost:8001, Running: 32.0, Waiting: 0.0
Worker: http://localhost:8001, qlen: 32.0
Worker: http://localhost:8001, Tokens: 79896.0
Worker: http://localhost:8002, Running: 32.0, Waiting: 0.0
Worker: http://localhost:8002, qlen: 32.0
Worker: http://localhost:8002, Tokens: 108870.0
Selected worker: http://localhost:8002
Worker: http://localhost:8001, Running: 32.0, Waiting: 0.0
Worker: http://localhost:8001, qlen: 32.0
Worker: http://localhost:8001, Tokens: 79896.0
Worker: http://localhost:8002, Running: 32.0, Waiting: 0.0
Worker: http://localhost:8002, qlen: 32.0
Worker: http://localhost:8002, Tokens: 109140.0
Selected worker: http://localhost:8001
Worker: http://localhost:8001, Running: 32.0, Waiting: 0.0
Worker: http://localhost:8001, qlen: 32.0
Worker: http://localhost:8001, Tokens: 80153.0
Worker: http://localhost:8002, Running: 32.0, Waiting: 0.0
Worker: http://localhost:8002, qlen: 32.0
Worker: http://localhost:8002, Tokens: 109140.0
Selected worker: http://localhost:8002
Worker: http://localhost:8001, Running: 32.0, Waiting: 0.0
Worker: http://localhost:8001, qlen: 32.0
Worker: http://localhost:8001, Tokens: 80153.0
Worker: http://localhost:8002, Running: 32.0, Waiting: 0.0
Worker: http://localhost:8002, qlen: 32.0
Worker: http://localhost:8002, Tokens: 109419.0
Selected worker: http://localhost:8001
INFO:     127.0.0.1:51354 - "POST /v1/completions HTTP/1.1" 200 OK
INFO:     127.0.0.1:51360 - "POST /v1/completions HTTP/1.1" 200 OK
INFO:     127.0.0.1:51372 - "POST /v1/completions HTTP/1.1" 200 OK
INFO:     127.0.0.1:51376 - "POST /v1/completions HTTP/1.1" 200 OK
Worker: http://localhost:8001, Running: 32.0, Waiting: 0.0
Worker: http://localhost:8001, qlen: 32.0
Worker: http://localhost:8001, Tokens: 80431.0
Worker: http://localhost:8002, Running: 32.0, Waiting: 0.0
Worker: http://localhost:8002, qlen: 32.0
Worker: http://localhost:8002, Tokens: 109419.0
Selected worker: http://localhost:8001
INFO:     127.0.0.1:51358 - "POST /v1/completions HTTP/1.1" 200 OK
Worker: http://localhost:8001, Running: 30.0, Waiting: 0.0
Worker: http://localhost:8001, qlen: 30.0
Worker: http://localhost:8001, Tokens: 81790.0
Worker: http://localhost:8002, Running: 34.0, Waiting: 0.0
Worker: http://localhost:8002, qlen: 34.0
Worker: http://localhost:8002, Tokens: 108763.0
Selected worker: http://localhost:8001
INFO:     127.0.0.1:33930 - "POST /v1/completions HTTP/1.1" 200 OK
Worker: http://localhost:8001, Running: 30.0, Waiting: 0.0
Worker: http://localhost:8001, qlen: 30.0
Worker: http://localhost:8001, Tokens: 82049.0
Worker: http://localhost:8002, Running: 34.0, Waiting: 0.0
Worker: http://localhost:8002, qlen: 34.0
Worker: http://localhost:8002, Tokens: 108763.0
Selected worker: http://localhost:8001
INFO:     127.0.0.1:33946 - "POST /v1/completions HTTP/1.1" 200 OK
Worker: http://localhost:8001, Running: 32.0, Waiting: 0.0
Worker: http://localhost:8001, qlen: 32.0
Worker: http://localhost:8001, Tokens: 81782.0
Worker: http://localhost:8002, Running: 32.0, Waiting: 0.0
Worker: http://localhost:8002, qlen: 32.0
Worker: http://localhost:8002, Tokens: 109593.0
Selected worker: http://localhost:8001
INFO:     127.0.0.1:33956 - "POST /v1/completions HTTP/1.1" 200 OK
Worker: http://localhost:8001, Running: 32.0, Waiting: 0.0
Worker: http://localhost:8001, qlen: 32.0
Worker: http://localhost:8001, Tokens: 82312.0
Worker: http://localhost:8002, Running: 32.0, Waiting: 0.0
Worker: http://localhost:8002, qlen: 32.0
Worker: http://localhost:8002, Tokens: 110009.0
Selected worker: http://localhost:8002
INFO:     127.0.0.1:33964 - "POST /v1/completions HTTP/1.1" 200 OK
Worker: http://localhost:8001, Running: 31.0, Waiting: 0.0
Worker: http://localhost:8001, qlen: 31.0
Worker: http://localhost:8001, Tokens: 83767.0
Worker: http://localhost:8002, Running: 33.0, Waiting: 0.0
Worker: http://localhost:8002, qlen: 33.0
Worker: http://localhost:8002, Tokens: 111487.0
Selected worker: http://localhost:8001
INFO:     127.0.0.1:33966 - "POST /v1/completions HTTP/1.1" 200 OK
Worker: http://localhost:8001, Running: 31.0, Waiting: 0.0
Worker: http://localhost:8001, qlen: 31.0
Worker: http://localhost:8001, Tokens: 83935.0
Worker: http://localhost:8002, Running: 33.0, Waiting: 0.0
Worker: http://localhost:8002, qlen: 33.0
Worker: http://localhost:8002, Tokens: 112147.0
Selected worker: http://localhost:8001
INFO:     127.0.0.1:33974 - "POST /v1/completions HTTP/1.1" 200 OK
Worker: http://localhost:8001, Running: 31.0, Waiting: 0.0
Worker: http://localhost:8001, qlen: 31.0
Worker: http://localhost:8001, Tokens: 85525.0
Worker: http://localhost:8002, Running: 33.0, Waiting: 0.0
Worker: http://localhost:8002, qlen: 33.0
Worker: http://localhost:8002, Tokens: 112147.0
Selected worker: http://localhost:8001
INFO:     127.0.0.1:33980 - "POST /v1/completions HTTP/1.1" 200 OK
Worker: http://localhost:8001, Running: 31.0, Waiting: 0.0
Worker: http://localhost:8001, qlen: 31.0
Worker: http://localhost:8001, Tokens: 85792.0
Worker: http://localhost:8002, Running: 33.0, Waiting: 0.0
Worker: http://localhost:8002, qlen: 33.0
Worker: http://localhost:8002, Tokens: 112147.0
Selected worker: http://localhost:8001
INFO:     127.0.0.1:33992 - "POST /v1/completions HTTP/1.1" 200 OK
Worker: http://localhost:8001, Running: 29.0, Waiting: 0.0
Worker: http://localhost:8001, qlen: 29.0
Worker: http://localhost:8001, Tokens: 86697.0
Worker: http://localhost:8002, Running: 33.0, Waiting: 0.0
Worker: http://localhost:8002, qlen: 33.0
Worker: http://localhost:8002, Tokens: 112477.0
Selected worker: http://localhost:8001
Worker: http://localhost:8001, Running: 29.0, Waiting: 0.0
Worker: http://localhost:8001, qlen: 29.0
Worker: http://localhost:8001, Tokens: 88568.0
Worker: http://localhost:8002, Running: 33.0, Waiting: 0.0
Worker: http://localhost:8002, qlen: 33.0
Worker: http://localhost:8002, Tokens: 112477.0
Selected worker: http://localhost:8001
INFO:     127.0.0.1:34000 - "POST /v1/completions HTTP/1.1" 200 OK
INFO:     127.0.0.1:34012 - "POST /v1/completions HTTP/1.1" 200 OK
Worker: http://localhost:8001, Running: 29.0, Waiting: 0.0
Worker: http://localhost:8001, qlen: 29.0
Worker: http://localhost:8001, Tokens: 88825.0
Worker: http://localhost:8002, Running: 33.0, Waiting: 0.0
Worker: http://localhost:8002, qlen: 33.0
Worker: http://localhost:8002, Tokens: 111928.0
Selected worker: http://localhost:8001
Worker: http://localhost:8001, Running: 29.0, Waiting: 0.0
Worker: http://localhost:8001, qlen: 29.0
Worker: http://localhost:8001, Tokens: 90149.0
Worker: http://localhost:8002, Running: 33.0, Waiting: 0.0
Worker: http://localhost:8002, qlen: 33.0
Worker: http://localhost:8002, Tokens: 111928.0
Selected worker: http://localhost:8001
INFO:     127.0.0.1:34024 - "POST /v1/completions HTTP/1.1" 200 OK
INFO:     127.0.0.1:34040 - "POST /v1/completions HTTP/1.1" 200 OK
Worker: http://localhost:8001, Running: 30.0, Waiting: 1.0
Worker: http://localhost:8001, qlen: 30.0
Worker: http://localhost:8001, Tokens: 86618.0
Worker: http://localhost:8002, Running: 31.0, Waiting: 0.0
Worker: http://localhost:8002, qlen: 31.0
Worker: http://localhost:8002, Tokens: 113010.0
Selected worker: http://localhost:8001
INFO:     127.0.0.1:34056 - "POST /v1/completions HTTP/1.1" 200 OK
Worker: http://localhost:8001, Running: 33.0, Waiting: 0.0
Worker: http://localhost:8001, qlen: 33.0
Worker: http://localhost:8001, Tokens: 91116.0
Worker: http://localhost:8002, Running: 31.0, Waiting: 0.0
Worker: http://localhost:8002, qlen: 31.0
Worker: http://localhost:8002, Tokens: 113159.0
Selected worker: http://localhost:8002
INFO:     127.0.0.1:34070 - "POST /v1/completions HTTP/1.1" 200 OK
Worker: http://localhost:8001, Running: 33.0, Waiting: 0.0
Worker: http://localhost:8001, qlen: 33.0
Worker: http://localhost:8001, Tokens: 92397.0
Worker: http://localhost:8002, Running: 31.0, Waiting: 0.0
Worker: http://localhost:8002, qlen: 31.0
Worker: http://localhost:8002, Tokens: 116026.0
Selected worker: http://localhost:8002
INFO:     127.0.0.1:34078 - "POST /v1/completions HTTP/1.1" 200 OK
Worker: http://localhost:8001, Running: 32.0, Waiting: 0.0
Worker: http://localhost:8001, qlen: 32.0
Worker: http://localhost:8001, Tokens: 92817.0
Worker: http://localhost:8002, Running: 32.0, Waiting: 0.0
Worker: http://localhost:8002, qlen: 32.0
Worker: http://localhost:8002, Tokens: 116731.0
Selected worker: http://localhost:8002
INFO:     127.0.0.1:34092 - "POST /v1/completions HTTP/1.1" 200 OK
Worker: http://localhost:8001, Running: 30.0, Waiting: 0.0
Worker: http://localhost:8001, qlen: 30.0
Worker: http://localhost:8001, Tokens: 93498.0
Worker: http://localhost:8002, Running: 32.0, Waiting: 0.0
Worker: http://localhost:8002, qlen: 32.0
Worker: http://localhost:8002, Tokens: 117000.0
Selected worker: http://localhost:8001
INFO:     127.0.0.1:34108 - "POST /v1/completions HTTP/1.1" 200 OK
Worker: http://localhost:8001, Running: 31.0, Waiting: 0.0
Worker: http://localhost:8001, qlen: 31.0
Worker: http://localhost:8001, Tokens: 93229.0
Worker: http://localhost:8002, Running: 33.0, Waiting: 0.0
Worker: http://localhost:8002, qlen: 33.0
Worker: http://localhost:8002, Tokens: 117015.0
Selected worker: http://localhost:8001
Worker: http://localhost:8001, Running: 31.0, Waiting: 0.0
Worker: http://localhost:8001, qlen: 31.0
Worker: http://localhost:8001, Tokens: 93507.0
Worker: http://localhost:8002, Running: 33.0, Waiting: 0.0
Worker: http://localhost:8002, qlen: 33.0
Worker: http://localhost:8002, Tokens: 117015.0
Selected worker: http://localhost:8001
INFO:     127.0.0.1:34124 - "POST /v1/completions HTTP/1.1" 200 OK
INFO:     127.0.0.1:34126 - "POST /v1/completions HTTP/1.1" 200 OK
Worker: http://localhost:8001, Running: 31.0, Waiting: 0.0
Worker: http://localhost:8001, qlen: 31.0
Worker: http://localhost:8001, Tokens: 93493.0
Worker: http://localhost:8002, Running: 33.0, Waiting: 0.0
Worker: http://localhost:8002, qlen: 33.0
Worker: http://localhost:8002, Tokens: 117114.0
Selected worker: http://localhost:8001
INFO:     127.0.0.1:34140 - "POST /v1/completions HTTP/1.1" 200 OK
Worker: http://localhost:8001, Running: 31.0, Waiting: 0.0
Worker: http://localhost:8001, qlen: 31.0
Worker: http://localhost:8001, Tokens: 96343.0
Worker: http://localhost:8002, Running: 33.0, Waiting: 0.0
Worker: http://localhost:8002, qlen: 33.0
Worker: http://localhost:8002, Tokens: 119195.0
Selected worker: http://localhost:8001
INFO:     127.0.0.1:34146 - "POST /v1/completions HTTP/1.1" 200 OK
Worker: http://localhost:8001, Running: 32.0, Waiting: 0.0
Worker: http://localhost:8001, qlen: 32.0
Worker: http://localhost:8001, Tokens: 96442.0
Worker: http://localhost:8002, Running: 32.0, Waiting: 0.0
Worker: http://localhost:8002, qlen: 32.0
Worker: http://localhost:8002, Tokens: 119908.0
Selected worker: http://localhost:8001
INFO:     127.0.0.1:34162 - "POST /v1/completions HTTP/1.1" 200 OK
Worker: http://localhost:8001, Running: 32.0, Waiting: 0.0
Worker: http://localhost:8001, qlen: 32.0
Worker: http://localhost:8001, Tokens: 97072.0
Worker: http://localhost:8002, Running: 32.0, Waiting: 0.0
Worker: http://localhost:8002, qlen: 32.0
Worker: http://localhost:8002, Tokens: 119959.0
Selected worker: http://localhost:8002
INFO:     127.0.0.1:45696 - "POST /v1/completions HTTP/1.1" 200 OK
Worker: http://localhost:8001, Running: 32.0, Waiting: 0.0
Worker: http://localhost:8001, qlen: 32.0
Worker: http://localhost:8001, Tokens: 96375.0
Worker: http://localhost:8002, Running: 32.0, Waiting: 0.0
Worker: http://localhost:8002, qlen: 32.0
Worker: http://localhost:8002, Tokens: 120218.0
Selected worker: http://localhost:8001
INFO:     127.0.0.1:45710 - "POST /v1/completions HTTP/1.1" 200 OK
Worker: http://localhost:8001, Running: 32.0, Waiting: 0.0
Worker: http://localhost:8001, qlen: 32.0
Worker: http://localhost:8001, Tokens: 96639.0
Worker: http://localhost:8002, Running: 32.0, Waiting: 0.0
Worker: http://localhost:8002, qlen: 32.0
Worker: http://localhost:8002, Tokens: 120218.0
Selected worker: http://localhost:8002
INFO:     127.0.0.1:45724 - "POST /v1/completions HTTP/1.1" 200 OK
Worker: http://localhost:8001, Running: 32.0, Waiting: 0.0
Worker: http://localhost:8001, qlen: 32.0
Worker: http://localhost:8001, Tokens: 96639.0
Worker: http://localhost:8002, Running: 32.0, Waiting: 0.0
Worker: http://localhost:8002, qlen: 32.0
Worker: http://localhost:8002, Tokens: 120489.0
Selected worker: http://localhost:8001
INFO:     127.0.0.1:45732 - "POST /v1/completions HTTP/1.1" 200 OK
Worker: http://localhost:8001, Running: 31.0, Waiting: 0.0
Worker: http://localhost:8001, qlen: 31.0
Worker: http://localhost:8001, Tokens: 99338.0
Worker: http://localhost:8002, Running: 33.0, Waiting: 0.0
Worker: http://localhost:8002, qlen: 33.0
Worker: http://localhost:8002, Tokens: 122577.0
Selected worker: http://localhost:8001
INFO:     127.0.0.1:45742 - "POST /v1/completions HTTP/1.1" 200 OK
Worker: http://localhost:8001, Running: 31.0, Waiting: 0.0
Worker: http://localhost:8001, qlen: 31.0
Worker: http://localhost:8001, Tokens: 99764.0
Worker: http://localhost:8002, Running: 33.0, Waiting: 0.0
Worker: http://localhost:8002, qlen: 33.0
Worker: http://localhost:8002, Tokens: 122973.0
Selected worker: http://localhost:8001
INFO:     127.0.0.1:45748 - "POST /v1/completions HTTP/1.1" 200 OK
Worker: http://localhost:8001, Running: 31.0, Waiting: 0.0
Worker: http://localhost:8001, qlen: 31.0
Worker: http://localhost:8001, Tokens: 99935.0
Worker: http://localhost:8002, Running: 33.0, Waiting: 0.0
Worker: http://localhost:8002, qlen: 33.0
Worker: http://localhost:8002, Tokens: 123402.0
Selected worker: http://localhost:8001
Worker: http://localhost:8001, Running: 31.0, Waiting: 0.0
Worker: http://localhost:8001, qlen: 31.0
Worker: http://localhost:8001, Tokens: 101490.0
Worker: http://localhost:8002, Running: 33.0, Waiting: 0.0
Worker: http://localhost:8002, qlen: 33.0
Worker: http://localhost:8002, Tokens: 123402.0
Selected worker: http://localhost:8001
INFO:     127.0.0.1:45758 - "POST /v1/completions HTTP/1.1" 200 OK
INFO:     127.0.0.1:45760 - "POST /v1/completions HTTP/1.1" 200 OK
Worker: http://localhost:8001, Running: 29.0, Waiting: 0.0
Worker: http://localhost:8001, qlen: 29.0
Worker: http://localhost:8001, Tokens: 100761.0
Worker: http://localhost:8002, Running: 33.0, Waiting: 0.0
Worker: http://localhost:8002, qlen: 33.0
Worker: http://localhost:8002, Tokens: 123235.0
Selected worker: http://localhost:8001
Worker: http://localhost:8001, Running: 29.0, Waiting: 0.0
Worker: http://localhost:8001, qlen: 29.0
Worker: http://localhost:8001, Tokens: 101036.0
Worker: http://localhost:8002, Running: 33.0, Waiting: 0.0
Worker: http://localhost:8002, qlen: 33.0
Worker: http://localhost:8002, Tokens: 123235.0
Selected worker: http://localhost:8001
INFO:     127.0.0.1:45776 - "POST /v1/completions HTTP/1.1" 200 OK
INFO:     127.0.0.1:45792 - "POST /v1/completions HTTP/1.1" 200 OK
Worker: http://localhost:8001, Running: 33.0, Waiting: 0.0
Worker: http://localhost:8001, qlen: 33.0
Worker: http://localhost:8001, Tokens: 107950.0
Worker: http://localhost:8002, Running: 31.0, Waiting: 0.0
Worker: http://localhost:8002, qlen: 31.0
Worker: http://localhost:8002, Tokens: 126031.0
Selected worker: http://localhost:8002
INFO:     127.0.0.1:45802 - "POST /v1/completions HTTP/1.1" 200 OK
Worker: http://localhost:8001, Running: 31.0, Waiting: 0.0
Worker: http://localhost:8001, qlen: 31.0
Worker: http://localhost:8001, Tokens: 108788.0
Worker: http://localhost:8002, Running: 32.0, Waiting: 0.0
Worker: http://localhost:8002, qlen: 32.0
Worker: http://localhost:8002, Tokens: 126424.0
Selected worker: http://localhost:8001
INFO:     127.0.0.1:45818 - "POST /v1/completions HTTP/1.1" 200 OK
Worker: http://localhost:8001, Running: 32.0, Waiting: 0.0
Worker: http://localhost:8001, qlen: 32.0
Worker: http://localhost:8001, Tokens: 108787.0
Worker: http://localhost:8002, Running: 32.0, Waiting: 0.0
Worker: http://localhost:8002, qlen: 32.0
Worker: http://localhost:8002, Tokens: 126968.0
Selected worker: http://localhost:8002
Worker: http://localhost:8001, Running: 32.0, Waiting: 0.0
Worker: http://localhost:8001, qlen: 32.0
Worker: http://localhost:8001, Tokens: 108787.0
Worker: http://localhost:8002, Running: 32.0, Waiting: 0.0
Worker: http://localhost:8002, qlen: 32.0
Worker: http://localhost:8002, Tokens: 127259.0
Selected worker: http://localhost:8002
INFO:     127.0.0.1:45830 - "POST /v1/completions HTTP/1.1" 200 OK
INFO:     127.0.0.1:45844 - "POST /v1/completions HTTP/1.1" 200 OK
Worker: http://localhost:8001, Running: 30.0, Waiting: 0.0
Worker: http://localhost:8001, qlen: 30.0
Worker: http://localhost:8001, Tokens: 111851.0
Worker: http://localhost:8002, Running: 34.0, Waiting: 0.0
Worker: http://localhost:8002, qlen: 34.0
Worker: http://localhost:8002, Tokens: 129354.0
Selected worker: http://localhost:8001
INFO:     127.0.0.1:45860 - "POST /v1/completions HTTP/1.1" 200 OK
Worker: http://localhost:8001, Running: 30.0, Waiting: 0.0
Worker: http://localhost:8001, qlen: 30.0
Worker: http://localhost:8001, Tokens: 111655.0
Worker: http://localhost:8002, Running: 34.0, Waiting: 0.0
Worker: http://localhost:8002, qlen: 34.0
Worker: http://localhost:8002, Tokens: 129354.0
Selected worker: http://localhost:8001
INFO:     127.0.0.1:45988 - "POST /v1/completions HTTP/1.1" 200 OK
Worker: http://localhost:8001, Running: 31.0, Waiting: 0.0
Worker: http://localhost:8001, qlen: 31.0
Worker: http://localhost:8001, Tokens: 114725.0
Worker: http://localhost:8002, Running: 33.0, Waiting: 0.0
Worker: http://localhost:8002, qlen: 33.0
Worker: http://localhost:8002, Tokens: 130071.0
Selected worker: http://localhost:8001
INFO:     127.0.0.1:45996 - "POST /v1/completions HTTP/1.1" 200 OK
Worker: http://localhost:8001, Running: 31.0, Waiting: 0.0
Worker: http://localhost:8001, qlen: 31.0
Worker: http://localhost:8001, Tokens: 114986.0
Worker: http://localhost:8002, Running: 33.0, Waiting: 0.0
Worker: http://localhost:8002, qlen: 33.0
Worker: http://localhost:8002, Tokens: 130071.0
Selected worker: http://localhost:8001
INFO:     127.0.0.1:46006 - "POST /v1/completions HTTP/1.1" 200 OK
Worker: http://localhost:8001, Running: 33.0, Waiting: 0.0
Worker: http://localhost:8001, qlen: 33.0
Worker: http://localhost:8001, Tokens: 120096.0
Worker: http://localhost:8002, Running: 31.0, Waiting: 0.0
Worker: http://localhost:8002, qlen: 31.0
Worker: http://localhost:8002, Tokens: 133191.0
Selected worker: http://localhost:8002
INFO:     127.0.0.1:46012 - "POST /v1/completions HTTP/1.1" 200 OK
Worker: http://localhost:8001, Running: 32.0, Waiting: 0.0
Worker: http://localhost:8001, qlen: 32.0
Worker: http://localhost:8001, Tokens: 121060.0
Worker: http://localhost:8002, Running: 32.0, Waiting: 0.0
Worker: http://localhost:8002, qlen: 32.0
Worker: http://localhost:8002, Tokens: 136212.0
Selected worker: http://localhost:8002
INFO:     127.0.0.1:46022 - "POST /v1/completions HTTP/1.1" 200 OK
Worker: http://localhost:8001, Running: 31.0, Waiting: 0.0
Worker: http://localhost:8001, qlen: 31.0
Worker: http://localhost:8001, Tokens: 121146.0
Worker: http://localhost:8002, Running: 33.0, Waiting: 0.0
Worker: http://localhost:8002, qlen: 33.0
Worker: http://localhost:8002, Tokens: 137542.0
Selected worker: http://localhost:8001
INFO:     127.0.0.1:46026 - "POST /v1/completions HTTP/1.1" 200 OK
Worker: http://localhost:8001, Running: 30.0, Waiting: 0.0
Worker: http://localhost:8001, qlen: 30.0
Worker: http://localhost:8001, Tokens: 119212.0
Worker: http://localhost:8002, Running: 33.0, Waiting: 0.0
Worker: http://localhost:8002, qlen: 33.0
Worker: http://localhost:8002, Tokens: 137542.0
Selected worker: http://localhost:8001
INFO:     127.0.0.1:46032 - "POST /v1/completions HTTP/1.1" 200 OK
Worker: http://localhost:8001, Running: 30.0, Waiting: 0.0
Worker: http://localhost:8001, qlen: 30.0
Worker: http://localhost:8001, Tokens: 117563.0
Worker: http://localhost:8002, Running: 33.0, Waiting: 0.0
Worker: http://localhost:8002, qlen: 33.0
Worker: http://localhost:8002, Tokens: 137542.0
Selected worker: http://localhost:8001
INFO:     127.0.0.1:46038 - "POST /v1/completions HTTP/1.1" 200 OK
Worker: http://localhost:8001, Running: 30.0, Waiting: 0.0
Worker: http://localhost:8001, qlen: 30.0
Worker: http://localhost:8001, Tokens: 117861.0
Worker: http://localhost:8002, Running: 33.0, Waiting: 0.0
Worker: http://localhost:8002, qlen: 33.0
Worker: http://localhost:8002, Tokens: 137542.0
Selected worker: http://localhost:8001
INFO:     127.0.0.1:46040 - "POST /v1/completions HTTP/1.1" 200 OK
Worker: http://localhost:8001, Running: 30.0, Waiting: 0.0
Worker: http://localhost:8001, qlen: 30.0
Worker: http://localhost:8001, Tokens: 110618.0
Worker: http://localhost:8002, Running: 33.0, Waiting: 0.0
Worker: http://localhost:8002, qlen: 33.0
Worker: http://localhost:8002, Tokens: 137740.0
Selected worker: http://localhost:8001
INFO:     127.0.0.1:46048 - "POST /v1/completions HTTP/1.1" 200 OK
Worker: http://localhost:8001, Running: 30.0, Waiting: 0.0
Worker: http://localhost:8001, qlen: 30.0
Worker: http://localhost:8001, Tokens: 110879.0
Worker: http://localhost:8002, Running: 33.0, Waiting: 0.0
Worker: http://localhost:8002, qlen: 33.0
Worker: http://localhost:8002, Tokens: 137740.0
Selected worker: http://localhost:8001
INFO:     127.0.0.1:46054 - "POST /v1/completions HTTP/1.1" 200 OK
Worker: http://localhost:8001, Running: 30.0, Waiting: 0.0
Worker: http://localhost:8001, qlen: 30.0
Worker: http://localhost:8001, Tokens: 112836.0
Worker: http://localhost:8002, Running: 33.0, Waiting: 0.0
Worker: http://localhost:8002, qlen: 33.0
Worker: http://localhost:8002, Tokens: 137740.0
Selected worker: http://localhost:8001
INFO:     127.0.0.1:46060 - "POST /v1/completions HTTP/1.1" 200 OK
Worker: http://localhost:8001, Running: 30.0, Waiting: 0.0
Worker: http://localhost:8001, qlen: 30.0
Worker: http://localhost:8001, Tokens: 114620.0
Worker: http://localhost:8002, Running: 33.0, Waiting: 0.0
Worker: http://localhost:8002, qlen: 33.0
Worker: http://localhost:8002, Tokens: 137740.0
Selected worker: http://localhost:8001
INFO:     127.0.0.1:46068 - "POST /v1/completions HTTP/1.1" 200 OK
Worker: http://localhost:8001, Running: 31.0, Waiting: 0.0
Worker: http://localhost:8001, qlen: 31.0
Worker: http://localhost:8001, Tokens: 128697.0
Worker: http://localhost:8002, Running: 33.0, Waiting: 0.0
Worker: http://localhost:8002, qlen: 33.0
Worker: http://localhost:8002, Tokens: 139416.0
Selected worker: http://localhost:8001
INFO:     127.0.0.1:46072 - "POST /v1/completions HTTP/1.1" 200 OK
Worker: http://localhost:8001, Running: 32.0, Waiting: 0.0
Worker: http://localhost:8001, qlen: 32.0
Worker: http://localhost:8001, Tokens: 129681.0
Worker: http://localhost:8002, Running: 32.0, Waiting: 0.0
Worker: http://localhost:8002, qlen: 32.0
Worker: http://localhost:8002, Tokens: 140680.0
Selected worker: http://localhost:8001
INFO:     127.0.0.1:46088 - "POST /v1/completions HTTP/1.1" 200 OK
Worker: http://localhost:8001, Running: 31.0, Waiting: 0.0
Worker: http://localhost:8001, qlen: 31.0
Worker: http://localhost:8001, Tokens: 129811.0
Worker: http://localhost:8002, Running: 32.0, Waiting: 0.0
Worker: http://localhost:8002, qlen: 32.0
Worker: http://localhost:8002, Tokens: 140776.0
Selected worker: http://localhost:8001
INFO:     127.0.0.1:46092 - "POST /v1/completions HTTP/1.1" 200 OK
Worker: http://localhost:8001, Running: 31.0, Waiting: 0.0
Worker: http://localhost:8001, qlen: 31.0
Worker: http://localhost:8001, Tokens: 129783.0
Worker: http://localhost:8002, Running: 32.0, Waiting: 0.0
Worker: http://localhost:8002, qlen: 32.0
Worker: http://localhost:8002, Tokens: 140904.0
Selected worker: http://localhost:8001
INFO:     127.0.0.1:46106 - "POST /v1/completions HTTP/1.1" 200 OK
Worker: http://localhost:8001, Running: 31.0, Waiting: 0.0
Worker: http://localhost:8001, qlen: 31.0
Worker: http://localhost:8001, Tokens: 129518.0
Worker: http://localhost:8002, Running: 32.0, Waiting: 0.0
Worker: http://localhost:8002, qlen: 32.0
Worker: http://localhost:8002, Tokens: 140904.0
Selected worker: http://localhost:8001
Worker: http://localhost:8001, Running: 31.0, Waiting: 0.0
Worker: http://localhost:8001, qlen: 31.0
Worker: http://localhost:8001, Tokens: 129803.0
Worker: http://localhost:8002, Running: 32.0, Waiting: 0.0
Worker: http://localhost:8002, qlen: 32.0
Worker: http://localhost:8002, Tokens: 140904.0
Selected worker: http://localhost:8001
INFO:     127.0.0.1:43882 - "POST /v1/completions HTTP/1.1" 200 OK
INFO:     127.0.0.1:43890 - "POST /v1/completions HTTP/1.1" 200 OK
Worker: http://localhost:8001, Running: 28.0, Waiting: 0.0
Worker: http://localhost:8001, qlen: 28.0
Worker: http://localhost:8001, Tokens: 130060.0
Worker: http://localhost:8002, Running: 32.0, Waiting: 0.0
Worker: http://localhost:8002, qlen: 32.0
Worker: http://localhost:8002, Tokens: 140904.0
Selected worker: http://localhost:8001
INFO:     127.0.0.1:43892 - "POST /v1/completions HTTP/1.1" 200 OK
Worker: http://localhost:8001, Running: 32.0, Waiting: 0.0
Worker: http://localhost:8001, qlen: 32.0
Worker: http://localhost:8001, Tokens: 135221.0
Worker: http://localhost:8002, Running: 32.0, Waiting: 0.0
Worker: http://localhost:8002, qlen: 32.0
Worker: http://localhost:8002, Tokens: 142792.0
Selected worker: http://localhost:8002
INFO:     127.0.0.1:43908 - "POST /v1/completions HTTP/1.1" 200 OK
Worker: http://localhost:8001, Running: 32.0, Waiting: 0.0
Worker: http://localhost:8001, qlen: 32.0
Worker: http://localhost:8001, Tokens: 131443.0
Worker: http://localhost:8002, Running: 32.0, Waiting: 0.0
Worker: http://localhost:8002, qlen: 32.0
Worker: http://localhost:8002, Tokens: 142920.0
Selected worker: http://localhost:8002
Worker: http://localhost:8001, Running: 32.0, Waiting: 0.0
Worker: http://localhost:8001, qlen: 32.0
Worker: http://localhost:8001, Tokens: 131443.0
Worker: http://localhost:8002, Running: 32.0, Waiting: 0.0
Worker: http://localhost:8002, qlen: 32.0
Worker: http://localhost:8002, Tokens: 143215.0
Selected worker: http://localhost:8001
INFO:     127.0.0.1:43914 - "POST /v1/completions HTTP/1.1" 200 OK
INFO:     127.0.0.1:43918 - "POST /v1/completions HTTP/1.1" 200 OK
Worker: http://localhost:8001, Running: 30.0, Waiting: 0.0
Worker: http://localhost:8001, qlen: 30.0
Worker: http://localhost:8001, Tokens: 136343.0
Worker: http://localhost:8002, Running: 34.0, Waiting: 0.0
Worker: http://localhost:8002, qlen: 34.0
Worker: http://localhost:8002, Tokens: 143842.0
Selected worker: http://localhost:8001
INFO:     127.0.0.1:43932 - "POST /v1/completions HTTP/1.1" 200 OK
Worker: http://localhost:8001, Running: 29.0, Waiting: 0.0
Worker: http://localhost:8001, qlen: 29.0
Worker: http://localhost:8001, Tokens: 136238.0
Worker: http://localhost:8002, Running: 34.0, Waiting: 0.0
Worker: http://localhost:8002, qlen: 34.0
Worker: http://localhost:8002, Tokens: 143944.0
Selected worker: http://localhost:8001
Worker: http://localhost:8001, Running: 29.0, Waiting: 0.0
Worker: http://localhost:8001, qlen: 29.0
Worker: http://localhost:8001, Tokens: 136500.0
Worker: http://localhost:8002, Running: 34.0, Waiting: 0.0
Worker: http://localhost:8002, qlen: 34.0
Worker: http://localhost:8002, Tokens: 143944.0
Selected worker: http://localhost:8001
INFO:     127.0.0.1:43948 - "POST /v1/completions HTTP/1.1" 200 OK
INFO:     127.0.0.1:43956 - "POST /v1/completions HTTP/1.1" 200 OK
Worker: http://localhost:8001, Running: 28.0, Waiting: 0.0
Worker: http://localhost:8001, qlen: 28.0
Worker: http://localhost:8001, Tokens: 136375.0
Worker: http://localhost:8002, Running: 34.0, Waiting: 0.0
Worker: http://localhost:8002, qlen: 34.0
Worker: http://localhost:8002, Tokens: 144080.0
Selected worker: http://localhost:8001
Worker: http://localhost:8001, Running: 28.0, Waiting: 0.0
Worker: http://localhost:8001, qlen: 28.0
Worker: http://localhost:8001, Tokens: 136669.0
Worker: http://localhost:8002, Running: 34.0, Waiting: 0.0
Worker: http://localhost:8002, qlen: 34.0
Worker: http://localhost:8002, Tokens: 144080.0
Selected worker: http://localhost:8001
INFO:     127.0.0.1:43962 - "POST /v1/completions HTTP/1.1" 200 OK
INFO:     127.0.0.1:43974 - "POST /v1/completions HTTP/1.1" 200 OK
Worker: http://localhost:8001, Running: 30.0, Waiting: 0.0
Worker: http://localhost:8001, qlen: 30.0
Worker: http://localhost:8001, Tokens: 138596.0
Worker: http://localhost:8002, Running: 34.0, Waiting: 0.0
Worker: http://localhost:8002, qlen: 34.0
Worker: http://localhost:8002, Tokens: 145848.0
Selected worker: http://localhost:8001
INFO:     127.0.0.1:43976 - "POST /v1/completions HTTP/1.1" 200 OK
Worker: http://localhost:8001, Running: 30.0, Waiting: 0.0
Worker: http://localhost:8001, qlen: 30.0
Worker: http://localhost:8001, Tokens: 137049.0
Worker: http://localhost:8002, Running: 34.0, Waiting: 0.0
Worker: http://localhost:8002, qlen: 34.0
Worker: http://localhost:8002, Tokens: 144716.0
Selected worker: http://localhost:8001
Worker: http://localhost:8001, Running: 30.0, Waiting: 0.0
Worker: http://localhost:8001, qlen: 30.0
Worker: http://localhost:8001, Tokens: 137327.0
Worker: http://localhost:8002, Running: 34.0, Waiting: 0.0
Worker: http://localhost:8002, qlen: 34.0
Worker: http://localhost:8002, Tokens: 144716.0
Selected worker: http://localhost:8001
INFO:     127.0.0.1:43988 - "POST /v1/completions HTTP/1.1" 200 OK
INFO:     127.0.0.1:43994 - "POST /v1/completions HTTP/1.1" 200 OK
Worker: http://localhost:8001, Running: 29.0, Waiting: 0.0
Worker: http://localhost:8001, qlen: 29.0
Worker: http://localhost:8001, Tokens: 139321.0
Worker: http://localhost:8002, Running: 33.0, Waiting: 0.0
Worker: http://localhost:8002, qlen: 33.0
Worker: http://localhost:8002, Tokens: 140185.0
Selected worker: http://localhost:8001
INFO:     127.0.0.1:44004 - "POST /v1/completions HTTP/1.1" 200 OK
Worker: http://localhost:8001, Running: 29.0, Waiting: 0.0
Worker: http://localhost:8001, qlen: 29.0
Worker: http://localhost:8001, Tokens: 139578.0
Worker: http://localhost:8002, Running: 33.0, Waiting: 0.0
Worker: http://localhost:8002, qlen: 33.0
Worker: http://localhost:8002, Tokens: 138452.0
Selected worker: http://localhost:8001
INFO:     127.0.0.1:44008 - "POST /v1/completions HTTP/1.1" 200 OK
Worker: http://localhost:8001, Running: 29.0, Waiting: 0.0
Worker: http://localhost:8001, qlen: 29.0
Worker: http://localhost:8001, Tokens: 139868.0
Worker: http://localhost:8002, Running: 31.0, Waiting: 0.0
Worker: http://localhost:8002, qlen: 31.0
Worker: http://localhost:8002, Tokens: 144785.0
Selected worker: http://localhost:8001
INFO:     127.0.0.1:44024 - "POST /v1/completions HTTP/1.1" 200 OK
Worker: http://localhost:8001, Running: 29.0, Waiting: 0.0
Worker: http://localhost:8001, qlen: 29.0
Worker: http://localhost:8001, Tokens: 140139.0
Worker: http://localhost:8002, Running: 31.0, Waiting: 0.0
Worker: http://localhost:8002, qlen: 31.0
Worker: http://localhost:8002, Tokens: 144499.0
Selected worker: http://localhost:8001
INFO:     127.0.0.1:44036 - "POST /v1/completions HTTP/1.1" 200 OK
Worker: http://localhost:8001, Running: 32.0, Waiting: 0.0
Worker: http://localhost:8001, qlen: 32.0
Worker: http://localhost:8001, Tokens: 139558.0
Worker: http://localhost:8002, Running: 31.0, Waiting: 0.0
Worker: http://localhost:8002, qlen: 31.0
Worker: http://localhost:8002, Tokens: 144204.0
Selected worker: http://localhost:8002
INFO:     127.0.0.1:44052 - "POST /v1/completions HTTP/1.1" 200 OK
Worker: http://localhost:8001, Running: 35.0, Waiting: 0.0
Worker: http://localhost:8001, qlen: 35.0
Worker: http://localhost:8001, Tokens: 142477.0
Worker: http://localhost:8002, Running: 29.0, Waiting: 0.0
Worker: http://localhost:8002, qlen: 29.0
Worker: http://localhost:8002, Tokens: 146976.0
Selected worker: http://localhost:8002
INFO:     127.0.0.1:44062 - "POST /v1/completions HTTP/1.1" 200 OK
Worker: http://localhost:8001, Running: 34.0, Waiting: 0.0
Worker: http://localhost:8001, qlen: 34.0
Worker: http://localhost:8001, Tokens: 142358.0
Worker: http://localhost:8002, Running: 29.0, Waiting: 0.0
Worker: http://localhost:8002, qlen: 29.0
Worker: http://localhost:8002, Tokens: 147179.0
Selected worker: http://localhost:8002
INFO:     127.0.0.1:44072 - "POST /v1/completions HTTP/1.1" 200 OK
Worker: http://localhost:8001, Running: 34.0, Waiting: 0.0
Worker: http://localhost:8001, qlen: 34.0
Worker: http://localhost:8001, Tokens: 142358.0
Worker: http://localhost:8002, Running: 29.0, Waiting: 0.0
Worker: http://localhost:8002, qlen: 29.0
Worker: http://localhost:8002, Tokens: 147460.0
Selected worker: http://localhost:8002
INFO:     127.0.0.1:44084 - "POST /v1/completions HTTP/1.1" 200 OK
Worker: http://localhost:8001, Running: 32.0, Waiting: 0.0
Worker: http://localhost:8001, qlen: 32.0
Worker: http://localhost:8001, Tokens: 142447.0
Worker: http://localhost:8002, Running: 30.0, Waiting: 0.0
Worker: http://localhost:8002, qlen: 30.0
Worker: http://localhost:8002, Tokens: 149163.0
Selected worker: http://localhost:8002
INFO:     127.0.0.1:44090 - "POST /v1/completions HTTP/1.1" 200 OK
Worker: http://localhost:8001, Running: 32.0, Waiting: 0.0
Worker: http://localhost:8001, qlen: 32.0
Worker: http://localhost:8001, Tokens: 142447.0
Worker: http://localhost:8002, Running: 30.0, Waiting: 0.0
Worker: http://localhost:8002, qlen: 30.0
Worker: http://localhost:8002, Tokens: 149423.0
Selected worker: http://localhost:8002
INFO:     127.0.0.1:44094 - "POST /v1/completions HTTP/1.1" 200 OK
Worker: http://localhost:8001, Running: 30.0, Waiting: 0.0
Worker: http://localhost:8001, qlen: 30.0
Worker: http://localhost:8001, Tokens: 142459.0
Worker: http://localhost:8002, Running: 34.0, Waiting: 0.0
Worker: http://localhost:8002, qlen: 34.0
Worker: http://localhost:8002, Tokens: 150316.0
Selected worker: http://localhost:8001
INFO:     127.0.0.1:44098 - "POST /v1/completions HTTP/1.1" 200 OK
Worker: http://localhost:8001, Running: 30.0, Waiting: 0.0
Worker: http://localhost:8001, qlen: 30.0
Worker: http://localhost:8001, Tokens: 148265.0
Worker: http://localhost:8002, Running: 34.0, Waiting: 0.0
Worker: http://localhost:8002, qlen: 34.0
Worker: http://localhost:8002, Tokens: 151166.0
Selected worker: http://localhost:8001
INFO:     127.0.0.1:44114 - "POST /v1/completions HTTP/1.1" 200 OK
Worker: http://localhost:8001, Running: 29.0, Waiting: 0.0
Worker: http://localhost:8001, qlen: 29.0
Worker: http://localhost:8001, Tokens: 144832.0
Worker: http://localhost:8002, Running: 34.0, Waiting: 0.0
Worker: http://localhost:8002, qlen: 34.0
Worker: http://localhost:8002, Tokens: 151166.0
Selected worker: http://localhost:8001
INFO:     127.0.0.1:44126 - "POST /v1/completions HTTP/1.1" 200 OK
Worker: http://localhost:8001, Running: 29.0, Waiting: 0.0
Worker: http://localhost:8001, qlen: 29.0
Worker: http://localhost:8001, Tokens: 145094.0
Worker: http://localhost:8002, Running: 34.0, Waiting: 0.0
Worker: http://localhost:8002, qlen: 34.0
Worker: http://localhost:8002, Tokens: 151166.0
Selected worker: http://localhost:8001
INFO:     127.0.0.1:44130 - "POST /v1/completions HTTP/1.1" 200 OK
Worker: http://localhost:8001, Running: 29.0, Waiting: 0.0
Worker: http://localhost:8001, qlen: 29.0
Worker: http://localhost:8001, Tokens: 146536.0
Worker: http://localhost:8002, Running: 34.0, Waiting: 0.0
Worker: http://localhost:8002, qlen: 34.0
Worker: http://localhost:8002, Tokens: 151166.0
Selected worker: http://localhost:8001
INFO:     127.0.0.1:44136 - "POST /v1/completions HTTP/1.1" 200 OK
Worker: http://localhost:8001, Running: 29.0, Waiting: 0.0
Worker: http://localhost:8001, qlen: 29.0
Worker: http://localhost:8001, Tokens: 145113.0
Worker: http://localhost:8002, Running: 34.0, Waiting: 0.0
Worker: http://localhost:8002, qlen: 34.0
Worker: http://localhost:8002, Tokens: 151302.0
Selected worker: http://localhost:8001
INFO:     127.0.0.1:44146 - "POST /v1/completions HTTP/1.1" 200 OK
Worker: http://localhost:8001, Running: 29.0, Waiting: 0.0
Worker: http://localhost:8001, qlen: 29.0
Worker: http://localhost:8001, Tokens: 145380.0
Worker: http://localhost:8002, Running: 34.0, Waiting: 0.0
Worker: http://localhost:8002, qlen: 34.0
Worker: http://localhost:8002, Tokens: 151302.0
Selected worker: http://localhost:8001
INFO:     127.0.0.1:44152 - "POST /v1/completions HTTP/1.1" 200 OK
Worker: http://localhost:8001, Running: 25.0, Waiting: 0.0
Worker: http://localhost:8001, qlen: 25.0
Worker: http://localhost:8001, Tokens: 151066.0
Worker: http://localhost:8002, Running: 34.0, Waiting: 0.0
Worker: http://localhost:8002, qlen: 34.0
Worker: http://localhost:8002, Tokens: 151676.0
Selected worker: http://localhost:8001
INFO:     127.0.0.1:44168 - "POST /v1/completions HTTP/1.1" 200 OK
Worker: http://localhost:8001, Running: 29.0, Waiting: 0.0
Worker: http://localhost:8001, qlen: 29.0
Worker: http://localhost:8001, Tokens: 152690.0
Worker: http://localhost:8002, Running: 34.0, Waiting: 0.0
Worker: http://localhost:8002, qlen: 34.0
Worker: http://localhost:8002, Tokens: 151676.0
Selected worker: http://localhost:8001
INFO:     127.0.0.1:44180 - "POST /v1/completions HTTP/1.1" 200 OK
Worker: http://localhost:8001, Running: 29.0, Waiting: 0.0
Worker: http://localhost:8001, qlen: 29.0
Worker: http://localhost:8001, Tokens: 152700.0
Worker: http://localhost:8002, Running: 34.0, Waiting: 0.0
Worker: http://localhost:8002, qlen: 34.0
Worker: http://localhost:8002, Tokens: 151812.0
Selected worker: http://localhost:8001
INFO:     127.0.0.1:44186 - "POST /v1/completions HTTP/1.1" 200 OK
Worker: http://localhost:8001, Running: 28.0, Waiting: 0.0
Worker: http://localhost:8001, qlen: 28.0
Worker: http://localhost:8001, Tokens: 153840.0
Worker: http://localhost:8002, Running: 34.0, Waiting: 0.0
Worker: http://localhost:8002, qlen: 34.0
Worker: http://localhost:8002, Tokens: 151543.0
Selected worker: http://localhost:8001
Worker: http://localhost:8001, Running: 28.0, Waiting: 0.0
Worker: http://localhost:8001, qlen: 28.0
Worker: http://localhost:8001, Tokens: 154127.0
Worker: http://localhost:8002, Running: 34.0, Waiting: 0.0
Worker: http://localhost:8002, qlen: 34.0
Worker: http://localhost:8002, Tokens: 151543.0
Selected worker: http://localhost:8001
Worker: http://localhost:8001, Running: 28.0, Waiting: 0.0
Worker: http://localhost:8001, qlen: 28.0
Worker: http://localhost:8001, Tokens: 157989.0
Worker: http://localhost:8002, Running: 34.0, Waiting: 0.0
Worker: http://localhost:8002, qlen: 34.0
Worker: http://localhost:8002, Tokens: 151543.0
Selected worker: http://localhost:8001
INFO:     127.0.0.1:44190 - "POST /v1/completions HTTP/1.1" 200 OK
INFO:     127.0.0.1:44204 - "POST /v1/completions HTTP/1.1" 200 OK
INFO:     127.0.0.1:44212 - "POST /v1/completions HTTP/1.1" 200 OK
Worker: http://localhost:8001, Running: 31.0, Waiting: 0.0
Worker: http://localhost:8001, qlen: 31.0
Worker: http://localhost:8001, Tokens: 158217.0
Worker: http://localhost:8002, Running: 33.0, Waiting: 0.0
Worker: http://localhost:8002, qlen: 33.0
Worker: http://localhost:8002, Tokens: 151992.0
Selected worker: http://localhost:8001
Worker: http://localhost:8001, Running: 31.0, Waiting: 0.0
Worker: http://localhost:8001, qlen: 31.0
Worker: http://localhost:8001, Tokens: 158498.0
Worker: http://localhost:8002, Running: 33.0, Waiting: 0.0
Worker: http://localhost:8002, qlen: 33.0
Worker: http://localhost:8002, Tokens: 151992.0
Selected worker: http://localhost:8001
INFO:     127.0.0.1:58316 - "POST /v1/completions HTTP/1.1" 200 OK
INFO:     127.0.0.1:58332 - "POST /v1/completions HTTP/1.1" 200 OK
Worker: http://localhost:8001, Running: 31.0, Waiting: 0.0
Worker: http://localhost:8001, qlen: 31.0
Worker: http://localhost:8001, Tokens: 158764.0
Worker: http://localhost:8002, Running: 31.0, Waiting: 0.0
Worker: http://localhost:8002, qlen: 31.0
Worker: http://localhost:8002, Tokens: 152144.0
Selected worker: http://localhost:8002
Worker: http://localhost:8001, Running: 31.0, Waiting: 0.0
Worker: http://localhost:8001, qlen: 31.0
Worker: http://localhost:8001, Tokens: 158764.0
Worker: http://localhost:8002, Running: 31.0, Waiting: 0.0
Worker: http://localhost:8002, qlen: 31.0
Worker: http://localhost:8002, Tokens: 153517.0
Selected worker: http://localhost:8001
INFO:     127.0.0.1:58348 - "POST /v1/completions HTTP/1.1" 200 OK
INFO:     127.0.0.1:58356 - "POST /v1/completions HTTP/1.1" 200 OK
Worker: http://localhost:8001, Running: 34.0, Waiting: 0.0
Worker: http://localhost:8001, qlen: 34.0
Worker: http://localhost:8001, Tokens: 159010.0
Worker: http://localhost:8002, Running: 30.0, Waiting: 0.0
Worker: http://localhost:8002, qlen: 30.0
Worker: http://localhost:8002, Tokens: 152878.0
Selected worker: http://localhost:8002
INFO:     127.0.0.1:58368 - "POST /v1/completions HTTP/1.1" 200 OK
Worker: http://localhost:8001, Running: 34.0, Waiting: 0.0
Worker: http://localhost:8001, qlen: 34.0
Worker: http://localhost:8001, Tokens: 159010.0
Worker: http://localhost:8002, Running: 30.0, Waiting: 0.0
Worker: http://localhost:8002, qlen: 30.0
Worker: http://localhost:8002, Tokens: 149985.0
Selected worker: http://localhost:8002
INFO:     127.0.0.1:58376 - "POST /v1/completions HTTP/1.1" 200 OK
Worker: http://localhost:8001, Running: 34.0, Waiting: 0.0
Worker: http://localhost:8001, qlen: 34.0
Worker: http://localhost:8001, Tokens: 159010.0
Worker: http://localhost:8002, Running: 30.0, Waiting: 0.0
Worker: http://localhost:8002, qlen: 30.0
Worker: http://localhost:8002, Tokens: 148829.0
Selected worker: http://localhost:8002
INFO:     127.0.0.1:58380 - "POST /v1/completions HTTP/1.1" 200 OK
Worker: http://localhost:8001, Running: 34.0, Waiting: 0.0
Worker: http://localhost:8001, qlen: 34.0
Worker: http://localhost:8001, Tokens: 159010.0
Worker: http://localhost:8002, Running: 26.0, Waiting: 0.0
Worker: http://localhost:8002, qlen: 26.0
Worker: http://localhost:8002, Tokens: 154629.0
Selected worker: http://localhost:8002
INFO:     127.0.0.1:58396 - "POST /v1/completions HTTP/1.1" 200 OK
Worker: http://localhost:8001, Running: 34.0, Waiting: 0.0
Worker: http://localhost:8001, qlen: 34.0
Worker: http://localhost:8001, Tokens: 159010.0
Worker: http://localhost:8002, Running: 26.0, Waiting: 0.0
Worker: http://localhost:8002, qlen: 26.0
Worker: http://localhost:8002, Tokens: 151769.0
Selected worker: http://localhost:8002
INFO:     127.0.0.1:58412 - "POST /v1/completions HTTP/1.1" 200 OK
Worker: http://localhost:8001, Running: 34.0, Waiting: 0.0
Worker: http://localhost:8001, qlen: 34.0
Worker: http://localhost:8001, Tokens: 159010.0
Worker: http://localhost:8002, Running: 26.0, Waiting: 0.0
Worker: http://localhost:8002, qlen: 26.0
Worker: http://localhost:8002, Tokens: 152046.0
Selected worker: http://localhost:8002
INFO:     127.0.0.1:58414 - "POST /v1/completions HTTP/1.1" 200 OK
Worker: http://localhost:8001, Running: 34.0, Waiting: 0.0
Worker: http://localhost:8001, qlen: 34.0
Worker: http://localhost:8001, Tokens: 159010.0
Worker: http://localhost:8002, Running: 26.0, Waiting: 0.0
Worker: http://localhost:8002, qlen: 26.0
Worker: http://localhost:8002, Tokens: 147498.0
Selected worker: http://localhost:8002
INFO:     127.0.0.1:58420 - "POST /v1/completions HTTP/1.1" 200 OK
Worker: http://localhost:8001, Running: 34.0, Waiting: 0.0
Worker: http://localhost:8001, qlen: 34.0
Worker: http://localhost:8001, Tokens: 159010.0
Worker: http://localhost:8002, Running: 26.0, Waiting: 0.0
Worker: http://localhost:8002, qlen: 26.0
Worker: http://localhost:8002, Tokens: 147760.0
Selected worker: http://localhost:8002
INFO:     127.0.0.1:58434 - "POST /v1/completions HTTP/1.1" 200 OK
Worker: http://localhost:8001, Running: 34.0, Waiting: 0.0
Worker: http://localhost:8001, qlen: 34.0
Worker: http://localhost:8001, Tokens: 159452.0
Worker: http://localhost:8002, Running: 26.0, Waiting: 0.0
Worker: http://localhost:8002, qlen: 26.0
Worker: http://localhost:8002, Tokens: 148046.0
Selected worker: http://localhost:8002
INFO:     127.0.0.1:58438 - "POST /v1/completions HTTP/1.1" 200 OK
Worker: http://localhost:8001, Running: 34.0, Waiting: 0.0
Worker: http://localhost:8001, qlen: 34.0
Worker: http://localhost:8001, Tokens: 159452.0
Worker: http://localhost:8002, Running: 26.0, Waiting: 0.0
Worker: http://localhost:8002, qlen: 26.0
Worker: http://localhost:8002, Tokens: 148320.0
Selected worker: http://localhost:8002
INFO:     127.0.0.1:58446 - "POST /v1/completions HTTP/1.1" 200 OK
Worker: http://localhost:8001, Running: 34.0, Waiting: 0.0
Worker: http://localhost:8001, qlen: 34.0
Worker: http://localhost:8001, Tokens: 159947.0
Worker: http://localhost:8002, Running: 30.0, Waiting: 0.0
Worker: http://localhost:8002, qlen: 30.0
Worker: http://localhost:8002, Tokens: 156169.0
Selected worker: http://localhost:8002
Worker: http://localhost:8001, Running: 34.0, Waiting: 0.0
Worker: http://localhost:8001, qlen: 34.0
Worker: http://localhost:8001, Tokens: 159947.0
Worker: http://localhost:8002, Running: 30.0, Waiting: 0.0
Worker: http://localhost:8002, qlen: 30.0
Worker: http://localhost:8002, Tokens: 158028.0
Selected worker: http://localhost:8002
INFO:     127.0.0.1:58460 - "POST /v1/completions HTTP/1.1" 200 OK
INFO:     127.0.0.1:58470 - "POST /v1/completions HTTP/1.1" 200 OK
Worker: http://localhost:8001, Running: 34.0, Waiting: 0.0
Worker: http://localhost:8001, qlen: 34.0
Worker: http://localhost:8001, Tokens: 159947.0
Worker: http://localhost:8002, Running: 30.0, Waiting: 0.0
Worker: http://localhost:8002, qlen: 30.0
Worker: http://localhost:8002, Tokens: 158291.0
Selected worker: http://localhost:8002
INFO:     127.0.0.1:58472 - "POST /v1/completions HTTP/1.1" 200 OK
Worker: http://localhost:8001, Running: 31.0, Waiting: 0.0
Worker: http://localhost:8001, qlen: 31.0
Worker: http://localhost:8001, Tokens: 160337.0
Worker: http://localhost:8002, Running: 30.0, Waiting: 0.0
Worker: http://localhost:8002, qlen: 30.0
Worker: http://localhost:8002, Tokens: 158563.0
Selected worker: http://localhost:8002
INFO:     127.0.0.1:58478 - "POST /v1/completions HTTP/1.1" 200 OK
Worker: http://localhost:8001, Running: 31.0, Waiting: 0.0
Worker: http://localhost:8001, qlen: 31.0
Worker: http://localhost:8001, Tokens: 160337.0
Worker: http://localhost:8002, Running: 30.0, Waiting: 0.0
Worker: http://localhost:8002, qlen: 30.0
Worker: http://localhost:8002, Tokens: 158829.0
Selected worker: http://localhost:8002
INFO:     127.0.0.1:58486 - "POST /v1/completions HTTP/1.1" 200 OK
Worker: http://localhost:8001, Running: 31.0, Waiting: 0.0
Worker: http://localhost:8001, qlen: 31.0
Worker: http://localhost:8001, Tokens: 160074.0
Worker: http://localhost:8002, Running: 30.0, Waiting: 0.0
Worker: http://localhost:8002, qlen: 30.0
Worker: http://localhost:8002, Tokens: 156499.0
Selected worker: http://localhost:8002
INFO:     127.0.0.1:58500 - "POST /v1/completions HTTP/1.1" 200 OK
Worker: http://localhost:8001, Running: 28.0, Waiting: 0.0
Worker: http://localhost:8001, qlen: 28.0
Worker: http://localhost:8001, Tokens: 160749.0
Worker: http://localhost:8002, Running: 30.0, Waiting: 0.0
Worker: http://localhost:8002, qlen: 30.0
Worker: http://localhost:8002, Tokens: 156499.0
Selected worker: http://localhost:8001
Worker: http://localhost:8001, Running: 28.0, Waiting: 0.0
Worker: http://localhost:8001, qlen: 28.0
Worker: http://localhost:8001, Tokens: 161009.0
Worker: http://localhost:8002, Running: 30.0, Waiting: 0.0
Worker: http://localhost:8002, qlen: 30.0
Worker: http://localhost:8002, Tokens: 156499.0
Selected worker: http://localhost:8001
INFO:     127.0.0.1:58514 - "POST /v1/completions HTTP/1.1" 200 OK
INFO:     127.0.0.1:58518 - "POST /v1/completions HTTP/1.1" 200 OK
Worker: http://localhost:8001, Running: 28.0, Waiting: 0.0
Worker: http://localhost:8001, qlen: 28.0
Worker: http://localhost:8001, Tokens: 161126.0
Worker: http://localhost:8002, Running: 36.0, Waiting: 0.0
Worker: http://localhost:8002, qlen: 36.0
Worker: http://localhost:8002, Tokens: 159608.0
Selected worker: http://localhost:8001
Worker: http://localhost:8001, Running: 28.0, Waiting: 0.0
Worker: http://localhost:8001, qlen: 28.0
Worker: http://localhost:8001, Tokens: 163074.0
Worker: http://localhost:8002, Running: 36.0, Waiting: 0.0
Worker: http://localhost:8002, qlen: 36.0
Worker: http://localhost:8002, Tokens: 159608.0
Selected worker: http://localhost:8001
INFO:     127.0.0.1:58532 - "POST /v1/completions HTTP/1.1" 200 OK
INFO:     127.0.0.1:58542 - "POST /v1/completions HTTP/1.1" 200 OK
Worker: http://localhost:8001, Running: 26.0, Waiting: 0.0
Worker: http://localhost:8001, qlen: 26.0
Worker: http://localhost:8001, Tokens: 161506.0
Worker: http://localhost:8002, Running: 36.0, Waiting: 0.0
Worker: http://localhost:8002, qlen: 36.0
Worker: http://localhost:8002, Tokens: 159608.0
Selected worker: http://localhost:8001
INFO:     127.0.0.1:58546 - "POST /v1/completions HTTP/1.1" 200 OK
Worker: http://localhost:8001, Running: 28.0, Waiting: 0.0
Worker: http://localhost:8001, qlen: 28.0
Worker: http://localhost:8001, Tokens: 164828.0
Worker: http://localhost:8002, Running: 36.0, Waiting: 0.0
Worker: http://localhost:8002, qlen: 36.0
Worker: http://localhost:8002, Tokens: 160429.0
Selected worker: http://localhost:8001
INFO:     127.0.0.1:58548 - "POST /v1/completions HTTP/1.1" 200 OK
Worker: http://localhost:8001, Running: 28.0, Waiting: 0.0
Worker: http://localhost:8001, qlen: 28.0
Worker: http://localhost:8001, Tokens: 164912.0
Worker: http://localhost:8002, Running: 36.0, Waiting: 0.0
Worker: http://localhost:8002, qlen: 36.0
Worker: http://localhost:8002, Tokens: 160168.0
Selected worker: http://localhost:8001
INFO:     127.0.0.1:58550 - "POST /v1/completions HTTP/1.1" 200 OK
Worker: http://localhost:8001, Running: 28.0, Waiting: 0.0
Worker: http://localhost:8001, qlen: 28.0
Worker: http://localhost:8001, Tokens: 165183.0
Worker: http://localhost:8002, Running: 36.0, Waiting: 0.0
Worker: http://localhost:8002, qlen: 36.0
Worker: http://localhost:8002, Tokens: 159871.0
Selected worker: http://localhost:8001
INFO:     127.0.0.1:58556 - "POST /v1/completions HTTP/1.1" 200 OK
Worker: http://localhost:8001, Running: 28.0, Waiting: 0.0
Worker: http://localhost:8001, qlen: 28.0
Worker: http://localhost:8001, Tokens: 165450.0
Worker: http://localhost:8002, Running: 33.0, Waiting: 0.0
Worker: http://localhost:8002, qlen: 33.0
Worker: http://localhost:8002, Tokens: 160667.0
Selected worker: http://localhost:8001
INFO:     127.0.0.1:58564 - "POST /v1/completions HTTP/1.1" 200 OK
Worker: http://localhost:8001, Running: 28.0, Waiting: 0.0
Worker: http://localhost:8001, qlen: 28.0
Worker: http://localhost:8001, Tokens: 165136.0
Worker: http://localhost:8002, Running: 33.0, Waiting: 0.0
Worker: http://localhost:8002, qlen: 33.0
Worker: http://localhost:8002, Tokens: 160390.0
Selected worker: http://localhost:8001
INFO:     127.0.0.1:58568 - "POST /v1/completions HTTP/1.1" 200 OK
Worker: http://localhost:8001, Running: 28.0, Waiting: 0.0
Worker: http://localhost:8001, qlen: 28.0
Worker: http://localhost:8001, Tokens: 165409.0
Worker: http://localhost:8002, Running: 31.0, Waiting: 0.0
Worker: http://localhost:8002, qlen: 31.0
Worker: http://localhost:8002, Tokens: 159765.0
Selected worker: http://localhost:8001
INFO:     127.0.0.1:58582 - "POST /v1/completions HTTP/1.1" 200 OK
Worker: http://localhost:8001, Running: 28.0, Waiting: 0.0
Worker: http://localhost:8001, qlen: 28.0
Worker: http://localhost:8001, Tokens: 165676.0
Worker: http://localhost:8002, Running: 31.0, Waiting: 0.0
Worker: http://localhost:8002, qlen: 31.0
Worker: http://localhost:8002, Tokens: 159765.0
Selected worker: http://localhost:8001
INFO:     127.0.0.1:58584 - "POST /v1/completions HTTP/1.1" 200 OK
Worker: http://localhost:8001, Running: 28.0, Waiting: 0.0
Worker: http://localhost:8001, qlen: 28.0
Worker: http://localhost:8001, Tokens: 168839.0
Worker: http://localhost:8002, Running: 31.0, Waiting: 0.0
Worker: http://localhost:8002, qlen: 31.0
Worker: http://localhost:8002, Tokens: 159765.0
Selected worker: http://localhost:8001
INFO:     127.0.0.1:58586 - "POST /v1/completions HTTP/1.1" 200 OK
Worker: http://localhost:8001, Running: 28.0, Waiting: 0.0
Worker: http://localhost:8001, qlen: 28.0
Worker: http://localhost:8001, Tokens: 169130.0
Worker: http://localhost:8002, Running: 31.0, Waiting: 0.0
Worker: http://localhost:8002, qlen: 31.0
Worker: http://localhost:8002, Tokens: 159765.0
Selected worker: http://localhost:8001
INFO:     127.0.0.1:58594 - "POST /v1/completions HTTP/1.1" 200 OK
Worker: http://localhost:8001, Running: 28.0, Waiting: 0.0
Worker: http://localhost:8001, qlen: 28.0
Worker: http://localhost:8001, Tokens: 169393.0
Worker: http://localhost:8002, Running: 31.0, Waiting: 0.0
Worker: http://localhost:8002, qlen: 31.0
Worker: http://localhost:8002, Tokens: 159765.0
Selected worker: http://localhost:8001
INFO:     127.0.0.1:58598 - "POST /v1/completions HTTP/1.1" 200 OK
Worker: http://localhost:8001, Running: 36.0, Waiting: 0.0
Worker: http://localhost:8001, qlen: 36.0
Worker: http://localhost:8001, Tokens: 173208.0
Worker: http://localhost:8002, Running: 26.0, Waiting: 0.0
Worker: http://localhost:8002, qlen: 26.0
Worker: http://localhost:8002, Tokens: 162012.0
Selected worker: http://localhost:8002
Worker: http://localhost:8001, Running: 36.0, Waiting: 0.0
Worker: http://localhost:8001, qlen: 36.0
Worker: http://localhost:8001, Tokens: 173208.0
Worker: http://localhost:8002, Running: 26.0, Waiting: 0.0
Worker: http://localhost:8002, qlen: 26.0
Worker: http://localhost:8002, Tokens: 162279.0
Selected worker: http://localhost:8002
INFO:     127.0.0.1:58614 - "POST /v1/completions HTTP/1.1" 200 OK
INFO:     127.0.0.1:58626 - "POST /v1/completions HTTP/1.1" 200 OK
Worker: http://localhost:8001, Running: 36.0, Waiting: 0.0
Worker: http://localhost:8001, qlen: 36.0
Worker: http://localhost:8001, Tokens: 173784.0
Worker: http://localhost:8002, Running: 28.0, Waiting: 0.0
Worker: http://localhost:8002, qlen: 28.0
Worker: http://localhost:8002, Tokens: 160933.0
Selected worker: http://localhost:8002
INFO:     127.0.0.1:58640 - "POST /v1/completions HTTP/1.1" 200 OK
Worker: http://localhost:8001, Running: 36.0, Waiting: 0.0
Worker: http://localhost:8001, qlen: 36.0
Worker: http://localhost:8001, Tokens: 173784.0
Worker: http://localhost:8002, Running: 28.0, Waiting: 0.0
Worker: http://localhost:8002, qlen: 28.0
Worker: http://localhost:8002, Tokens: 161213.0
Selected worker: http://localhost:8002
Worker: http://localhost:8001, Running: 36.0, Waiting: 0.0
Worker: http://localhost:8001, qlen: 36.0
Worker: http://localhost:8001, Tokens: 173784.0
Worker: http://localhost:8002, Running: 28.0, Waiting: 0.0
Worker: http://localhost:8002, qlen: 28.0
Worker: http://localhost:8002, Tokens: 162736.0
Selected worker: http://localhost:8002
Worker: http://localhost:8001, Running: 36.0, Waiting: 0.0
Worker: http://localhost:8001, qlen: 36.0
Worker: http://localhost:8001, Tokens: 173784.0
Worker: http://localhost:8002, Running: 28.0, Waiting: 0.0
Worker: http://localhost:8002, qlen: 28.0
Worker: http://localhost:8002, Tokens: 163027.0
Selected worker: http://localhost:8002
Worker: http://localhost:8001, Running: 36.0, Waiting: 0.0
Worker: http://localhost:8001, qlen: 36.0
Worker: http://localhost:8001, Tokens: 173784.0
Worker: http://localhost:8002, Running: 28.0, Waiting: 0.0
Worker: http://localhost:8002, qlen: 28.0
Worker: http://localhost:8002, Tokens: 164775.0
Selected worker: http://localhost:8002
INFO:     127.0.0.1:58654 - "POST /v1/completions HTTP/1.1" 200 OK
INFO:     127.0.0.1:58666 - "POST /v1/completions HTTP/1.1" 200 OK
INFO:     127.0.0.1:58678 - "POST /v1/completions HTTP/1.1" 200 OK
INFO:     127.0.0.1:58686 - "POST /v1/completions HTTP/1.1" 200 OK
Worker: http://localhost:8001, Running: 36.0, Waiting: 0.0
Worker: http://localhost:8001, qlen: 36.0
Worker: http://localhost:8001, Tokens: 173924.0
Worker: http://localhost:8002, Running: 25.0, Waiting: 1.0
Worker: http://localhost:8002, qlen: 25.0
Worker: http://localhost:8002, Tokens: 166019.0
Selected worker: http://localhost:8002
Worker: http://localhost:8001, Running: 36.0, Waiting: 0.0
Worker: http://localhost:8001, qlen: 36.0
Worker: http://localhost:8001, Tokens: 173924.0
Worker: http://localhost:8002, Running: 25.0, Waiting: 1.0
Worker: http://localhost:8002, qlen: 25.0
Worker: http://localhost:8002, Tokens: 169477.0
Selected worker: http://localhost:8002
INFO:     127.0.0.1:58696 - "POST /v1/completions HTTP/1.1" 200 OK
INFO:     127.0.0.1:58708 - "POST /v1/completions HTTP/1.1" 200 OK
Worker: http://localhost:8001, Running: 34.0, Waiting: 0.0
Worker: http://localhost:8001, qlen: 34.0
Worker: http://localhost:8001, Tokens: 174479.0
Worker: http://localhost:8002, Running: 27.0, Waiting: 1.0
Worker: http://localhost:8002, qlen: 27.0
Worker: http://localhost:8002, Tokens: 168222.0
Selected worker: http://localhost:8002
Worker: http://localhost:8001, Running: 34.0, Waiting: 0.0
Worker: http://localhost:8001, qlen: 34.0
Worker: http://localhost:8001, Tokens: 174479.0
Worker: http://localhost:8002, Running: 27.0, Waiting: 1.0
Worker: http://localhost:8002, qlen: 27.0
Worker: http://localhost:8002, Tokens: 168498.0
Selected worker: http://localhost:8002
INFO:     127.0.0.1:58710 - "POST /v1/completions HTTP/1.1" 200 OK
INFO:     127.0.0.1:58718 - "POST /v1/completions HTTP/1.1" 200 OK
Worker: http://localhost:8001, Running: 34.0, Waiting: 0.0
Worker: http://localhost:8001, qlen: 34.0
Worker: http://localhost:8001, Tokens: 173107.0
Worker: http://localhost:8002, Running: 29.0, Waiting: 1.0
Worker: http://localhost:8002, qlen: 29.0
Worker: http://localhost:8002, Tokens: 172543.0
Selected worker: http://localhost:8002
INFO:     127.0.0.1:58730 - "POST /v1/completions HTTP/1.1" 200 OK
Worker: http://localhost:8001, Running: 31.0, Waiting: 0.0
Worker: http://localhost:8001, qlen: 31.0
Worker: http://localhost:8001, Tokens: 175671.0
Worker: http://localhost:8002, Running: 33.0, Waiting: 0.0
Worker: http://localhost:8002, qlen: 33.0
Worker: http://localhost:8002, Tokens: 174776.0
Selected worker: http://localhost:8001
INFO:     127.0.0.1:58740 - "POST /v1/completions HTTP/1.1" 200 OK
Worker: http://localhost:8001, Running: 31.0, Waiting: 0.0
Worker: http://localhost:8001, qlen: 31.0
Worker: http://localhost:8001, Tokens: 174952.0
Worker: http://localhost:8002, Running: 32.0, Waiting: 0.0
Worker: http://localhost:8002, qlen: 32.0
Worker: http://localhost:8002, Tokens: 176447.0
Selected worker: http://localhost:8001
Worker: http://localhost:8001, Running: 31.0, Waiting: 0.0
Worker: http://localhost:8001, qlen: 31.0
Worker: http://localhost:8001, Tokens: 175214.0
Worker: http://localhost:8002, Running: 32.0, Waiting: 0.0
Worker: http://localhost:8002, qlen: 32.0
Worker: http://localhost:8002, Tokens: 176447.0
Selected worker: http://localhost:8001
Worker: http://localhost:8001, Running: 31.0, Waiting: 0.0
Worker: http://localhost:8001, qlen: 31.0
Worker: http://localhost:8001, Tokens: 177126.0
Worker: http://localhost:8002, Running: 32.0, Waiting: 0.0
Worker: http://localhost:8002, qlen: 32.0
Worker: http://localhost:8002, Tokens: 176447.0
Selected worker: http://localhost:8001
INFO:     127.0.0.1:58742 - "POST /v1/completions HTTP/1.1" 200 OK
INFO:     127.0.0.1:58746 - "POST /v1/completions HTTP/1.1" 200 OK
INFO:     127.0.0.1:58754 - "POST /v1/completions HTTP/1.1" 200 OK
Worker: http://localhost:8001, Running: 29.0, Waiting: 0.0
Worker: http://localhost:8001, qlen: 29.0
Worker: http://localhost:8001, Tokens: 175662.0
Worker: http://localhost:8002, Running: 32.0, Waiting: 0.0
Worker: http://localhost:8002, qlen: 32.0
Worker: http://localhost:8002, Tokens: 176447.0
Selected worker: http://localhost:8001
INFO:     127.0.0.1:58770 - "POST /v1/completions HTTP/1.1" 200 OK
Worker: http://localhost:8001, Running: 29.0, Waiting: 0.0
Worker: http://localhost:8001, qlen: 29.0
Worker: http://localhost:8001, Tokens: 175897.0
Worker: http://localhost:8002, Running: 32.0, Waiting: 0.0
Worker: http://localhost:8002, qlen: 32.0
Worker: http://localhost:8002, Tokens: 176831.0
Selected worker: http://localhost:8001
INFO:     127.0.0.1:58784 - "POST /v1/completions HTTP/1.1" 200 OK
Worker: http://localhost:8001, Running: 29.0, Waiting: 0.0
Worker: http://localhost:8001, qlen: 29.0
Worker: http://localhost:8001, Tokens: 175610.0
Worker: http://localhost:8002, Running: 32.0, Waiting: 0.0
Worker: http://localhost:8002, qlen: 32.0
Worker: http://localhost:8002, Tokens: 176927.0
Selected worker: http://localhost:8001
INFO:     127.0.0.1:58800 - "POST /v1/completions HTTP/1.1" 200 OK
Worker: http://localhost:8001, Running: 29.0, Waiting: 0.0
Worker: http://localhost:8001, qlen: 29.0
Worker: http://localhost:8001, Tokens: 175881.0
Worker: http://localhost:8002, Running: 32.0, Waiting: 0.0
Worker: http://localhost:8002, qlen: 32.0
Worker: http://localhost:8002, Tokens: 176927.0
Selected worker: http://localhost:8001
INFO:     127.0.0.1:58816 - "POST /v1/completions HTTP/1.1" 200 OK
Worker: http://localhost:8001, Running: 32.0, Waiting: 0.0
Worker: http://localhost:8001, qlen: 32.0
Worker: http://localhost:8001, Tokens: 176856.0
Worker: http://localhost:8002, Running: 32.0, Waiting: 0.0
Worker: http://localhost:8002, qlen: 32.0
Worker: http://localhost:8002, Tokens: 177439.0
Selected worker: http://localhost:8001
INFO:     127.0.0.1:58818 - "POST /v1/completions HTTP/1.1" 200 OK
Worker: http://localhost:8001, Running: 31.0, Waiting: 0.0
Worker: http://localhost:8001, qlen: 31.0
Worker: http://localhost:8001, Tokens: 181061.0
Worker: http://localhost:8002, Running: 32.0, Waiting: 0.0
Worker: http://localhost:8002, qlen: 32.0
Worker: http://localhost:8002, Tokens: 177695.0
Selected worker: http://localhost:8001
INFO:     127.0.0.1:58826 - "POST /v1/completions HTTP/1.1" 200 OK
Worker: http://localhost:8001, Running: 32.0, Waiting: 0.0
Worker: http://localhost:8001, qlen: 32.0
Worker: http://localhost:8001, Tokens: 184792.0
Worker: http://localhost:8002, Running: 32.0, Waiting: 0.0
Worker: http://localhost:8002, qlen: 32.0
Worker: http://localhost:8002, Tokens: 177972.0
Selected worker: http://localhost:8002
INFO:     127.0.0.1:37788 - "POST /v1/completions HTTP/1.1" 200 OK
Worker: http://localhost:8001, Running: 32.0, Waiting: 0.0
Worker: http://localhost:8001, qlen: 32.0
Worker: http://localhost:8001, Tokens: 185272.0
Worker: http://localhost:8002, Running: 32.0, Waiting: 0.0
Worker: http://localhost:8002, qlen: 32.0
Worker: http://localhost:8002, Tokens: 178390.0
Selected worker: http://localhost:8001
INFO:     127.0.0.1:37792 - "POST /v1/completions HTTP/1.1" 200 OK
Worker: http://localhost:8001, Running: 32.0, Waiting: 0.0
Worker: http://localhost:8001, qlen: 32.0
Worker: http://localhost:8001, Tokens: 185540.0
Worker: http://localhost:8002, Running: 31.0, Waiting: 0.0
Worker: http://localhost:8002, qlen: 31.0
Worker: http://localhost:8002, Tokens: 178234.0
Selected worker: http://localhost:8002
INFO:     127.0.0.1:37802 - "POST /v1/completions HTTP/1.1" 200 OK
Worker: http://localhost:8001, Running: 32.0, Waiting: 0.0
Worker: http://localhost:8001, qlen: 32.0
Worker: http://localhost:8001, Tokens: 185540.0
Worker: http://localhost:8002, Running: 31.0, Waiting: 0.0
Worker: http://localhost:8002, qlen: 31.0
Worker: http://localhost:8002, Tokens: 179940.0
Selected worker: http://localhost:8002
INFO:     127.0.0.1:37808 - "POST /v1/completions HTTP/1.1" 200 OK
Worker: http://localhost:8001, Running: 32.0, Waiting: 0.0
Worker: http://localhost:8001, qlen: 32.0
Worker: http://localhost:8001, Tokens: 185540.0
Worker: http://localhost:8002, Running: 31.0, Waiting: 0.0
Worker: http://localhost:8002, qlen: 31.0
Worker: http://localhost:8002, Tokens: 180204.0
Selected worker: http://localhost:8002
INFO:     127.0.0.1:37818 - "POST /v1/completions HTTP/1.1" 200 OK
Worker: http://localhost:8001, Running: 32.0, Waiting: 0.0
Worker: http://localhost:8001, qlen: 32.0
Worker: http://localhost:8001, Tokens: 185528.0
Worker: http://localhost:8002, Running: 31.0, Waiting: 0.0
Worker: http://localhost:8002, qlen: 31.0
Worker: http://localhost:8002, Tokens: 178385.0
Selected worker: http://localhost:8002
INFO:     127.0.0.1:37834 - "POST /v1/completions HTTP/1.1" 200 OK
Worker: http://localhost:8001, Running: 32.0, Waiting: 0.0
Worker: http://localhost:8001, qlen: 32.0
Worker: http://localhost:8001, Tokens: 185528.0
Worker: http://localhost:8002, Running: 31.0, Waiting: 0.0
Worker: http://localhost:8002, qlen: 31.0
Worker: http://localhost:8002, Tokens: 178674.0
Selected worker: http://localhost:8002
Worker: http://localhost:8001, Running: 32.0, Waiting: 0.0
Worker: http://localhost:8001, qlen: 32.0
Worker: http://localhost:8001, Tokens: 185528.0
Worker: http://localhost:8002, Running: 31.0, Waiting: 0.0
Worker: http://localhost:8002, qlen: 31.0
Worker: http://localhost:8002, Tokens: 178936.0
Selected worker: http://localhost:8002
Worker: http://localhost:8001, Running: 32.0, Waiting: 0.0
Worker: http://localhost:8001, qlen: 32.0
Worker: http://localhost:8001, Tokens: 185528.0
Worker: http://localhost:8002, Running: 31.0, Waiting: 0.0
Worker: http://localhost:8002, qlen: 31.0
Worker: http://localhost:8002, Tokens: 179206.0
Selected worker: http://localhost:8002
INFO:     127.0.0.1:37842 - "POST /v1/completions HTTP/1.1" 200 OK
INFO:     127.0.0.1:37856 - "POST /v1/completions HTTP/1.1" 200 OK
INFO:     127.0.0.1:37864 - "POST /v1/completions HTTP/1.1" 200 OK
Worker: http://localhost:8001, Running: 32.0, Waiting: 0.0
Worker: http://localhost:8001, qlen: 32.0
Worker: http://localhost:8001, Tokens: 185528.0
Worker: http://localhost:8002, Running: 24.0, Waiting: 0.0
Worker: http://localhost:8002, qlen: 24.0
Worker: http://localhost:8002, Tokens: 177139.0
Selected worker: http://localhost:8002
INFO:     127.0.0.1:37868 - "POST /v1/completions HTTP/1.1" 200 OK
Worker: http://localhost:8001, Running: 33.0, Waiting: 0.0
Worker: http://localhost:8001, qlen: 33.0
Worker: http://localhost:8001, Tokens: 185904.0
Worker: http://localhost:8002, Running: 24.0, Waiting: 0.0
Worker: http://localhost:8002, qlen: 24.0
Worker: http://localhost:8002, Tokens: 175564.0
Selected worker: http://localhost:8002
INFO:     127.0.0.1:37872 - "POST /v1/completions HTTP/1.1" 200 OK
Worker: http://localhost:8001, Running: 33.0, Waiting: 0.0
Worker: http://localhost:8001, qlen: 33.0
Worker: http://localhost:8001, Tokens: 185904.0
Worker: http://localhost:8002, Running: 25.0, Waiting: 0.0
Worker: http://localhost:8002, qlen: 25.0
Worker: http://localhost:8002, Tokens: 180448.0
Selected worker: http://localhost:8002
INFO:     127.0.0.1:37884 - "POST /v1/completions HTTP/1.1" 200 OK
Worker: http://localhost:8001, Running: 33.0, Waiting: 0.0
Worker: http://localhost:8001, qlen: 33.0
Worker: http://localhost:8001, Tokens: 186069.0
Worker: http://localhost:8002, Running: 25.0, Waiting: 0.0
Worker: http://localhost:8002, qlen: 25.0
Worker: http://localhost:8002, Tokens: 176001.0
Selected worker: http://localhost:8002
INFO:     127.0.0.1:37900 - "POST /v1/completions HTTP/1.1" 200 OK
Worker: http://localhost:8001, Running: 33.0, Waiting: 0.0
Worker: http://localhost:8001, qlen: 33.0
Worker: http://localhost:8001, Tokens: 186069.0
Worker: http://localhost:8002, Running: 25.0, Waiting: 0.0
Worker: http://localhost:8002, qlen: 25.0
Worker: http://localhost:8002, Tokens: 177436.0
Selected worker: http://localhost:8002
INFO:     127.0.0.1:37908 - "POST /v1/completions HTTP/1.1" 200 OK
Worker: http://localhost:8001, Running: 33.0, Waiting: 0.0
Worker: http://localhost:8001, qlen: 33.0
Worker: http://localhost:8001, Tokens: 186069.0
Worker: http://localhost:8002, Running: 25.0, Waiting: 0.0
Worker: http://localhost:8002, qlen: 25.0
Worker: http://localhost:8002, Tokens: 174728.0
Selected worker: http://localhost:8002
INFO:     127.0.0.1:37914 - "POST /v1/completions HTTP/1.1" 200 OK
Worker: http://localhost:8001, Running: 33.0, Waiting: 0.0
Worker: http://localhost:8001, qlen: 33.0
Worker: http://localhost:8001, Tokens: 186069.0
Worker: http://localhost:8002, Running: 25.0, Waiting: 0.0
Worker: http://localhost:8002, qlen: 25.0
Worker: http://localhost:8002, Tokens: 167703.0
Selected worker: http://localhost:8002
INFO:     127.0.0.1:37926 - "POST /v1/completions HTTP/1.1" 200 OK
Worker: http://localhost:8001, Running: 33.0, Waiting: 0.0
Worker: http://localhost:8001, qlen: 33.0
Worker: http://localhost:8001, Tokens: 186069.0
Worker: http://localhost:8002, Running: 24.0, Waiting: 0.0
Worker: http://localhost:8002, qlen: 24.0
Worker: http://localhost:8002, Tokens: 182591.0
Selected worker: http://localhost:8002
INFO:     127.0.0.1:37934 - "POST /v1/completions HTTP/1.1" 200 OK
Worker: http://localhost:8001, Running: 33.0, Waiting: 0.0
Worker: http://localhost:8001, qlen: 33.0
Worker: http://localhost:8001, Tokens: 186069.0
Worker: http://localhost:8002, Running: 24.0, Waiting: 0.0
Worker: http://localhost:8002, qlen: 24.0
Worker: http://localhost:8002, Tokens: 184310.0
Selected worker: http://localhost:8002
INFO:     127.0.0.1:37942 - "POST /v1/completions HTTP/1.1" 200 OK
Worker: http://localhost:8001, Running: 33.0, Waiting: 0.0
Worker: http://localhost:8001, qlen: 33.0
Worker: http://localhost:8001, Tokens: 186326.0
Worker: http://localhost:8002, Running: 26.0, Waiting: 0.0
Worker: http://localhost:8002, qlen: 26.0
Worker: http://localhost:8002, Tokens: 184286.0
Selected worker: http://localhost:8002
INFO:     127.0.0.1:37952 - "POST /v1/completions HTTP/1.1" 200 OK
Worker: http://localhost:8001, Running: 32.0, Waiting: 0.0
Worker: http://localhost:8001, qlen: 32.0
Worker: http://localhost:8001, Tokens: 186118.0
Worker: http://localhost:8002, Running: 26.0, Waiting: 5.0
Worker: http://localhost:8002, qlen: 26.0
Worker: http://localhost:8002, Tokens: 184311.0
Selected worker: http://localhost:8002
Worker: http://localhost:8001, Running: 32.0, Waiting: 0.0
Worker: http://localhost:8001, qlen: 32.0
Worker: http://localhost:8001, Tokens: 186118.0
Worker: http://localhost:8002, Running: 26.0, Waiting: 5.0
Worker: http://localhost:8002, qlen: 26.0
Worker: http://localhost:8002, Tokens: 185770.0
Selected worker: http://localhost:8002
Worker: http://localhost:8001, Running: 32.0, Waiting: 0.0
Worker: http://localhost:8001, qlen: 32.0
Worker: http://localhost:8001, Tokens: 186118.0
Worker: http://localhost:8002, Running: 26.0, Waiting: 5.0
Worker: http://localhost:8002, qlen: 26.0
Worker: http://localhost:8002, Tokens: 186034.0
Selected worker: http://localhost:8002
INFO:     127.0.0.1:37964 - "POST /v1/completions HTTP/1.1" 200 OK
INFO:     127.0.0.1:37970 - "POST /v1/completions HTTP/1.1" 200 OK
INFO:     127.0.0.1:37974 - "POST /v1/completions HTTP/1.1" 200 OK
Worker: http://localhost:8001, Running: 29.0, Waiting: 0.0
Worker: http://localhost:8001, qlen: 29.0
Worker: http://localhost:8001, Tokens: 186591.0
Worker: http://localhost:8002, Running: 30.0, Waiting: 2.0
Worker: http://localhost:8002, qlen: 30.0
Worker: http://localhost:8002, Tokens: 190260.0
Selected worker: http://localhost:8001
Worker: http://localhost:8001, Running: 29.0, Waiting: 0.0
Worker: http://localhost:8001, qlen: 29.0
Worker: http://localhost:8001, Tokens: 186881.0
Worker: http://localhost:8002, Running: 30.0, Waiting: 2.0
Worker: http://localhost:8002, qlen: 30.0
Worker: http://localhost:8002, Tokens: 190260.0
Selected worker: http://localhost:8001
INFO:     127.0.0.1:37978 - "POST /v1/completions HTTP/1.1" 200 OK
INFO:     127.0.0.1:37984 - "POST /v1/completions HTTP/1.1" 200 OK
Worker: http://localhost:8001, Running: 27.0, Waiting: 0.0
Worker: http://localhost:8001, qlen: 27.0
Worker: http://localhost:8001, Tokens: 187100.0
Worker: http://localhost:8002, Running: 35.0, Waiting: 0.0
Worker: http://localhost:8002, qlen: 35.0
Worker: http://localhost:8002, Tokens: 196489.0
Selected worker: http://localhost:8001
INFO:     127.0.0.1:38000 - "POST /v1/completions HTTP/1.1" 200 OK
Worker: http://localhost:8001, Running: 29.0, Waiting: 0.0
Worker: http://localhost:8001, qlen: 29.0
Worker: http://localhost:8001, Tokens: 188315.0
Worker: http://localhost:8002, Running: 35.0, Waiting: 0.0
Worker: http://localhost:8002, qlen: 35.0
Worker: http://localhost:8002, Tokens: 197714.0
Selected worker: http://localhost:8001
INFO:     127.0.0.1:38010 - "POST /v1/completions HTTP/1.1" 200 OK
Worker: http://localhost:8001, Running: 29.0, Waiting: 0.0
Worker: http://localhost:8001, qlen: 29.0
Worker: http://localhost:8001, Tokens: 189305.0
Worker: http://localhost:8002, Running: 34.0, Waiting: 0.0
Worker: http://localhost:8002, qlen: 34.0
Worker: http://localhost:8002, Tokens: 198694.0
Selected worker: http://localhost:8001
INFO:     127.0.0.1:38016 - "POST /v1/completions HTTP/1.1" 200 OK
Worker: http://localhost:8001, Running: 30.0, Waiting: 0.0
Worker: http://localhost:8001, qlen: 30.0
Worker: http://localhost:8001, Tokens: 190005.0
Worker: http://localhost:8002, Running: 34.0, Waiting: 0.0
Worker: http://localhost:8002, qlen: 34.0
Worker: http://localhost:8002, Tokens: 197670.0
Selected worker: http://localhost:8001
Worker: http://localhost:8001, Running: 30.0, Waiting: 0.0
Worker: http://localhost:8001, qlen: 30.0
Worker: http://localhost:8001, Tokens: 190296.0
Worker: http://localhost:8002, Running: 34.0, Waiting: 0.0
Worker: http://localhost:8002, qlen: 34.0
Worker: http://localhost:8002, Tokens: 197670.0
Selected worker: http://localhost:8001
INFO:     127.0.0.1:38022 - "POST /v1/completions HTTP/1.1" 200 OK
INFO:     127.0.0.1:38030 - "POST /v1/completions HTTP/1.1" 200 OK
Worker: http://localhost:8001, Running: 30.0, Waiting: 0.0
Worker: http://localhost:8001, qlen: 30.0
Worker: http://localhost:8001, Tokens: 190559.0
Worker: http://localhost:8002, Running: 34.0, Waiting: 0.0
Worker: http://localhost:8002, qlen: 34.0
Worker: http://localhost:8002, Tokens: 197670.0
Selected worker: http://localhost:8001
Worker: http://localhost:8001, Running: 30.0, Waiting: 0.0
Worker: http://localhost:8001, qlen: 30.0
Worker: http://localhost:8001, Tokens: 190829.0
Worker: http://localhost:8002, Running: 34.0, Waiting: 0.0
Worker: http://localhost:8002, qlen: 34.0
Worker: http://localhost:8002, Tokens: 197670.0
Selected worker: http://localhost:8001
Worker: http://localhost:8001, Running: 30.0, Waiting: 0.0
Worker: http://localhost:8001, qlen: 30.0
Worker: http://localhost:8001, Tokens: 191101.0
Worker: http://localhost:8002, Running: 34.0, Waiting: 0.0
Worker: http://localhost:8002, qlen: 34.0
Worker: http://localhost:8002, Tokens: 197670.0
Selected worker: http://localhost:8001
Worker: http://localhost:8001, Running: 30.0, Waiting: 0.0
Worker: http://localhost:8001, qlen: 30.0
Worker: http://localhost:8001, Tokens: 191364.0
Worker: http://localhost:8002, Running: 34.0, Waiting: 0.0
Worker: http://localhost:8002, qlen: 34.0
Worker: http://localhost:8002, Tokens: 197670.0
Selected worker: http://localhost:8001
INFO:     127.0.0.1:38046 - "POST /v1/completions HTTP/1.1" 200 OK
INFO:     127.0.0.1:38050 - "POST /v1/completions HTTP/1.1" 200 OK
INFO:     127.0.0.1:38066 - "POST /v1/completions HTTP/1.1" 200 OK
INFO:     127.0.0.1:38070 - "POST /v1/completions HTTP/1.1" 200 OK
Worker: http://localhost:8001, Running: 30.0, Waiting: 0.0
Worker: http://localhost:8001, qlen: 30.0
Worker: http://localhost:8001, Tokens: 191634.0
Worker: http://localhost:8002, Running: 28.0, Waiting: 0.0
Worker: http://localhost:8002, qlen: 28.0
Worker: http://localhost:8002, Tokens: 198886.0
Selected worker: http://localhost:8002
INFO:     127.0.0.1:38072 - "POST /v1/completions HTTP/1.1" 200 OK
Worker: http://localhost:8001, Running: 30.0, Waiting: 0.0
Worker: http://localhost:8001, qlen: 30.0
Worker: http://localhost:8001, Tokens: 191634.0
Worker: http://localhost:8002, Running: 28.0, Waiting: 0.0
Worker: http://localhost:8002, qlen: 28.0
Worker: http://localhost:8002, Tokens: 198614.0
Selected worker: http://localhost:8002
INFO:     127.0.0.1:38084 - "POST /v1/completions HTTP/1.1" 200 OK
Worker: http://localhost:8001, Running: 30.0, Waiting: 0.0
Worker: http://localhost:8001, qlen: 30.0
Worker: http://localhost:8001, Tokens: 189760.0
Worker: http://localhost:8002, Running: 28.0, Waiting: 0.0
Worker: http://localhost:8002, qlen: 28.0
Worker: http://localhost:8002, Tokens: 198883.0
Selected worker: http://localhost:8002
INFO:     127.0.0.1:38086 - "POST /v1/completions HTTP/1.1" 200 OK
Worker: http://localhost:8001, Running: 30.0, Waiting: 0.0
Worker: http://localhost:8001, qlen: 30.0
Worker: http://localhost:8001, Tokens: 189760.0
Worker: http://localhost:8002, Running: 28.0, Waiting: 0.0
Worker: http://localhost:8002, qlen: 28.0
Worker: http://localhost:8002, Tokens: 199156.0
Selected worker: http://localhost:8002
INFO:     127.0.0.1:38096 - "POST /v1/completions HTTP/1.1" 200 OK
Worker: http://localhost:8001, Running: 29.0, Waiting: 0.0
Worker: http://localhost:8001, qlen: 29.0
Worker: http://localhost:8001, Tokens: 189866.0
Worker: http://localhost:8002, Running: 28.0, Waiting: 0.0
Worker: http://localhost:8002, qlen: 28.0
Worker: http://localhost:8002, Tokens: 198317.0
Selected worker: http://localhost:8002
INFO:     127.0.0.1:38100 - "POST /v1/completions HTTP/1.1" 200 OK
Worker: http://localhost:8001, Running: 29.0, Waiting: 0.0
Worker: http://localhost:8001, qlen: 29.0
Worker: http://localhost:8001, Tokens: 189866.0
Worker: http://localhost:8002, Running: 28.0, Waiting: 0.0
Worker: http://localhost:8002, qlen: 28.0
Worker: http://localhost:8002, Tokens: 198588.0
Selected worker: http://localhost:8002
INFO:     127.0.0.1:38116 - "POST /v1/completions HTTP/1.1" 200 OK
Worker: http://localhost:8001, Running: 29.0, Waiting: 0.0
Worker: http://localhost:8001, qlen: 29.0
Worker: http://localhost:8001, Tokens: 189866.0
Worker: http://localhost:8002, Running: 28.0, Waiting: 0.0
Worker: http://localhost:8002, qlen: 28.0
Worker: http://localhost:8002, Tokens: 200077.0
Selected worker: http://localhost:8002
INFO:     127.0.0.1:38122 - "POST /v1/completions HTTP/1.1" 200 OK
Worker: http://localhost:8001, Running: 29.0, Waiting: 0.0
Worker: http://localhost:8001, qlen: 29.0
Worker: http://localhost:8001, Tokens: 189866.0
Worker: http://localhost:8002, Running: 28.0, Waiting: 0.0
Worker: http://localhost:8002, qlen: 28.0
Worker: http://localhost:8002, Tokens: 200363.0
Selected worker: http://localhost:8002
INFO:     127.0.0.1:38138 - "POST /v1/completions HTTP/1.1" 200 OK
Worker: http://localhost:8001, Running: 29.0, Waiting: 0.0
Worker: http://localhost:8001, qlen: 29.0
Worker: http://localhost:8001, Tokens: 189866.0
Worker: http://localhost:8002, Running: 28.0, Waiting: 0.0
Worker: http://localhost:8002, qlen: 28.0
Worker: http://localhost:8002, Tokens: 203976.0
Selected worker: http://localhost:8002
INFO:     127.0.0.1:38144 - "POST /v1/completions HTTP/1.1" 200 OK
Worker: http://localhost:8001, Running: 29.0, Waiting: 0.0
Worker: http://localhost:8001, qlen: 29.0
Worker: http://localhost:8001, Tokens: 189866.0
Worker: http://localhost:8002, Running: 28.0, Waiting: 0.0
Worker: http://localhost:8002, qlen: 28.0
Worker: http://localhost:8002, Tokens: 205909.0
Selected worker: http://localhost:8002
INFO:     127.0.0.1:38154 - "POST /v1/completions HTTP/1.1" 200 OK
Worker: http://localhost:8001, Running: 29.0, Waiting: 0.0
Worker: http://localhost:8001, qlen: 29.0
Worker: http://localhost:8001, Tokens: 189591.0
Worker: http://localhost:8002, Running: 28.0, Waiting: 0.0
Worker: http://localhost:8002, qlen: 28.0
Worker: http://localhost:8002, Tokens: 206176.0
Selected worker: http://localhost:8002
INFO:     127.0.0.1:38170 - "POST /v1/completions HTTP/1.1" 200 OK
Worker: http://localhost:8001, Running: 29.0, Waiting: 0.0
Worker: http://localhost:8001, qlen: 29.0
Worker: http://localhost:8001, Tokens: 189591.0
Worker: http://localhost:8002, Running: 23.0, Waiting: 0.0
Worker: http://localhost:8002, qlen: 23.0
Worker: http://localhost:8002, Tokens: 200100.0
Selected worker: http://localhost:8002
INFO:     127.0.0.1:38186 - "POST /v1/completions HTTP/1.1" 200 OK
Worker: http://localhost:8001, Running: 32.0, Waiting: 0.0
Worker: http://localhost:8001, qlen: 32.0
Worker: http://localhost:8001, Tokens: 191678.0
Worker: http://localhost:8002, Running: 32.0, Waiting: 0.0
Worker: http://localhost:8002, qlen: 32.0
Worker: http://localhost:8002, Tokens: 209066.0
Selected worker: http://localhost:8001
INFO:     127.0.0.1:38190 - "POST /v1/completions HTTP/1.1" 200 OK
Worker: http://localhost:8001, Running: 32.0, Waiting: 0.0
Worker: http://localhost:8001, qlen: 32.0
Worker: http://localhost:8001, Tokens: 192521.0
Worker: http://localhost:8002, Running: 32.0, Waiting: 0.0
Worker: http://localhost:8002, qlen: 32.0
Worker: http://localhost:8002, Tokens: 209770.0
Selected worker: http://localhost:8002
INFO:     127.0.0.1:38206 - "POST /v1/completions HTTP/1.1" 200 OK
Worker: http://localhost:8001, Running: 31.0, Waiting: 0.0
Worker: http://localhost:8001, qlen: 31.0
Worker: http://localhost:8001, Tokens: 191164.0
Worker: http://localhost:8002, Running: 32.0, Waiting: 0.0
Worker: http://localhost:8002, qlen: 32.0
Worker: http://localhost:8002, Tokens: 209866.0
Selected worker: http://localhost:8001
INFO:     127.0.0.1:38212 - "POST /v1/completions HTTP/1.1" 200 OK
Worker: http://localhost:8001, Running: 31.0, Waiting: 0.0
Worker: http://localhost:8001, qlen: 31.0
Worker: http://localhost:8001, Tokens: 193076.0
Worker: http://localhost:8002, Running: 33.0, Waiting: 0.0
Worker: http://localhost:8002, qlen: 33.0
Worker: http://localhost:8002, Tokens: 210739.0
Selected worker: http://localhost:8001
Worker: http://localhost:8001, Running: 31.0, Waiting: 0.0
Worker: http://localhost:8001, qlen: 31.0
Worker: http://localhost:8001, Tokens: 193334.0
Worker: http://localhost:8002, Running: 33.0, Waiting: 0.0
Worker: http://localhost:8002, qlen: 33.0
Worker: http://localhost:8002, Tokens: 210739.0
Selected worker: http://localhost:8001
INFO:     127.0.0.1:38226 - "POST /v1/completions HTTP/1.1" 200 OK
INFO:     127.0.0.1:38228 - "POST /v1/completions HTTP/1.1" 200 OK
Worker: http://localhost:8001, Running: 29.0, Waiting: 0.0
Worker: http://localhost:8001, qlen: 29.0
Worker: http://localhost:8001, Tokens: 192679.0
Worker: http://localhost:8002, Running: 33.0, Waiting: 0.0
Worker: http://localhost:8002, qlen: 33.0
Worker: http://localhost:8002, Tokens: 210739.0
Selected worker: http://localhost:8001
INFO:     127.0.0.1:38234 - "POST /v1/completions HTTP/1.1" 200 OK
Worker: http://localhost:8001, Running: 29.0, Waiting: 0.0
Worker: http://localhost:8001, qlen: 29.0
Worker: http://localhost:8001, Tokens: 192952.0
Worker: http://localhost:8002, Running: 33.0, Waiting: 0.0
Worker: http://localhost:8002, qlen: 33.0
Worker: http://localhost:8002, Tokens: 210739.0
Selected worker: http://localhost:8001
INFO:     127.0.0.1:38240 - "POST /v1/completions HTTP/1.1" 200 OK
Worker: http://localhost:8001, Running: 29.0, Waiting: 0.0
Worker: http://localhost:8001, qlen: 29.0
Worker: http://localhost:8001, Tokens: 193220.0
Worker: http://localhost:8002, Running: 33.0, Waiting: 0.0
Worker: http://localhost:8002, qlen: 33.0
Worker: http://localhost:8002, Tokens: 210739.0
Selected worker: http://localhost:8001
INFO:     127.0.0.1:38242 - "POST /v1/completions HTTP/1.1" 200 OK
Worker: http://localhost:8001, Running: 29.0, Waiting: 0.0
Worker: http://localhost:8001, qlen: 29.0
Worker: http://localhost:8001, Tokens: 193489.0
Worker: http://localhost:8002, Running: 33.0, Waiting: 0.0
Worker: http://localhost:8002, qlen: 33.0
Worker: http://localhost:8002, Tokens: 210739.0
Selected worker: http://localhost:8001
INFO:     127.0.0.1:38246 - "POST /v1/completions HTTP/1.1" 200 OK
Worker: http://localhost:8001, Running: 31.0, Waiting: 0.0
Worker: http://localhost:8001, qlen: 31.0
Worker: http://localhost:8001, Tokens: 194465.0
Worker: http://localhost:8002, Running: 33.0, Waiting: 0.0
Worker: http://localhost:8002, qlen: 33.0
Worker: http://localhost:8002, Tokens: 211292.0
Selected worker: http://localhost:8001
INFO:     127.0.0.1:38254 - "POST /v1/completions HTTP/1.1" 200 OK
Worker: http://localhost:8001, Running: 31.0, Waiting: 0.0
Worker: http://localhost:8001, qlen: 31.0
Worker: http://localhost:8001, Tokens: 194558.0
Worker: http://localhost:8002, Running: 33.0, Waiting: 0.0
Worker: http://localhost:8002, qlen: 33.0
Worker: http://localhost:8002, Tokens: 208916.0
Selected worker: http://localhost:8001
INFO:     127.0.0.1:38270 - "POST /v1/completions HTTP/1.1" 200 OK
Worker: http://localhost:8001, Running: 31.0, Waiting: 0.0
Worker: http://localhost:8001, qlen: 31.0
Worker: http://localhost:8001, Tokens: 195971.0
Worker: http://localhost:8002, Running: 33.0, Waiting: 0.0
Worker: http://localhost:8002, qlen: 33.0
Worker: http://localhost:8002, Tokens: 208916.0
Selected worker: http://localhost:8001
INFO:     127.0.0.1:38282 - "POST /v1/completions HTTP/1.1" 200 OK
Worker: http://localhost:8001, Running: 31.0, Waiting: 0.0
Worker: http://localhost:8001, qlen: 31.0
Worker: http://localhost:8001, Tokens: 197243.0
Worker: http://localhost:8002, Running: 33.0, Waiting: 0.0
Worker: http://localhost:8002, qlen: 33.0
Worker: http://localhost:8002, Tokens: 208643.0
Selected worker: http://localhost:8001
INFO:     127.0.0.1:38298 - "POST /v1/completions HTTP/1.1" 200 OK
Worker: http://localhost:8001, Running: 31.0, Waiting: 0.0
Worker: http://localhost:8001, qlen: 31.0
Worker: http://localhost:8001, Tokens: 197506.0
Worker: http://localhost:8002, Running: 29.0, Waiting: 0.0
Worker: http://localhost:8002, qlen: 29.0
Worker: http://localhost:8002, Tokens: 211516.0
Selected worker: http://localhost:8002
INFO:     127.0.0.1:38304 - "POST /v1/completions HTTP/1.1" 200 OK
Worker: http://localhost:8001, Running: 31.0, Waiting: 0.0
Worker: http://localhost:8001, qlen: 31.0
Worker: http://localhost:8001, Tokens: 197506.0
Worker: http://localhost:8002, Running: 29.0, Waiting: 0.0
Worker: http://localhost:8002, qlen: 29.0
Worker: http://localhost:8002, Tokens: 211507.0
Selected worker: http://localhost:8002
INFO:     127.0.0.1:38310 - "POST /v1/completions HTTP/1.1" 200 OK
Worker: http://localhost:8001, Running: 31.0, Waiting: 0.0
Worker: http://localhost:8001, qlen: 31.0
Worker: http://localhost:8001, Tokens: 194806.0
Worker: http://localhost:8002, Running: 29.0, Waiting: 0.0
Worker: http://localhost:8002, qlen: 29.0
Worker: http://localhost:8002, Tokens: 211515.0
Selected worker: http://localhost:8002
INFO:     127.0.0.1:38324 - "POST /v1/completions HTTP/1.1" 200 OK
Worker: http://localhost:8001, Running: 31.0, Waiting: 0.0
Worker: http://localhost:8001, qlen: 31.0
Worker: http://localhost:8001, Tokens: 194806.0
Worker: http://localhost:8002, Running: 27.0, Waiting: 0.0
Worker: http://localhost:8002, qlen: 27.0
Worker: http://localhost:8002, Tokens: 211447.0
Selected worker: http://localhost:8002
Worker: http://localhost:8001, Running: 31.0, Waiting: 0.0
Worker: http://localhost:8001, qlen: 31.0
Worker: http://localhost:8001, Tokens: 194806.0
Worker: http://localhost:8002, Running: 27.0, Waiting: 0.0
Worker: http://localhost:8002, qlen: 27.0
Worker: http://localhost:8002, Tokens: 211712.0
Selected worker: http://localhost:8002
INFO:     127.0.0.1:38338 - "POST /v1/completions HTTP/1.1" 200 OK
INFO:     127.0.0.1:38350 - "POST /v1/completions HTTP/1.1" 200 OK
Worker: http://localhost:8001, Running: 32.0, Waiting: 2.0
Worker: http://localhost:8001, qlen: 32.0
Worker: http://localhost:8001, Tokens: 194837.0
Worker: http://localhost:8002, Running: 27.0, Waiting: 0.0
Worker: http://localhost:8002, qlen: 27.0
Worker: http://localhost:8002, Tokens: 210390.0
Selected worker: http://localhost:8002
INFO:     127.0.0.1:38912 - "POST /v1/completions HTTP/1.1" 200 OK
Worker: http://localhost:8001, Running: 34.0, Waiting: 1.0
Worker: http://localhost:8001, qlen: 34.0
Worker: http://localhost:8001, Tokens: 198777.0
Worker: http://localhost:8002, Running: 27.0, Waiting: 0.0
Worker: http://localhost:8002, qlen: 27.0
Worker: http://localhost:8002, Tokens: 207226.0
Selected worker: http://localhost:8002
INFO:     127.0.0.1:38922 - "POST /v1/completions HTTP/1.1" 200 OK
Worker: http://localhost:8001, Running: 34.0, Waiting: 1.0
Worker: http://localhost:8001, qlen: 34.0
Worker: http://localhost:8001, Tokens: 198777.0
Worker: http://localhost:8002, Running: 27.0, Waiting: 0.0
Worker: http://localhost:8002, qlen: 27.0
Worker: http://localhost:8002, Tokens: 207488.0
Selected worker: http://localhost:8002
INFO:     127.0.0.1:38934 - "POST /v1/completions HTTP/1.1" 200 OK
Worker: http://localhost:8001, Running: 35.0, Waiting: 0.0
Worker: http://localhost:8001, qlen: 35.0
Worker: http://localhost:8001, Tokens: 200490.0
Worker: http://localhost:8002, Running: 29.0, Waiting: 0.0
Worker: http://localhost:8002, qlen: 29.0
Worker: http://localhost:8002, Tokens: 212852.0
Selected worker: http://localhost:8002
INFO:     127.0.0.1:38938 - "POST /v1/completions HTTP/1.1" 200 OK
Worker: http://localhost:8001, Running: 34.0, Waiting: 0.0
Worker: http://localhost:8001, qlen: 34.0
Worker: http://localhost:8001, Tokens: 201161.0
Worker: http://localhost:8002, Running: 30.0, Waiting: 0.0
Worker: http://localhost:8002, qlen: 30.0
Worker: http://localhost:8002, Tokens: 212855.0
Selected worker: http://localhost:8002
INFO:     127.0.0.1:38948 - "POST /v1/completions HTTP/1.1" 200 OK
Worker: http://localhost:8001, Running: 34.0, Waiting: 0.0
Worker: http://localhost:8001, qlen: 34.0
Worker: http://localhost:8001, Tokens: 201510.0
Worker: http://localhost:8002, Running: 30.0, Waiting: 0.0
Worker: http://localhost:8002, qlen: 30.0
Worker: http://localhost:8002, Tokens: 215323.0
Selected worker: http://localhost:8002
INFO:     127.0.0.1:38962 - "POST /v1/completions HTTP/1.1" 200 OK
Worker: http://localhost:8001, Running: 33.0, Waiting: 0.0
Worker: http://localhost:8001, qlen: 33.0
Worker: http://localhost:8001, Tokens: 202274.0
Worker: http://localhost:8002, Running: 31.0, Waiting: 0.0
Worker: http://localhost:8002, qlen: 31.0
Worker: http://localhost:8002, Tokens: 216310.0
Selected worker: http://localhost:8002
Worker: http://localhost:8001, Running: 33.0, Waiting: 0.0
Worker: http://localhost:8001, qlen: 33.0
Worker: http://localhost:8001, Tokens: 202274.0
Worker: http://localhost:8002, Running: 31.0, Waiting: 0.0
Worker: http://localhost:8002, qlen: 31.0
Worker: http://localhost:8002, Tokens: 216574.0
Selected worker: http://localhost:8002
INFO:     127.0.0.1:38966 - "POST /v1/completions HTTP/1.1" 200 OK
INFO:     127.0.0.1:38976 - "POST /v1/completions HTTP/1.1" 200 OK
Worker: http://localhost:8001, Running: 33.0, Waiting: 0.0
Worker: http://localhost:8001, qlen: 33.0
Worker: http://localhost:8001, Tokens: 201201.0
Worker: http://localhost:8002, Running: 31.0, Waiting: 0.0
Worker: http://localhost:8002, qlen: 31.0
Worker: http://localhost:8002, Tokens: 216434.0
Selected worker: http://localhost:8002
INFO:     127.0.0.1:38988 - "POST /v1/completions HTTP/1.1" 200 OK
Worker: http://localhost:8001, Running: 33.0, Waiting: 0.0
Worker: http://localhost:8001, qlen: 33.0
Worker: http://localhost:8001, Tokens: 201201.0
Worker: http://localhost:8002, Running: 31.0, Waiting: 0.0
Worker: http://localhost:8002, qlen: 31.0
Worker: http://localhost:8002, Tokens: 216708.0
Selected worker: http://localhost:8002
INFO:     127.0.0.1:39004 - "POST /v1/completions HTTP/1.1" 200 OK
Worker: http://localhost:8001, Running: 33.0, Waiting: 0.0
Worker: http://localhost:8001, qlen: 33.0
Worker: http://localhost:8001, Tokens: 201201.0
Worker: http://localhost:8002, Running: 31.0, Waiting: 0.0
Worker: http://localhost:8002, qlen: 31.0
Worker: http://localhost:8002, Tokens: 216973.0
Selected worker: http://localhost:8002
INFO:     127.0.0.1:39006 - "POST /v1/completions HTTP/1.1" 200 OK
Worker: http://localhost:8001, Running: 33.0, Waiting: 0.0
Worker: http://localhost:8001, qlen: 33.0
Worker: http://localhost:8001, Tokens: 201201.0
Worker: http://localhost:8002, Running: 31.0, Waiting: 0.0
Worker: http://localhost:8002, qlen: 31.0
Worker: http://localhost:8002, Tokens: 217238.0
Selected worker: http://localhost:8002
INFO:     127.0.0.1:39020 - "POST /v1/completions HTTP/1.1" 200 OK
Worker: http://localhost:8001, Running: 33.0, Waiting: 0.0
Worker: http://localhost:8001, qlen: 33.0
Worker: http://localhost:8001, Tokens: 201201.0
Worker: http://localhost:8002, Running: 31.0, Waiting: 0.0
Worker: http://localhost:8002, qlen: 31.0
Worker: http://localhost:8002, Tokens: 217263.0
Selected worker: http://localhost:8002
INFO:     127.0.0.1:39032 - "POST /v1/completions HTTP/1.1" 200 OK
Worker: http://localhost:8001, Running: 27.0, Waiting: 0.0
Worker: http://localhost:8001, qlen: 27.0
Worker: http://localhost:8001, Tokens: 203272.0
Worker: http://localhost:8002, Running: 31.0, Waiting: 0.0
Worker: http://localhost:8002, qlen: 31.0
Worker: http://localhost:8002, Tokens: 216489.0
Selected worker: http://localhost:8001
INFO:     127.0.0.1:39038 - "POST /v1/completions HTTP/1.1" 200 OK
Worker: http://localhost:8001, Running: 27.0, Waiting: 0.0
Worker: http://localhost:8001, qlen: 27.0
Worker: http://localhost:8001, Tokens: 203380.0
Worker: http://localhost:8002, Running: 31.0, Waiting: 0.0
Worker: http://localhost:8002, qlen: 31.0
Worker: http://localhost:8002, Tokens: 216538.0
Selected worker: http://localhost:8001
INFO:     127.0.0.1:39054 - "POST /v1/completions HTTP/1.1" 200 OK
Worker: http://localhost:8001, Running: 27.0, Waiting: 0.0
Worker: http://localhost:8001, qlen: 27.0
Worker: http://localhost:8001, Tokens: 203662.0
Worker: http://localhost:8002, Running: 35.0, Waiting: 0.0
Worker: http://localhost:8002, qlen: 35.0
Worker: http://localhost:8002, Tokens: 218949.0
Selected worker: http://localhost:8001
Worker: http://localhost:8001, Running: 27.0, Waiting: 0.0
Worker: http://localhost:8001, qlen: 27.0
Worker: http://localhost:8001, Tokens: 203936.0
Worker: http://localhost:8002, Running: 35.0, Waiting: 0.0
Worker: http://localhost:8002, qlen: 35.0
Worker: http://localhost:8002, Tokens: 218949.0
Selected worker: http://localhost:8001
INFO:     127.0.0.1:39068 - "POST /v1/completions HTTP/1.1" 200 OK
INFO:     127.0.0.1:39074 - "POST /v1/completions HTTP/1.1" 200 OK
Worker: http://localhost:8001, Running: 28.0, Waiting: 0.0
Worker: http://localhost:8001, qlen: 28.0
Worker: http://localhost:8001, Tokens: 203251.0
Worker: http://localhost:8002, Running: 35.0, Waiting: 0.0
Worker: http://localhost:8002, qlen: 35.0
Worker: http://localhost:8002, Tokens: 218949.0
Selected worker: http://localhost:8001
INFO:     127.0.0.1:39084 - "POST /v1/completions HTTP/1.1" 200 OK
Worker: http://localhost:8001, Running: 28.0, Waiting: 0.0
Worker: http://localhost:8001, qlen: 28.0
Worker: http://localhost:8001, Tokens: 203515.0
Worker: http://localhost:8002, Running: 33.0, Waiting: 0.0
Worker: http://localhost:8002, qlen: 33.0
Worker: http://localhost:8002, Tokens: 218975.0
Selected worker: http://localhost:8001
Worker: http://localhost:8001, Running: 28.0, Waiting: 0.0
Worker: http://localhost:8001, qlen: 28.0
Worker: http://localhost:8001, Tokens: 205244.0
Worker: http://localhost:8002, Running: 33.0, Waiting: 0.0
Worker: http://localhost:8002, qlen: 33.0
Worker: http://localhost:8002, Tokens: 218975.0
Selected worker: http://localhost:8001
Worker: http://localhost:8001, Running: 28.0, Waiting: 0.0
Worker: http://localhost:8001, qlen: 28.0
Worker: http://localhost:8001, Tokens: 205514.0
Worker: http://localhost:8002, Running: 33.0, Waiting: 0.0
Worker: http://localhost:8002, qlen: 33.0
Worker: http://localhost:8002, Tokens: 218975.0
Selected worker: http://localhost:8001
INFO:     127.0.0.1:39094 - "POST /v1/completions HTTP/1.1" 200 OK
INFO:     127.0.0.1:39098 - "POST /v1/completions HTTP/1.1" 200 OK
INFO:     127.0.0.1:39112 - "POST /v1/completions HTTP/1.1" 200 OK
Worker: http://localhost:8001, Running: 34.0, Waiting: 0.0
Worker: http://localhost:8001, qlen: 34.0
Worker: http://localhost:8001, Tokens: 205938.0
Worker: http://localhost:8002, Running: 30.0, Waiting: 0.0
Worker: http://localhost:8002, qlen: 30.0
Worker: http://localhost:8002, Tokens: 219972.0
Selected worker: http://localhost:8002
INFO:     127.0.0.1:39114 - "POST /v1/completions HTTP/1.1" 200 OK
Worker: http://localhost:8001, Running: 34.0, Waiting: 0.0
Worker: http://localhost:8001, qlen: 34.0
Worker: http://localhost:8001, Tokens: 206788.0
Worker: http://localhost:8002, Running: 30.0, Waiting: 0.0
Worker: http://localhost:8002, qlen: 30.0
Worker: http://localhost:8002, Tokens: 220898.0
Selected worker: http://localhost:8002
INFO:     127.0.0.1:39122 - "POST /v1/completions HTTP/1.1" 200 OK
Worker: http://localhost:8001, Running: 34.0, Waiting: 0.0
Worker: http://localhost:8001, qlen: 34.0
Worker: http://localhost:8001, Tokens: 208250.0
Worker: http://localhost:8002, Running: 30.0, Waiting: 0.0
Worker: http://localhost:8002, qlen: 30.0
Worker: http://localhost:8002, Tokens: 225543.0
Selected worker: http://localhost:8002
INFO:     127.0.0.1:39126 - "POST /v1/completions HTTP/1.1" 200 OK
Worker: http://localhost:8001, Running: 34.0, Waiting: 0.0
Worker: http://localhost:8001, qlen: 34.0
Worker: http://localhost:8001, Tokens: 208250.0
Worker: http://localhost:8002, Running: 29.0, Waiting: 0.0
Worker: http://localhost:8002, qlen: 29.0
Worker: http://localhost:8002, Tokens: 224534.0
Selected worker: http://localhost:8002
Worker: http://localhost:8001, Running: 34.0, Waiting: 0.0
Worker: http://localhost:8001, qlen: 34.0
Worker: http://localhost:8001, Tokens: 208250.0
Worker: http://localhost:8002, Running: 29.0, Waiting: 0.0
Worker: http://localhost:8002, qlen: 29.0
Worker: http://localhost:8002, Tokens: 226483.0
Selected worker: http://localhost:8002
Worker: http://localhost:8001, Running: 34.0, Waiting: 0.0
Worker: http://localhost:8001, qlen: 34.0
Worker: http://localhost:8001, Tokens: 208250.0
Worker: http://localhost:8002, Running: 29.0, Waiting: 0.0
Worker: http://localhost:8002, qlen: 29.0
Worker: http://localhost:8002, Tokens: 228610.0
Selected worker: http://localhost:8002
Worker: http://localhost:8001, Running: 34.0, Waiting: 0.0
Worker: http://localhost:8001, qlen: 34.0
Worker: http://localhost:8001, Tokens: 208250.0
Worker: http://localhost:8002, Running: 29.0, Waiting: 0.0
Worker: http://localhost:8002, qlen: 29.0
Worker: http://localhost:8002, Tokens: 228882.0
Selected worker: http://localhost:8002
Worker: http://localhost:8001, Running: 34.0, Waiting: 0.0
Worker: http://localhost:8001, qlen: 34.0
Worker: http://localhost:8001, Tokens: 208250.0
Worker: http://localhost:8002, Running: 29.0, Waiting: 0.0
Worker: http://localhost:8002, qlen: 29.0
Worker: http://localhost:8002, Tokens: 229166.0
Selected worker: http://localhost:8002
INFO:     127.0.0.1:39150 - "POST /v1/completions HTTP/1.1" 200 OK
INFO:     127.0.0.1:39160 - "POST /v1/completions HTTP/1.1" 200 OK
INFO:     127.0.0.1:39172 - "POST /v1/completions HTTP/1.1" 200 OK
INFO:     127.0.0.1:39188 - "POST /v1/completions HTTP/1.1" 200 OK
INFO:     127.0.0.1:39140 - "POST /v1/completions HTTP/1.1" 200 OK
Worker: http://localhost:8001, Running: 34.0, Waiting: 0.0
Worker: http://localhost:8001, qlen: 34.0
Worker: http://localhost:8001, Tokens: 208148.0
Worker: http://localhost:8002, Running: 29.0, Waiting: 0.0
Worker: http://localhost:8002, qlen: 29.0
Worker: http://localhost:8002, Tokens: 231056.0
Selected worker: http://localhost:8002
INFO:     127.0.0.1:39196 - "POST /v1/completions HTTP/1.1" 200 OK
Worker: http://localhost:8001, Running: 33.0, Waiting: 0.0
Worker: http://localhost:8001, qlen: 33.0
Worker: http://localhost:8001, Tokens: 208475.0
Worker: http://localhost:8002, Running: 25.0, Waiting: 0.0
Worker: http://localhost:8002, qlen: 25.0
Worker: http://localhost:8002, Tokens: 226289.0
Selected worker: http://localhost:8002
INFO:     127.0.0.1:39210 - "POST /v1/completions HTTP/1.1" 200 OK
Worker: http://localhost:8001, Running: 32.0, Waiting: 0.0
Worker: http://localhost:8001, qlen: 32.0
Worker: http://localhost:8001, Tokens: 208052.0
Worker: http://localhost:8002, Running: 26.0, Waiting: 0.0
Worker: http://localhost:8002, qlen: 26.0
Worker: http://localhost:8002, Tokens: 228319.0
Selected worker: http://localhost:8002
Worker: http://localhost:8001, Running: 32.0, Waiting: 0.0
Worker: http://localhost:8001, qlen: 32.0
Worker: http://localhost:8001, Tokens: 208052.0
Worker: http://localhost:8002, Running: 26.0, Waiting: 0.0
Worker: http://localhost:8002, qlen: 26.0
Worker: http://localhost:8002, Tokens: 230420.0
Selected worker: http://localhost:8002
Worker: http://localhost:8001, Running: 32.0, Waiting: 0.0
Worker: http://localhost:8001, qlen: 32.0
Worker: http://localhost:8001, Tokens: 208052.0
Worker: http://localhost:8002, Running: 26.0, Waiting: 0.0
Worker: http://localhost:8002, qlen: 26.0
Worker: http://localhost:8002, Tokens: 231714.0
Selected worker: http://localhost:8002
INFO:     127.0.0.1:39224 - "POST /v1/completions HTTP/1.1" 200 OK
INFO:     127.0.0.1:39234 - "POST /v1/completions HTTP/1.1" 200 OK
INFO:     127.0.0.1:39248 - "POST /v1/completions HTTP/1.1" 200 OK
Worker: http://localhost:8001, Running: 27.0, Waiting: 0.0
Worker: http://localhost:8001, qlen: 27.0
Worker: http://localhost:8001, Tokens: 209186.0
Worker: http://localhost:8002, Running: 28.0, Waiting: 3.0
Worker: http://localhost:8002, qlen: 28.0
Worker: http://localhost:8002, Tokens: 230319.0
Selected worker: http://localhost:8001
INFO:     127.0.0.1:39256 - "POST /v1/completions HTTP/1.1" 200 OK
Worker: http://localhost:8001, Running: 27.0, Waiting: 0.0
Worker: http://localhost:8001, qlen: 27.0
Worker: http://localhost:8001, Tokens: 209489.0
Worker: http://localhost:8002, Running: 28.0, Waiting: 3.0
Worker: http://localhost:8002, qlen: 28.0
Worker: http://localhost:8002, Tokens: 230319.0
Selected worker: http://localhost:8001
INFO:     127.0.0.1:39260 - "POST /v1/completions HTTP/1.1" 200 OK
Worker: http://localhost:8001, Running: 29.0, Waiting: 0.0
Worker: http://localhost:8001, qlen: 29.0
Worker: http://localhost:8001, Tokens: 209541.0
Worker: http://localhost:8002, Running: 28.0, Waiting: 7.0
Worker: http://localhost:8002, qlen: 28.0
Worker: http://localhost:8002, Tokens: 229024.0
Selected worker: http://localhost:8002
INFO:     127.0.0.1:39266 - "POST /v1/completions HTTP/1.1" 200 OK
Worker: http://localhost:8001, Running: 29.0, Waiting: 0.0
Worker: http://localhost:8001, qlen: 29.0
Worker: http://localhost:8001, Tokens: 210672.0
Worker: http://localhost:8002, Running: 35.0, Waiting: 0.0
Worker: http://localhost:8002, qlen: 35.0
Worker: http://localhost:8002, Tokens: 245040.0
Selected worker: http://localhost:8001
INFO:     127.0.0.1:39278 - "POST /v1/completions HTTP/1.1" 200 OK
Worker: http://localhost:8001, Running: 30.0, Waiting: 0.0
Worker: http://localhost:8001, qlen: 30.0
Worker: http://localhost:8001, Tokens: 209712.0
Worker: http://localhost:8002, Running: 34.0, Waiting: 0.0
Worker: http://localhost:8002, qlen: 34.0
Worker: http://localhost:8002, Tokens: 245889.0
Selected worker: http://localhost:8001
INFO:     127.0.0.1:39288 - "POST /v1/completions HTTP/1.1" 200 OK
Worker: http://localhost:8001, Running: 30.0, Waiting: 0.0
Worker: http://localhost:8001, qlen: 30.0
Worker: http://localhost:8001, Tokens: 211080.0
Worker: http://localhost:8002, Running: 34.0, Waiting: 0.0
Worker: http://localhost:8002, qlen: 34.0
Worker: http://localhost:8002, Tokens: 246467.0
Selected worker: http://localhost:8001
Worker: http://localhost:8001, Running: 30.0, Waiting: 0.0
Worker: http://localhost:8001, qlen: 30.0
Worker: http://localhost:8001, Tokens: 211348.0
Worker: http://localhost:8002, Running: 34.0, Waiting: 0.0
Worker: http://localhost:8002, qlen: 34.0
Worker: http://localhost:8002, Tokens: 246467.0
Selected worker: http://localhost:8001
INFO:     127.0.0.1:39292 - "POST /v1/completions HTTP/1.1" 200 OK
INFO:     127.0.0.1:39298 - "POST /v1/completions HTTP/1.1" 200 OK
Worker: http://localhost:8001, Running: 30.0, Waiting: 0.0
Worker: http://localhost:8001, qlen: 30.0
Worker: http://localhost:8001, Tokens: 214388.0
Worker: http://localhost:8002, Running: 34.0, Waiting: 0.0
Worker: http://localhost:8002, qlen: 34.0
Worker: http://localhost:8002, Tokens: 247147.0
Selected worker: http://localhost:8001
Worker: http://localhost:8001, Running: 30.0, Waiting: 0.0
Worker: http://localhost:8001, qlen: 30.0
Worker: http://localhost:8001, Tokens: 214660.0
Worker: http://localhost:8002, Running: 34.0, Waiting: 0.0
Worker: http://localhost:8002, qlen: 34.0
Worker: http://localhost:8002, Tokens: 247147.0
Selected worker: http://localhost:8001
INFO:     127.0.0.1:48794 - "POST /v1/completions HTTP/1.1" 200 OK
INFO:     127.0.0.1:48806 - "POST /v1/completions HTTP/1.1" 200 OK
Worker: http://localhost:8001, Running: 30.0, Waiting: 0.0
Worker: http://localhost:8001, qlen: 30.0
Worker: http://localhost:8001, Tokens: 215336.0
Worker: http://localhost:8002, Running: 34.0, Waiting: 0.0
Worker: http://localhost:8002, qlen: 34.0
Worker: http://localhost:8002, Tokens: 247255.0
Selected worker: http://localhost:8001
INFO:     127.0.0.1:48814 - "POST /v1/completions HTTP/1.1" 200 OK
Worker: http://localhost:8001, Running: 31.0, Waiting: 0.0
Worker: http://localhost:8001, qlen: 31.0
Worker: http://localhost:8001, Tokens: 215842.0
Worker: http://localhost:8002, Running: 33.0, Waiting: 0.0
Worker: http://localhost:8002, qlen: 33.0
Worker: http://localhost:8002, Tokens: 247203.0
Selected worker: http://localhost:8001
INFO:     127.0.0.1:48826 - "POST /v1/completions HTTP/1.1" 200 OK
Worker: http://localhost:8001, Running: 31.0, Waiting: 0.0
Worker: http://localhost:8001, qlen: 31.0
Worker: http://localhost:8001, Tokens: 216126.0
Worker: http://localhost:8002, Running: 33.0, Waiting: 0.0
Worker: http://localhost:8002, qlen: 33.0
Worker: http://localhost:8002, Tokens: 247203.0
Selected worker: http://localhost:8001
INFO:     127.0.0.1:48838 - "POST /v1/completions HTTP/1.1" 200 OK
Worker: http://localhost:8001, Running: 31.0, Waiting: 0.0
Worker: http://localhost:8001, qlen: 31.0
Worker: http://localhost:8001, Tokens: 216388.0
Worker: http://localhost:8002, Running: 33.0, Waiting: 0.0
Worker: http://localhost:8002, qlen: 33.0
Worker: http://localhost:8002, Tokens: 247203.0
Selected worker: http://localhost:8001
INFO:     127.0.0.1:48842 - "POST /v1/completions HTTP/1.1" 200 OK
Worker: http://localhost:8001, Running: 31.0, Waiting: 0.0
Worker: http://localhost:8001, qlen: 31.0
Worker: http://localhost:8001, Tokens: 215997.0
Worker: http://localhost:8002, Running: 33.0, Waiting: 0.0
Worker: http://localhost:8002, qlen: 33.0
Worker: http://localhost:8002, Tokens: 246632.0
Selected worker: http://localhost:8001
Worker: http://localhost:8001, Running: 31.0, Waiting: 0.0
Worker: http://localhost:8001, qlen: 31.0
Worker: http://localhost:8001, Tokens: 216278.0
Worker: http://localhost:8002, Running: 33.0, Waiting: 0.0
Worker: http://localhost:8002, qlen: 33.0
Worker: http://localhost:8002, Tokens: 246632.0
Selected worker: http://localhost:8001
INFO:     127.0.0.1:48852 - "POST /v1/completions HTTP/1.1" 200 OK
INFO:     127.0.0.1:48856 - "POST /v1/completions HTTP/1.1" 200 OK
Worker: http://localhost:8001, Running: 36.0, Waiting: 0.0
Worker: http://localhost:8001, qlen: 36.0
Worker: http://localhost:8001, Tokens: 216671.0
Worker: http://localhost:8002, Running: 28.0, Waiting: 0.0
Worker: http://localhost:8002, qlen: 28.0
Worker: http://localhost:8002, Tokens: 248795.0
Selected worker: http://localhost:8002
INFO:     127.0.0.1:48868 - "POST /v1/completions HTTP/1.1" 200 OK
Worker: http://localhost:8001, Running: 35.0, Waiting: 0.0
Worker: http://localhost:8001, qlen: 35.0
Worker: http://localhost:8001, Tokens: 217409.0
Worker: http://localhost:8002, Running: 29.0, Waiting: 0.0
Worker: http://localhost:8002, qlen: 29.0
Worker: http://localhost:8002, Tokens: 249758.0
Selected worker: http://localhost:8002
Worker: http://localhost:8001, Running: 35.0, Waiting: 0.0
Worker: http://localhost:8001, qlen: 35.0
Worker: http://localhost:8001, Tokens: 217409.0
Worker: http://localhost:8002, Running: 29.0, Waiting: 0.0
Worker: http://localhost:8002, qlen: 29.0
Worker: http://localhost:8002, Tokens: 250030.0
Selected worker: http://localhost:8002
INFO:     127.0.0.1:48880 - "POST /v1/completions HTTP/1.1" 200 OK
INFO:     127.0.0.1:48890 - "POST /v1/completions HTTP/1.1" 200 OK
Worker: http://localhost:8001, Running: 33.0, Waiting: 0.0
Worker: http://localhost:8001, qlen: 33.0
Worker: http://localhost:8001, Tokens: 218188.0
Worker: http://localhost:8002, Running: 31.0, Waiting: 0.0
Worker: http://localhost:8002, qlen: 31.0
Worker: http://localhost:8002, Tokens: 253687.0
Selected worker: http://localhost:8002
Worker: http://localhost:8001, Running: 33.0, Waiting: 0.0
Worker: http://localhost:8001, qlen: 33.0
Worker: http://localhost:8001, Tokens: 218188.0
Worker: http://localhost:8002, Running: 31.0, Waiting: 0.0
Worker: http://localhost:8002, qlen: 31.0
Worker: http://localhost:8002, Tokens: 253954.0
Selected worker: http://localhost:8002
INFO:     127.0.0.1:48904 - "POST /v1/completions HTTP/1.1" 200 OK
INFO:     127.0.0.1:48918 - "POST /v1/completions HTTP/1.1" 200 OK
Worker: http://localhost:8001, Running: 31.0, Waiting: 0.0
Worker: http://localhost:8001, qlen: 31.0
Worker: http://localhost:8001, Tokens: 218757.0
Worker: http://localhost:8002, Running: 31.0, Waiting: 0.0
Worker: http://localhost:8002, qlen: 31.0
Worker: http://localhost:8002, Tokens: 253904.0
Selected worker: http://localhost:8001
INFO:     127.0.0.1:48928 - "POST /v1/completions HTTP/1.1" 200 OK
Worker: http://localhost:8001, Running: 31.0, Waiting: 0.0
Worker: http://localhost:8001, qlen: 31.0
Worker: http://localhost:8001, Tokens: 218742.0
Worker: http://localhost:8002, Running: 33.0, Waiting: 0.0
Worker: http://localhost:8002, qlen: 33.0
Worker: http://localhost:8002, Tokens: 256625.0
Selected worker: http://localhost:8001
Worker: http://localhost:8001, Running: 31.0, Waiting: 0.0
Worker: http://localhost:8001, qlen: 31.0
Worker: http://localhost:8001, Tokens: 219002.0
Worker: http://localhost:8002, Running: 33.0, Waiting: 0.0
Worker: http://localhost:8002, qlen: 33.0
Worker: http://localhost:8002, Tokens: 256625.0
Selected worker: http://localhost:8001
Worker: http://localhost:8001, Running: 31.0, Waiting: 0.0
Worker: http://localhost:8001, qlen: 31.0
Worker: http://localhost:8001, Tokens: 219279.0
Worker: http://localhost:8002, Running: 33.0, Waiting: 0.0
Worker: http://localhost:8002, qlen: 33.0
Worker: http://localhost:8002, Tokens: 256625.0
Selected worker: http://localhost:8001
INFO:     127.0.0.1:48930 - "POST /v1/completions HTTP/1.1" 200 OK
INFO:     127.0.0.1:48936 - "POST /v1/completions HTTP/1.1" 200 OK
INFO:     127.0.0.1:48942 - "POST /v1/completions HTTP/1.1" 200 OK
Worker: http://localhost:8001, Running: 31.0, Waiting: 0.0
Worker: http://localhost:8001, qlen: 31.0
Worker: http://localhost:8001, Tokens: 218984.0
Worker: http://localhost:8002, Running: 33.0, Waiting: 0.0
Worker: http://localhost:8002, qlen: 33.0
Worker: http://localhost:8002, Tokens: 256757.0
Selected worker: http://localhost:8001
INFO:     127.0.0.1:48950 - "POST /v1/completions HTTP/1.1" 200 OK
Worker: http://localhost:8001, Running: 31.0, Waiting: 0.0
Worker: http://localhost:8001, qlen: 31.0
Worker: http://localhost:8001, Tokens: 219251.0
Worker: http://localhost:8002, Running: 33.0, Waiting: 0.0
Worker: http://localhost:8002, qlen: 33.0
Worker: http://localhost:8002, Tokens: 256757.0
Selected worker: http://localhost:8001
INFO:     127.0.0.1:48956 - "POST /v1/completions HTTP/1.1" 200 OK
Worker: http://localhost:8001, Running: 31.0, Waiting: 0.0
Worker: http://localhost:8001, qlen: 31.0
Worker: http://localhost:8001, Tokens: 220884.0
Worker: http://localhost:8002, Running: 33.0, Waiting: 0.0
Worker: http://localhost:8002, qlen: 33.0
Worker: http://localhost:8002, Tokens: 257750.0
Selected worker: http://localhost:8001
INFO:     127.0.0.1:48968 - "POST /v1/completions HTTP/1.1" 200 OK
Worker: http://localhost:8001, Running: 31.0, Waiting: 0.0
Worker: http://localhost:8001, qlen: 31.0
Worker: http://localhost:8001, Tokens: 221008.0
Worker: http://localhost:8002, Running: 33.0, Waiting: 0.0
Worker: http://localhost:8002, qlen: 33.0
Worker: http://localhost:8002, Tokens: 256440.0
Selected worker: http://localhost:8001
INFO:     127.0.0.1:48970 - "POST /v1/completions HTTP/1.1" 200 OK
Worker: http://localhost:8001, Running: 33.0, Waiting: 0.0
Worker: http://localhost:8001, qlen: 33.0
Worker: http://localhost:8001, Tokens: 226797.0
Worker: http://localhost:8002, Running: 31.0, Waiting: 0.0
Worker: http://localhost:8002, qlen: 31.0
Worker: http://localhost:8002, Tokens: 258737.0
Selected worker: http://localhost:8002
INFO:     127.0.0.1:48980 - "POST /v1/completions HTTP/1.1" 200 OK
Worker: http://localhost:8001, Running: 33.0, Waiting: 0.0
Worker: http://localhost:8001, qlen: 33.0
Worker: http://localhost:8001, Tokens: 227391.0
Worker: http://localhost:8002, Running: 31.0, Waiting: 0.0
Worker: http://localhost:8002, qlen: 31.0
Worker: http://localhost:8002, Tokens: 259181.0
Selected worker: http://localhost:8002
INFO:     127.0.0.1:48984 - "POST /v1/completions HTTP/1.1" 200 OK
Worker: http://localhost:8001, Running: 33.0, Waiting: 0.0
Worker: http://localhost:8001, qlen: 33.0
Worker: http://localhost:8001, Tokens: 227288.0
Worker: http://localhost:8002, Running: 30.0, Waiting: 0.0
Worker: http://localhost:8002, qlen: 30.0
Worker: http://localhost:8002, Tokens: 259691.0
Selected worker: http://localhost:8002
INFO:     127.0.0.1:48992 - "POST /v1/completions HTTP/1.1" 200 OK
Worker: http://localhost:8001, Running: 32.0, Waiting: 0.0
Worker: http://localhost:8001, qlen: 32.0
Worker: http://localhost:8001, Tokens: 227438.0
Worker: http://localhost:8002, Running: 32.0, Waiting: 0.0
Worker: http://localhost:8002, qlen: 32.0
Worker: http://localhost:8002, Tokens: 260901.0
Selected worker: http://localhost:8002
Worker: http://localhost:8001, Running: 32.0, Waiting: 0.0
Worker: http://localhost:8001, qlen: 32.0
Worker: http://localhost:8001, Tokens: 227438.0
Worker: http://localhost:8002, Running: 32.0, Waiting: 0.0
Worker: http://localhost:8002, qlen: 32.0
Worker: http://localhost:8002, Tokens: 262466.0
Selected worker: http://localhost:8002
Worker: http://localhost:8001, Running: 32.0, Waiting: 0.0
Worker: http://localhost:8001, qlen: 32.0
Worker: http://localhost:8001, Tokens: 227438.0
Worker: http://localhost:8002, Running: 32.0, Waiting: 0.0
Worker: http://localhost:8002, qlen: 32.0
Worker: http://localhost:8002, Tokens: 262727.0
Selected worker: http://localhost:8001
Worker: http://localhost:8001, Running: 32.0, Waiting: 0.0
Worker: http://localhost:8001, qlen: 32.0
Worker: http://localhost:8001, Tokens: 229175.0
Worker: http://localhost:8002, Running: 32.0, Waiting: 0.0
Worker: http://localhost:8002, qlen: 32.0
Worker: http://localhost:8002, Tokens: 262727.0
Selected worker: http://localhost:8001
Worker: http://localhost:8001, Running: 32.0, Waiting: 0.0
Worker: http://localhost:8001, qlen: 32.0
Worker: http://localhost:8001, Tokens: 229454.0
Worker: http://localhost:8002, Running: 32.0, Waiting: 0.0
Worker: http://localhost:8002, qlen: 32.0
Worker: http://localhost:8002, Tokens: 262727.0
Selected worker: http://localhost:8002
INFO:     127.0.0.1:49006 - "POST /v1/completions HTTP/1.1" 200 OK
INFO:     127.0.0.1:49022 - "POST /v1/completions HTTP/1.1" 200 OK
INFO:     127.0.0.1:49034 - "POST /v1/completions HTTP/1.1" 200 OK
INFO:     127.0.0.1:49050 - "POST /v1/completions HTTP/1.1" 200 OK
INFO:     127.0.0.1:49000 - "POST /v1/completions HTTP/1.1" 200 OK
Worker: http://localhost:8001, Running: 29.0, Waiting: 0.0
Worker: http://localhost:8001, qlen: 29.0
Worker: http://localhost:8001, Tokens: 230722.0
Worker: http://localhost:8002, Running: 35.0, Waiting: 0.0
Worker: http://localhost:8002, qlen: 35.0
Worker: http://localhost:8002, Tokens: 266350.0
Selected worker: http://localhost:8001
INFO:     127.0.0.1:54258 - "POST /v1/completions HTTP/1.1" 200 OK
Worker: http://localhost:8001, Running: 29.0, Waiting: 0.0
Worker: http://localhost:8001, qlen: 29.0
Worker: http://localhost:8001, Tokens: 230805.0
Worker: http://localhost:8002, Running: 35.0, Waiting: 0.0
Worker: http://localhost:8002, qlen: 35.0
Worker: http://localhost:8002, Tokens: 266455.0
Selected worker: http://localhost:8001
INFO:     127.0.0.1:54260 - "POST /v1/completions HTTP/1.1" 200 OK
Worker: http://localhost:8001, Running: 27.0, Waiting: 0.0
Worker: http://localhost:8001, qlen: 27.0
Worker: http://localhost:8001, Tokens: 232497.0
Worker: http://localhost:8002, Running: 35.0, Waiting: 0.0
Worker: http://localhost:8002, qlen: 35.0
Worker: http://localhost:8002, Tokens: 266474.0
Selected worker: http://localhost:8001
INFO:     127.0.0.1:54266 - "POST /v1/completions HTTP/1.1" 200 OK
Worker: http://localhost:8001, Running: 30.0, Waiting: 0.0
Worker: http://localhost:8001, qlen: 30.0
Worker: http://localhost:8001, Tokens: 235587.0
Worker: http://localhost:8002, Running: 34.0, Waiting: 0.0
Worker: http://localhost:8002, qlen: 34.0
Worker: http://localhost:8002, Tokens: 267007.0
Selected worker: http://localhost:8001
INFO:     127.0.0.1:54276 - "POST /v1/completions HTTP/1.1" 200 OK
Worker: http://localhost:8001, Running: 31.0, Waiting: 0.0
Worker: http://localhost:8001, qlen: 31.0
Worker: http://localhost:8001, Tokens: 235883.0
Worker: http://localhost:8002, Running: 33.0, Waiting: 0.0
Worker: http://localhost:8002, qlen: 33.0
Worker: http://localhost:8002, Tokens: 267251.0
Selected worker: http://localhost:8001
INFO:     127.0.0.1:54280 - "POST /v1/completions HTTP/1.1" 200 OK
Worker: http://localhost:8001, Running: 32.0, Waiting: 0.0
Worker: http://localhost:8001, qlen: 32.0
Worker: http://localhost:8001, Tokens: 236794.0
Worker: http://localhost:8002, Running: 32.0, Waiting: 0.0
Worker: http://localhost:8002, qlen: 32.0
Worker: http://localhost:8002, Tokens: 268766.0
Selected worker: http://localhost:8001
INFO:     127.0.0.1:54290 - "POST /v1/completions HTTP/1.1" 200 OK
Worker: http://localhost:8001, Running: 31.0, Waiting: 0.0
Worker: http://localhost:8001, qlen: 31.0
Worker: http://localhost:8001, Tokens: 237200.0
Worker: http://localhost:8002, Running: 32.0, Waiting: 0.0
Worker: http://localhost:8002, qlen: 32.0
Worker: http://localhost:8002, Tokens: 268633.0
Selected worker: http://localhost:8001
INFO:     127.0.0.1:54298 - "POST /v1/completions HTTP/1.1" 200 OK
Worker: http://localhost:8001, Running: 33.0, Waiting: 0.0
Worker: http://localhost:8001, qlen: 33.0
Worker: http://localhost:8001, Tokens: 239469.0
Worker: http://localhost:8002, Running: 31.0, Waiting: 0.0
Worker: http://localhost:8002, qlen: 31.0
Worker: http://localhost:8002, Tokens: 270012.0
Selected worker: http://localhost:8002
INFO:     127.0.0.1:54306 - "POST /v1/completions HTTP/1.1" 200 OK
Worker: http://localhost:8001, Running: 33.0, Waiting: 0.0
Worker: http://localhost:8001, qlen: 33.0
Worker: http://localhost:8001, Tokens: 239195.0
Worker: http://localhost:8002, Running: 31.0, Waiting: 0.0
Worker: http://localhost:8002, qlen: 31.0
Worker: http://localhost:8002, Tokens: 270105.0
Selected worker: http://localhost:8002
INFO:     127.0.0.1:54322 - "POST /v1/completions HTTP/1.1" 200 OK
Worker: http://localhost:8001, Running: 31.0, Waiting: 0.0
Worker: http://localhost:8001, qlen: 31.0
Worker: http://localhost:8001, Tokens: 240033.0
Worker: http://localhost:8002, Running: 33.0, Waiting: 0.0
Worker: http://localhost:8002, qlen: 33.0
Worker: http://localhost:8002, Tokens: 270646.0
Selected worker: http://localhost:8001
INFO:     127.0.0.1:54332 - "POST /v1/completions HTTP/1.1" 200 OK
Worker: http://localhost:8001, Running: 30.0, Waiting: 0.0
Worker: http://localhost:8001, qlen: 30.0
Worker: http://localhost:8001, Tokens: 240141.0
Worker: http://localhost:8002, Running: 33.0, Waiting: 0.0
Worker: http://localhost:8002, qlen: 33.0
Worker: http://localhost:8002, Tokens: 270778.0
Selected worker: http://localhost:8001
INFO:     127.0.0.1:54340 - "POST /v1/completions HTTP/1.1" 200 OK
Worker: http://localhost:8001, Running: 31.0, Waiting: 0.0
Worker: http://localhost:8001, qlen: 31.0
Worker: http://localhost:8001, Tokens: 246099.0
Worker: http://localhost:8002, Running: 33.0, Waiting: 0.0
Worker: http://localhost:8002, qlen: 33.0
Worker: http://localhost:8002, Tokens: 272428.0
Selected worker: http://localhost:8001
INFO:     127.0.0.1:54342 - "POST /v1/completions HTTP/1.1" 200 OK
Worker: http://localhost:8001, Running: 31.0, Waiting: 0.0
Worker: http://localhost:8001, qlen: 31.0
Worker: http://localhost:8001, Tokens: 245130.0
Worker: http://localhost:8002, Running: 33.0, Waiting: 0.0
Worker: http://localhost:8002, qlen: 33.0
Worker: http://localhost:8002, Tokens: 272989.0
Selected worker: http://localhost:8001
INFO:     127.0.0.1:54354 - "POST /v1/completions HTTP/1.1" 200 OK
Worker: http://localhost:8001, Running: 31.0, Waiting: 0.0
Worker: http://localhost:8001, qlen: 31.0
Worker: http://localhost:8001, Tokens: 247464.0
Worker: http://localhost:8002, Running: 33.0, Waiting: 0.0
Worker: http://localhost:8002, qlen: 33.0
Worker: http://localhost:8002, Tokens: 273189.0
Selected worker: http://localhost:8001
INFO:     127.0.0.1:54356 - "POST /v1/completions HTTP/1.1" 200 OK
Worker: http://localhost:8001, Running: 31.0, Waiting: 0.0
Worker: http://localhost:8001, qlen: 31.0
Worker: http://localhost:8001, Tokens: 247727.0
Worker: http://localhost:8002, Running: 32.0, Waiting: 0.0
Worker: http://localhost:8002, qlen: 32.0
Worker: http://localhost:8002, Tokens: 273279.0
Selected worker: http://localhost:8001
INFO:     127.0.0.1:54372 - "POST /v1/completions HTTP/1.1" 200 OK
Worker: http://localhost:8001, Running: 33.0, Waiting: 0.0
Worker: http://localhost:8001, qlen: 33.0
Worker: http://localhost:8001, Tokens: 244634.0
Worker: http://localhost:8002, Running: 31.0, Waiting: 0.0
Worker: http://localhost:8002, qlen: 31.0
Worker: http://localhost:8002, Tokens: 273986.0
Selected worker: http://localhost:8002
INFO:     127.0.0.1:54376 - "POST /v1/completions HTTP/1.1" 200 OK
Worker: http://localhost:8001, Running: 32.0, Waiting: 0.0
Worker: http://localhost:8001, qlen: 32.0
Worker: http://localhost:8001, Tokens: 249592.0
Worker: http://localhost:8002, Running: 32.0, Waiting: 0.0
Worker: http://localhost:8002, qlen: 32.0
Worker: http://localhost:8002, Tokens: 275829.0
Selected worker: http://localhost:8001
INFO:     127.0.0.1:55944 - "POST /v1/completions HTTP/1.1" 200 OK
Worker: http://localhost:8001, Running: 31.0, Waiting: 0.0
Worker: http://localhost:8001, qlen: 31.0
Worker: http://localhost:8001, Tokens: 252706.0
Worker: http://localhost:8002, Running: 32.0, Waiting: 0.0
Worker: http://localhost:8002, qlen: 32.0
Worker: http://localhost:8002, Tokens: 276405.0
Selected worker: http://localhost:8001
INFO:     127.0.0.1:55956 - "POST /v1/completions HTTP/1.1" 200 OK
Worker: http://localhost:8001, Running: 32.0, Waiting: 0.0
Worker: http://localhost:8001, qlen: 32.0
Worker: http://localhost:8001, Tokens: 254829.0
Worker: http://localhost:8002, Running: 32.0, Waiting: 0.0
Worker: http://localhost:8002, qlen: 32.0
Worker: http://localhost:8002, Tokens: 277045.0
Selected worker: http://localhost:8002
INFO:     127.0.0.1:55960 - "POST /v1/completions HTTP/1.1" 200 OK
Worker: http://localhost:8001, Running: 31.0, Waiting: 0.0
Worker: http://localhost:8001, qlen: 31.0
Worker: http://localhost:8001, Tokens: 254898.0
Worker: http://localhost:8002, Running: 32.0, Waiting: 0.0
Worker: http://localhost:8002, qlen: 32.0
Worker: http://localhost:8002, Tokens: 277336.0
Selected worker: http://localhost:8001
INFO:     127.0.0.1:55964 - "POST /v1/completions HTTP/1.1" 200 OK
Worker: http://localhost:8001, Running: 30.0, Waiting: 0.0
Worker: http://localhost:8001, qlen: 30.0
Worker: http://localhost:8001, Tokens: 255430.0
Worker: http://localhost:8002, Running: 33.0, Waiting: 0.0
Worker: http://localhost:8002, qlen: 33.0
Worker: http://localhost:8002, Tokens: 277146.0
Selected worker: http://localhost:8001
INFO:     127.0.0.1:55970 - "POST /v1/completions HTTP/1.1" 200 OK
Worker: http://localhost:8001, Running: 32.0, Waiting: 0.0
Worker: http://localhost:8001, qlen: 32.0
Worker: http://localhost:8001, Tokens: 264492.0
Worker: http://localhost:8002, Running: 32.0, Waiting: 0.0
Worker: http://localhost:8002, qlen: 32.0
Worker: http://localhost:8002, Tokens: 280161.0
Selected worker: http://localhost:8002
Worker: http://localhost:8001, Running: 32.0, Waiting: 0.0
Worker: http://localhost:8001, qlen: 32.0
Worker: http://localhost:8001, Tokens: 264492.0
Worker: http://localhost:8002, Running: 32.0, Waiting: 0.0
Worker: http://localhost:8002, qlen: 32.0
Worker: http://localhost:8002, Tokens: 280449.0
Selected worker: http://localhost:8001
INFO:     127.0.0.1:55972 - "POST /v1/completions HTTP/1.1" 200 OK
INFO:     127.0.0.1:55976 - "POST /v1/completions HTTP/1.1" 200 OK
Worker: http://localhost:8001, Running: 30.0, Waiting: 0.0
Worker: http://localhost:8001, qlen: 30.0
Worker: http://localhost:8001, Tokens: 268415.0
Worker: http://localhost:8002, Running: 32.0, Waiting: 0.0
Worker: http://localhost:8002, qlen: 32.0
Worker: http://localhost:8002, Tokens: 280158.0
Selected worker: http://localhost:8001
INFO:     127.0.0.1:55990 - "POST /v1/completions HTTP/1.1" 200 OK
Worker: http://localhost:8001, Running: 32.0, Waiting: 0.0
Worker: http://localhost:8001, qlen: 32.0
Worker: http://localhost:8001, Tokens: 268918.0
Worker: http://localhost:8002, Running: 32.0, Waiting: 0.0
Worker: http://localhost:8002, qlen: 32.0
Worker: http://localhost:8002, Tokens: 279599.0
Selected worker: http://localhost:8001
INFO:     127.0.0.1:55994 - "POST /v1/completions HTTP/1.1" 200 OK
Worker: http://localhost:8001, Running: 33.0, Waiting: 0.0
Worker: http://localhost:8001, qlen: 33.0
Worker: http://localhost:8001, Tokens: 269315.0
Worker: http://localhost:8002, Running: 31.0, Waiting: 0.0
Worker: http://localhost:8002, qlen: 31.0
Worker: http://localhost:8002, Tokens: 281653.0
Selected worker: http://localhost:8002
INFO:     127.0.0.1:55998 - "POST /v1/completions HTTP/1.1" 200 OK
Worker: http://localhost:8001, Running: 32.0, Waiting: 0.0
Worker: http://localhost:8001, qlen: 32.0
Worker: http://localhost:8001, Tokens: 268290.0
Worker: http://localhost:8002, Running: 32.0, Waiting: 0.0
Worker: http://localhost:8002, qlen: 32.0
Worker: http://localhost:8002, Tokens: 283551.0
Selected worker: http://localhost:8002
Worker: http://localhost:8001, Running: 32.0, Waiting: 0.0
Worker: http://localhost:8001, qlen: 32.0
Worker: http://localhost:8001, Tokens: 268290.0
Worker: http://localhost:8002, Running: 32.0, Waiting: 0.0
Worker: http://localhost:8002, qlen: 32.0
Worker: http://localhost:8002, Tokens: 283818.0
Selected worker: http://localhost:8002
INFO:     127.0.0.1:56000 - "POST /v1/completions HTTP/1.1" 200 OK
INFO:     127.0.0.1:56016 - "POST /v1/completions HTTP/1.1" 200 OK
Worker: http://localhost:8001, Running: 32.0, Waiting: 0.0
Worker: http://localhost:8001, qlen: 32.0
Worker: http://localhost:8001, Tokens: 268024.0
Worker: http://localhost:8002, Running: 32.0, Waiting: 0.0
Worker: http://localhost:8002, qlen: 32.0
Worker: http://localhost:8002, Tokens: 283359.0
Selected worker: http://localhost:8001
INFO:     127.0.0.1:56028 - "POST /v1/completions HTTP/1.1" 200 OK
Worker: http://localhost:8001, Running: 32.0, Waiting: 0.0
Worker: http://localhost:8001, qlen: 32.0
Worker: http://localhost:8001, Tokens: 268297.0
Worker: http://localhost:8002, Running: 32.0, Waiting: 0.0
Worker: http://localhost:8002, qlen: 32.0
Worker: http://localhost:8002, Tokens: 283359.0
Selected worker: http://localhost:8002
INFO:     127.0.0.1:56032 - "POST /v1/completions HTTP/1.1" 200 OK
Worker: http://localhost:8001, Running: 30.0, Waiting: 0.0
Worker: http://localhost:8001, qlen: 30.0
Worker: http://localhost:8001, Tokens: 271929.0
Worker: http://localhost:8002, Running: 34.0, Waiting: 0.0
Worker: http://localhost:8002, qlen: 34.0
Worker: http://localhost:8002, Tokens: 286021.0
Selected worker: http://localhost:8001
INFO:     127.0.0.1:56046 - "POST /v1/completions HTTP/1.1" 200 OK
Worker: http://localhost:8001, Running: 30.0, Waiting: 0.0
Worker: http://localhost:8001, qlen: 30.0
Worker: http://localhost:8001, Tokens: 274808.0
Worker: http://localhost:8002, Running: 34.0, Waiting: 0.0
Worker: http://localhost:8002, qlen: 34.0
Worker: http://localhost:8002, Tokens: 286842.0
Selected worker: http://localhost:8001
INFO:     127.0.0.1:37936 - "POST /v1/completions HTTP/1.1" 200 OK
Worker: http://localhost:8001, Running: 31.0, Waiting: 0.0
Worker: http://localhost:8001, qlen: 31.0
Worker: http://localhost:8001, Tokens: 276478.0
Worker: http://localhost:8002, Running: 33.0, Waiting: 0.0
Worker: http://localhost:8002, qlen: 33.0
Worker: http://localhost:8002, Tokens: 288991.0
Selected worker: http://localhost:8001
INFO:     127.0.0.1:37948 - "POST /v1/completions HTTP/1.1" 200 OK
Worker: http://localhost:8001, Running: 30.0, Waiting: 0.0
Worker: http://localhost:8001, qlen: 30.0
Worker: http://localhost:8001, Tokens: 276963.0
Worker: http://localhost:8002, Running: 33.0, Waiting: 0.0
Worker: http://localhost:8002, qlen: 33.0
Worker: http://localhost:8002, Tokens: 288955.0
Selected worker: http://localhost:8001
INFO:     127.0.0.1:37950 - "POST /v1/completions HTTP/1.1" 200 OK
Worker: http://localhost:8001, Running: 30.0, Waiting: 0.0
Worker: http://localhost:8001, qlen: 30.0
Worker: http://localhost:8001, Tokens: 276963.0
Worker: http://localhost:8002, Running: 33.0, Waiting: 0.0
Worker: http://localhost:8002, qlen: 33.0
Worker: http://localhost:8002, Tokens: 288651.0
Selected worker: http://localhost:8001
INFO:     127.0.0.1:37966 - "POST /v1/completions HTTP/1.1" 200 OK
Worker: http://localhost:8001, Running: 33.0, Waiting: 0.0
Worker: http://localhost:8001, qlen: 33.0
Worker: http://localhost:8001, Tokens: 283764.0
Worker: http://localhost:8002, Running: 31.0, Waiting: 0.0
Worker: http://localhost:8002, qlen: 31.0
Worker: http://localhost:8002, Tokens: 290745.0
Selected worker: http://localhost:8002
INFO:     127.0.0.1:37980 - "POST /v1/completions HTTP/1.1" 200 OK
Worker: http://localhost:8001, Running: 32.0, Waiting: 0.0
Worker: http://localhost:8001, qlen: 32.0
Worker: http://localhost:8001, Tokens: 281760.0
Worker: http://localhost:8002, Running: 32.0, Waiting: 0.0
Worker: http://localhost:8002, qlen: 32.0
Worker: http://localhost:8002, Tokens: 291585.0
Selected worker: http://localhost:8002
INFO:     127.0.0.1:37988 - "POST /v1/completions HTTP/1.1" 200 OK
Worker: http://localhost:8001, Running: 31.0, Waiting: 0.0
Worker: http://localhost:8001, qlen: 31.0
Worker: http://localhost:8001, Tokens: 285814.0
Worker: http://localhost:8002, Running: 33.0, Waiting: 0.0
Worker: http://localhost:8002, qlen: 33.0
Worker: http://localhost:8002, Tokens: 292771.0
Selected worker: http://localhost:8001
INFO:     127.0.0.1:37998 - "POST /v1/completions HTTP/1.1" 200 OK
Worker: http://localhost:8001, Running: 31.0, Waiting: 0.0
Worker: http://localhost:8001, qlen: 31.0
Worker: http://localhost:8001, Tokens: 285416.0
Worker: http://localhost:8002, Running: 33.0, Waiting: 0.0
Worker: http://localhost:8002, qlen: 33.0
Worker: http://localhost:8002, Tokens: 293728.0
Selected worker: http://localhost:8001
INFO:     127.0.0.1:38004 - "POST /v1/completions HTTP/1.1" 200 OK
Worker: http://localhost:8001, Running: 31.0, Waiting: 0.0
Worker: http://localhost:8001, qlen: 31.0
Worker: http://localhost:8001, Tokens: 285966.0
Worker: http://localhost:8002, Running: 33.0, Waiting: 0.0
Worker: http://localhost:8002, qlen: 33.0
Worker: http://localhost:8002, Tokens: 294157.0
Selected worker: http://localhost:8001
INFO:     127.0.0.1:38014 - "POST /v1/completions HTTP/1.1" 200 OK
Worker: http://localhost:8001, Running: 31.0, Waiting: 0.0
Worker: http://localhost:8001, qlen: 31.0
Worker: http://localhost:8001, Tokens: 286231.0
Worker: http://localhost:8002, Running: 33.0, Waiting: 0.0
Worker: http://localhost:8002, qlen: 33.0
Worker: http://localhost:8002, Tokens: 292149.0
Selected worker: http://localhost:8001
INFO:     127.0.0.1:38022 - "POST /v1/completions HTTP/1.1" 200 OK
Worker: http://localhost:8001, Running: 31.0, Waiting: 0.0
Worker: http://localhost:8001, qlen: 31.0
Worker: http://localhost:8001, Tokens: 286497.0
Worker: http://localhost:8002, Running: 33.0, Waiting: 0.0
Worker: http://localhost:8002, qlen: 33.0
Worker: http://localhost:8002, Tokens: 292149.0
Selected worker: http://localhost:8001
INFO:     127.0.0.1:38030 - "POST /v1/completions HTTP/1.1" 200 OK
Worker: http://localhost:8001, Running: 30.0, Waiting: 0.0
Worker: http://localhost:8001, qlen: 30.0
Worker: http://localhost:8001, Tokens: 286168.0
Worker: http://localhost:8002, Running: 31.0, Waiting: 0.0
Worker: http://localhost:8002, qlen: 31.0
Worker: http://localhost:8002, Tokens: 294445.0
Selected worker: http://localhost:8001
INFO:     127.0.0.1:38042 - "POST /v1/completions HTTP/1.1" 200 OK
Worker: http://localhost:8001, Running: 30.0, Waiting: 0.0
Worker: http://localhost:8001, qlen: 30.0
Worker: http://localhost:8001, Tokens: 286454.0
Worker: http://localhost:8002, Running: 31.0, Waiting: 0.0
Worker: http://localhost:8002, qlen: 31.0
Worker: http://localhost:8002, Tokens: 294445.0
Selected worker: http://localhost:8001
INFO:     127.0.0.1:38056 - "POST /v1/completions HTTP/1.1" 200 OK
Worker: http://localhost:8001, Running: 32.0, Waiting: 0.0
Worker: http://localhost:8001, qlen: 32.0
Worker: http://localhost:8001, Tokens: 239782.0
Worker: http://localhost:8002, Running: 31.0, Waiting: 0.0
Worker: http://localhost:8002, qlen: 31.0
Worker: http://localhost:8002, Tokens: 294786.0
Selected worker: http://localhost:8002
INFO:     127.0.0.1:38070 - "POST /v1/completions HTTP/1.1" 200 OK
Worker: http://localhost:8001, Running: 32.0, Waiting: 0.0
Worker: http://localhost:8001, qlen: 32.0
Worker: http://localhost:8001, Tokens: 284441.0
Worker: http://localhost:8002, Running: 31.0, Waiting: 0.0
Worker: http://localhost:8002, qlen: 31.0
Worker: http://localhost:8002, Tokens: 294879.0
Selected worker: http://localhost:8002
INFO:     127.0.0.1:38074 - "POST /v1/completions HTTP/1.1" 200 OK
Worker: http://localhost:8001, Running: 31.0, Waiting: 0.0
Worker: http://localhost:8001, qlen: 31.0
Worker: http://localhost:8001, Tokens: 288521.0
Worker: http://localhost:8002, Running: 32.0, Waiting: 0.0
Worker: http://localhost:8002, qlen: 32.0
Worker: http://localhost:8002, Tokens: 294844.0
Selected worker: http://localhost:8001
INFO:     127.0.0.1:38082 - "POST /v1/completions HTTP/1.1" 200 OK
Worker: http://localhost:8001, Running: 32.0, Waiting: 0.0
Worker: http://localhost:8001, qlen: 32.0
Worker: http://localhost:8001, Tokens: 289182.0
Worker: http://localhost:8002, Running: 32.0, Waiting: 0.0
Worker: http://localhost:8002, qlen: 32.0
Worker: http://localhost:8002, Tokens: 295966.0
Selected worker: http://localhost:8001
INFO:     127.0.0.1:58638 - "POST /v1/completions HTTP/1.1" 200 OK
Worker: http://localhost:8001, Running: 32.0, Waiting: 0.0
Worker: http://localhost:8001, qlen: 32.0
Worker: http://localhost:8001, Tokens: 290195.0
Worker: http://localhost:8002, Running: 32.0, Waiting: 0.0
Worker: http://localhost:8002, qlen: 32.0
Worker: http://localhost:8002, Tokens: 296894.0
Selected worker: http://localhost:8002
INFO:     127.0.0.1:58650 - "POST /v1/completions HTTP/1.1" 200 OK
Worker: http://localhost:8001, Running: 31.0, Waiting: 0.0
Worker: http://localhost:8001, qlen: 31.0
Worker: http://localhost:8001, Tokens: 290532.0
Worker: http://localhost:8002, Running: 33.0, Waiting: 0.0
Worker: http://localhost:8002, qlen: 33.0
Worker: http://localhost:8002, Tokens: 297257.0
Selected worker: http://localhost:8001
INFO:     127.0.0.1:58656 - "POST /v1/completions HTTP/1.1" 200 OK
Worker: http://localhost:8001, Running: 30.0, Waiting: 0.0
Worker: http://localhost:8001, qlen: 30.0
Worker: http://localhost:8001, Tokens: 290356.0
Worker: http://localhost:8002, Running: 33.0, Waiting: 0.0
Worker: http://localhost:8002, qlen: 33.0
Worker: http://localhost:8002, Tokens: 297257.0
Selected worker: http://localhost:8001
Worker: http://localhost:8001, Running: 30.0, Waiting: 0.0
Worker: http://localhost:8001, qlen: 30.0
Worker: http://localhost:8001, Tokens: 290645.0
Worker: http://localhost:8002, Running: 33.0, Waiting: 0.0
Worker: http://localhost:8002, qlen: 33.0
Worker: http://localhost:8002, Tokens: 297257.0
Selected worker: http://localhost:8001
INFO:     127.0.0.1:58662 - "POST /v1/completions HTTP/1.1" 200 OK
INFO:     127.0.0.1:58668 - "POST /v1/completions HTTP/1.1" 200 OK
Worker: http://localhost:8001, Running: 30.0, Waiting: 0.0
Worker: http://localhost:8001, qlen: 30.0
Worker: http://localhost:8001, Tokens: 291213.0
Worker: http://localhost:8002, Running: 33.0, Waiting: 0.0
Worker: http://localhost:8002, qlen: 33.0
Worker: http://localhost:8002, Tokens: 297554.0
Selected worker: http://localhost:8001
INFO:     127.0.0.1:58670 - "POST /v1/completions HTTP/1.1" 200 OK
Worker: http://localhost:8001, Running: 31.0, Waiting: 0.0
Worker: http://localhost:8001, qlen: 31.0
Worker: http://localhost:8001, Tokens: 291543.0
Worker: http://localhost:8002, Running: 33.0, Waiting: 0.0
Worker: http://localhost:8002, qlen: 33.0
Worker: http://localhost:8002, Tokens: 296577.0
Selected worker: http://localhost:8001
INFO:     127.0.0.1:58674 - "POST /v1/completions HTTP/1.1" 200 OK
Worker: http://localhost:8001, Running: 32.0, Waiting: 0.0
Worker: http://localhost:8001, qlen: 32.0
Worker: http://localhost:8001, Tokens: 291615.0
Worker: http://localhost:8002, Running: 32.0, Waiting: 0.0
Worker: http://localhost:8002, qlen: 32.0
Worker: http://localhost:8002, Tokens: 297972.0
Selected worker: http://localhost:8001
Worker: http://localhost:8001, Running: 32.0, Waiting: 0.0
Worker: http://localhost:8001, qlen: 32.0
Worker: http://localhost:8001, Tokens: 291892.0
Worker: http://localhost:8002, Running: 32.0, Waiting: 0.0
Worker: http://localhost:8002, qlen: 32.0
Worker: http://localhost:8002, Tokens: 297972.0
Selected worker: http://localhost:8001
INFO:     127.0.0.1:58680 - "POST /v1/completions HTTP/1.1" 200 OK
INFO:     127.0.0.1:58690 - "POST /v1/completions HTTP/1.1" 200 OK
Worker: http://localhost:8001, Running: 31.0, Waiting: 0.0
Worker: http://localhost:8001, qlen: 31.0
Worker: http://localhost:8001, Tokens: 291980.0
Worker: http://localhost:8002, Running: 32.0, Waiting: 0.0
Worker: http://localhost:8002, qlen: 32.0
Worker: http://localhost:8002, Tokens: 297701.0
Selected worker: http://localhost:8001
INFO:     127.0.0.1:58692 - "POST /v1/completions HTTP/1.1" 200 OK
Worker: http://localhost:8001, Running: 34.0, Waiting: 0.0
Worker: http://localhost:8001, qlen: 34.0
Worker: http://localhost:8001, Tokens: 290353.0
Worker: http://localhost:8002, Running: 30.0, Waiting: 0.0
Worker: http://localhost:8002, qlen: 30.0
Worker: http://localhost:8002, Tokens: 298546.0
Selected worker: http://localhost:8002
INFO:     127.0.0.1:58702 - "POST /v1/completions HTTP/1.1" 200 OK
Worker: http://localhost:8001, Running: 33.0, Waiting: 0.0
Worker: http://localhost:8001, qlen: 33.0
Worker: http://localhost:8001, Tokens: 292699.0
Worker: http://localhost:8002, Running: 31.0, Waiting: 0.0
Worker: http://localhost:8002, qlen: 31.0
Worker: http://localhost:8002, Tokens: 299113.0
Selected worker: http://localhost:8002
INFO:     127.0.0.1:58714 - "POST /v1/completions HTTP/1.1" 200 OK
Worker: http://localhost:8001, Running: 32.0, Waiting: 0.0
Worker: http://localhost:8001, qlen: 32.0
Worker: http://localhost:8001, Tokens: 290231.0
Worker: http://localhost:8002, Running: 32.0, Waiting: 0.0
Worker: http://localhost:8002, qlen: 32.0
Worker: http://localhost:8002, Tokens: 299407.0
Selected worker: http://localhost:8002
INFO:     127.0.0.1:58724 - "POST /v1/completions HTTP/1.1" 200 OK
Worker: http://localhost:8001, Running: 31.0, Waiting: 0.0
Worker: http://localhost:8001, qlen: 31.0
Worker: http://localhost:8001, Tokens: 290369.0
Worker: http://localhost:8002, Running: 33.0, Waiting: 0.0
Worker: http://localhost:8002, qlen: 33.0
Worker: http://localhost:8002, Tokens: 299622.0
Selected worker: http://localhost:8001
INFO:     127.0.0.1:58728 - "POST /v1/completions HTTP/1.1" 200 OK
Worker: http://localhost:8001, Running: 31.0, Waiting: 0.0
Worker: http://localhost:8001, qlen: 31.0
Worker: http://localhost:8001, Tokens: 288875.0
Worker: http://localhost:8002, Running: 33.0, Waiting: 0.0
Worker: http://localhost:8002, qlen: 33.0
Worker: http://localhost:8002, Tokens: 299721.0
Selected worker: http://localhost:8001
INFO:     127.0.0.1:58738 - "POST /v1/completions HTTP/1.1" 200 OK
Worker: http://localhost:8001, Running: 31.0, Waiting: 0.0
Worker: http://localhost:8001, qlen: 31.0
Worker: http://localhost:8001, Tokens: 296097.0
Worker: http://localhost:8002, Running: 33.0, Waiting: 0.0
Worker: http://localhost:8002, qlen: 33.0
Worker: http://localhost:8002, Tokens: 298390.0
Selected worker: http://localhost:8001
INFO:     127.0.0.1:58754 - "POST /v1/completions HTTP/1.1" 200 OK
Worker: http://localhost:8001, Running: 31.0, Waiting: 0.0
Worker: http://localhost:8001, qlen: 31.0
Worker: http://localhost:8001, Tokens: 296221.0
Worker: http://localhost:8002, Running: 32.0, Waiting: 0.0
Worker: http://localhost:8002, qlen: 32.0
Worker: http://localhost:8002, Tokens: 300116.0
Selected worker: http://localhost:8001
INFO:     127.0.0.1:58762 - "POST /v1/completions HTTP/1.1" 200 OK
Worker: http://localhost:8001, Running: 32.0, Waiting: 0.0
Worker: http://localhost:8001, qlen: 32.0
Worker: http://localhost:8001, Tokens: 296244.0
Worker: http://localhost:8002, Running: 31.0, Waiting: 0.0
Worker: http://localhost:8002, qlen: 31.0
Worker: http://localhost:8002, Tokens: 300503.0
Selected worker: http://localhost:8002
INFO:     127.0.0.1:58774 - "POST /v1/completions HTTP/1.1" 200 OK
Worker: http://localhost:8001, Running: 32.0, Waiting: 0.0
Worker: http://localhost:8001, qlen: 32.0
Worker: http://localhost:8001, Tokens: 295698.0
Worker: http://localhost:8002, Running: 31.0, Waiting: 0.0
Worker: http://localhost:8002, qlen: 31.0
Worker: http://localhost:8002, Tokens: 300596.0
Selected worker: http://localhost:8002
Worker: http://localhost:8001, Running: 32.0, Waiting: 0.0
Worker: http://localhost:8001, qlen: 32.0
Worker: http://localhost:8001, Tokens: 295698.0
Worker: http://localhost:8002, Running: 31.0, Waiting: 0.0
Worker: http://localhost:8002, qlen: 31.0
Worker: http://localhost:8002, Tokens: 300872.0
Selected worker: http://localhost:8002
INFO:     127.0.0.1:58784 - "POST /v1/completions HTTP/1.1" 200 OK
INFO:     127.0.0.1:58798 - "POST /v1/completions HTTP/1.1" 200 OK
Worker: http://localhost:8001, Running: 30.0, Waiting: 0.0
Worker: http://localhost:8001, qlen: 30.0
Worker: http://localhost:8001, Tokens: 296402.0
Worker: http://localhost:8002, Running: 32.0, Waiting: 0.0
Worker: http://localhost:8002, qlen: 32.0
Worker: http://localhost:8002, Tokens: 300794.0
Selected worker: http://localhost:8001
INFO:     127.0.0.1:58802 - "POST /v1/completions HTTP/1.1" 200 OK
Worker: http://localhost:8001, Running: 30.0, Waiting: 0.0
Worker: http://localhost:8001, qlen: 30.0
Worker: http://localhost:8001, Tokens: 296919.0
Worker: http://localhost:8002, Running: 34.0, Waiting: 0.0
Worker: http://localhost:8002, qlen: 34.0
Worker: http://localhost:8002, Tokens: 301125.0
Selected worker: http://localhost:8001
INFO:     127.0.0.1:58814 - "POST /v1/completions HTTP/1.1" 200 OK
Worker: http://localhost:8001, Running: 30.0, Waiting: 0.0
Worker: http://localhost:8001, qlen: 30.0
Worker: http://localhost:8001, Tokens: 297017.0
Worker: http://localhost:8002, Running: 34.0, Waiting: 0.0
Worker: http://localhost:8002, qlen: 34.0
Worker: http://localhost:8002, Tokens: 301533.0
Selected worker: http://localhost:8001
INFO:     127.0.0.1:58822 - "POST /v1/completions HTTP/1.1" 200 OK
Worker: http://localhost:8001, Running: 30.0, Waiting: 0.0
Worker: http://localhost:8001, qlen: 30.0
Worker: http://localhost:8001, Tokens: 297278.0
Worker: http://localhost:8002, Running: 34.0, Waiting: 0.0
Worker: http://localhost:8002, qlen: 34.0
Worker: http://localhost:8002, Tokens: 301533.0
Selected worker: http://localhost:8001
INFO:     127.0.0.1:58830 - "POST /v1/completions HTTP/1.1" 200 OK
Worker: http://localhost:8001, Running: 30.0, Waiting: 0.0
Worker: http://localhost:8001, qlen: 30.0
Worker: http://localhost:8001, Tokens: 297282.0
Worker: http://localhost:8002, Running: 34.0, Waiting: 0.0
Worker: http://localhost:8002, qlen: 34.0
Worker: http://localhost:8002, Tokens: 301533.0
Selected worker: http://localhost:8001
INFO:     127.0.0.1:58840 - "POST /v1/completions HTTP/1.1" 200 OK
Worker: http://localhost:8001, Running: 30.0, Waiting: 0.0
Worker: http://localhost:8001, qlen: 30.0
Worker: http://localhost:8001, Tokens: 298158.0
Worker: http://localhost:8002, Running: 34.0, Waiting: 0.0
Worker: http://localhost:8002, qlen: 34.0
Worker: http://localhost:8002, Tokens: 301852.0
Selected worker: http://localhost:8001
INFO:     127.0.0.1:58844 - "POST /v1/completions HTTP/1.1" 200 OK
Worker: http://localhost:8001, Running: 31.0, Waiting: 0.0
Worker: http://localhost:8001, qlen: 31.0
Worker: http://localhost:8001, Tokens: 296936.0
Worker: http://localhost:8002, Running: 33.0, Waiting: 0.0
Worker: http://localhost:8002, qlen: 33.0
Worker: http://localhost:8002, Tokens: 302407.0
Selected worker: http://localhost:8001
Worker: http://localhost:8001, Running: 31.0, Waiting: 0.0
Worker: http://localhost:8001, qlen: 31.0
Worker: http://localhost:8001, Tokens: 297199.0
Worker: http://localhost:8002, Running: 33.0, Waiting: 0.0
Worker: http://localhost:8002, qlen: 33.0
Worker: http://localhost:8002, Tokens: 302407.0
Selected worker: http://localhost:8001
INFO:     127.0.0.1:58856 - "POST /v1/completions HTTP/1.1" 200 OK
INFO:     127.0.0.1:58866 - "POST /v1/completions HTTP/1.1" 200 OK
Worker: http://localhost:8001, Running: 30.0, Waiting: 0.0
Worker: http://localhost:8001, qlen: 30.0
Worker: http://localhost:8001, Tokens: 298796.0
Worker: http://localhost:8002, Running: 32.0, Waiting: 0.0
Worker: http://localhost:8002, qlen: 32.0
Worker: http://localhost:8002, Tokens: 302657.0
Selected worker: http://localhost:8001
INFO:     127.0.0.1:58872 - "POST /v1/completions HTTP/1.1" 200 OK
Worker: http://localhost:8001, Running: 31.0, Waiting: 0.0
Worker: http://localhost:8001, qlen: 31.0
Worker: http://localhost:8001, Tokens: 299188.0
Worker: http://localhost:8002, Running: 32.0, Waiting: 0.0
Worker: http://localhost:8002, qlen: 32.0
Worker: http://localhost:8002, Tokens: 302657.0
Selected worker: http://localhost:8001
INFO:     127.0.0.1:58882 - "POST /v1/completions HTTP/1.1" 200 OK
Worker: http://localhost:8001, Running: 31.0, Waiting: 0.0
Worker: http://localhost:8001, qlen: 31.0
Worker: http://localhost:8001, Tokens: 297897.0
Worker: http://localhost:8002, Running: 32.0, Waiting: 0.0
Worker: http://localhost:8002, qlen: 32.0
Worker: http://localhost:8002, Tokens: 302657.0
Selected worker: http://localhost:8001
INFO:     127.0.0.1:58892 - "POST /v1/completions HTTP/1.1" 200 OK
Worker: http://localhost:8001, Running: 32.0, Waiting: 0.0
Worker: http://localhost:8001, qlen: 32.0
Worker: http://localhost:8001, Tokens: 300863.0
Worker: http://localhost:8002, Running: 31.0, Waiting: 0.0
Worker: http://localhost:8002, qlen: 31.0
Worker: http://localhost:8002, Tokens: 303243.0
Selected worker: http://localhost:8002
INFO:     127.0.0.1:58902 - "POST /v1/completions HTTP/1.1" 200 OK
Worker: http://localhost:8001, Running: 32.0, Waiting: 0.0
Worker: http://localhost:8001, qlen: 32.0
Worker: http://localhost:8001, Tokens: 299286.0
Worker: http://localhost:8002, Running: 31.0, Waiting: 0.0
Worker: http://localhost:8002, qlen: 31.0
Worker: http://localhost:8002, Tokens: 301709.0
Selected worker: http://localhost:8002
Worker: http://localhost:8001, Running: 32.0, Waiting: 0.0
Worker: http://localhost:8001, qlen: 32.0
Worker: http://localhost:8001, Tokens: 299286.0
Worker: http://localhost:8002, Running: 31.0, Waiting: 0.0
Worker: http://localhost:8002, qlen: 31.0
Worker: http://localhost:8002, Tokens: 301984.0
Selected worker: http://localhost:8002
INFO:     127.0.0.1:58918 - "POST /v1/completions HTTP/1.1" 200 OK
INFO:     127.0.0.1:58928 - "POST /v1/completions HTTP/1.1" 200 OK
Worker: http://localhost:8001, Running: 32.0, Waiting: 0.0
Worker: http://localhost:8001, qlen: 32.0
Worker: http://localhost:8001, Tokens: 299029.0
Worker: http://localhost:8002, Running: 30.0, Waiting: 0.0
Worker: http://localhost:8002, qlen: 30.0
Worker: http://localhost:8002, Tokens: 303522.0
Selected worker: http://localhost:8002
INFO:     127.0.0.1:58942 - "POST /v1/completions HTTP/1.1" 200 OK
Worker: http://localhost:8001, Running: 30.0, Waiting: 0.0
Worker: http://localhost:8001, qlen: 30.0
Worker: http://localhost:8001, Tokens: 301061.0
Worker: http://localhost:8002, Running: 34.0, Waiting: 0.0
Worker: http://localhost:8002, qlen: 34.0
Worker: http://localhost:8002, Tokens: 303871.0
Selected worker: http://localhost:8001
INFO:     127.0.0.1:58944 - "POST /v1/completions HTTP/1.1" 200 OK
Worker: http://localhost:8001, Running: 29.0, Waiting: 0.0
Worker: http://localhost:8001, qlen: 29.0
Worker: http://localhost:8001, Tokens: 301496.0
Worker: http://localhost:8002, Running: 34.0, Waiting: 0.0
Worker: http://localhost:8002, qlen: 34.0
Worker: http://localhost:8002, Tokens: 302484.0
Selected worker: http://localhost:8001
INFO:     127.0.0.1:58956 - "POST /v1/completions HTTP/1.1" 200 OK
Worker: http://localhost:8001, Running: 29.0, Waiting: 0.0
Worker: http://localhost:8001, qlen: 29.0
Worker: http://localhost:8001, Tokens: 303447.0
Worker: http://localhost:8002, Running: 33.0, Waiting: 0.0
Worker: http://localhost:8002, qlen: 33.0
Worker: http://localhost:8002, Tokens: 298606.0
Selected worker: http://localhost:8001
INFO:     127.0.0.1:58964 - "POST /v1/completions HTTP/1.1" 200 OK
Worker: http://localhost:8001, Running: 29.0, Waiting: 0.0
Worker: http://localhost:8001, qlen: 29.0
Worker: http://localhost:8001, Tokens: 303715.0
Worker: http://localhost:8002, Running: 33.0, Waiting: 0.0
Worker: http://localhost:8002, qlen: 33.0
Worker: http://localhost:8002, Tokens: 298606.0
Selected worker: http://localhost:8001
Worker: http://localhost:8001, Running: 29.0, Waiting: 0.0
Worker: http://localhost:8001, qlen: 29.0
Worker: http://localhost:8001, Tokens: 303990.0
Worker: http://localhost:8002, Running: 33.0, Waiting: 0.0
Worker: http://localhost:8002, qlen: 33.0
Worker: http://localhost:8002, Tokens: 298606.0
Selected worker: http://localhost:8001
INFO:     127.0.0.1:58968 - "POST /v1/completions HTTP/1.1" 200 OK
INFO:     127.0.0.1:58980 - "POST /v1/completions HTTP/1.1" 200 OK
Worker: http://localhost:8001, Running: 29.0, Waiting: 0.0
Worker: http://localhost:8001, qlen: 29.0
Worker: http://localhost:8001, Tokens: 301525.0
Worker: http://localhost:8002, Running: 33.0, Waiting: 0.0
Worker: http://localhost:8002, qlen: 33.0
Worker: http://localhost:8002, Tokens: 298042.0
Selected worker: http://localhost:8001
INFO:     127.0.0.1:58994 - "POST /v1/completions HTTP/1.1" 200 OK
Worker: http://localhost:8001, Running: 29.0, Waiting: 0.0
Worker: http://localhost:8001, qlen: 29.0
Worker: http://localhost:8001, Tokens: 301787.0
Worker: http://localhost:8002, Running: 33.0, Waiting: 0.0
Worker: http://localhost:8002, qlen: 33.0
Worker: http://localhost:8002, Tokens: 298042.0
Selected worker: http://localhost:8001
INFO:     127.0.0.1:59000 - "POST /v1/completions HTTP/1.1" 200 OK
Worker: http://localhost:8001, Running: 36.0, Waiting: 0.0
Worker: http://localhost:8001, qlen: 36.0
Worker: http://localhost:8001, Tokens: 305350.0
Worker: http://localhost:8002, Running: 28.0, Waiting: 0.0
Worker: http://localhost:8002, qlen: 28.0
Worker: http://localhost:8002, Tokens: 304543.0
Selected worker: http://localhost:8002
INFO:     127.0.0.1:59010 - "POST /v1/completions HTTP/1.1" 200 OK
Worker: http://localhost:8001, Running: 35.0, Waiting: 0.0
Worker: http://localhost:8001, qlen: 35.0
Worker: http://localhost:8001, Tokens: 305613.0
Worker: http://localhost:8002, Running: 29.0, Waiting: 0.0
Worker: http://localhost:8002, qlen: 29.0
Worker: http://localhost:8002, Tokens: 304910.0
Selected worker: http://localhost:8002
Worker: http://localhost:8001, Running: 35.0, Waiting: 0.0
Worker: http://localhost:8001, qlen: 35.0
Worker: http://localhost:8001, Tokens: 305613.0
Worker: http://localhost:8002, Running: 29.0, Waiting: 0.0
Worker: http://localhost:8002, qlen: 29.0
Worker: http://localhost:8002, Tokens: 305174.0
Selected worker: http://localhost:8002
INFO:     127.0.0.1:59014 - "POST /v1/completions HTTP/1.1" 200 OK
INFO:     127.0.0.1:59026 - "POST /v1/completions HTTP/1.1" 200 OK
Worker: http://localhost:8001, Running: 33.0, Waiting: 0.0
Worker: http://localhost:8001, qlen: 33.0
Worker: http://localhost:8001, Tokens: 305976.0
Worker: http://localhost:8002, Running: 29.0, Waiting: 0.0
Worker: http://localhost:8002, qlen: 29.0
Worker: http://localhost:8002, Tokens: 306544.0
Selected worker: http://localhost:8002
INFO:     127.0.0.1:59030 - "POST /v1/completions HTTP/1.1" 200 OK
Worker: http://localhost:8001, Running: 32.0, Waiting: 0.0
Worker: http://localhost:8001, qlen: 32.0
Worker: http://localhost:8001, Tokens: 306522.0
Worker: http://localhost:8002, Running: 32.0, Waiting: 0.0
Worker: http://localhost:8002, qlen: 32.0
Worker: http://localhost:8002, Tokens: 306649.0
Selected worker: http://localhost:8001
INFO:     127.0.0.1:47526 - "POST /v1/completions HTTP/1.1" 200 OK
Worker: http://localhost:8001, Running: 30.0, Waiting: 0.0
Worker: http://localhost:8001, qlen: 30.0
Worker: http://localhost:8001, Tokens: 310825.0
Worker: http://localhost:8002, Running: 32.0, Waiting: 0.0
Worker: http://localhost:8002, qlen: 32.0
Worker: http://localhost:8002, Tokens: 307545.0
Selected worker: http://localhost:8001
INFO:     127.0.0.1:47532 - "POST /v1/completions HTTP/1.1" 200 OK
Worker: http://localhost:8001, Running: 30.0, Waiting: 0.0
Worker: http://localhost:8001, qlen: 30.0
Worker: http://localhost:8001, Tokens: 311091.0
Worker: http://localhost:8002, Running: 32.0, Waiting: 0.0
Worker: http://localhost:8002, qlen: 32.0
Worker: http://localhost:8002, Tokens: 307545.0
Selected worker: http://localhost:8001
INFO:     127.0.0.1:47540 - "POST /v1/completions HTTP/1.1" 200 OK
Worker: http://localhost:8001, Running: 30.0, Waiting: 0.0
Worker: http://localhost:8001, qlen: 30.0
Worker: http://localhost:8001, Tokens: 310769.0
Worker: http://localhost:8002, Running: 32.0, Waiting: 0.0
Worker: http://localhost:8002, qlen: 32.0
Worker: http://localhost:8002, Tokens: 307769.0
Selected worker: http://localhost:8001
INFO:     127.0.0.1:47556 - "POST /v1/completions HTTP/1.1" 200 OK
Worker: http://localhost:8001, Running: 30.0, Waiting: 0.0
Worker: http://localhost:8001, qlen: 30.0
Worker: http://localhost:8001, Tokens: 310771.0
Worker: http://localhost:8002, Running: 32.0, Waiting: 0.0
Worker: http://localhost:8002, qlen: 32.0
Worker: http://localhost:8002, Tokens: 307865.0
Selected worker: http://localhost:8001
INFO:     127.0.0.1:47568 - "POST /v1/completions HTTP/1.1" 200 OK
Worker: http://localhost:8001, Running: 30.0, Waiting: 0.0
Worker: http://localhost:8001, qlen: 30.0
Worker: http://localhost:8001, Tokens: 311276.0
Worker: http://localhost:8002, Running: 32.0, Waiting: 0.0
Worker: http://localhost:8002, qlen: 32.0
Worker: http://localhost:8002, Tokens: 307860.0
Selected worker: http://localhost:8001
INFO:     127.0.0.1:47580 - "POST /v1/completions HTTP/1.1" 200 OK
Worker: http://localhost:8001, Running: 32.0, Waiting: 0.0
Worker: http://localhost:8001, qlen: 32.0
Worker: http://localhost:8001, Tokens: 311328.0
Worker: http://localhost:8002, Running: 31.0, Waiting: 0.0
Worker: http://localhost:8002, qlen: 31.0
Worker: http://localhost:8002, Tokens: 307400.0
Selected worker: http://localhost:8002
Worker: http://localhost:8001, Running: 32.0, Waiting: 0.0
Worker: http://localhost:8001, qlen: 32.0
Worker: http://localhost:8001, Tokens: 311328.0
Worker: http://localhost:8002, Running: 31.0, Waiting: 0.0
Worker: http://localhost:8002, qlen: 31.0
Worker: http://localhost:8002, Tokens: 308686.0
Selected worker: http://localhost:8002
Worker: http://localhost:8001, Running: 32.0, Waiting: 0.0
Worker: http://localhost:8001, qlen: 32.0
Worker: http://localhost:8001, Tokens: 311328.0
Worker: http://localhost:8002, Running: 31.0, Waiting: 0.0
Worker: http://localhost:8002, qlen: 31.0
Worker: http://localhost:8002, Tokens: 308969.0
Selected worker: http://localhost:8002
INFO:     127.0.0.1:47590 - "POST /v1/completions HTTP/1.1" 200 OK
INFO:     127.0.0.1:47598 - "POST /v1/completions HTTP/1.1" 200 OK
INFO:     127.0.0.1:47614 - "POST /v1/completions HTTP/1.1" 200 OK
Worker: http://localhost:8001, Running: 33.0, Waiting: 0.0
Worker: http://localhost:8001, qlen: 33.0
Worker: http://localhost:8001, Tokens: 315820.0
Worker: http://localhost:8002, Running: 31.0, Waiting: 0.0
Worker: http://localhost:8002, qlen: 31.0
Worker: http://localhost:8002, Tokens: 308125.0
Selected worker: http://localhost:8002
INFO:     127.0.0.1:47628 - "POST /v1/completions HTTP/1.1" 200 OK
Worker: http://localhost:8001, Running: 33.0, Waiting: 0.0
Worker: http://localhost:8001, qlen: 33.0
Worker: http://localhost:8001, Tokens: 314535.0
Worker: http://localhost:8002, Running: 31.0, Waiting: 0.0
Worker: http://localhost:8002, qlen: 31.0
Worker: http://localhost:8002, Tokens: 308392.0
Selected worker: http://localhost:8002
INFO:     127.0.0.1:47632 - "POST /v1/completions HTTP/1.1" 200 OK
Worker: http://localhost:8001, Running: 33.0, Waiting: 0.0
Worker: http://localhost:8001, qlen: 33.0
Worker: http://localhost:8001, Tokens: 314535.0
Worker: http://localhost:8002, Running: 31.0, Waiting: 0.0
Worker: http://localhost:8002, qlen: 31.0
Worker: http://localhost:8002, Tokens: 308669.0
Selected worker: http://localhost:8002
Worker: http://localhost:8001, Running: 33.0, Waiting: 0.0
Worker: http://localhost:8001, qlen: 33.0
Worker: http://localhost:8001, Tokens: 314535.0
Worker: http://localhost:8002, Running: 31.0, Waiting: 0.0
Worker: http://localhost:8002, qlen: 31.0
Worker: http://localhost:8002, Tokens: 308934.0
Selected worker: http://localhost:8002
Worker: http://localhost:8001, Running: 33.0, Waiting: 0.0
Worker: http://localhost:8001, qlen: 33.0
Worker: http://localhost:8001, Tokens: 314535.0
Worker: http://localhost:8002, Running: 31.0, Waiting: 0.0
Worker: http://localhost:8002, qlen: 31.0
Worker: http://localhost:8002, Tokens: 309214.0
Selected worker: http://localhost:8002
Worker: http://localhost:8001, Running: 33.0, Waiting: 0.0
Worker: http://localhost:8001, qlen: 33.0
Worker: http://localhost:8001, Tokens: 314535.0
Worker: http://localhost:8002, Running: 31.0, Waiting: 0.0
Worker: http://localhost:8002, qlen: 31.0
Worker: http://localhost:8002, Tokens: 309476.0
Selected worker: http://localhost:8002
INFO:     127.0.0.1:47638 - "POST /v1/completions HTTP/1.1" 200 OK
INFO:     127.0.0.1:47648 - "POST /v1/completions HTTP/1.1" 200 OK
INFO:     127.0.0.1:47652 - "POST /v1/completions HTTP/1.1" 200 OK
INFO:     127.0.0.1:47660 - "POST /v1/completions HTTP/1.1" 200 OK
Worker: http://localhost:8001, Running: 33.0, Waiting: 0.0
Worker: http://localhost:8001, qlen: 33.0
Worker: http://localhost:8001, Tokens: 314535.0
Worker: http://localhost:8002, Running: 30.0, Waiting: 0.0
Worker: http://localhost:8002, qlen: 30.0
Worker: http://localhost:8002, Tokens: 308766.0
Selected worker: http://localhost:8002
INFO:     127.0.0.1:47666 - "POST /v1/completions HTTP/1.1" 200 OK
Worker: http://localhost:8001, Running: 28.0, Waiting: 0.0
Worker: http://localhost:8001, qlen: 28.0
Worker: http://localhost:8001, Tokens: 316242.0
Worker: http://localhost:8002, Running: 30.0, Waiting: 0.0
Worker: http://localhost:8002, qlen: 30.0
Worker: http://localhost:8002, Tokens: 305987.0
Selected worker: http://localhost:8001
INFO:     127.0.0.1:47682 - "POST /v1/completions HTTP/1.1" 200 OK
Worker: http://localhost:8001, Running: 28.0, Waiting: 0.0
Worker: http://localhost:8001, qlen: 28.0
Worker: http://localhost:8001, Tokens: 317850.0
Worker: http://localhost:8002, Running: 30.0, Waiting: 0.0
Worker: http://localhost:8002, qlen: 30.0
Worker: http://localhost:8002, Tokens: 305987.0
Selected worker: http://localhost:8001
INFO:     127.0.0.1:47690 - "POST /v1/completions HTTP/1.1" 200 OK
Worker: http://localhost:8001, Running: 28.0, Waiting: 0.0
Worker: http://localhost:8001, qlen: 28.0
Worker: http://localhost:8001, Tokens: 318125.0
Worker: http://localhost:8002, Running: 30.0, Waiting: 0.0
Worker: http://localhost:8002, qlen: 30.0
Worker: http://localhost:8002, Tokens: 305987.0
Selected worker: http://localhost:8001
INFO:     127.0.0.1:47700 - "POST /v1/completions HTTP/1.1" 200 OK
Worker: http://localhost:8001, Running: 28.0, Waiting: 0.0
Worker: http://localhost:8001, qlen: 28.0
Worker: http://localhost:8001, Tokens: 318417.0
Worker: http://localhost:8002, Running: 30.0, Waiting: 0.0
Worker: http://localhost:8002, qlen: 30.0
Worker: http://localhost:8002, Tokens: 310751.0
Selected worker: http://localhost:8001
INFO:     127.0.0.1:47714 - "POST /v1/completions HTTP/1.1" 200 OK
Worker: http://localhost:8001, Running: 28.0, Waiting: 0.0
Worker: http://localhost:8001, qlen: 28.0
Worker: http://localhost:8001, Tokens: 318679.0
Worker: http://localhost:8002, Running: 30.0, Waiting: 0.0
Worker: http://localhost:8002, qlen: 30.0
Worker: http://localhost:8002, Tokens: 310751.0
Selected worker: http://localhost:8001
INFO:     127.0.0.1:47728 - "POST /v1/completions HTTP/1.1" 200 OK
Worker: http://localhost:8001, Running: 31.0, Waiting: 0.0
Worker: http://localhost:8001, qlen: 31.0
Worker: http://localhost:8001, Tokens: 318275.0
Worker: http://localhost:8002, Running: 31.0, Waiting: 0.0
Worker: http://localhost:8002, qlen: 31.0
Worker: http://localhost:8002, Tokens: 310789.0
Selected worker: http://localhost:8001
INFO:     127.0.0.1:47734 - "POST /v1/completions HTTP/1.1" 200 OK
Worker: http://localhost:8001, Running: 33.0, Waiting: 0.0
Worker: http://localhost:8001, qlen: 33.0
Worker: http://localhost:8001, Tokens: 318442.0
Worker: http://localhost:8002, Running: 31.0, Waiting: 0.0
Worker: http://localhost:8002, qlen: 31.0
Worker: http://localhost:8002, Tokens: 310522.0
Selected worker: http://localhost:8002
INFO:     127.0.0.1:47742 - "POST /v1/completions HTTP/1.1" 200 OK
Worker: http://localhost:8001, Running: 34.0, Waiting: 0.0
Worker: http://localhost:8001, qlen: 34.0
Worker: http://localhost:8001, Tokens: 319414.0
Worker: http://localhost:8002, Running: 30.0, Waiting: 0.0
Worker: http://localhost:8002, qlen: 30.0
Worker: http://localhost:8002, Tokens: 312597.0
Selected worker: http://localhost:8002
Worker: http://localhost:8001, Running: 34.0, Waiting: 0.0
Worker: http://localhost:8001, qlen: 34.0
Worker: http://localhost:8001, Tokens: 319414.0
Worker: http://localhost:8002, Running: 30.0, Waiting: 0.0
Worker: http://localhost:8002, qlen: 30.0
Worker: http://localhost:8002, Tokens: 312865.0
Selected worker: http://localhost:8002
INFO:     127.0.0.1:47756 - "POST /v1/completions HTTP/1.1" 200 OK
INFO:     127.0.0.1:47770 - "POST /v1/completions HTTP/1.1" 200 OK
Worker: http://localhost:8001, Running: 32.0, Waiting: 0.0
Worker: http://localhost:8001, qlen: 32.0
Worker: http://localhost:8001, Tokens: 319972.0
Worker: http://localhost:8002, Running: 30.0, Waiting: 0.0
Worker: http://localhost:8002, qlen: 30.0
Worker: http://localhost:8002, Tokens: 312807.0
Selected worker: http://localhost:8002
INFO:     127.0.0.1:47780 - "POST /v1/completions HTTP/1.1" 200 OK
Worker: http://localhost:8001, Running: 32.0, Waiting: 0.0
Worker: http://localhost:8001, qlen: 32.0
Worker: http://localhost:8001, Tokens: 319972.0
Worker: http://localhost:8002, Running: 32.0, Waiting: 0.0
Worker: http://localhost:8002, qlen: 32.0
Worker: http://localhost:8002, Tokens: 312393.0
Selected worker: http://localhost:8001
INFO:     127.0.0.1:47790 - "POST /v1/completions HTTP/1.1" 200 OK
Worker: http://localhost:8001, Running: 32.0, Waiting: 0.0
Worker: http://localhost:8001, qlen: 32.0
Worker: http://localhost:8001, Tokens: 320229.0
Worker: http://localhost:8002, Running: 32.0, Waiting: 0.0
Worker: http://localhost:8002, qlen: 32.0
Worker: http://localhost:8002, Tokens: 312393.0
Selected worker: http://localhost:8002
INFO:     127.0.0.1:47792 - "POST /v1/completions HTTP/1.1" 200 OK
Worker: http://localhost:8001, Running: 32.0, Waiting: 0.0
Worker: http://localhost:8001, qlen: 32.0
Worker: http://localhost:8001, Tokens: 320909.0
Worker: http://localhost:8002, Running: 32.0, Waiting: 0.0
Worker: http://localhost:8002, qlen: 32.0
Worker: http://localhost:8002, Tokens: 313235.0
Selected worker: http://localhost:8002
INFO:     127.0.0.1:47794 - "POST /v1/completions HTTP/1.1" 200 OK
Worker: http://localhost:8001, Running: 32.0, Waiting: 0.0
Worker: http://localhost:8001, qlen: 32.0
Worker: http://localhost:8001, Tokens: 321037.0
Worker: http://localhost:8002, Running: 31.0, Waiting: 0.0
Worker: http://localhost:8002, qlen: 31.0
Worker: http://localhost:8002, Tokens: 312403.0
Selected worker: http://localhost:8002
INFO:     127.0.0.1:47800 - "POST /v1/completions HTTP/1.1" 200 OK
Worker: http://localhost:8001, Running: 32.0, Waiting: 0.0
Worker: http://localhost:8001, qlen: 32.0
Worker: http://localhost:8001, Tokens: 321037.0
Worker: http://localhost:8002, Running: 31.0, Waiting: 0.0
Worker: http://localhost:8002, qlen: 31.0
Worker: http://localhost:8002, Tokens: 314056.0
Selected worker: http://localhost:8002
INFO:     127.0.0.1:47806 - "POST /v1/completions HTTP/1.1" 200 OK
Worker: http://localhost:8001, Running: 32.0, Waiting: 0.0
Worker: http://localhost:8001, qlen: 32.0
Worker: http://localhost:8001, Tokens: 321165.0
Worker: http://localhost:8002, Running: 31.0, Waiting: 0.0
Worker: http://localhost:8002, qlen: 31.0
Worker: http://localhost:8002, Tokens: 314319.0
Selected worker: http://localhost:8002
INFO:     127.0.0.1:47818 - "POST /v1/completions HTTP/1.1" 200 OK
Worker: http://localhost:8001, Running: 32.0, Waiting: 0.0
Worker: http://localhost:8001, qlen: 32.0
Worker: http://localhost:8001, Tokens: 321165.0
Worker: http://localhost:8002, Running: 31.0, Waiting: 0.0
Worker: http://localhost:8002, qlen: 31.0
Worker: http://localhost:8002, Tokens: 314585.0
Selected worker: http://localhost:8002
INFO:     127.0.0.1:47822 - "POST /v1/completions HTTP/1.1" 200 OK
Worker: http://localhost:8001, Running: 32.0, Waiting: 0.0
Worker: http://localhost:8001, qlen: 32.0
Worker: http://localhost:8001, Tokens: 321165.0
Worker: http://localhost:8002, Running: 31.0, Waiting: 0.0
Worker: http://localhost:8002, qlen: 31.0
Worker: http://localhost:8002, Tokens: 314855.0
Selected worker: http://localhost:8002
INFO:     127.0.0.1:47832 - "POST /v1/completions HTTP/1.1" 200 OK
Worker: http://localhost:8001, Running: 32.0, Waiting: 0.0
Worker: http://localhost:8001, qlen: 32.0
Worker: http://localhost:8001, Tokens: 321165.0
Worker: http://localhost:8002, Running: 31.0, Waiting: 0.0
Worker: http://localhost:8002, qlen: 31.0
Worker: http://localhost:8002, Tokens: 314844.0
Selected worker: http://localhost:8002
INFO:     127.0.0.1:47840 - "POST /v1/completions HTTP/1.1" 200 OK
Worker: http://localhost:8001, Running: 32.0, Waiting: 0.0
Worker: http://localhost:8001, qlen: 32.0
Worker: http://localhost:8001, Tokens: 320415.0
Worker: http://localhost:8002, Running: 26.0, Waiting: 0.0
Worker: http://localhost:8002, qlen: 26.0
Worker: http://localhost:8002, Tokens: 314159.0
Selected worker: http://localhost:8002
INFO:     127.0.0.1:47842 - "POST /v1/completions HTTP/1.1" 200 OK
Worker: http://localhost:8001, Running: 32.0, Waiting: 0.0
Worker: http://localhost:8001, qlen: 32.0
Worker: http://localhost:8001, Tokens: 320415.0
Worker: http://localhost:8002, Running: 26.0, Waiting: 0.0
Worker: http://localhost:8002, qlen: 26.0
Worker: http://localhost:8002, Tokens: 314418.0
Selected worker: http://localhost:8002
INFO:     127.0.0.1:47848 - "POST /v1/completions HTTP/1.1" 200 OK
Worker: http://localhost:8001, Running: 32.0, Waiting: 0.0
Worker: http://localhost:8001, qlen: 32.0
Worker: http://localhost:8001, Tokens: 320415.0
Worker: http://localhost:8002, Running: 26.0, Waiting: 0.0
Worker: http://localhost:8002, qlen: 26.0
Worker: http://localhost:8002, Tokens: 314691.0
Selected worker: http://localhost:8002
INFO:     127.0.0.1:47862 - "POST /v1/completions HTTP/1.1" 200 OK
Worker: http://localhost:8001, Running: 32.0, Waiting: 0.0
Worker: http://localhost:8001, qlen: 32.0
Worker: http://localhost:8001, Tokens: 320415.0
Worker: http://localhost:8002, Running: 26.0, Waiting: 0.0
Worker: http://localhost:8002, qlen: 26.0
Worker: http://localhost:8002, Tokens: 314961.0
Selected worker: http://localhost:8002
INFO:     127.0.0.1:47866 - "POST /v1/completions HTTP/1.1" 200 OK
Worker: http://localhost:8001, Running: 28.0, Waiting: 0.0
Worker: http://localhost:8001, qlen: 28.0
Worker: http://localhost:8001, Tokens: 321510.0
Worker: http://localhost:8002, Running: 32.0, Waiting: 0.0
Worker: http://localhost:8002, qlen: 32.0
Worker: http://localhost:8002, Tokens: 314595.0
Selected worker: http://localhost:8001
INFO:     127.0.0.1:47868 - "POST /v1/completions HTTP/1.1" 200 OK
Worker: http://localhost:8001, Running: 27.0, Waiting: 0.0
Worker: http://localhost:8001, qlen: 27.0
Worker: http://localhost:8001, Tokens: 321894.0
Worker: http://localhost:8002, Running: 32.0, Waiting: 0.0
Worker: http://localhost:8002, qlen: 32.0
Worker: http://localhost:8002, Tokens: 310982.0
Selected worker: http://localhost:8001
INFO:     127.0.0.1:47884 - "POST /v1/completions HTTP/1.1" 200 OK
Worker: http://localhost:8001, Running: 27.0, Waiting: 0.0
Worker: http://localhost:8001, qlen: 27.0
Worker: http://localhost:8001, Tokens: 323292.0
Worker: http://localhost:8002, Running: 32.0, Waiting: 0.0
Worker: http://localhost:8002, qlen: 32.0
Worker: http://localhost:8002, Tokens: 310982.0
Selected worker: http://localhost:8001
INFO:     127.0.0.1:47890 - "POST /v1/completions HTTP/1.1" 200 OK
Worker: http://localhost:8001, Running: 27.0, Waiting: 0.0
Worker: http://localhost:8001, qlen: 27.0
Worker: http://localhost:8001, Tokens: 323558.0
Worker: http://localhost:8002, Running: 32.0, Waiting: 0.0
Worker: http://localhost:8002, qlen: 32.0
Worker: http://localhost:8002, Tokens: 307379.0
Selected worker: http://localhost:8001
INFO:     127.0.0.1:47892 - "POST /v1/completions HTTP/1.1" 200 OK
Worker: http://localhost:8001, Running: 27.0, Waiting: 0.0
Worker: http://localhost:8001, qlen: 27.0
Worker: http://localhost:8001, Tokens: 323835.0
Worker: http://localhost:8002, Running: 32.0, Waiting: 0.0
Worker: http://localhost:8002, qlen: 32.0
Worker: http://localhost:8002, Tokens: 307379.0
Selected worker: http://localhost:8001
INFO:     127.0.0.1:47898 - "POST /v1/completions HTTP/1.1" 200 OK
Worker: http://localhost:8001, Running: 27.0, Waiting: 0.0
Worker: http://localhost:8001, qlen: 27.0
Worker: http://localhost:8001, Tokens: 326994.0
Worker: http://localhost:8002, Running: 32.0, Waiting: 0.0
Worker: http://localhost:8002, qlen: 32.0
Worker: http://localhost:8002, Tokens: 307379.0
Selected worker: http://localhost:8001
INFO:     127.0.0.1:47910 - "POST /v1/completions HTTP/1.1" 200 OK
Worker: http://localhost:8001, Running: 33.0, Waiting: 0.0
Worker: http://localhost:8001, qlen: 33.0
Worker: http://localhost:8001, Tokens: 328996.0
Worker: http://localhost:8002, Running: 31.0, Waiting: 0.0
Worker: http://localhost:8002, qlen: 31.0
Worker: http://localhost:8002, Tokens: 317488.0
Selected worker: http://localhost:8002
Worker: http://localhost:8001, Running: 33.0, Waiting: 0.0
Worker: http://localhost:8001, qlen: 33.0
Worker: http://localhost:8001, Tokens: 328996.0
Worker: http://localhost:8002, Running: 31.0, Waiting: 0.0
Worker: http://localhost:8002, qlen: 31.0
Worker: http://localhost:8002, Tokens: 317745.0
Selected worker: http://localhost:8002
INFO:     127.0.0.1:47924 - "POST /v1/completions HTTP/1.1" 200 OK
INFO:     127.0.0.1:47930 - "POST /v1/completions HTTP/1.1" 200 OK
Worker: http://localhost:8001, Running: 33.0, Waiting: 0.0
Worker: http://localhost:8001, qlen: 33.0
Worker: http://localhost:8001, Tokens: 329095.0
Worker: http://localhost:8002, Running: 29.0, Waiting: 0.0
Worker: http://localhost:8002, qlen: 29.0
Worker: http://localhost:8002, Tokens: 317970.0
Selected worker: http://localhost:8002
INFO:     127.0.0.1:47932 - "POST /v1/completions HTTP/1.1" 200 OK
Worker: http://localhost:8001, Running: 33.0, Waiting: 0.0
Worker: http://localhost:8001, qlen: 33.0
Worker: http://localhost:8001, Tokens: 329293.0
Worker: http://localhost:8002, Running: 29.0, Waiting: 0.0
Worker: http://localhost:8002, qlen: 29.0
Worker: http://localhost:8002, Tokens: 318101.0
Selected worker: http://localhost:8002
INFO:     127.0.0.1:47938 - "POST /v1/completions HTTP/1.1" 200 OK
Worker: http://localhost:8001, Running: 33.0, Waiting: 0.0
Worker: http://localhost:8001, qlen: 33.0
Worker: http://localhost:8001, Tokens: 329597.0
Worker: http://localhost:8002, Running: 31.0, Waiting: 0.0
Worker: http://localhost:8002, qlen: 31.0
Worker: http://localhost:8002, Tokens: 322300.0
Selected worker: http://localhost:8002
INFO:     127.0.0.1:47954 - "POST /v1/completions HTTP/1.1" 200 OK
Worker: http://localhost:8001, Running: 32.0, Waiting: 0.0
Worker: http://localhost:8001, qlen: 32.0
Worker: http://localhost:8001, Tokens: 329952.0
Worker: http://localhost:8002, Running: 31.0, Waiting: 0.0
Worker: http://localhost:8002, qlen: 31.0
Worker: http://localhost:8002, Tokens: 322178.0
Selected worker: http://localhost:8002
INFO:     127.0.0.1:47964 - "POST /v1/completions HTTP/1.1" 200 OK
Worker: http://localhost:8001, Running: 32.0, Waiting: 0.0
Worker: http://localhost:8001, qlen: 32.0
Worker: http://localhost:8001, Tokens: 327048.0
Worker: http://localhost:8002, Running: 27.0, Waiting: 0.0
Worker: http://localhost:8002, qlen: 27.0
Worker: http://localhost:8002, Tokens: 322935.0
Selected worker: http://localhost:8002
Worker: http://localhost:8001, Running: 32.0, Waiting: 0.0
Worker: http://localhost:8001, qlen: 32.0
Worker: http://localhost:8001, Tokens: 327048.0
Worker: http://localhost:8002, Running: 27.0, Waiting: 0.0
Worker: http://localhost:8002, qlen: 27.0
Worker: http://localhost:8002, Tokens: 324427.0
Selected worker: http://localhost:8002
Worker: http://localhost:8001, Running: 32.0, Waiting: 0.0
Worker: http://localhost:8001, qlen: 32.0
Worker: http://localhost:8001, Tokens: 327048.0
Worker: http://localhost:8002, Running: 27.0, Waiting: 0.0
Worker: http://localhost:8002, qlen: 27.0
Worker: http://localhost:8002, Tokens: 324694.0
Selected worker: http://localhost:8002
Worker: http://localhost:8001, Running: 32.0, Waiting: 0.0
Worker: http://localhost:8001, qlen: 32.0
Worker: http://localhost:8001, Tokens: 327048.0
Worker: http://localhost:8002, Running: 27.0, Waiting: 0.0
Worker: http://localhost:8002, qlen: 27.0
Worker: http://localhost:8002, Tokens: 324960.0
Selected worker: http://localhost:8002
Worker: http://localhost:8001, Running: 32.0, Waiting: 0.0
Worker: http://localhost:8001, qlen: 32.0
Worker: http://localhost:8001, Tokens: 327048.0
Worker: http://localhost:8002, Running: 27.0, Waiting: 0.0
Worker: http://localhost:8002, qlen: 27.0
Worker: http://localhost:8002, Tokens: 325219.0
Selected worker: http://localhost:8002
INFO:     127.0.0.1:47974 - "POST /v1/completions HTTP/1.1" 200 OK
INFO:     127.0.0.1:47980 - "POST /v1/completions HTTP/1.1" 200 OK
INFO:     127.0.0.1:47988 - "POST /v1/completions HTTP/1.1" 200 OK
INFO:     127.0.0.1:48004 - "POST /v1/completions HTTP/1.1" 200 OK
INFO:     127.0.0.1:48018 - "POST /v1/completions HTTP/1.1" 200 OK
Worker: http://localhost:8001, Running: 32.0, Waiting: 0.0
Worker: http://localhost:8001, qlen: 32.0
Worker: http://localhost:8001, Tokens: 325776.0
Worker: http://localhost:8002, Running: 27.0, Waiting: 0.0
Worker: http://localhost:8002, qlen: 27.0
Worker: http://localhost:8002, Tokens: 325482.0
Selected worker: http://localhost:8002
INFO:     127.0.0.1:48028 - "POST /v1/completions HTTP/1.1" 200 OK
Worker: http://localhost:8001, Running: 32.0, Waiting: 0.0
Worker: http://localhost:8001, qlen: 32.0
Worker: http://localhost:8001, Tokens: 325776.0
Worker: http://localhost:8002, Running: 27.0, Waiting: 0.0
Worker: http://localhost:8002, qlen: 27.0
Worker: http://localhost:8002, Tokens: 325749.0
Selected worker: http://localhost:8002
INFO:     127.0.0.1:48034 - "POST /v1/completions HTTP/1.1" 200 OK
Worker: http://localhost:8001, Running: 32.0, Waiting: 0.0
Worker: http://localhost:8001, qlen: 32.0
Worker: http://localhost:8001, Tokens: 325776.0
Worker: http://localhost:8002, Running: 27.0, Waiting: 0.0
Worker: http://localhost:8002, qlen: 27.0
Worker: http://localhost:8002, Tokens: 324950.0
Selected worker: http://localhost:8002
INFO:     127.0.0.1:52840 - "POST /v1/completions HTTP/1.1" 200 OK
Worker: http://localhost:8001, Running: 32.0, Waiting: 0.0
Worker: http://localhost:8001, qlen: 32.0
Worker: http://localhost:8001, Tokens: 325776.0
Worker: http://localhost:8002, Running: 27.0, Waiting: 0.0
Worker: http://localhost:8002, qlen: 27.0
Worker: http://localhost:8002, Tokens: 325234.0
Selected worker: http://localhost:8002
INFO:     127.0.0.1:52848 - "POST /v1/completions HTTP/1.1" 200 OK
Worker: http://localhost:8001, Running: 32.0, Waiting: 0.0
Worker: http://localhost:8001, qlen: 32.0
Worker: http://localhost:8001, Tokens: 325776.0
Worker: http://localhost:8002, Running: 27.0, Waiting: 0.0
Worker: http://localhost:8002, qlen: 27.0
Worker: http://localhost:8002, Tokens: 327302.0
Selected worker: http://localhost:8002
INFO:     127.0.0.1:52862 - "POST /v1/completions HTTP/1.1" 200 OK
Worker: http://localhost:8001, Running: 32.0, Waiting: 0.0
Worker: http://localhost:8001, qlen: 32.0
Worker: http://localhost:8001, Tokens: 325776.0
Worker: http://localhost:8002, Running: 27.0, Waiting: 0.0
Worker: http://localhost:8002, qlen: 27.0
Worker: http://localhost:8002, Tokens: 327578.0
Selected worker: http://localhost:8002
INFO:     127.0.0.1:52868 - "POST /v1/completions HTTP/1.1" 200 OK
Worker: http://localhost:8001, Running: 29.0, Waiting: 0.0
Worker: http://localhost:8001, qlen: 29.0
Worker: http://localhost:8001, Tokens: 330845.0
Worker: http://localhost:8002, Running: 27.0, Waiting: 0.0
Worker: http://localhost:8002, qlen: 27.0
Worker: http://localhost:8002, Tokens: 327845.0
Selected worker: http://localhost:8002
INFO:     127.0.0.1:52878 - "POST /v1/completions HTTP/1.1" 200 OK
Worker: http://localhost:8001, Running: 29.0, Waiting: 0.0
Worker: http://localhost:8001, qlen: 29.0
Worker: http://localhost:8001, Tokens: 330882.0
Worker: http://localhost:8002, Running: 35.0, Waiting: 0.0
Worker: http://localhost:8002, qlen: 35.0
Worker: http://localhost:8002, Tokens: 328654.0
Selected worker: http://localhost:8001
Worker: http://localhost:8001, Running: 29.0, Waiting: 0.0
Worker: http://localhost:8001, qlen: 29.0
Worker: http://localhost:8001, Tokens: 332595.0
Worker: http://localhost:8002, Running: 35.0, Waiting: 0.0
Worker: http://localhost:8002, qlen: 35.0
Worker: http://localhost:8002, Tokens: 328654.0
Selected worker: http://localhost:8001
INFO:     127.0.0.1:52882 - "POST /v1/completions HTTP/1.1" 200 OK
INFO:     127.0.0.1:52892 - "POST /v1/completions HTTP/1.1" 200 OK
Worker: http://localhost:8001, Running: 27.0, Waiting: 0.0
Worker: http://localhost:8001, qlen: 27.0
Worker: http://localhost:8001, Tokens: 331212.0
Worker: http://localhost:8002, Running: 35.0, Waiting: 0.0
Worker: http://localhost:8002, qlen: 35.0
Worker: http://localhost:8002, Tokens: 328654.0
Selected worker: http://localhost:8001
INFO:     127.0.0.1:52898 - "POST /v1/completions HTTP/1.1" 200 OK
Worker: http://localhost:8001, Running: 29.0, Waiting: 0.0
Worker: http://localhost:8001, qlen: 29.0
Worker: http://localhost:8001, Tokens: 336557.0
Worker: http://localhost:8002, Running: 35.0, Waiting: 0.0
Worker: http://localhost:8002, qlen: 35.0
Worker: http://localhost:8002, Tokens: 328055.0
Selected worker: http://localhost:8001
INFO:     127.0.0.1:52900 - "POST /v1/completions HTTP/1.1" 200 OK
Worker: http://localhost:8001, Running: 30.0, Waiting: 0.0
Worker: http://localhost:8001, qlen: 30.0
Worker: http://localhost:8001, Tokens: 338583.0
Worker: http://localhost:8002, Running: 34.0, Waiting: 0.0
Worker: http://localhost:8002, qlen: 34.0
Worker: http://localhost:8002, Tokens: 329522.0
Selected worker: http://localhost:8001
Worker: http://localhost:8001, Running: 30.0, Waiting: 0.0
Worker: http://localhost:8001, qlen: 30.0
Worker: http://localhost:8001, Tokens: 338874.0
Worker: http://localhost:8002, Running: 34.0, Waiting: 0.0
Worker: http://localhost:8002, qlen: 34.0
Worker: http://localhost:8002, Tokens: 329522.0
Selected worker: http://localhost:8001
INFO:     127.0.0.1:52912 - "POST /v1/completions HTTP/1.1" 200 OK
INFO:     127.0.0.1:52926 - "POST /v1/completions HTTP/1.1" 200 OK
Worker: http://localhost:8001, Running: 32.0, Waiting: 0.0
Worker: http://localhost:8001, qlen: 32.0
Worker: http://localhost:8001, Tokens: 339222.0
Worker: http://localhost:8002, Running: 32.0, Waiting: 0.0
Worker: http://localhost:8002, qlen: 32.0
Worker: http://localhost:8002, Tokens: 330429.0
Selected worker: http://localhost:8002
INFO:     127.0.0.1:52934 - "POST /v1/completions HTTP/1.1" 200 OK
Worker: http://localhost:8001, Running: 32.0, Waiting: 0.0
Worker: http://localhost:8001, qlen: 32.0
Worker: http://localhost:8001, Tokens: 339350.0
Worker: http://localhost:8002, Running: 31.0, Waiting: 0.0
Worker: http://localhost:8002, qlen: 31.0
Worker: http://localhost:8002, Tokens: 330582.0
Selected worker: http://localhost:8002
INFO:     127.0.0.1:52944 - "POST /v1/completions HTTP/1.1" 200 OK
Worker: http://localhost:8001, Running: 32.0, Waiting: 0.0
Worker: http://localhost:8001, qlen: 32.0
Worker: http://localhost:8001, Tokens: 339926.0
Worker: http://localhost:8002, Running: 31.0, Waiting: 0.0
Worker: http://localhost:8002, qlen: 31.0
Worker: http://localhost:8002, Tokens: 330252.0
Selected worker: http://localhost:8002
INFO:     127.0.0.1:52958 - "POST /v1/completions HTTP/1.1" 200 OK
Worker: http://localhost:8001, Running: 32.0, Waiting: 0.0
Worker: http://localhost:8001, qlen: 32.0
Worker: http://localhost:8001, Tokens: 340182.0
Worker: http://localhost:8002, Running: 32.0, Waiting: 0.0
Worker: http://localhost:8002, qlen: 32.0
Worker: http://localhost:8002, Tokens: 329891.0
Selected worker: http://localhost:8001
Worker: http://localhost:8001, Running: 32.0, Waiting: 0.0
Worker: http://localhost:8001, qlen: 32.0
Worker: http://localhost:8001, Tokens: 340452.0
Worker: http://localhost:8002, Running: 32.0, Waiting: 0.0
Worker: http://localhost:8002, qlen: 32.0
Worker: http://localhost:8002, Tokens: 329891.0
Selected worker: http://localhost:8001
Worker: http://localhost:8001, Running: 32.0, Waiting: 0.0
Worker: http://localhost:8001, qlen: 32.0
Worker: http://localhost:8001, Tokens: 343439.0
Worker: http://localhost:8002, Running: 32.0, Waiting: 0.0
Worker: http://localhost:8002, qlen: 32.0
Worker: http://localhost:8002, Tokens: 329891.0
Selected worker: http://localhost:8001
Worker: http://localhost:8001, Running: 32.0, Waiting: 0.0
Worker: http://localhost:8001, qlen: 32.0
Worker: http://localhost:8001, Tokens: 344773.0
Worker: http://localhost:8002, Running: 32.0, Waiting: 0.0
Worker: http://localhost:8002, qlen: 32.0
Worker: http://localhost:8002, Tokens: 329891.0
Selected worker: http://localhost:8001
Worker: http://localhost:8001, Running: 32.0, Waiting: 0.0
Worker: http://localhost:8001, qlen: 32.0
Worker: http://localhost:8001, Tokens: 345047.0
Worker: http://localhost:8002, Running: 32.0, Waiting: 0.0
Worker: http://localhost:8002, qlen: 32.0
Worker: http://localhost:8002, Tokens: 329891.0
Selected worker: http://localhost:8002
Worker: http://localhost:8001, Running: 32.0, Waiting: 0.0
Worker: http://localhost:8001, qlen: 32.0
Worker: http://localhost:8001, Tokens: 345047.0
Worker: http://localhost:8002, Running: 32.0, Waiting: 0.0
Worker: http://localhost:8002, qlen: 32.0
Worker: http://localhost:8002, Tokens: 331410.0
Selected worker: http://localhost:8002
Worker: http://localhost:8001, Running: 32.0, Waiting: 0.0
Worker: http://localhost:8001, qlen: 32.0
Worker: http://localhost:8001, Tokens: 345047.0
Worker: http://localhost:8002, Running: 32.0, Waiting: 0.0
Worker: http://localhost:8002, qlen: 32.0
Worker: http://localhost:8002, Tokens: 331685.0
Selected worker: http://localhost:8002
INFO:     127.0.0.1:52976 - "POST /v1/completions HTTP/1.1" 200 OK
INFO:     127.0.0.1:52978 - "POST /v1/completions HTTP/1.1" 200 OK
INFO:     127.0.0.1:52990 - "POST /v1/completions HTTP/1.1" 200 OK
INFO:     127.0.0.1:52992 - "POST /v1/completions HTTP/1.1" 200 OK
INFO:     127.0.0.1:52998 - "POST /v1/completions HTTP/1.1" 200 OK
INFO:     127.0.0.1:53010 - "POST /v1/completions HTTP/1.1" 200 OK
INFO:     127.0.0.1:52966 - "POST /v1/completions HTTP/1.1" 200 OK
Worker: http://localhost:8001, Running: 32.0, Waiting: 0.0
Worker: http://localhost:8001, qlen: 32.0
Worker: http://localhost:8001, Tokens: 338549.0
Worker: http://localhost:8002, Running: 32.0, Waiting: 0.0
Worker: http://localhost:8002, qlen: 32.0
Worker: http://localhost:8002, Tokens: 331140.0
Selected worker: http://localhost:8001
Worker: http://localhost:8001, Running: 32.0, Waiting: 0.0
Worker: http://localhost:8001, qlen: 32.0
Worker: http://localhost:8001, Tokens: 338837.0
Worker: http://localhost:8002, Running: 32.0, Waiting: 0.0
Worker: http://localhost:8002, qlen: 32.0
Worker: http://localhost:8002, Tokens: 331140.0
Selected worker: http://localhost:8001
Worker: http://localhost:8001, Running: 32.0, Waiting: 0.0
Worker: http://localhost:8001, qlen: 32.0
Worker: http://localhost:8001, Tokens: 339116.0
Worker: http://localhost:8002, Running: 32.0, Waiting: 0.0
Worker: http://localhost:8002, qlen: 32.0
Worker: http://localhost:8002, Tokens: 331140.0
Selected worker: http://localhost:8002
Worker: http://localhost:8001, Running: 32.0, Waiting: 0.0
Worker: http://localhost:8001, qlen: 32.0
Worker: http://localhost:8001, Tokens: 339116.0
Worker: http://localhost:8002, Running: 32.0, Waiting: 0.0
Worker: http://localhost:8002, qlen: 32.0
Worker: http://localhost:8002, Tokens: 331401.0
Selected worker: http://localhost:8001
INFO:     127.0.0.1:53018 - "POST /v1/completions HTTP/1.1" 200 OK
INFO:     127.0.0.1:53026 - "POST /v1/completions HTTP/1.1" 200 OK
INFO:     127.0.0.1:53032 - "POST /v1/completions HTTP/1.1" 200 OK
INFO:     127.0.0.1:53042 - "POST /v1/completions HTTP/1.1" 200 OK
Worker: http://localhost:8001, Running: 38.0, Waiting: 0.0
Worker: http://localhost:8001, qlen: 38.0
Worker: http://localhost:8001, Tokens: 345816.0
Worker: http://localhost:8002, Running: 26.0, Waiting: 0.0
Worker: http://localhost:8002, qlen: 26.0
Worker: http://localhost:8002, Tokens: 335376.0
Selected worker: http://localhost:8002
Worker: http://localhost:8001, Running: 38.0, Waiting: 0.0
Worker: http://localhost:8001, qlen: 38.0
Worker: http://localhost:8001, Tokens: 345816.0
Worker: http://localhost:8002, Running: 26.0, Waiting: 0.0
Worker: http://localhost:8002, qlen: 26.0
Worker: http://localhost:8002, Tokens: 335645.0
Selected worker: http://localhost:8002
INFO:     127.0.0.1:53058 - "POST /v1/completions HTTP/1.1" 200 OK
INFO:     127.0.0.1:53064 - "POST /v1/completions HTTP/1.1" 200 OK
Worker: http://localhost:8001, Running: 36.0, Waiting: 0.0
Worker: http://localhost:8001, qlen: 36.0
Worker: http://localhost:8001, Tokens: 346641.0
Worker: http://localhost:8002, Running: 26.0, Waiting: 0.0
Worker: http://localhost:8002, qlen: 26.0
Worker: http://localhost:8002, Tokens: 334148.0
Selected worker: http://localhost:8002
INFO:     127.0.0.1:53068 - "POST /v1/completions HTTP/1.1" 200 OK
Worker: http://localhost:8001, Running: 36.0, Waiting: 0.0
Worker: http://localhost:8001, qlen: 36.0
Worker: http://localhost:8001, Tokens: 346535.0
Worker: http://localhost:8002, Running: 27.0, Waiting: 0.0
Worker: http://localhost:8002, qlen: 27.0
Worker: http://localhost:8002, Tokens: 336145.0
Selected worker: http://localhost:8002
Worker: http://localhost:8001, Running: 36.0, Waiting: 0.0
Worker: http://localhost:8001, qlen: 36.0
Worker: http://localhost:8001, Tokens: 346535.0
Worker: http://localhost:8002, Running: 27.0, Waiting: 0.0
Worker: http://localhost:8002, qlen: 27.0
Worker: http://localhost:8002, Tokens: 336414.0
Selected worker: http://localhost:8002
INFO:     127.0.0.1:53086 - "POST /v1/completions HTTP/1.1" 200 OK
INFO:     127.0.0.1:53102 - "POST /v1/completions HTTP/1.1" 200 OK
Worker: http://localhost:8001, Running: 36.0, Waiting: 0.0
Worker: http://localhost:8001, qlen: 36.0
Worker: http://localhost:8001, Tokens: 346535.0
Worker: http://localhost:8002, Running: 27.0, Waiting: 0.0
Worker: http://localhost:8002, qlen: 27.0
Worker: http://localhost:8002, Tokens: 336699.0
Selected worker: http://localhost:8002
INFO:     127.0.0.1:53070 - "POST /v1/completions HTTP/1.1" 200 OK
Worker: http://localhost:8001, Running: 36.0, Waiting: 0.0
Worker: http://localhost:8001, qlen: 36.0
Worker: http://localhost:8001, Tokens: 346535.0
Worker: http://localhost:8002, Running: 27.0, Waiting: 0.0
Worker: http://localhost:8002, qlen: 27.0
Worker: http://localhost:8002, Tokens: 336698.0
Selected worker: http://localhost:8002
INFO:     127.0.0.1:53106 - "POST /v1/completions HTTP/1.1" 200 OK
Worker: http://localhost:8001, Running: 34.0, Waiting: 0.0
Worker: http://localhost:8001, qlen: 34.0
Worker: http://localhost:8001, Tokens: 347893.0
Worker: http://localhost:8002, Running: 30.0, Waiting: 0.0
Worker: http://localhost:8002, qlen: 30.0
Worker: http://localhost:8002, Tokens: 336624.0
Selected worker: http://localhost:8002
INFO:     127.0.0.1:53116 - "POST /v1/completions HTTP/1.1" 200 OK
Worker: http://localhost:8001, Running: 34.0, Waiting: 0.0
Worker: http://localhost:8001, qlen: 34.0
Worker: http://localhost:8001, Tokens: 348029.0
Worker: http://localhost:8002, Running: 29.0, Waiting: 0.0
Worker: http://localhost:8002, qlen: 29.0
Worker: http://localhost:8002, Tokens: 335057.0
Selected worker: http://localhost:8002
INFO:     127.0.0.1:53130 - "POST /v1/completions HTTP/1.1" 200 OK
Worker: http://localhost:8001, Running: 34.0, Waiting: 0.0
Worker: http://localhost:8001, qlen: 34.0
Worker: http://localhost:8001, Tokens: 348029.0
Worker: http://localhost:8002, Running: 28.0, Waiting: 0.0
Worker: http://localhost:8002, qlen: 28.0
Worker: http://localhost:8002, Tokens: 335232.0
Selected worker: http://localhost:8002
INFO:     127.0.0.1:53140 - "POST /v1/completions HTTP/1.1" 200 OK
Worker: http://localhost:8001, Running: 34.0, Waiting: 0.0
Worker: http://localhost:8001, qlen: 34.0
Worker: http://localhost:8001, Tokens: 348199.0
Worker: http://localhost:8002, Running: 28.0, Waiting: 0.0
Worker: http://localhost:8002, qlen: 28.0
Worker: http://localhost:8002, Tokens: 333244.0
Selected worker: http://localhost:8002
INFO:     127.0.0.1:53144 - "POST /v1/completions HTTP/1.1" 200 OK
Worker: http://localhost:8001, Running: 34.0, Waiting: 0.0
Worker: http://localhost:8001, qlen: 34.0
Worker: http://localhost:8001, Tokens: 348199.0
Worker: http://localhost:8002, Running: 28.0, Waiting: 0.0
Worker: http://localhost:8002, qlen: 28.0
Worker: http://localhost:8002, Tokens: 337079.0
Selected worker: http://localhost:8002
INFO:     127.0.0.1:53160 - "POST /v1/completions HTTP/1.1" 200 OK
Worker: http://localhost:8001, Running: 34.0, Waiting: 0.0
Worker: http://localhost:8001, qlen: 34.0
Worker: http://localhost:8001, Tokens: 348471.0
Worker: http://localhost:8002, Running: 27.0, Waiting: 1.0
Worker: http://localhost:8002, qlen: 27.0
Worker: http://localhost:8002, Tokens: 335218.0
Selected worker: http://localhost:8002
INFO:     127.0.0.1:53170 - "POST /v1/completions HTTP/1.1" 200 OK
Worker: http://localhost:8001, Running: 34.0, Waiting: 0.0
Worker: http://localhost:8001, qlen: 34.0
Worker: http://localhost:8001, Tokens: 348709.0
Worker: http://localhost:8002, Running: 27.0, Waiting: 2.0
Worker: http://localhost:8002, qlen: 27.0
Worker: http://localhost:8002, Tokens: 338158.0
Selected worker: http://localhost:8002
INFO:     127.0.0.1:53180 - "POST /v1/completions HTTP/1.1" 200 OK
Worker: http://localhost:8001, Running: 34.0, Waiting: 0.0
Worker: http://localhost:8001, qlen: 34.0
Worker: http://localhost:8001, Tokens: 348643.0
Worker: http://localhost:8002, Running: 30.0, Waiting: 0.0
Worker: http://localhost:8002, qlen: 30.0
Worker: http://localhost:8002, Tokens: 346039.0
Selected worker: http://localhost:8002
Worker: http://localhost:8001, Running: 34.0, Waiting: 0.0
Worker: http://localhost:8001, qlen: 34.0
Worker: http://localhost:8001, Tokens: 348643.0
Worker: http://localhost:8002, Running: 30.0, Waiting: 0.0
Worker: http://localhost:8002, qlen: 30.0
Worker: http://localhost:8002, Tokens: 346305.0
Selected worker: http://localhost:8002
INFO:     127.0.0.1:53182 - "POST /v1/completions HTTP/1.1" 200 OK
INFO:     127.0.0.1:53198 - "POST /v1/completions HTTP/1.1" 200 OK
Worker: http://localhost:8001, Running: 34.0, Waiting: 0.0
Worker: http://localhost:8001, qlen: 34.0
Worker: http://localhost:8001, Tokens: 348643.0
Worker: http://localhost:8002, Running: 30.0, Waiting: 0.0
Worker: http://localhost:8002, qlen: 30.0
Worker: http://localhost:8002, Tokens: 346562.0
Selected worker: http://localhost:8002
INFO:     127.0.0.1:53188 - "POST /v1/completions HTTP/1.1" 200 OK
Worker: http://localhost:8001, Running: 33.0, Waiting: 0.0
Worker: http://localhost:8001, qlen: 33.0
Worker: http://localhost:8001, Tokens: 347948.0
Worker: http://localhost:8002, Running: 30.0, Waiting: 0.0
Worker: http://localhost:8002, qlen: 30.0
Worker: http://localhost:8002, Tokens: 346577.0
Selected worker: http://localhost:8002
INFO:     127.0.0.1:53210 - "POST /v1/completions HTTP/1.1" 200 OK
Worker: http://localhost:8001, Running: 33.0, Waiting: 0.0
Worker: http://localhost:8001, qlen: 33.0
Worker: http://localhost:8001, Tokens: 347948.0
Worker: http://localhost:8002, Running: 30.0, Waiting: 0.0
Worker: http://localhost:8002, qlen: 30.0
Worker: http://localhost:8002, Tokens: 346853.0
Selected worker: http://localhost:8002
Worker: http://localhost:8001, Running: 33.0, Waiting: 0.0
Worker: http://localhost:8001, qlen: 33.0
Worker: http://localhost:8001, Tokens: 347948.0
Worker: http://localhost:8002, Running: 30.0, Waiting: 0.0
Worker: http://localhost:8002, qlen: 30.0
Worker: http://localhost:8002, Tokens: 347120.0
Selected worker: http://localhost:8002
Worker: http://localhost:8001, Running: 33.0, Waiting: 0.0
Worker: http://localhost:8001, qlen: 33.0
Worker: http://localhost:8001, Tokens: 347948.0
Worker: http://localhost:8002, Running: 30.0, Waiting: 0.0
Worker: http://localhost:8002, qlen: 30.0
Worker: http://localhost:8002, Tokens: 347401.0
Selected worker: http://localhost:8002
Worker: http://localhost:8001, Running: 33.0, Waiting: 0.0
Worker: http://localhost:8001, qlen: 33.0
Worker: http://localhost:8001, Tokens: 347948.0
Worker: http://localhost:8002, Running: 30.0, Waiting: 0.0
Worker: http://localhost:8002, qlen: 30.0
Worker: http://localhost:8002, Tokens: 347678.0
Selected worker: http://localhost:8002
INFO:     127.0.0.1:53222 - "POST /v1/completions HTTP/1.1" 200 OK
INFO:     127.0.0.1:53230 - "POST /v1/completions HTTP/1.1" 200 OK
INFO:     127.0.0.1:53234 - "POST /v1/completions HTTP/1.1" 200 OK
INFO:     127.0.0.1:53240 - "POST /v1/completions HTTP/1.1" 200 OK
Worker: http://localhost:8001, Running: 29.0, Waiting: 0.0
Worker: http://localhost:8001, qlen: 29.0
Worker: http://localhost:8001, Tokens: 349893.0
Worker: http://localhost:8002, Running: 35.0, Waiting: 0.0
Worker: http://localhost:8002, qlen: 35.0
Worker: http://localhost:8002, Tokens: 347433.0
Selected worker: http://localhost:8001
Worker: http://localhost:8001, Running: 29.0, Waiting: 0.0
Worker: http://localhost:8001, qlen: 29.0
Worker: http://localhost:8001, Tokens: 350190.0
Worker: http://localhost:8002, Running: 35.0, Waiting: 0.0
Worker: http://localhost:8002, qlen: 35.0
Worker: http://localhost:8002, Tokens: 347433.0
Selected worker: http://localhost:8001
INFO:     127.0.0.1:53246 - "POST /v1/completions HTTP/1.1" 200 OK
INFO:     127.0.0.1:53248 - "POST /v1/completions HTTP/1.1" 200 OK
Worker: http://localhost:8001, Running: 29.0, Waiting: 0.0
Worker: http://localhost:8001, qlen: 29.0
Worker: http://localhost:8001, Tokens: 350125.0
Worker: http://localhost:8002, Running: 33.0, Waiting: 0.0
Worker: http://localhost:8002, qlen: 33.0
Worker: http://localhost:8002, Tokens: 347959.0
Selected worker: http://localhost:8001
INFO:     127.0.0.1:53262 - "POST /v1/completions HTTP/1.1" 200 OK
Worker: http://localhost:8001, Running: 32.0, Waiting: 0.0
Worker: http://localhost:8001, qlen: 32.0
Worker: http://localhost:8001, Tokens: 351793.0
Worker: http://localhost:8002, Running: 32.0, Waiting: 0.0
Worker: http://localhost:8002, qlen: 32.0
Worker: http://localhost:8002, Tokens: 348014.0
Selected worker: http://localhost:8002
Worker: http://localhost:8001, Running: 32.0, Waiting: 0.0
Worker: http://localhost:8001, qlen: 32.0
Worker: http://localhost:8001, Tokens: 351793.0
Worker: http://localhost:8002, Running: 32.0, Waiting: 0.0
Worker: http://localhost:8002, qlen: 32.0
Worker: http://localhost:8002, Tokens: 348278.0
Selected worker: http://localhost:8002
Worker: http://localhost:8001, Running: 32.0, Waiting: 0.0
Worker: http://localhost:8001, qlen: 32.0
Worker: http://localhost:8001, Tokens: 351793.0
Worker: http://localhost:8002, Running: 32.0, Waiting: 0.0
Worker: http://localhost:8002, qlen: 32.0
Worker: http://localhost:8002, Tokens: 349856.0
Selected worker: http://localhost:8001
INFO:     127.0.0.1:53272 - "POST /v1/completions HTTP/1.1" 200 OK
INFO:     127.0.0.1:53286 - "POST /v1/completions HTTP/1.1" 200 OK
INFO:     127.0.0.1:53302 - "POST /v1/completions HTTP/1.1" 200 OK
Worker: http://localhost:8001, Running: 32.0, Waiting: 0.0
Worker: http://localhost:8001, qlen: 32.0
Worker: http://localhost:8001, Tokens: 351889.0
Worker: http://localhost:8002, Running: 32.0, Waiting: 0.0
Worker: http://localhost:8002, qlen: 32.0
Worker: http://localhost:8002, Tokens: 349581.0
Selected worker: http://localhost:8002
INFO:     127.0.0.1:53312 - "POST /v1/completions HTTP/1.1" 200 OK
Worker: http://localhost:8001, Running: 33.0, Waiting: 0.0
Worker: http://localhost:8001, qlen: 33.0
Worker: http://localhost:8001, Tokens: 352415.0
Worker: http://localhost:8002, Running: 31.0, Waiting: 0.0
Worker: http://localhost:8002, qlen: 31.0
Worker: http://localhost:8002, Tokens: 350844.0
Selected worker: http://localhost:8002
INFO:     127.0.0.1:43480 - "POST /v1/completions HTTP/1.1" 200 OK
Worker: http://localhost:8001, Running: 33.0, Waiting: 0.0
Worker: http://localhost:8001, qlen: 33.0
Worker: http://localhost:8001, Tokens: 349528.0
Worker: http://localhost:8002, Running: 31.0, Waiting: 0.0
Worker: http://localhost:8002, qlen: 31.0
Worker: http://localhost:8002, Tokens: 351113.0
Selected worker: http://localhost:8002
INFO:     127.0.0.1:43492 - "POST /v1/completions HTTP/1.1" 200 OK
Worker: http://localhost:8001, Running: 32.0, Waiting: 0.0
Worker: http://localhost:8001, qlen: 32.0
Worker: http://localhost:8001, Tokens: 352708.0
Worker: http://localhost:8002, Running: 32.0, Waiting: 0.0
Worker: http://localhost:8002, qlen: 32.0
Worker: http://localhost:8002, Tokens: 350663.0
Selected worker: http://localhost:8001
Worker: http://localhost:8001, Running: 32.0, Waiting: 0.0
Worker: http://localhost:8001, qlen: 32.0
Worker: http://localhost:8001, Tokens: 352972.0
Worker: http://localhost:8002, Running: 32.0, Waiting: 0.0
Worker: http://localhost:8002, qlen: 32.0
Worker: http://localhost:8002, Tokens: 350663.0
Selected worker: http://localhost:8001
INFO:     127.0.0.1:43496 - "POST /v1/completions HTTP/1.1" 200 OK
INFO:     127.0.0.1:43508 - "POST /v1/completions HTTP/1.1" 200 OK
Worker: http://localhost:8001, Running: 32.0, Waiting: 0.0
Worker: http://localhost:8001, qlen: 32.0
Worker: http://localhost:8001, Tokens: 354549.0
Worker: http://localhost:8002, Running: 32.0, Waiting: 0.0
Worker: http://localhost:8002, qlen: 32.0
Worker: http://localhost:8002, Tokens: 350663.0
Selected worker: http://localhost:8002
INFO:     127.0.0.1:43522 - "POST /v1/completions HTTP/1.1" 200 OK
Worker: http://localhost:8001, Running: 32.0, Waiting: 0.0
Worker: http://localhost:8001, qlen: 32.0
Worker: http://localhost:8001, Tokens: 353060.0
Worker: http://localhost:8002, Running: 29.0, Waiting: 0.0
Worker: http://localhost:8002, qlen: 29.0
Worker: http://localhost:8002, Tokens: 350925.0
Selected worker: http://localhost:8002
Worker: http://localhost:8001, Running: 32.0, Waiting: 0.0
Worker: http://localhost:8001, qlen: 32.0
Worker: http://localhost:8001, Tokens: 353060.0
Worker: http://localhost:8002, Running: 29.0, Waiting: 0.0
Worker: http://localhost:8002, qlen: 29.0
Worker: http://localhost:8002, Tokens: 351193.0
Selected worker: http://localhost:8002
Worker: http://localhost:8001, Running: 32.0, Waiting: 0.0
Worker: http://localhost:8001, qlen: 32.0
Worker: http://localhost:8001, Tokens: 353060.0
Worker: http://localhost:8002, Running: 29.0, Waiting: 0.0
Worker: http://localhost:8002, qlen: 29.0
Worker: http://localhost:8002, Tokens: 351493.0
Selected worker: http://localhost:8002
INFO:     127.0.0.1:43526 - "POST /v1/completions HTTP/1.1" 200 OK
INFO:     127.0.0.1:43530 - "POST /v1/completions HTTP/1.1" 200 OK
INFO:     127.0.0.1:43546 - "POST /v1/completions HTTP/1.1" 200 OK
Worker: http://localhost:8001, Running: 34.0, Waiting: 0.0
Worker: http://localhost:8001, qlen: 34.0
Worker: http://localhost:8001, Tokens: 355080.0
Worker: http://localhost:8002, Running: 28.0, Waiting: 0.0
Worker: http://localhost:8002, qlen: 28.0
Worker: http://localhost:8002, Tokens: 350733.0
Selected worker: http://localhost:8002
INFO:     127.0.0.1:43548 - "POST /v1/completions HTTP/1.1" 200 OK
Worker: http://localhost:8001, Running: 34.0, Waiting: 0.0
Worker: http://localhost:8001, qlen: 34.0
Worker: http://localhost:8001, Tokens: 355080.0
Worker: http://localhost:8002, Running: 25.0, Waiting: 0.0
Worker: http://localhost:8002, qlen: 25.0
Worker: http://localhost:8002, Tokens: 354067.0
Selected worker: http://localhost:8002
INFO:     127.0.0.1:43556 - "POST /v1/completions HTTP/1.1" 200 OK
Worker: http://localhost:8001, Running: 34.0, Waiting: 0.0
Worker: http://localhost:8001, qlen: 34.0
Worker: http://localhost:8001, Tokens: 355080.0
Worker: http://localhost:8002, Running: 25.0, Waiting: 0.0
Worker: http://localhost:8002, qlen: 25.0
Worker: http://localhost:8002, Tokens: 354333.0
Selected worker: http://localhost:8002
INFO:     127.0.0.1:43566 - "POST /v1/completions HTTP/1.1" 200 OK
Worker: http://localhost:8001, Running: 34.0, Waiting: 0.0
Worker: http://localhost:8001, qlen: 34.0
Worker: http://localhost:8001, Tokens: 355080.0
Worker: http://localhost:8002, Running: 25.0, Waiting: 0.0
Worker: http://localhost:8002, qlen: 25.0
Worker: http://localhost:8002, Tokens: 356405.0
Selected worker: http://localhost:8002
INFO:     127.0.0.1:43568 - "POST /v1/completions HTTP/1.1" 200 OK
Worker: http://localhost:8001, Running: 34.0, Waiting: 0.0
Worker: http://localhost:8001, qlen: 34.0
Worker: http://localhost:8001, Tokens: 355080.0
Worker: http://localhost:8002, Running: 25.0, Waiting: 0.0
Worker: http://localhost:8002, qlen: 25.0
Worker: http://localhost:8002, Tokens: 356666.0
Selected worker: http://localhost:8002
INFO:     127.0.0.1:43580 - "POST /v1/completions HTTP/1.1" 200 OK
Worker: http://localhost:8001, Running: 34.0, Waiting: 0.0
Worker: http://localhost:8001, qlen: 34.0
Worker: http://localhost:8001, Tokens: 356270.0
Worker: http://localhost:8002, Running: 30.0, Waiting: 0.0
Worker: http://localhost:8002, qlen: 30.0
Worker: http://localhost:8002, Tokens: 353810.0
Selected worker: http://localhost:8002
INFO:     127.0.0.1:43586 - "POST /v1/completions HTTP/1.1" 200 OK
Worker: http://localhost:8001, Running: 34.0, Waiting: 0.0
Worker: http://localhost:8001, qlen: 34.0
Worker: http://localhost:8001, Tokens: 356211.0
Worker: http://localhost:8002, Running: 30.0, Waiting: 0.0
Worker: http://localhost:8002, qlen: 30.0
Worker: http://localhost:8002, Tokens: 357660.0
Selected worker: http://localhost:8002
INFO:     127.0.0.1:43592 - "POST /v1/completions HTTP/1.1" 200 OK
Worker: http://localhost:8001, Running: 34.0, Waiting: 0.0
Worker: http://localhost:8001, qlen: 34.0
Worker: http://localhost:8001, Tokens: 355954.0
Worker: http://localhost:8002, Running: 30.0, Waiting: 0.0
Worker: http://localhost:8002, qlen: 30.0
Worker: http://localhost:8002, Tokens: 357780.0
Selected worker: http://localhost:8002
INFO:     127.0.0.1:43598 - "POST /v1/completions HTTP/1.1" 200 OK
Worker: http://localhost:8001, Running: 32.0, Waiting: 0.0
Worker: http://localhost:8001, qlen: 32.0
Worker: http://localhost:8001, Tokens: 356642.0
Worker: http://localhost:8002, Running: 30.0, Waiting: 0.0
Worker: http://localhost:8002, qlen: 30.0
Worker: http://localhost:8002, Tokens: 356406.0
Selected worker: http://localhost:8002
INFO:     127.0.0.1:43608 - "POST /v1/completions HTTP/1.1" 200 OK
Worker: http://localhost:8001, Running: 32.0, Waiting: 0.0
Worker: http://localhost:8001, qlen: 32.0
Worker: http://localhost:8001, Tokens: 356642.0
Worker: http://localhost:8002, Running: 30.0, Waiting: 0.0
Worker: http://localhost:8002, qlen: 30.0
Worker: http://localhost:8002, Tokens: 357458.0
Selected worker: http://localhost:8002
INFO:     127.0.0.1:43614 - "POST /v1/completions HTTP/1.1" 200 OK
Worker: http://localhost:8001, Running: 32.0, Waiting: 0.0
Worker: http://localhost:8001, qlen: 32.0
Worker: http://localhost:8001, Tokens: 356642.0
Worker: http://localhost:8002, Running: 30.0, Waiting: 0.0
Worker: http://localhost:8002, qlen: 30.0
Worker: http://localhost:8002, Tokens: 357736.0
Selected worker: http://localhost:8002
INFO:     127.0.0.1:43630 - "POST /v1/completions HTTP/1.1" 200 OK
Worker: http://localhost:8001, Running: 32.0, Waiting: 0.0
Worker: http://localhost:8001, qlen: 32.0
Worker: http://localhost:8001, Tokens: 356861.0
Worker: http://localhost:8002, Running: 32.0, Waiting: 0.0
Worker: http://localhost:8002, qlen: 32.0
Worker: http://localhost:8002, Tokens: 360083.0
Selected worker: http://localhost:8001
INFO:     127.0.0.1:43642 - "POST /v1/completions HTTP/1.1" 200 OK
Worker: http://localhost:8001, Running: 31.0, Waiting: 0.0
Worker: http://localhost:8001, qlen: 31.0
Worker: http://localhost:8001, Tokens: 357218.0
Worker: http://localhost:8002, Running: 32.0, Waiting: 0.0
Worker: http://localhost:8002, qlen: 32.0
Worker: http://localhost:8002, Tokens: 359974.0
Selected worker: http://localhost:8001
INFO:     127.0.0.1:43646 - "POST /v1/completions HTTP/1.1" 200 OK
Worker: http://localhost:8001, Running: 31.0, Waiting: 0.0
Worker: http://localhost:8001, qlen: 31.0
Worker: http://localhost:8001, Tokens: 357342.0
Worker: http://localhost:8002, Running: 32.0, Waiting: 0.0
Worker: http://localhost:8002, qlen: 32.0
Worker: http://localhost:8002, Tokens: 359693.0
Selected worker: http://localhost:8001
INFO:     127.0.0.1:43656 - "POST /v1/completions HTTP/1.1" 200 OK
Worker: http://localhost:8001, Running: 32.0, Waiting: 0.0
Worker: http://localhost:8001, qlen: 32.0
Worker: http://localhost:8001, Tokens: 357487.0
Worker: http://localhost:8002, Running: 30.0, Waiting: 0.0
Worker: http://localhost:8002, qlen: 30.0
Worker: http://localhost:8002, Tokens: 360342.0
Selected worker: http://localhost:8002
INFO:     127.0.0.1:43666 - "POST /v1/completions HTTP/1.1" 200 OK
Worker: http://localhost:8001, Running: 34.0, Waiting: 0.0
Worker: http://localhost:8001, qlen: 34.0
Worker: http://localhost:8001, Tokens: 360913.0
Worker: http://localhost:8002, Running: 29.0, Waiting: 0.0
Worker: http://localhost:8002, qlen: 29.0
Worker: http://localhost:8002, Tokens: 360543.0
Selected worker: http://localhost:8002
INFO:     127.0.0.1:43670 - "POST /v1/completions HTTP/1.1" 200 OK
Worker: http://localhost:8001, Running: 34.0, Waiting: 0.0
Worker: http://localhost:8001, qlen: 34.0
Worker: http://localhost:8001, Tokens: 360913.0
Worker: http://localhost:8002, Running: 29.0, Waiting: 0.0
Worker: http://localhost:8002, qlen: 29.0
Worker: http://localhost:8002, Tokens: 360740.0
Selected worker: http://localhost:8002
INFO:     127.0.0.1:43676 - "POST /v1/completions HTTP/1.1" 200 OK
Worker: http://localhost:8001, Running: 34.0, Waiting: 0.0
Worker: http://localhost:8001, qlen: 34.0
Worker: http://localhost:8001, Tokens: 361321.0
Worker: http://localhost:8002, Running: 30.0, Waiting: 0.0
Worker: http://localhost:8002, qlen: 30.0
Worker: http://localhost:8002, Tokens: 360839.0
Selected worker: http://localhost:8002
Worker: http://localhost:8001, Running: 34.0, Waiting: 0.0
Worker: http://localhost:8001, qlen: 34.0
Worker: http://localhost:8001, Tokens: 361321.0
Worker: http://localhost:8002, Running: 30.0, Waiting: 0.0
Worker: http://localhost:8002, qlen: 30.0
Worker: http://localhost:8002, Tokens: 361108.0
Selected worker: http://localhost:8002
INFO:     127.0.0.1:43680 - "POST /v1/completions HTTP/1.1" 200 OK
INFO:     127.0.0.1:43682 - "POST /v1/completions HTTP/1.1" 200 OK
Worker: http://localhost:8001, Running: 34.0, Waiting: 0.0
Worker: http://localhost:8001, qlen: 34.0
Worker: http://localhost:8001, Tokens: 361057.0
Worker: http://localhost:8002, Running: 28.0, Waiting: 0.0
Worker: http://localhost:8002, qlen: 28.0
Worker: http://localhost:8002, Tokens: 360963.0
Selected worker: http://localhost:8002
INFO:     127.0.0.1:43684 - "POST /v1/completions HTTP/1.1" 200 OK
Worker: http://localhost:8001, Running: 34.0, Waiting: 0.0
Worker: http://localhost:8001, qlen: 34.0
Worker: http://localhost:8001, Tokens: 361057.0
Worker: http://localhost:8002, Running: 28.0, Waiting: 0.0
Worker: http://localhost:8002, qlen: 28.0
Worker: http://localhost:8002, Tokens: 361260.0
Selected worker: http://localhost:8002
INFO:     127.0.0.1:43698 - "POST /v1/completions HTTP/1.1" 200 OK
Worker: http://localhost:8001, Running: 34.0, Waiting: 0.0
Worker: http://localhost:8001, qlen: 34.0
Worker: http://localhost:8001, Tokens: 361057.0
Worker: http://localhost:8002, Running: 28.0, Waiting: 0.0
Worker: http://localhost:8002, qlen: 28.0
Worker: http://localhost:8002, Tokens: 361520.0
Selected worker: http://localhost:8002
INFO:     127.0.0.1:43714 - "POST /v1/completions HTTP/1.1" 200 OK
Worker: http://localhost:8001, Running: 33.0, Waiting: 0.0
Worker: http://localhost:8001, qlen: 33.0
Worker: http://localhost:8001, Tokens: 362118.0
Worker: http://localhost:8002, Running: 31.0, Waiting: 0.0
Worker: http://localhost:8002, qlen: 31.0
Worker: http://localhost:8002, Tokens: 362228.0
Selected worker: http://localhost:8002
INFO:     127.0.0.1:43722 - "POST /v1/completions HTTP/1.1" 200 OK
Worker: http://localhost:8001, Running: 33.0, Waiting: 0.0
Worker: http://localhost:8001, qlen: 33.0
Worker: http://localhost:8001, Tokens: 362316.0
Worker: http://localhost:8002, Running: 31.0, Waiting: 0.0
Worker: http://localhost:8002, qlen: 31.0
Worker: http://localhost:8002, Tokens: 362544.0
Selected worker: http://localhost:8002
INFO:     127.0.0.1:43730 - "POST /v1/completions HTTP/1.1" 200 OK
Worker: http://localhost:8001, Running: 33.0, Waiting: 0.0
Worker: http://localhost:8001, qlen: 33.0
Worker: http://localhost:8001, Tokens: 362580.0
Worker: http://localhost:8002, Running: 30.0, Waiting: 0.0
Worker: http://localhost:8002, qlen: 30.0
Worker: http://localhost:8002, Tokens: 362163.0
Selected worker: http://localhost:8002
Worker: http://localhost:8001, Running: 33.0, Waiting: 0.0
Worker: http://localhost:8001, qlen: 33.0
Worker: http://localhost:8001, Tokens: 362580.0
Worker: http://localhost:8002, Running: 30.0, Waiting: 0.0
Worker: http://localhost:8002, qlen: 30.0
Worker: http://localhost:8002, Tokens: 362426.0
Selected worker: http://localhost:8002
Worker: http://localhost:8001, Running: 33.0, Waiting: 0.0
Worker: http://localhost:8001, qlen: 33.0
Worker: http://localhost:8001, Tokens: 362580.0
Worker: http://localhost:8002, Running: 30.0, Waiting: 0.0
Worker: http://localhost:8002, qlen: 30.0
Worker: http://localhost:8002, Tokens: 365384.0
Selected worker: http://localhost:8002
INFO:     127.0.0.1:43742 - "POST /v1/completions HTTP/1.1" 200 OK
INFO:     127.0.0.1:43746 - "POST /v1/completions HTTP/1.1" 200 OK
INFO:     127.0.0.1:43760 - "POST /v1/completions HTTP/1.1" 200 OK
Worker: http://localhost:8001, Running: 33.0, Waiting: 0.0
Worker: http://localhost:8001, qlen: 33.0
Worker: http://localhost:8001, Tokens: 363735.0
Worker: http://localhost:8002, Running: 31.0, Waiting: 0.0
Worker: http://localhost:8002, qlen: 31.0
Worker: http://localhost:8002, Tokens: 368722.0
Selected worker: http://localhost:8002
INFO:     127.0.0.1:43774 - "POST /v1/completions HTTP/1.1" 200 OK
Worker: http://localhost:8001, Running: 33.0, Waiting: 0.0
Worker: http://localhost:8001, qlen: 33.0
Worker: http://localhost:8001, Tokens: 363699.0
Worker: http://localhost:8002, Running: 30.0, Waiting: 0.0
Worker: http://localhost:8002, qlen: 30.0
Worker: http://localhost:8002, Tokens: 369289.0
Selected worker: http://localhost:8002
INFO:     127.0.0.1:43784 - "POST /v1/completions HTTP/1.1" 200 OK
Worker: http://localhost:8001, Running: 33.0, Waiting: 0.0
Worker: http://localhost:8001, qlen: 33.0
Worker: http://localhost:8001, Tokens: 363699.0
Worker: http://localhost:8002, Running: 31.0, Waiting: 0.0
Worker: http://localhost:8002, qlen: 31.0
Worker: http://localhost:8002, Tokens: 368872.0
Selected worker: http://localhost:8002
INFO:     127.0.0.1:43794 - "POST /v1/completions HTTP/1.1" 200 OK
Worker: http://localhost:8001, Running: 33.0, Waiting: 0.0
Worker: http://localhost:8001, qlen: 33.0
Worker: http://localhost:8001, Tokens: 363699.0
Worker: http://localhost:8002, Running: 31.0, Waiting: 0.0
Worker: http://localhost:8002, qlen: 31.0
Worker: http://localhost:8002, Tokens: 369168.0
Selected worker: http://localhost:8002
INFO:     127.0.0.1:43804 - "POST /v1/completions HTTP/1.1" 200 OK
Worker: http://localhost:8001, Running: 33.0, Waiting: 0.0
Worker: http://localhost:8001, qlen: 33.0
Worker: http://localhost:8001, Tokens: 363428.0
Worker: http://localhost:8002, Running: 31.0, Waiting: 0.0
Worker: http://localhost:8002, qlen: 31.0
Worker: http://localhost:8002, Tokens: 365885.0
Selected worker: http://localhost:8002
Worker: http://localhost:8001, Running: 33.0, Waiting: 0.0
Worker: http://localhost:8001, qlen: 33.0
Worker: http://localhost:8001, Tokens: 363428.0
Worker: http://localhost:8002, Running: 31.0, Waiting: 0.0
Worker: http://localhost:8002, qlen: 31.0
Worker: http://localhost:8002, Tokens: 366182.0
Selected worker: http://localhost:8002
Worker: http://localhost:8001, Running: 33.0, Waiting: 0.0
Worker: http://localhost:8001, qlen: 33.0
Worker: http://localhost:8001, Tokens: 363428.0
Worker: http://localhost:8002, Running: 31.0, Waiting: 0.0
Worker: http://localhost:8002, qlen: 31.0
Worker: http://localhost:8002, Tokens: 366441.0
Selected worker: http://localhost:8002
INFO:     127.0.0.1:43812 - "POST /v1/completions HTTP/1.1" 200 OK
INFO:     127.0.0.1:43818 - "POST /v1/completions HTTP/1.1" 200 OK
INFO:     127.0.0.1:43826 - "POST /v1/completions HTTP/1.1" 200 OK
Worker: http://localhost:8001, Running: 31.0, Waiting: 0.0
Worker: http://localhost:8001, qlen: 31.0
Worker: http://localhost:8001, Tokens: 364593.0
Worker: http://localhost:8002, Running: 33.0, Waiting: 0.0
Worker: http://localhost:8002, qlen: 33.0
Worker: http://localhost:8002, Tokens: 371573.0
Selected worker: http://localhost:8001
Worker: http://localhost:8001, Running: 31.0, Waiting: 0.0
Worker: http://localhost:8001, qlen: 31.0
Worker: http://localhost:8001, Tokens: 364888.0
Worker: http://localhost:8002, Running: 33.0, Waiting: 0.0
Worker: http://localhost:8002, qlen: 33.0
Worker: http://localhost:8002, Tokens: 371573.0
Selected worker: http://localhost:8001
INFO:     127.0.0.1:43838 - "POST /v1/completions HTTP/1.1" 200 OK
INFO:     127.0.0.1:43844 - "POST /v1/completions HTTP/1.1" 200 OK
Worker: http://localhost:8001, Running: 31.0, Waiting: 0.0
Worker: http://localhost:8001, qlen: 31.0
Worker: http://localhost:8001, Tokens: 367300.0
Worker: http://localhost:8002, Running: 31.0, Waiting: 0.0
Worker: http://localhost:8002, qlen: 31.0
Worker: http://localhost:8002, Tokens: 371424.0
Selected worker: http://localhost:8001
INFO:     127.0.0.1:43854 - "POST /v1/completions HTTP/1.1" 200 OK
Worker: http://localhost:8001, Running: 31.0, Waiting: 0.0
Worker: http://localhost:8001, qlen: 31.0
Worker: http://localhost:8001, Tokens: 367572.0
Worker: http://localhost:8002, Running: 31.0, Waiting: 0.0
Worker: http://localhost:8002, qlen: 31.0
Worker: http://localhost:8002, Tokens: 371424.0
Selected worker: http://localhost:8001
INFO:     127.0.0.1:43858 - "POST /v1/completions HTTP/1.1" 200 OK
Worker: http://localhost:8001, Running: 31.0, Waiting: 0.0
Worker: http://localhost:8001, qlen: 31.0
Worker: http://localhost:8001, Tokens: 367836.0
Worker: http://localhost:8002, Running: 31.0, Waiting: 0.0
Worker: http://localhost:8002, qlen: 31.0
Worker: http://localhost:8002, Tokens: 371424.0
Selected worker: http://localhost:8002
INFO:     127.0.0.1:43868 - "POST /v1/completions HTTP/1.1" 200 OK
Worker: http://localhost:8001, Running: 31.0, Waiting: 0.0
Worker: http://localhost:8001, qlen: 31.0
Worker: http://localhost:8001, Tokens: 367836.0
Worker: http://localhost:8002, Running: 31.0, Waiting: 0.0
Worker: http://localhost:8002, qlen: 31.0
Worker: http://localhost:8002, Tokens: 371701.0
Selected worker: http://localhost:8002
INFO:     127.0.0.1:43880 - "POST /v1/completions HTTP/1.1" 200 OK
Worker: http://localhost:8001, Running: 31.0, Waiting: 0.0
Worker: http://localhost:8001, qlen: 31.0
Worker: http://localhost:8001, Tokens: 367836.0
Worker: http://localhost:8002, Running: 31.0, Waiting: 0.0
Worker: http://localhost:8002, qlen: 31.0
Worker: http://localhost:8002, Tokens: 372003.0
Selected worker: http://localhost:8001
INFO:     127.0.0.1:43894 - "POST /v1/completions HTTP/1.1" 200 OK
Worker: http://localhost:8001, Running: 31.0, Waiting: 0.0
Worker: http://localhost:8001, qlen: 31.0
Worker: http://localhost:8001, Tokens: 364997.0
Worker: http://localhost:8002, Running: 30.0, Waiting: 0.0
Worker: http://localhost:8002, qlen: 30.0
Worker: http://localhost:8002, Tokens: 372826.0
Selected worker: http://localhost:8002
INFO:     127.0.0.1:43904 - "POST /v1/completions HTTP/1.1" 200 OK
Worker: http://localhost:8001, Running: 34.0, Waiting: 0.0
Worker: http://localhost:8001, qlen: 34.0
Worker: http://localhost:8001, Tokens: 370338.0
Worker: http://localhost:8002, Running: 30.0, Waiting: 0.0
Worker: http://localhost:8002, qlen: 30.0
Worker: http://localhost:8002, Tokens: 373172.0
Selected worker: http://localhost:8002
INFO:     127.0.0.1:43912 - "POST /v1/completions HTTP/1.1" 200 OK
Worker: http://localhost:8001, Running: 34.0, Waiting: 0.0
Worker: http://localhost:8001, qlen: 34.0
Worker: http://localhost:8001, Tokens: 370780.0
Worker: http://localhost:8002, Running: 30.0, Waiting: 0.0
Worker: http://localhost:8002, qlen: 30.0
Worker: http://localhost:8002, Tokens: 374747.0
Selected worker: http://localhost:8002
INFO:     127.0.0.1:43914 - "POST /v1/completions HTTP/1.1" 200 OK
Worker: http://localhost:8001, Running: 34.0, Waiting: 0.0
Worker: http://localhost:8001, qlen: 34.0
Worker: http://localhost:8001, Tokens: 371698.0
Worker: http://localhost:8002, Running: 30.0, Waiting: 0.0
Worker: http://localhost:8002, qlen: 30.0
Worker: http://localhost:8002, Tokens: 378164.0
Selected worker: http://localhost:8002
INFO:     127.0.0.1:56638 - "POST /v1/completions HTTP/1.1" 200 OK
Worker: http://localhost:8001, Running: 34.0, Waiting: 0.0
Worker: http://localhost:8001, qlen: 34.0
Worker: http://localhost:8001, Tokens: 372004.0
Worker: http://localhost:8002, Running: 30.0, Waiting: 0.0
Worker: http://localhost:8002, qlen: 30.0
Worker: http://localhost:8002, Tokens: 377565.0
Selected worker: http://localhost:8002
INFO:     127.0.0.1:56648 - "POST /v1/completions HTTP/1.1" 200 OK
Worker: http://localhost:8001, Running: 34.0, Waiting: 0.0
Worker: http://localhost:8001, qlen: 34.0
Worker: http://localhost:8001, Tokens: 372004.0
Worker: http://localhost:8002, Running: 30.0, Waiting: 0.0
Worker: http://localhost:8002, qlen: 30.0
Worker: http://localhost:8002, Tokens: 377829.0
Selected worker: http://localhost:8002
INFO:     127.0.0.1:56658 - "POST /v1/completions HTTP/1.1" 200 OK
Worker: http://localhost:8001, Running: 34.0, Waiting: 0.0
Worker: http://localhost:8001, qlen: 34.0
Worker: http://localhost:8001, Tokens: 372004.0
Worker: http://localhost:8002, Running: 25.0, Waiting: 0.0
Worker: http://localhost:8002, qlen: 25.0
Worker: http://localhost:8002, Tokens: 379062.0
Selected worker: http://localhost:8002
INFO:     127.0.0.1:56660 - "POST /v1/completions HTTP/1.1" 200 OK
Worker: http://localhost:8001, Running: 34.0, Waiting: 0.0
Worker: http://localhost:8001, qlen: 34.0
Worker: http://localhost:8001, Tokens: 372004.0
Worker: http://localhost:8002, Running: 25.0, Waiting: 0.0
Worker: http://localhost:8002, qlen: 25.0
Worker: http://localhost:8002, Tokens: 379328.0
Selected worker: http://localhost:8002
INFO:     127.0.0.1:56666 - "POST /v1/completions HTTP/1.1" 200 OK
Worker: http://localhost:8001, Running: 34.0, Waiting: 0.0
Worker: http://localhost:8001, qlen: 34.0
Worker: http://localhost:8001, Tokens: 372004.0
Worker: http://localhost:8002, Running: 25.0, Waiting: 0.0
Worker: http://localhost:8002, qlen: 25.0
Worker: http://localhost:8002, Tokens: 379589.0
Selected worker: http://localhost:8002
INFO:     127.0.0.1:56680 - "POST /v1/completions HTTP/1.1" 200 OK
Worker: http://localhost:8001, Running: 34.0, Waiting: 0.0
Worker: http://localhost:8001, qlen: 34.0
Worker: http://localhost:8001, Tokens: 370879.0
Worker: http://localhost:8002, Running: 30.0, Waiting: 0.0
Worker: http://localhost:8002, qlen: 30.0
Worker: http://localhost:8002, Tokens: 379240.0
Selected worker: http://localhost:8002
INFO:     127.0.0.1:56682 - "POST /v1/completions HTTP/1.1" 200 OK
Worker: http://localhost:8001, Running: 34.0, Waiting: 0.0
Worker: http://localhost:8001, qlen: 34.0
Worker: http://localhost:8001, Tokens: 370879.0
Worker: http://localhost:8002, Running: 30.0, Waiting: 0.0
Worker: http://localhost:8002, qlen: 30.0
Worker: http://localhost:8002, Tokens: 379504.0
Selected worker: http://localhost:8002
INFO:     127.0.0.1:56694 - "POST /v1/completions HTTP/1.1" 200 OK
Worker: http://localhost:8001, Running: 33.0, Waiting: 0.0
Worker: http://localhost:8001, qlen: 33.0
Worker: http://localhost:8001, Tokens: 372752.0
Worker: http://localhost:8002, Running: 30.0, Waiting: 0.0
Worker: http://localhost:8002, qlen: 30.0
Worker: http://localhost:8002, Tokens: 379789.0
Selected worker: http://localhost:8002
INFO:     127.0.0.1:56700 - "POST /v1/completions HTTP/1.1" 200 OK
Worker: http://localhost:8001, Running: 33.0, Waiting: 0.0
Worker: http://localhost:8001, qlen: 33.0
Worker: http://localhost:8001, Tokens: 373148.0
Worker: http://localhost:8002, Running: 31.0, Waiting: 0.0
Worker: http://localhost:8002, qlen: 31.0
Worker: http://localhost:8002, Tokens: 380060.0
Selected worker: http://localhost:8002
INFO:     127.0.0.1:56716 - "POST /v1/completions HTTP/1.1" 200 OK
Worker: http://localhost:8001, Running: 33.0, Waiting: 0.0
Worker: http://localhost:8001, qlen: 33.0
Worker: http://localhost:8001, Tokens: 373216.0
Worker: http://localhost:8002, Running: 31.0, Waiting: 0.0
Worker: http://localhost:8002, qlen: 31.0
Worker: http://localhost:8002, Tokens: 380759.0
Selected worker: http://localhost:8002
INFO:     127.0.0.1:56720 - "POST /v1/completions HTTP/1.1" 200 OK
Worker: http://localhost:8001, Running: 33.0, Waiting: 0.0
Worker: http://localhost:8001, qlen: 33.0
Worker: http://localhost:8001, Tokens: 372403.0
Worker: http://localhost:8002, Running: 31.0, Waiting: 0.0
Worker: http://localhost:8002, qlen: 31.0
Worker: http://localhost:8002, Tokens: 380852.0
Selected worker: http://localhost:8002
Worker: http://localhost:8001, Running: 33.0, Waiting: 0.0
Worker: http://localhost:8001, qlen: 33.0
Worker: http://localhost:8001, Tokens: 372403.0
Worker: http://localhost:8002, Running: 31.0, Waiting: 0.0
Worker: http://localhost:8002, qlen: 31.0
Worker: http://localhost:8002, Tokens: 381120.0
Selected worker: http://localhost:8002
Worker: http://localhost:8001, Running: 33.0, Waiting: 0.0
Worker: http://localhost:8001, qlen: 33.0
Worker: http://localhost:8001, Tokens: 372403.0
Worker: http://localhost:8002, Running: 31.0, Waiting: 0.0
Worker: http://localhost:8002, qlen: 31.0
Worker: http://localhost:8002, Tokens: 383166.0
Selected worker: http://localhost:8002
INFO:     127.0.0.1:56726 - "POST /v1/completions HTTP/1.1" 200 OK
INFO:     127.0.0.1:56734 - "POST /v1/completions HTTP/1.1" 200 OK
INFO:     127.0.0.1:56736 - "POST /v1/completions HTTP/1.1" 200 OK
Worker: http://localhost:8001, Running: 29.0, Waiting: 0.0
Worker: http://localhost:8001, qlen: 29.0
Worker: http://localhost:8001, Tokens: 372310.0
Worker: http://localhost:8002, Running: 32.0, Waiting: 0.0
Worker: http://localhost:8002, qlen: 32.0
Worker: http://localhost:8002, Tokens: 381069.0
Selected worker: http://localhost:8001
INFO:     127.0.0.1:56750 - "POST /v1/completions HTTP/1.1" 200 OK
Worker: http://localhost:8001, Running: 29.0, Waiting: 0.0
Worker: http://localhost:8001, qlen: 29.0
Worker: http://localhost:8001, Tokens: 374781.0
Worker: http://localhost:8002, Running: 35.0, Waiting: 0.0
Worker: http://localhost:8002, qlen: 35.0
Worker: http://localhost:8002, Tokens: 387464.0
Selected worker: http://localhost:8001
INFO:     127.0.0.1:56766 - "POST /v1/completions HTTP/1.1" 200 OK
Worker: http://localhost:8001, Running: 30.0, Waiting: 0.0
Worker: http://localhost:8001, qlen: 30.0
Worker: http://localhost:8001, Tokens: 375305.0
Worker: http://localhost:8002, Running: 34.0, Waiting: 0.0
Worker: http://localhost:8002, qlen: 34.0
Worker: http://localhost:8002, Tokens: 387013.0
Selected worker: http://localhost:8001
INFO:     127.0.0.1:56782 - "POST /v1/completions HTTP/1.1" 200 OK
Worker: http://localhost:8001, Running: 30.0, Waiting: 0.0
Worker: http://localhost:8001, qlen: 30.0
Worker: http://localhost:8001, Tokens: 375568.0
Worker: http://localhost:8002, Running: 29.0, Waiting: 0.0
Worker: http://localhost:8002, qlen: 29.0
Worker: http://localhost:8002, Tokens: 388503.0
Selected worker: http://localhost:8002
Worker: http://localhost:8001, Running: 30.0, Waiting: 0.0
Worker: http://localhost:8001, qlen: 30.0
Worker: http://localhost:8001, Tokens: 375568.0
Worker: http://localhost:8002, Running: 29.0, Waiting: 0.0
Worker: http://localhost:8002, qlen: 29.0
Worker: http://localhost:8002, Tokens: 388803.0
Selected worker: http://localhost:8002
Worker: http://localhost:8001, Running: 30.0, Waiting: 0.0
Worker: http://localhost:8001, qlen: 30.0
Worker: http://localhost:8001, Tokens: 375568.0
Worker: http://localhost:8002, Running: 29.0, Waiting: 0.0
Worker: http://localhost:8002, qlen: 29.0
Worker: http://localhost:8002, Tokens: 390599.0
Selected worker: http://localhost:8002
Worker: http://localhost:8001, Running: 30.0, Waiting: 0.0
Worker: http://localhost:8001, qlen: 30.0
Worker: http://localhost:8001, Tokens: 375568.0
Worker: http://localhost:8002, Running: 29.0, Waiting: 0.0
Worker: http://localhost:8002, qlen: 29.0
Worker: http://localhost:8002, Tokens: 391989.0
Selected worker: http://localhost:8002
INFO:     127.0.0.1:56798 - "POST /v1/completions HTTP/1.1" 200 OK
INFO:     127.0.0.1:56808 - "POST /v1/completions HTTP/1.1" 200 OK
INFO:     127.0.0.1:56814 - "POST /v1/completions HTTP/1.1" 200 OK
INFO:     127.0.0.1:56820 - "POST /v1/completions HTTP/1.1" 200 OK
Worker: http://localhost:8001, Running: 31.0, Waiting: 0.0
Worker: http://localhost:8001, qlen: 31.0
Worker: http://localhost:8001, Tokens: 374474.0
Worker: http://localhost:8002, Running: 30.0, Waiting: 0.0
Worker: http://localhost:8002, qlen: 30.0
Worker: http://localhost:8002, Tokens: 392959.0
Selected worker: http://localhost:8002
INFO:     127.0.0.1:56836 - "POST /v1/completions HTTP/1.1" 200 OK
Worker: http://localhost:8001, Running: 31.0, Waiting: 0.0
Worker: http://localhost:8001, qlen: 31.0
Worker: http://localhost:8001, Tokens: 374474.0
Worker: http://localhost:8002, Running: 30.0, Waiting: 0.0
Worker: http://localhost:8002, qlen: 30.0
Worker: http://localhost:8002, Tokens: 393231.0
Selected worker: http://localhost:8002
INFO:     127.0.0.1:56840 - "POST /v1/completions HTTP/1.1" 200 OK
Worker: http://localhost:8001, Running: 31.0, Waiting: 0.0
Worker: http://localhost:8001, qlen: 31.0
Worker: http://localhost:8001, Tokens: 374474.0
Worker: http://localhost:8002, Running: 30.0, Waiting: 0.0
Worker: http://localhost:8002, qlen: 30.0
Worker: http://localhost:8002, Tokens: 394800.0
Selected worker: http://localhost:8002
INFO:     127.0.0.1:56852 - "POST /v1/completions HTTP/1.1" 200 OK
Worker: http://localhost:8001, Running: 31.0, Waiting: 0.0
Worker: http://localhost:8001, qlen: 31.0
Worker: http://localhost:8001, Tokens: 374474.0
Worker: http://localhost:8002, Running: 30.0, Waiting: 0.0
Worker: http://localhost:8002, qlen: 30.0
Worker: http://localhost:8002, Tokens: 395084.0
Selected worker: http://localhost:8002
INFO:     127.0.0.1:56854 - "POST /v1/completions HTTP/1.1" 200 OK
Worker: http://localhost:8001, Running: 30.0, Waiting: 0.0
Worker: http://localhost:8001, qlen: 30.0
Worker: http://localhost:8001, Tokens: 376464.0
Worker: http://localhost:8002, Running: 30.0, Waiting: 0.0
Worker: http://localhost:8002, qlen: 30.0
Worker: http://localhost:8002, Tokens: 395069.0
Selected worker: http://localhost:8001
INFO:     127.0.0.1:56868 - "POST /v1/completions HTTP/1.1" 200 OK
Worker: http://localhost:8001, Running: 31.0, Waiting: 0.0
Worker: http://localhost:8001, qlen: 31.0
Worker: http://localhost:8001, Tokens: 376972.0
Worker: http://localhost:8002, Running: 33.0, Waiting: 0.0
Worker: http://localhost:8002, qlen: 33.0
Worker: http://localhost:8002, Tokens: 394924.0
Selected worker: http://localhost:8001
Worker: http://localhost:8001, Running: 31.0, Waiting: 0.0
Worker: http://localhost:8001, qlen: 31.0
Worker: http://localhost:8001, Tokens: 377233.0
Worker: http://localhost:8002, Running: 33.0, Waiting: 0.0
Worker: http://localhost:8002, qlen: 33.0
Worker: http://localhost:8002, Tokens: 394924.0
Selected worker: http://localhost:8001
INFO:     127.0.0.1:56884 - "POST /v1/completions HTTP/1.1" 200 OK
INFO:     127.0.0.1:56886 - "POST /v1/completions HTTP/1.1" 200 OK
Worker: http://localhost:8001, Running: 31.0, Waiting: 0.0
Worker: http://localhost:8001, qlen: 31.0
Worker: http://localhost:8001, Tokens: 376798.0
Worker: http://localhost:8002, Running: 33.0, Waiting: 0.0
Worker: http://localhost:8002, qlen: 33.0
Worker: http://localhost:8002, Tokens: 394924.0
Selected worker: http://localhost:8001
INFO:     127.0.0.1:56896 - "POST /v1/completions HTTP/1.1" 200 OK
Worker: http://localhost:8001, Running: 33.0, Waiting: 0.0
Worker: http://localhost:8001, qlen: 33.0
Worker: http://localhost:8001, Tokens: 374786.0
Worker: http://localhost:8002, Running: 31.0, Waiting: 0.0
Worker: http://localhost:8002, qlen: 31.0
Worker: http://localhost:8002, Tokens: 396458.0
Selected worker: http://localhost:8002
Worker: http://localhost:8001, Running: 33.0, Waiting: 0.0
Worker: http://localhost:8001, qlen: 33.0
Worker: http://localhost:8001, Tokens: 374786.0
Worker: http://localhost:8002, Running: 31.0, Waiting: 0.0
Worker: http://localhost:8002, qlen: 31.0
Worker: http://localhost:8002, Tokens: 398357.0
Selected worker: http://localhost:8002
INFO:     127.0.0.1:56906 - "POST /v1/completions HTTP/1.1" 200 OK
INFO:     127.0.0.1:56918 - "POST /v1/completions HTTP/1.1" 200 OK
Worker: http://localhost:8001, Running: 31.0, Waiting: 0.0
Worker: http://localhost:8001, qlen: 31.0
Worker: http://localhost:8001, Tokens: 377674.0
Worker: http://localhost:8002, Running: 31.0, Waiting: 0.0
Worker: http://localhost:8002, qlen: 31.0
Worker: http://localhost:8002, Tokens: 396675.0
Selected worker: http://localhost:8001
INFO:     127.0.0.1:56922 - "POST /v1/completions HTTP/1.1" 200 OK
Worker: http://localhost:8001, Running: 31.0, Waiting: 0.0
Worker: http://localhost:8001, qlen: 31.0
Worker: http://localhost:8001, Tokens: 381490.0
Worker: http://localhost:8002, Running: 33.0, Waiting: 0.0
Worker: http://localhost:8002, qlen: 33.0
Worker: http://localhost:8002, Tokens: 398839.0
Selected worker: http://localhost:8001
Worker: http://localhost:8001, Running: 31.0, Waiting: 0.0
Worker: http://localhost:8001, qlen: 31.0
Worker: http://localhost:8001, Tokens: 385738.0
Worker: http://localhost:8002, Running: 33.0, Waiting: 0.0
Worker: http://localhost:8002, qlen: 33.0
Worker: http://localhost:8002, Tokens: 398839.0
Selected worker: http://localhost:8001
INFO:     127.0.0.1:56938 - "POST /v1/completions HTTP/1.1" 200 OK
INFO:     127.0.0.1:56946 - "POST /v1/completions HTTP/1.1" 200 OK
Worker: http://localhost:8001, Running: 31.0, Waiting: 0.0
Worker: http://localhost:8001, qlen: 31.0
Worker: http://localhost:8001, Tokens: 381320.0
Worker: http://localhost:8002, Running: 33.0, Waiting: 0.0
Worker: http://localhost:8002, qlen: 33.0
Worker: http://localhost:8002, Tokens: 398839.0
Selected worker: http://localhost:8001
INFO:     127.0.0.1:56948 - "POST /v1/completions HTTP/1.1" 200 OK
Worker: http://localhost:8001, Running: 31.0, Waiting: 1.0
Worker: http://localhost:8001, qlen: 31.0
Worker: http://localhost:8001, Tokens: 381827.0
Worker: http://localhost:8002, Running: 31.0, Waiting: 0.0
Worker: http://localhost:8002, qlen: 31.0
Worker: http://localhost:8002, Tokens: 399250.0
Selected worker: http://localhost:8001
Worker: http://localhost:8001, Running: 31.0, Waiting: 1.0
Worker: http://localhost:8001, qlen: 31.0
Worker: http://localhost:8001, Tokens: 382096.0
Worker: http://localhost:8002, Running: 31.0, Waiting: 0.0
Worker: http://localhost:8002, qlen: 31.0
Worker: http://localhost:8002, Tokens: 399250.0
Selected worker: http://localhost:8001
Worker: http://localhost:8001, Running: 31.0, Waiting: 1.0
Worker: http://localhost:8001, qlen: 31.0
Worker: http://localhost:8001, Tokens: 382367.0
Worker: http://localhost:8002, Running: 31.0, Waiting: 0.0
Worker: http://localhost:8002, qlen: 31.0
Worker: http://localhost:8002, Tokens: 399250.0
Selected worker: http://localhost:8002
INFO:     127.0.0.1:56962 - "POST /v1/completions HTTP/1.1" 200 OK
INFO:     127.0.0.1:56970 - "POST /v1/completions HTTP/1.1" 200 OK
INFO:     127.0.0.1:56974 - "POST /v1/completions HTTP/1.1" 200 OK
Worker: http://localhost:8001, Running: 35.0, Waiting: 0.0
Worker: http://localhost:8001, qlen: 35.0
Worker: http://localhost:8001, Tokens: 389259.0
Worker: http://localhost:8002, Running: 29.0, Waiting: 0.0
Worker: http://localhost:8002, qlen: 29.0
Worker: http://localhost:8002, Tokens: 401200.0
Selected worker: http://localhost:8002
INFO:     127.0.0.1:56984 - "POST /v1/completions HTTP/1.1" 200 OK
Worker: http://localhost:8001, Running: 34.0, Waiting: 0.0
Worker: http://localhost:8001, qlen: 34.0
Worker: http://localhost:8001, Tokens: 390178.0
Worker: http://localhost:8002, Running: 30.0, Waiting: 0.0
Worker: http://localhost:8002, qlen: 30.0
Worker: http://localhost:8002, Tokens: 403258.0
Selected worker: http://localhost:8002
INFO:     127.0.0.1:55024 - "POST /v1/completions HTTP/1.1" 200 OK
Worker: http://localhost:8001, Running: 34.0, Waiting: 0.0
Worker: http://localhost:8001, qlen: 34.0
Worker: http://localhost:8001, Tokens: 389485.0
Worker: http://localhost:8002, Running: 30.0, Waiting: 0.0
Worker: http://localhost:8002, qlen: 30.0
Worker: http://localhost:8002, Tokens: 403561.0
Selected worker: http://localhost:8002
INFO:     127.0.0.1:55032 - "POST /v1/completions HTTP/1.1" 200 OK
Worker: http://localhost:8001, Running: 34.0, Waiting: 0.0
Worker: http://localhost:8001, qlen: 34.0
Worker: http://localhost:8001, Tokens: 389485.0
Worker: http://localhost:8002, Running: 30.0, Waiting: 0.0
Worker: http://localhost:8002, qlen: 30.0
Worker: http://localhost:8002, Tokens: 403818.0
Selected worker: http://localhost:8002
INFO:     127.0.0.1:55038 - "POST /v1/completions HTTP/1.1" 200 OK
Worker: http://localhost:8001, Running: 34.0, Waiting: 0.0
Worker: http://localhost:8001, qlen: 34.0
Worker: http://localhost:8001, Tokens: 389485.0
Worker: http://localhost:8002, Running: 30.0, Waiting: 0.0
Worker: http://localhost:8002, qlen: 30.0
Worker: http://localhost:8002, Tokens: 406913.0
Selected worker: http://localhost:8002
INFO:     127.0.0.1:55050 - "POST /v1/completions HTTP/1.1" 200 OK
Worker: http://localhost:8001, Running: 31.0, Waiting: 0.0
Worker: http://localhost:8001, qlen: 31.0
Worker: http://localhost:8001, Tokens: 391866.0
Worker: http://localhost:8002, Running: 33.0, Waiting: 0.0
Worker: http://localhost:8002, qlen: 33.0
Worker: http://localhost:8002, Tokens: 407799.0
Selected worker: http://localhost:8001
INFO:     127.0.0.1:55060 - "POST /v1/completions HTTP/1.1" 200 OK
Worker: http://localhost:8001, Running: 31.0, Waiting: 0.0
Worker: http://localhost:8001, qlen: 31.0
Worker: http://localhost:8001, Tokens: 391687.0
Worker: http://localhost:8002, Running: 33.0, Waiting: 0.0
Worker: http://localhost:8002, qlen: 33.0
Worker: http://localhost:8002, Tokens: 407799.0
Selected worker: http://localhost:8001
INFO:     127.0.0.1:55064 - "POST /v1/completions HTTP/1.1" 200 OK
Worker: http://localhost:8001, Running: 31.0, Waiting: 0.0
Worker: http://localhost:8001, qlen: 31.0
Worker: http://localhost:8001, Tokens: 391418.0
Worker: http://localhost:8002, Running: 32.0, Waiting: 0.0
Worker: http://localhost:8002, qlen: 32.0
Worker: http://localhost:8002, Tokens: 408191.0
Selected worker: http://localhost:8001
INFO:     127.0.0.1:55076 - "POST /v1/completions HTTP/1.1" 200 OK
Worker: http://localhost:8001, Running: 31.0, Waiting: 0.0
Worker: http://localhost:8001, qlen: 31.0
Worker: http://localhost:8001, Tokens: 393419.0
Worker: http://localhost:8002, Running: 32.0, Waiting: 0.0
Worker: http://localhost:8002, qlen: 32.0
Worker: http://localhost:8002, Tokens: 408191.0
Selected worker: http://localhost:8001
INFO:     127.0.0.1:55078 - "POST /v1/completions HTTP/1.1" 200 OK
Worker: http://localhost:8001, Running: 32.0, Waiting: 0.0
Worker: http://localhost:8001, qlen: 32.0
Worker: http://localhost:8001, Tokens: 391560.0
Worker: http://localhost:8002, Running: 32.0, Waiting: 0.0
Worker: http://localhost:8002, qlen: 32.0
Worker: http://localhost:8002, Tokens: 408991.0
Selected worker: http://localhost:8002
INFO:     127.0.0.1:55086 - "POST /v1/completions HTTP/1.1" 200 OK
Worker: http://localhost:8001, Running: 31.0, Waiting: 0.0
Worker: http://localhost:8001, qlen: 31.0
Worker: http://localhost:8001, Tokens: 393192.0
Worker: http://localhost:8002, Running: 33.0, Waiting: 0.0
Worker: http://localhost:8002, qlen: 33.0
Worker: http://localhost:8002, Tokens: 411734.0
Selected worker: http://localhost:8001
INFO:     127.0.0.1:55090 - "POST /v1/completions HTTP/1.1" 200 OK
Worker: http://localhost:8001, Running: 31.0, Waiting: 0.0
Worker: http://localhost:8001, qlen: 31.0
Worker: http://localhost:8001, Tokens: 395537.0
Worker: http://localhost:8002, Running: 33.0, Waiting: 0.0
Worker: http://localhost:8002, qlen: 33.0
Worker: http://localhost:8002, Tokens: 411669.0
Selected worker: http://localhost:8001
INFO:     127.0.0.1:55098 - "POST /v1/completions HTTP/1.1" 200 OK
Worker: http://localhost:8001, Running: 31.0, Waiting: 0.0
Worker: http://localhost:8001, qlen: 31.0
Worker: http://localhost:8001, Tokens: 395798.0
Worker: http://localhost:8002, Running: 31.0, Waiting: 0.0
Worker: http://localhost:8002, qlen: 31.0
Worker: http://localhost:8002, Tokens: 412360.0
Selected worker: http://localhost:8001
INFO:     127.0.0.1:55106 - "POST /v1/completions HTTP/1.1" 200 OK
Worker: http://localhost:8001, Running: 31.0, Waiting: 0.0
Worker: http://localhost:8001, qlen: 31.0
Worker: http://localhost:8001, Tokens: 396078.0
Worker: http://localhost:8002, Running: 31.0, Waiting: 0.0
Worker: http://localhost:8002, qlen: 31.0
Worker: http://localhost:8002, Tokens: 412091.0
Selected worker: http://localhost:8001
INFO:     127.0.0.1:55112 - "POST /v1/completions HTTP/1.1" 200 OK
Worker: http://localhost:8001, Running: 33.0, Waiting: 0.0
Worker: http://localhost:8001, qlen: 33.0
Worker: http://localhost:8001, Tokens: 389673.0
Worker: http://localhost:8002, Running: 30.0, Waiting: 0.0
Worker: http://localhost:8002, qlen: 30.0
Worker: http://localhost:8002, Tokens: 412662.0
Selected worker: http://localhost:8002
INFO:     127.0.0.1:55120 - "POST /v1/completions HTTP/1.1" 200 OK
Worker: http://localhost:8001, Running: 33.0, Waiting: 0.0
Worker: http://localhost:8001, qlen: 33.0
Worker: http://localhost:8001, Tokens: 397038.0
Worker: http://localhost:8002, Running: 31.0, Waiting: 0.0
Worker: http://localhost:8002, qlen: 31.0
Worker: http://localhost:8002, Tokens: 413431.0
Selected worker: http://localhost:8002
INFO:     127.0.0.1:55126 - "POST /v1/completions HTTP/1.1" 200 OK
Worker: http://localhost:8001, Running: 33.0, Waiting: 0.0
Worker: http://localhost:8001, qlen: 33.0
Worker: http://localhost:8001, Tokens: 397040.0
Worker: http://localhost:8002, Running: 31.0, Waiting: 0.0
Worker: http://localhost:8002, qlen: 31.0
Worker: http://localhost:8002, Tokens: 415680.0
Selected worker: http://localhost:8002
INFO:     127.0.0.1:55138 - "POST /v1/completions HTTP/1.1" 200 OK
Worker: http://localhost:8001, Running: 32.0, Waiting: 0.0
Worker: http://localhost:8001, qlen: 32.0
Worker: http://localhost:8001, Tokens: 397130.0
Worker: http://localhost:8002, Running: 31.0, Waiting: 0.0
Worker: http://localhost:8002, qlen: 31.0
Worker: http://localhost:8002, Tokens: 415835.0
Selected worker: http://localhost:8002
INFO:     127.0.0.1:55150 - "POST /v1/completions HTTP/1.1" 200 OK
Worker: http://localhost:8001, Running: 31.0, Waiting: 0.0
Worker: http://localhost:8001, qlen: 31.0
Worker: http://localhost:8001, Tokens: 397287.0
Worker: http://localhost:8002, Running: 31.0, Waiting: 0.0
Worker: http://localhost:8002, qlen: 31.0
Worker: http://localhost:8002, Tokens: 416105.0
Selected worker: http://localhost:8002
INFO:     127.0.0.1:55166 - "POST /v1/completions HTTP/1.1" 200 OK
Worker: http://localhost:8001, Running: 30.0, Waiting: 0.0
Worker: http://localhost:8001, qlen: 30.0
Worker: http://localhost:8001, Tokens: 398127.0
Worker: http://localhost:8002, Running: 34.0, Waiting: 0.0
Worker: http://localhost:8002, qlen: 34.0
Worker: http://localhost:8002, Tokens: 416996.0
Selected worker: http://localhost:8001
INFO:     127.0.0.1:55170 - "POST /v1/completions HTTP/1.1" 200 OK
Worker: http://localhost:8001, Running: 30.0, Waiting: 0.0
Worker: http://localhost:8001, qlen: 30.0
Worker: http://localhost:8001, Tokens: 398385.0
Worker: http://localhost:8002, Running: 34.0, Waiting: 0.0
Worker: http://localhost:8002, qlen: 34.0
Worker: http://localhost:8002, Tokens: 417574.0
Selected worker: http://localhost:8001
Worker: http://localhost:8001, Running: 30.0, Waiting: 0.0
Worker: http://localhost:8001, qlen: 30.0
Worker: http://localhost:8001, Tokens: 398650.0
Worker: http://localhost:8002, Running: 34.0, Waiting: 0.0
Worker: http://localhost:8002, qlen: 34.0
Worker: http://localhost:8002, Tokens: 417574.0
Selected worker: http://localhost:8001
INFO:     127.0.0.1:55178 - "POST /v1/completions HTTP/1.1" 200 OK
INFO:     127.0.0.1:55188 - "POST /v1/completions HTTP/1.1" 200 OK
Worker: http://localhost:8001, Running: 28.0, Waiting: 0.0
Worker: http://localhost:8001, qlen: 28.0
Worker: http://localhost:8001, Tokens: 398737.0
Worker: http://localhost:8002, Running: 34.0, Waiting: 0.0
Worker: http://localhost:8002, qlen: 34.0
Worker: http://localhost:8002, Tokens: 417574.0
Selected worker: http://localhost:8001
INFO:     127.0.0.1:55204 - "POST /v1/completions HTTP/1.1" 200 OK
Worker: http://localhost:8001, Running: 30.0, Waiting: 0.0
Worker: http://localhost:8001, qlen: 30.0
Worker: http://localhost:8001, Tokens: 400302.0
Worker: http://localhost:8002, Running: 34.0, Waiting: 0.0
Worker: http://localhost:8002, qlen: 34.0
Worker: http://localhost:8002, Tokens: 418725.0
Selected worker: http://localhost:8001
INFO:     127.0.0.1:55210 - "POST /v1/completions HTTP/1.1" 200 OK
Worker: http://localhost:8001, Running: 31.0, Waiting: 0.0
Worker: http://localhost:8001, qlen: 31.0
Worker: http://localhost:8001, Tokens: 400557.0
Worker: http://localhost:8002, Running: 33.0, Waiting: 0.0
Worker: http://localhost:8002, qlen: 33.0
Worker: http://localhost:8002, Tokens: 419107.0
Selected worker: http://localhost:8001
INFO:     127.0.0.1:55214 - "POST /v1/completions HTTP/1.1" 200 OK
Worker: http://localhost:8001, Running: 31.0, Waiting: 0.0
Worker: http://localhost:8001, qlen: 31.0
Worker: http://localhost:8001, Tokens: 400650.0
Worker: http://localhost:8002, Running: 32.0, Waiting: 0.0
Worker: http://localhost:8002, qlen: 32.0
Worker: http://localhost:8002, Tokens: 419227.0
Selected worker: http://localhost:8001
INFO:     127.0.0.1:55218 - "POST /v1/completions HTTP/1.1" 200 OK
Worker: http://localhost:8001, Running: 31.0, Waiting: 0.0
Worker: http://localhost:8001, qlen: 31.0
Worker: http://localhost:8001, Tokens: 400774.0
Worker: http://localhost:8002, Running: 32.0, Waiting: 0.0
Worker: http://localhost:8002, qlen: 32.0
Worker: http://localhost:8002, Tokens: 418957.0
Selected worker: http://localhost:8001
INFO:     127.0.0.1:55232 - "POST /v1/completions HTTP/1.1" 200 OK
Worker: http://localhost:8001, Running: 34.0, Waiting: 0.0
Worker: http://localhost:8001, qlen: 34.0
Worker: http://localhost:8001, Tokens: 399704.0
Worker: http://localhost:8002, Running: 30.0, Waiting: 0.0
Worker: http://localhost:8002, qlen: 30.0
Worker: http://localhost:8002, Tokens: 420403.0
Selected worker: http://localhost:8002
Worker: http://localhost:8001, Running: 34.0, Waiting: 0.0
Worker: http://localhost:8001, qlen: 34.0
Worker: http://localhost:8001, Tokens: 399704.0
Worker: http://localhost:8002, Running: 30.0, Waiting: 0.0
Worker: http://localhost:8002, qlen: 30.0
Worker: http://localhost:8002, Tokens: 420681.0
Selected worker: http://localhost:8002
INFO:     127.0.0.1:57690 - "POST /v1/completions HTTP/1.1" 200 OK
INFO:     127.0.0.1:57698 - "POST /v1/completions HTTP/1.1" 200 OK
Worker: http://localhost:8001, Running: 32.0, Waiting: 0.0
Worker: http://localhost:8001, qlen: 32.0
Worker: http://localhost:8001, Tokens: 401635.0
Worker: http://localhost:8002, Running: 32.0, Waiting: 0.0
Worker: http://localhost:8002, qlen: 32.0
Worker: http://localhost:8002, Tokens: 423937.0
Selected worker: http://localhost:8001
Worker: http://localhost:8001, Running: 32.0, Waiting: 0.0
Worker: http://localhost:8001, qlen: 32.0
Worker: http://localhost:8001, Tokens: 401900.0
Worker: http://localhost:8002, Running: 32.0, Waiting: 0.0
Worker: http://localhost:8002, qlen: 32.0
Worker: http://localhost:8002, Tokens: 423937.0
Selected worker: http://localhost:8001
Worker: http://localhost:8001, Running: 32.0, Waiting: 0.0
Worker: http://localhost:8001, qlen: 32.0
Worker: http://localhost:8001, Tokens: 402168.0
Worker: http://localhost:8002, Running: 32.0, Waiting: 0.0
Worker: http://localhost:8002, qlen: 32.0
Worker: http://localhost:8002, Tokens: 423937.0
Selected worker: http://localhost:8002
INFO:     127.0.0.1:57700 - "POST /v1/completions HTTP/1.1" 200 OK
INFO:     127.0.0.1:57702 - "POST /v1/completions HTTP/1.1" 200 OK
INFO:     127.0.0.1:57710 - "POST /v1/completions HTTP/1.1" 200 OK
Worker: http://localhost:8001, Running: 31.0, Waiting: 0.0
Worker: http://localhost:8001, qlen: 31.0
Worker: http://localhost:8001, Tokens: 403458.0
Worker: http://localhost:8002, Running: 33.0, Waiting: 0.0
Worker: http://localhost:8002, qlen: 33.0
Worker: http://localhost:8002, Tokens: 425288.0
Selected worker: http://localhost:8001
INFO:     127.0.0.1:57714 - "POST /v1/completions HTTP/1.1" 200 OK
Worker: http://localhost:8001, Running: 30.0, Waiting: 0.0
Worker: http://localhost:8001, qlen: 30.0
Worker: http://localhost:8001, Tokens: 403656.0
Worker: http://localhost:8002, Running: 33.0, Waiting: 0.0
Worker: http://localhost:8002, qlen: 33.0
Worker: http://localhost:8002, Tokens: 425717.0
Selected worker: http://localhost:8001
INFO:     127.0.0.1:57726 - "POST /v1/completions HTTP/1.1" 200 OK
Worker: http://localhost:8001, Running: 30.0, Waiting: 0.0
Worker: http://localhost:8001, qlen: 30.0
Worker: http://localhost:8001, Tokens: 405464.0
Worker: http://localhost:8002, Running: 33.0, Waiting: 0.0
Worker: http://localhost:8002, qlen: 33.0
Worker: http://localhost:8002, Tokens: 425882.0
Selected worker: http://localhost:8001
INFO:     127.0.0.1:57734 - "POST /v1/completions HTTP/1.1" 200 OK
Worker: http://localhost:8001, Running: 30.0, Waiting: 0.0
Worker: http://localhost:8001, qlen: 30.0
Worker: http://localhost:8001, Tokens: 405642.0
Worker: http://localhost:8002, Running: 33.0, Waiting: 0.0
Worker: http://localhost:8002, qlen: 33.0
Worker: http://localhost:8002, Tokens: 425882.0
Selected worker: http://localhost:8001
INFO:     127.0.0.1:57742 - "POST /v1/completions HTTP/1.1" 200 OK
Worker: http://localhost:8001, Running: 31.0, Waiting: 0.0
Worker: http://localhost:8001, qlen: 31.0
Worker: http://localhost:8001, Tokens: 403334.0
Worker: http://localhost:8002, Running: 33.0, Waiting: 0.0
Worker: http://localhost:8002, qlen: 33.0
Worker: http://localhost:8002, Tokens: 426476.0
Selected worker: http://localhost:8001
INFO:     127.0.0.1:57754 - "POST /v1/completions HTTP/1.1" 200 OK
Worker: http://localhost:8001, Running: 31.0, Waiting: 0.0
Worker: http://localhost:8001, qlen: 31.0
Worker: http://localhost:8001, Tokens: 400154.0
Worker: http://localhost:8002, Running: 33.0, Waiting: 0.0
Worker: http://localhost:8002, qlen: 33.0
Worker: http://localhost:8002, Tokens: 426575.0
Selected worker: http://localhost:8001
INFO:     127.0.0.1:57762 - "POST /v1/completions HTTP/1.1" 200 OK
Worker: http://localhost:8001, Running: 31.0, Waiting: 0.0
Worker: http://localhost:8001, qlen: 31.0
Worker: http://localhost:8001, Tokens: 406933.0
Worker: http://localhost:8002, Running: 33.0, Waiting: 0.0
Worker: http://localhost:8002, qlen: 33.0
Worker: http://localhost:8002, Tokens: 426693.0
Selected worker: http://localhost:8001
INFO:     127.0.0.1:57768 - "POST /v1/completions HTTP/1.1" 200 OK
Worker: http://localhost:8001, Running: 32.0, Waiting: 0.0
Worker: http://localhost:8001, qlen: 32.0
Worker: http://localhost:8001, Tokens: 408948.0
Worker: http://localhost:8002, Running: 32.0, Waiting: 0.0
Worker: http://localhost:8002, qlen: 32.0
Worker: http://localhost:8002, Tokens: 427258.0
Selected worker: http://localhost:8001
INFO:     127.0.0.1:57774 - "POST /v1/completions HTTP/1.1" 200 OK
Worker: http://localhost:8001, Running: 32.0, Waiting: 0.0
Worker: http://localhost:8001, qlen: 32.0
Worker: http://localhost:8001, Tokens: 408511.0
Worker: http://localhost:8002, Running: 31.0, Waiting: 0.0
Worker: http://localhost:8002, qlen: 31.0
Worker: http://localhost:8002, Tokens: 427675.0
Selected worker: http://localhost:8002
Worker: http://localhost:8001, Running: 32.0, Waiting: 0.0
Worker: http://localhost:8001, qlen: 32.0
Worker: http://localhost:8001, Tokens: 408511.0
Worker: http://localhost:8002, Running: 31.0, Waiting: 0.0
Worker: http://localhost:8002, qlen: 31.0
Worker: http://localhost:8002, Tokens: 427961.0
Selected worker: http://localhost:8002
INFO:     127.0.0.1:57776 - "POST /v1/completions HTTP/1.1" 200 OK
INFO:     127.0.0.1:57786 - "POST /v1/completions HTTP/1.1" 200 OK
Worker: http://localhost:8001, Running: 31.0, Waiting: 0.0
Worker: http://localhost:8001, qlen: 31.0
Worker: http://localhost:8001, Tokens: 413651.0
Worker: http://localhost:8002, Running: 33.0, Waiting: 0.0
Worker: http://localhost:8002, qlen: 33.0
Worker: http://localhost:8002, Tokens: 431076.0
Selected worker: http://localhost:8001
INFO:     127.0.0.1:57788 - "POST /v1/completions HTTP/1.1" 200 OK
Worker: http://localhost:8001, Running: 30.0, Waiting: 0.0
Worker: http://localhost:8001, qlen: 30.0
Worker: http://localhost:8001, Tokens: 413734.0
Worker: http://localhost:8002, Running: 33.0, Waiting: 0.0
Worker: http://localhost:8002, qlen: 33.0
Worker: http://localhost:8002, Tokens: 431076.0
Selected worker: http://localhost:8001
INFO:     127.0.0.1:57798 - "POST /v1/completions HTTP/1.1" 200 OK
Worker: http://localhost:8001, Running: 30.0, Waiting: 0.0
Worker: http://localhost:8001, qlen: 30.0
Worker: http://localhost:8001, Tokens: 413724.0
Worker: http://localhost:8002, Running: 33.0, Waiting: 0.0
Worker: http://localhost:8002, qlen: 33.0
Worker: http://localhost:8002, Tokens: 431241.0
Selected worker: http://localhost:8001
INFO:     127.0.0.1:57806 - "POST /v1/completions HTTP/1.1" 200 OK
Worker: http://localhost:8001, Running: 31.0, Waiting: 0.0
Worker: http://localhost:8001, qlen: 31.0
Worker: http://localhost:8001, Tokens: 414383.0
Worker: http://localhost:8002, Running: 33.0, Waiting: 0.0
Worker: http://localhost:8002, qlen: 33.0
Worker: http://localhost:8002, Tokens: 431802.0
Selected worker: http://localhost:8001
INFO:     127.0.0.1:57814 - "POST /v1/completions HTTP/1.1" 200 OK
Worker: http://localhost:8001, Running: 30.0, Waiting: 0.0
Worker: http://localhost:8001, qlen: 30.0
Worker: http://localhost:8001, Tokens: 414471.0
Worker: http://localhost:8002, Running: 33.0, Waiting: 0.0
Worker: http://localhost:8002, qlen: 33.0
Worker: http://localhost:8002, Tokens: 431802.0
Selected worker: http://localhost:8001
INFO:     127.0.0.1:57820 - "POST /v1/completions HTTP/1.1" 200 OK
Worker: http://localhost:8001, Running: 31.0, Waiting: 0.0
Worker: http://localhost:8001, qlen: 31.0
Worker: http://localhost:8001, Tokens: 417746.0
Worker: http://localhost:8002, Running: 32.0, Waiting: 0.0
Worker: http://localhost:8002, qlen: 32.0
Worker: http://localhost:8002, Tokens: 432957.0
Selected worker: http://localhost:8001
INFO:     127.0.0.1:57834 - "POST /v1/completions HTTP/1.1" 200 OK
Worker: http://localhost:8001, Running: 32.0, Waiting: 0.0
Worker: http://localhost:8001, qlen: 32.0
Worker: http://localhost:8001, Tokens: 420402.0
Worker: http://localhost:8002, Running: 32.0, Waiting: 0.0
Worker: http://localhost:8002, qlen: 32.0
Worker: http://localhost:8002, Tokens: 434653.0
Selected worker: http://localhost:8002
Worker: http://localhost:8001, Running: 32.0, Waiting: 0.0
Worker: http://localhost:8001, qlen: 32.0
Worker: http://localhost:8001, Tokens: 420402.0
Worker: http://localhost:8002, Running: 32.0, Waiting: 0.0
Worker: http://localhost:8002, qlen: 32.0
Worker: http://localhost:8002, Tokens: 434949.0
Selected worker: http://localhost:8001
INFO:     127.0.0.1:48996 - "POST /v1/completions HTTP/1.1" 200 OK
INFO:     127.0.0.1:49004 - "POST /v1/completions HTTP/1.1" 200 OK
Worker: http://localhost:8001, Running: 32.0, Waiting: 0.0
Worker: http://localhost:8001, qlen: 32.0
Worker: http://localhost:8001, Tokens: 420413.0
Worker: http://localhost:8002, Running: 32.0, Waiting: 0.0
Worker: http://localhost:8002, qlen: 32.0
Worker: http://localhost:8002, Tokens: 434749.0
Selected worker: http://localhost:8002
INFO:     127.0.0.1:49006 - "POST /v1/completions HTTP/1.1" 200 OK
Worker: http://localhost:8001, Running: 30.0, Waiting: 0.0
Worker: http://localhost:8001, qlen: 30.0
Worker: http://localhost:8001, Tokens: 421342.0
Worker: http://localhost:8002, Running: 34.0, Waiting: 0.0
Worker: http://localhost:8002, qlen: 34.0
Worker: http://localhost:8002, Tokens: 435531.0
Selected worker: http://localhost:8001
INFO:     127.0.0.1:49018 - "POST /v1/completions HTTP/1.1" 200 OK
Worker: http://localhost:8001, Running: 30.0, Waiting: 0.0
Worker: http://localhost:8001, qlen: 30.0
Worker: http://localhost:8001, Tokens: 423802.0
Worker: http://localhost:8002, Running: 34.0, Waiting: 0.0
Worker: http://localhost:8002, qlen: 34.0
Worker: http://localhost:8002, Tokens: 438251.0
Selected worker: http://localhost:8001
INFO:     127.0.0.1:49020 - "POST /v1/completions HTTP/1.1" 200 OK
Worker: http://localhost:8001, Running: 29.0, Waiting: 0.0
Worker: http://localhost:8001, qlen: 29.0
Worker: http://localhost:8001, Tokens: 424286.0
Worker: http://localhost:8002, Running: 34.0, Waiting: 0.0
Worker: http://localhost:8002, qlen: 34.0
Worker: http://localhost:8002, Tokens: 438193.0
Selected worker: http://localhost:8001
INFO:     127.0.0.1:49026 - "POST /v1/completions HTTP/1.1" 200 OK
Worker: http://localhost:8001, Running: 29.0, Waiting: 0.0
Worker: http://localhost:8001, qlen: 29.0
Worker: http://localhost:8001, Tokens: 424286.0
Worker: http://localhost:8002, Running: 34.0, Waiting: 0.0
Worker: http://localhost:8002, qlen: 34.0
Worker: http://localhost:8002, Tokens: 437897.0
Selected worker: http://localhost:8001
INFO:     127.0.0.1:49038 - "POST /v1/completions HTTP/1.1" 200 OK
Worker: http://localhost:8001, Running: 32.0, Waiting: 0.0
Worker: http://localhost:8001, qlen: 32.0
Worker: http://localhost:8001, Tokens: 428185.0
Worker: http://localhost:8002, Running: 32.0, Waiting: 0.0
Worker: http://localhost:8002, qlen: 32.0
Worker: http://localhost:8002, Tokens: 439197.0
Selected worker: http://localhost:8002
INFO:     127.0.0.1:49042 - "POST /v1/completions HTTP/1.1" 200 OK
Worker: http://localhost:8001, Running: 31.0, Waiting: 0.0
Worker: http://localhost:8001, qlen: 31.0
Worker: http://localhost:8001, Tokens: 428978.0
Worker: http://localhost:8002, Running: 32.0, Waiting: 0.0
Worker: http://localhost:8002, qlen: 32.0
Worker: http://localhost:8002, Tokens: 439870.0
Selected worker: http://localhost:8001
INFO:     127.0.0.1:49058 - "POST /v1/completions HTTP/1.1" 200 OK
Worker: http://localhost:8001, Running: 32.0, Waiting: 0.0
Worker: http://localhost:8001, qlen: 32.0
Worker: http://localhost:8001, Tokens: 427202.0
Worker: http://localhost:8002, Running: 32.0, Waiting: 0.0
Worker: http://localhost:8002, qlen: 32.0
Worker: http://localhost:8002, Tokens: 440254.0
Selected worker: http://localhost:8001
INFO:     127.0.0.1:49068 - "POST /v1/completions HTTP/1.1" 200 OK
Worker: http://localhost:8001, Running: 32.0, Waiting: 0.0
Worker: http://localhost:8001, qlen: 32.0
Worker: http://localhost:8001, Tokens: 433733.0
Worker: http://localhost:8002, Running: 32.0, Waiting: 0.0
Worker: http://localhost:8002, qlen: 32.0
Worker: http://localhost:8002, Tokens: 440440.0
Selected worker: http://localhost:8002
INFO:     127.0.0.1:49072 - "POST /v1/completions HTTP/1.1" 200 OK
Worker: http://localhost:8001, Running: 32.0, Waiting: 0.0
Worker: http://localhost:8001, qlen: 32.0
Worker: http://localhost:8001, Tokens: 434014.0
Worker: http://localhost:8002, Running: 32.0, Waiting: 0.0
Worker: http://localhost:8002, qlen: 32.0
Worker: http://localhost:8002, Tokens: 444114.0
Selected worker: http://localhost:8001
INFO:     127.0.0.1:49074 - "POST /v1/completions HTTP/1.1" 200 OK
Worker: http://localhost:8001, Running: 32.0, Waiting: 0.0
Worker: http://localhost:8001, qlen: 32.0
Worker: http://localhost:8001, Tokens: 434759.0
Worker: http://localhost:8002, Running: 32.0, Waiting: 0.0
Worker: http://localhost:8002, qlen: 32.0
Worker: http://localhost:8002, Tokens: 444359.0
Selected worker: http://localhost:8002
INFO:     127.0.0.1:49088 - "POST /v1/completions HTTP/1.1" 200 OK
Worker: http://localhost:8001, Running: 32.0, Waiting: 0.0
Worker: http://localhost:8001, qlen: 32.0
Worker: http://localhost:8001, Tokens: 435288.0
Worker: http://localhost:8002, Running: 32.0, Waiting: 0.0
Worker: http://localhost:8002, qlen: 32.0
Worker: http://localhost:8002, Tokens: 448872.0
Selected worker: http://localhost:8001
INFO:     127.0.0.1:49098 - "POST /v1/completions HTTP/1.1" 200 OK
Worker: http://localhost:8001, Running: 31.0, Waiting: 0.0
Worker: http://localhost:8001, qlen: 31.0
Worker: http://localhost:8001, Tokens: 434331.0
Worker: http://localhost:8002, Running: 32.0, Waiting: 0.0
Worker: http://localhost:8002, qlen: 32.0
Worker: http://localhost:8002, Tokens: 448872.0
Selected worker: http://localhost:8001
INFO:     127.0.0.1:49112 - "POST /v1/completions HTTP/1.1" 200 OK
Worker: http://localhost:8001, Running: 32.0, Waiting: 0.0
Worker: http://localhost:8001, qlen: 32.0
Worker: http://localhost:8001, Tokens: 434905.0
Worker: http://localhost:8002, Running: 32.0, Waiting: 0.0
Worker: http://localhost:8002, qlen: 32.0
Worker: http://localhost:8002, Tokens: 449864.0
Selected worker: http://localhost:8002
INFO:     127.0.0.1:38974 - "POST /v1/completions HTTP/1.1" 200 OK
Worker: http://localhost:8001, Running: 31.0, Waiting: 0.0
Worker: http://localhost:8001, qlen: 31.0
Worker: http://localhost:8001, Tokens: 434687.0
Worker: http://localhost:8002, Running: 32.0, Waiting: 0.0
Worker: http://localhost:8002, qlen: 32.0
Worker: http://localhost:8002, Tokens: 450121.0
Selected worker: http://localhost:8001
INFO:     127.0.0.1:38980 - "POST /v1/completions HTTP/1.1" 200 OK
Worker: http://localhost:8001, Running: 31.0, Waiting: 0.0
Worker: http://localhost:8001, qlen: 31.0
Worker: http://localhost:8001, Tokens: 437347.0
Worker: http://localhost:8002, Running: 33.0, Waiting: 0.0
Worker: http://localhost:8002, qlen: 33.0
Worker: http://localhost:8002, Tokens: 450785.0
Selected worker: http://localhost:8001
INFO:     127.0.0.1:38992 - "POST /v1/completions HTTP/1.1" 200 OK
Worker: http://localhost:8001, Running: 31.0, Waiting: 0.0
Worker: http://localhost:8001, qlen: 31.0
Worker: http://localhost:8001, Tokens: 434423.0
Worker: http://localhost:8002, Running: 33.0, Waiting: 0.0
Worker: http://localhost:8002, qlen: 33.0
Worker: http://localhost:8002, Tokens: 451313.0
Selected worker: http://localhost:8001
INFO:     127.0.0.1:39006 - "POST /v1/completions HTTP/1.1" 200 OK
Worker: http://localhost:8001, Running: 31.0, Waiting: 0.0
Worker: http://localhost:8001, qlen: 31.0
Worker: http://localhost:8001, Tokens: 438676.0
Worker: http://localhost:8002, Running: 33.0, Waiting: 0.0
Worker: http://localhost:8002, qlen: 33.0
Worker: http://localhost:8002, Tokens: 450188.0
Selected worker: http://localhost:8001
INFO:     127.0.0.1:39016 - "POST /v1/completions HTTP/1.1" 200 OK
Worker: http://localhost:8001, Running: 32.0, Waiting: 0.0
Worker: http://localhost:8001, qlen: 32.0
Worker: http://localhost:8001, Tokens: 441419.0
Worker: http://localhost:8002, Running: 32.0, Waiting: 0.0
Worker: http://localhost:8002, qlen: 32.0
Worker: http://localhost:8002, Tokens: 452356.0
Selected worker: http://localhost:8001
Worker: http://localhost:8001, Running: 32.0, Waiting: 0.0
Worker: http://localhost:8001, qlen: 32.0
Worker: http://localhost:8001, Tokens: 442697.0
Worker: http://localhost:8002, Running: 32.0, Waiting: 0.0
Worker: http://localhost:8002, qlen: 32.0
Worker: http://localhost:8002, Tokens: 452356.0
Selected worker: http://localhost:8002
INFO:     127.0.0.1:39018 - "POST /v1/completions HTTP/1.1" 200 OK
INFO:     127.0.0.1:39034 - "POST /v1/completions HTTP/1.1" 200 OK
Worker: http://localhost:8001, Running: 32.0, Waiting: 0.0
Worker: http://localhost:8001, qlen: 32.0
Worker: http://localhost:8001, Tokens: 439764.0
Worker: http://localhost:8002, Running: 32.0, Waiting: 0.0
Worker: http://localhost:8002, qlen: 32.0
Worker: http://localhost:8002, Tokens: 452452.0
Selected worker: http://localhost:8001
INFO:     127.0.0.1:39036 - "POST /v1/completions HTTP/1.1" 200 OK
Worker: http://localhost:8001, Running: 32.0, Waiting: 0.0
Worker: http://localhost:8001, qlen: 32.0
Worker: http://localhost:8001, Tokens: 442017.0
Worker: http://localhost:8002, Running: 32.0, Waiting: 0.0
Worker: http://localhost:8002, qlen: 32.0
Worker: http://localhost:8002, Tokens: 452452.0
Selected worker: http://localhost:8002
INFO:     127.0.0.1:39040 - "POST /v1/completions HTTP/1.1" 200 OK
Worker: http://localhost:8001, Running: 30.0, Waiting: 0.0
Worker: http://localhost:8001, qlen: 30.0
Worker: http://localhost:8001, Tokens: 448678.0
Worker: http://localhost:8002, Running: 34.0, Waiting: 0.0
Worker: http://localhost:8002, qlen: 34.0
Worker: http://localhost:8002, Tokens: 453073.0
Selected worker: http://localhost:8001
INFO:     127.0.0.1:39048 - "POST /v1/completions HTTP/1.1" 200 OK
Worker: http://localhost:8001, Running: 31.0, Waiting: 0.0
Worker: http://localhost:8001, qlen: 31.0
Worker: http://localhost:8001, Tokens: 448976.0
Worker: http://localhost:8002, Running: 33.0, Waiting: 0.0
Worker: http://localhost:8002, qlen: 33.0
Worker: http://localhost:8002, Tokens: 453892.0
Selected worker: http://localhost:8001
INFO:     127.0.0.1:39060 - "POST /v1/completions HTTP/1.1" 200 OK
Worker: http://localhost:8001, Running: 31.0, Waiting: 0.0
Worker: http://localhost:8001, qlen: 31.0
Worker: http://localhost:8001, Tokens: 448050.0
Worker: http://localhost:8002, Running: 33.0, Waiting: 0.0
Worker: http://localhost:8002, qlen: 33.0
Worker: http://localhost:8002, Tokens: 452677.0
Selected worker: http://localhost:8001
Worker: http://localhost:8001, Running: 31.0, Waiting: 0.0
Worker: http://localhost:8001, qlen: 31.0
Worker: http://localhost:8001, Tokens: 449722.0
Worker: http://localhost:8002, Running: 33.0, Waiting: 0.0
Worker: http://localhost:8002, qlen: 33.0
Worker: http://localhost:8002, Tokens: 452677.0
Selected worker: http://localhost:8001
INFO:     127.0.0.1:39062 - "POST /v1/completions HTTP/1.1" 200 OK
INFO:     127.0.0.1:39074 - "POST /v1/completions HTTP/1.1" 200 OK
Worker: http://localhost:8001, Running: 31.0, Waiting: 0.0
Worker: http://localhost:8001, qlen: 31.0
Worker: http://localhost:8001, Tokens: 450004.0
Worker: http://localhost:8002, Running: 32.0, Waiting: 0.0
Worker: http://localhost:8002, qlen: 32.0
Worker: http://localhost:8002, Tokens: 452974.0
Selected worker: http://localhost:8001
INFO:     127.0.0.1:39086 - "POST /v1/completions HTTP/1.1" 200 OK
Worker: http://localhost:8001, Running: 33.0, Waiting: 0.0
Worker: http://localhost:8001, qlen: 33.0
Worker: http://localhost:8001, Tokens: 451695.0
Worker: http://localhost:8002, Running: 31.0, Waiting: 0.0
Worker: http://localhost:8002, qlen: 31.0
Worker: http://localhost:8002, Tokens: 454911.0
Selected worker: http://localhost:8002
INFO:     127.0.0.1:39090 - "POST /v1/completions HTTP/1.1" 200 OK
Worker: http://localhost:8001, Running: 32.0, Waiting: 0.0
Worker: http://localhost:8001, qlen: 32.0
Worker: http://localhost:8001, Tokens: 452248.0
Worker: http://localhost:8002, Running: 32.0, Waiting: 0.0
Worker: http://localhost:8002, qlen: 32.0
Worker: http://localhost:8002, Tokens: 455128.0
Selected worker: http://localhost:8002
INFO:     127.0.0.1:39096 - "POST /v1/completions HTTP/1.1" 200 OK
Worker: http://localhost:8001, Running: 31.0, Waiting: 0.0
Worker: http://localhost:8001, qlen: 31.0
Worker: http://localhost:8001, Tokens: 453144.0
Worker: http://localhost:8002, Running: 33.0, Waiting: 0.0
Worker: http://localhost:8002, qlen: 33.0
Worker: http://localhost:8002, Tokens: 456708.0
Selected worker: http://localhost:8001
INFO:     127.0.0.1:39106 - "POST /v1/completions HTTP/1.1" 200 OK
Worker: http://localhost:8001, Running: 31.0, Waiting: 0.0
Worker: http://localhost:8001, qlen: 31.0
Worker: http://localhost:8001, Tokens: 453405.0
Worker: http://localhost:8002, Running: 32.0, Waiting: 0.0
Worker: http://localhost:8002, qlen: 32.0
Worker: http://localhost:8002, Tokens: 456263.0
Selected worker: http://localhost:8001
INFO:     127.0.0.1:39110 - "POST /v1/completions HTTP/1.1" 200 OK
Worker: http://localhost:8001, Running: 31.0, Waiting: 0.0
Worker: http://localhost:8001, qlen: 31.0
Worker: http://localhost:8001, Tokens: 453673.0
Worker: http://localhost:8002, Running: 32.0, Waiting: 0.0
Worker: http://localhost:8002, qlen: 32.0
Worker: http://localhost:8002, Tokens: 455990.0
Selected worker: http://localhost:8001
INFO:     127.0.0.1:39124 - "POST /v1/completions HTTP/1.1" 200 OK
Worker: http://localhost:8001, Running: 31.0, Waiting: 0.0
Worker: http://localhost:8001, qlen: 31.0
Worker: http://localhost:8001, Tokens: 453330.0
Worker: http://localhost:8002, Running: 32.0, Waiting: 0.0
Worker: http://localhost:8002, qlen: 32.0
Worker: http://localhost:8002, Tokens: 455717.0
Selected worker: http://localhost:8001
INFO:     127.0.0.1:39140 - "POST /v1/completions HTTP/1.1" 200 OK
Worker: http://localhost:8001, Running: 35.0, Waiting: 0.0
Worker: http://localhost:8001, qlen: 35.0
Worker: http://localhost:8001, Tokens: 453653.0
Worker: http://localhost:8002, Running: 29.0, Waiting: 0.0
Worker: http://localhost:8002, qlen: 29.0
Worker: http://localhost:8002, Tokens: 459007.0
Selected worker: http://localhost:8002
INFO:     127.0.0.1:39142 - "POST /v1/completions HTTP/1.1" 200 OK
Worker: http://localhost:8001, Running: 34.0, Waiting: 0.0
Worker: http://localhost:8001, qlen: 34.0
Worker: http://localhost:8001, Tokens: 454232.0
Worker: http://localhost:8002, Running: 30.0, Waiting: 0.0
Worker: http://localhost:8002, qlen: 30.0
Worker: http://localhost:8002, Tokens: 459414.0
Selected worker: http://localhost:8002
INFO:     127.0.0.1:39144 - "POST /v1/completions HTTP/1.1" 200 OK
Worker: http://localhost:8001, Running: 33.0, Waiting: 0.0
Worker: http://localhost:8001, qlen: 33.0
Worker: http://localhost:8001, Tokens: 454525.0
Worker: http://localhost:8002, Running: 31.0, Waiting: 0.0
Worker: http://localhost:8002, qlen: 31.0
Worker: http://localhost:8002, Tokens: 460013.0
Selected worker: http://localhost:8002
Worker: http://localhost:8001, Running: 33.0, Waiting: 0.0
Worker: http://localhost:8001, qlen: 33.0
Worker: http://localhost:8001, Tokens: 454525.0
Worker: http://localhost:8002, Running: 31.0, Waiting: 0.0
Worker: http://localhost:8002, qlen: 31.0
Worker: http://localhost:8002, Tokens: 460275.0
Selected worker: http://localhost:8002
INFO:     127.0.0.1:39156 - "POST /v1/completions HTTP/1.1" 200 OK
INFO:     127.0.0.1:39162 - "POST /v1/completions HTTP/1.1" 200 OK
Worker: http://localhost:8001, Running: 31.0, Waiting: 0.0
Worker: http://localhost:8001, qlen: 31.0
Worker: http://localhost:8001, Tokens: 452163.0
Worker: http://localhost:8002, Running: 31.0, Waiting: 0.0
Worker: http://localhost:8002, qlen: 31.0
Worker: http://localhost:8002, Tokens: 460261.0
Selected worker: http://localhost:8002
INFO:     127.0.0.1:39172 - "POST /v1/completions HTTP/1.1" 200 OK
Worker: http://localhost:8001, Running: 31.0, Waiting: 0.0
Worker: http://localhost:8001, qlen: 31.0
Worker: http://localhost:8001, Tokens: 452163.0
Worker: http://localhost:8002, Running: 31.0, Waiting: 0.0
Worker: http://localhost:8002, qlen: 31.0
Worker: http://localhost:8002, Tokens: 460544.0
Selected worker: http://localhost:8002
INFO:     127.0.0.1:39186 - "POST /v1/completions HTTP/1.1" 200 OK
Worker: http://localhost:8001, Running: 31.0, Waiting: 0.0
Worker: http://localhost:8001, qlen: 31.0
Worker: http://localhost:8001, Tokens: 449004.0
Worker: http://localhost:8002, Running: 33.0, Waiting: 0.0
Worker: http://localhost:8002, qlen: 33.0
Worker: http://localhost:8002, Tokens: 460387.0
Selected worker: http://localhost:8001
INFO:     127.0.0.1:39192 - "POST /v1/completions HTTP/1.1" 200 OK
Worker: http://localhost:8001, Running: 29.0, Waiting: 0.0
Worker: http://localhost:8001, qlen: 29.0
Worker: http://localhost:8001, Tokens: 455964.0
Worker: http://localhost:8002, Running: 35.0, Waiting: 0.0
Worker: http://localhost:8002, qlen: 35.0
Worker: http://localhost:8002, Tokens: 460794.0
Selected worker: http://localhost:8001
INFO:     127.0.0.1:39202 - "POST /v1/completions HTTP/1.1" 200 OK
Worker: http://localhost:8001, Running: 30.0, Waiting: 0.0
Worker: http://localhost:8001, qlen: 30.0
Worker: http://localhost:8001, Tokens: 456049.0
Worker: http://localhost:8002, Running: 34.0, Waiting: 0.0
Worker: http://localhost:8002, qlen: 34.0
Worker: http://localhost:8002, Tokens: 461662.0
Selected worker: http://localhost:8001
Worker: http://localhost:8001, Running: 30.0, Waiting: 0.0
Worker: http://localhost:8001, qlen: 30.0
Worker: http://localhost:8001, Tokens: 456306.0
Worker: http://localhost:8002, Running: 34.0, Waiting: 0.0
Worker: http://localhost:8002, qlen: 34.0
Worker: http://localhost:8002, Tokens: 461662.0
Selected worker: http://localhost:8001
INFO:     127.0.0.1:58506 - "POST /v1/completions HTTP/1.1" 200 OK
INFO:     127.0.0.1:58520 - "POST /v1/completions HTTP/1.1" 200 OK
Worker: http://localhost:8001, Running: 30.0, Waiting: 0.0
Worker: http://localhost:8001, qlen: 30.0
Worker: http://localhost:8001, Tokens: 456036.0
Worker: http://localhost:8002, Running: 34.0, Waiting: 0.0
Worker: http://localhost:8002, qlen: 34.0
Worker: http://localhost:8002, Tokens: 461764.0
Selected worker: http://localhost:8001
INFO:     127.0.0.1:58522 - "POST /v1/completions HTTP/1.1" 200 OK
Worker: http://localhost:8001, Running: 30.0, Waiting: 0.0
Worker: http://localhost:8001, qlen: 30.0
Worker: http://localhost:8001, Tokens: 456298.0
Worker: http://localhost:8002, Running: 34.0, Waiting: 0.0
Worker: http://localhost:8002, qlen: 34.0
Worker: http://localhost:8002, Tokens: 461764.0
Selected worker: http://localhost:8001
INFO:     127.0.0.1:58538 - "POST /v1/completions HTTP/1.1" 200 OK
Worker: http://localhost:8001, Running: 28.0, Waiting: 0.0
Worker: http://localhost:8001, qlen: 28.0
Worker: http://localhost:8001, Tokens: 456919.0
Worker: http://localhost:8002, Running: 33.0, Waiting: 0.0
Worker: http://localhost:8002, qlen: 33.0
Worker: http://localhost:8002, Tokens: 462138.0
Selected worker: http://localhost:8001
INFO:     127.0.0.1:58546 - "POST /v1/completions HTTP/1.1" 200 OK
Worker: http://localhost:8001, Running: 31.0, Waiting: 0.0
Worker: http://localhost:8001, qlen: 31.0
Worker: http://localhost:8001, Tokens: 460266.0
Worker: http://localhost:8002, Running: 33.0, Waiting: 0.0
Worker: http://localhost:8002, qlen: 33.0
Worker: http://localhost:8002, Tokens: 462257.0
Selected worker: http://localhost:8001
INFO:     127.0.0.1:58556 - "POST /v1/completions HTTP/1.1" 200 OK
Worker: http://localhost:8001, Running: 32.0, Waiting: 0.0
Worker: http://localhost:8001, qlen: 32.0
Worker: http://localhost:8001, Tokens: 462222.0
Worker: http://localhost:8002, Running: 32.0, Waiting: 0.0
Worker: http://localhost:8002, qlen: 32.0
Worker: http://localhost:8002, Tokens: 462818.0
Selected worker: http://localhost:8002
INFO:     127.0.0.1:58568 - "POST /v1/completions HTTP/1.1" 200 OK
Worker: http://localhost:8001, Running: 32.0, Waiting: 0.0
Worker: http://localhost:8001, qlen: 32.0
Worker: http://localhost:8001, Tokens: 462830.0
Worker: http://localhost:8002, Running: 32.0, Waiting: 0.0
Worker: http://localhost:8002, qlen: 32.0
Worker: http://localhost:8002, Tokens: 463155.0
Selected worker: http://localhost:8001
Worker: http://localhost:8001, Running: 32.0, Waiting: 0.0
Worker: http://localhost:8001, qlen: 32.0
Worker: http://localhost:8001, Tokens: 463096.0
Worker: http://localhost:8002, Running: 32.0, Waiting: 0.0
Worker: http://localhost:8002, qlen: 32.0
Worker: http://localhost:8002, Tokens: 463155.0
Selected worker: http://localhost:8002
INFO:     127.0.0.1:58582 - "POST /v1/completions HTTP/1.1" 200 OK
INFO:     127.0.0.1:58592 - "POST /v1/completions HTTP/1.1" 200 OK
Worker: http://localhost:8001, Running: 33.0, Waiting: 0.0
Worker: http://localhost:8001, qlen: 33.0
Worker: http://localhost:8001, Tokens: 463227.0
Worker: http://localhost:8002, Running: 31.0, Waiting: 0.0
Worker: http://localhost:8002, qlen: 31.0
Worker: http://localhost:8002, Tokens: 463371.0
Selected worker: http://localhost:8002
Worker: http://localhost:8001, Running: 33.0, Waiting: 0.0
Worker: http://localhost:8001, qlen: 33.0
Worker: http://localhost:8001, Tokens: 463227.0
Worker: http://localhost:8002, Running: 31.0, Waiting: 0.0
Worker: http://localhost:8002, qlen: 31.0
Worker: http://localhost:8002, Tokens: 463675.0
Selected worker: http://localhost:8002
INFO:     127.0.0.1:58606 - "POST /v1/completions HTTP/1.1" 200 OK
INFO:     127.0.0.1:58608 - "POST /v1/completions HTTP/1.1" 200 OK
Worker: http://localhost:8001, Running: 33.0, Waiting: 0.0
Worker: http://localhost:8001, qlen: 33.0
Worker: http://localhost:8001, Tokens: 463159.0
Worker: http://localhost:8002, Running: 29.0, Waiting: 0.0
Worker: http://localhost:8002, qlen: 29.0
Worker: http://localhost:8002, Tokens: 464218.0
Selected worker: http://localhost:8002
INFO:     127.0.0.1:58616 - "POST /v1/completions HTTP/1.1" 200 OK
Worker: http://localhost:8001, Running: 32.0, Waiting: 0.0
Worker: http://localhost:8001, qlen: 32.0
Worker: http://localhost:8001, Tokens: 461810.0
Worker: http://localhost:8002, Running: 29.0, Waiting: 0.0
Worker: http://localhost:8002, qlen: 29.0
Worker: http://localhost:8002, Tokens: 464486.0
Selected worker: http://localhost:8002
INFO:     127.0.0.1:58628 - "POST /v1/completions HTTP/1.1" 200 OK
Worker: http://localhost:8001, Running: 31.0, Waiting: 0.0
Worker: http://localhost:8001, qlen: 31.0
Worker: http://localhost:8001, Tokens: 462398.0
Worker: http://localhost:8002, Running: 32.0, Waiting: 0.0
Worker: http://localhost:8002, qlen: 32.0
Worker: http://localhost:8002, Tokens: 464526.0
Selected worker: http://localhost:8001
INFO:     127.0.0.1:58640 - "POST /v1/completions HTTP/1.1" 200 OK
Worker: http://localhost:8001, Running: 30.0, Waiting: 0.0
Worker: http://localhost:8001, qlen: 30.0
Worker: http://localhost:8001, Tokens: 463743.0
Worker: http://localhost:8002, Running: 33.0, Waiting: 0.0
Worker: http://localhost:8002, qlen: 33.0
Worker: http://localhost:8002, Tokens: 466126.0
Selected worker: http://localhost:8001
INFO:     127.0.0.1:58652 - "POST /v1/completions HTTP/1.1" 200 OK
Worker: http://localhost:8001, Running: 31.0, Waiting: 0.0
Worker: http://localhost:8001, qlen: 31.0
Worker: http://localhost:8001, Tokens: 464482.0
Worker: http://localhost:8002, Running: 33.0, Waiting: 0.0
Worker: http://localhost:8002, qlen: 33.0
Worker: http://localhost:8002, Tokens: 463752.0
Selected worker: http://localhost:8001
INFO:     127.0.0.1:58656 - "POST /v1/completions HTTP/1.1" 200 OK
Worker: http://localhost:8001, Running: 31.0, Waiting: 0.0
Worker: http://localhost:8001, qlen: 31.0
Worker: http://localhost:8001, Tokens: 464575.0
Worker: http://localhost:8002, Running: 33.0, Waiting: 0.0
Worker: http://localhost:8002, qlen: 33.0
Worker: http://localhost:8002, Tokens: 462111.0
Selected worker: http://localhost:8001
INFO:     127.0.0.1:58668 - "POST /v1/completions HTTP/1.1" 200 OK
Worker: http://localhost:8001, Running: 31.0, Waiting: 0.0
Worker: http://localhost:8001, qlen: 31.0
Worker: http://localhost:8001, Tokens: 467246.0
Worker: http://localhost:8002, Running: 30.0, Waiting: 0.0
Worker: http://localhost:8002, qlen: 30.0
Worker: http://localhost:8002, Tokens: 466844.0
Selected worker: http://localhost:8002
Worker: http://localhost:8001, Running: 31.0, Waiting: 0.0
Worker: http://localhost:8001, qlen: 31.0
Worker: http://localhost:8001, Tokens: 467246.0
Worker: http://localhost:8002, Running: 30.0, Waiting: 0.0
Worker: http://localhost:8002, qlen: 30.0
Worker: http://localhost:8002, Tokens: 468464.0
Selected worker: http://localhost:8002
Worker: http://localhost:8001, Running: 31.0, Waiting: 0.0
Worker: http://localhost:8001, qlen: 31.0
Worker: http://localhost:8001, Tokens: 467246.0
Worker: http://localhost:8002, Running: 30.0, Waiting: 0.0
Worker: http://localhost:8002, qlen: 30.0
Worker: http://localhost:8002, Tokens: 470548.0
Selected worker: http://localhost:8002
INFO:     127.0.0.1:58680 - "POST /v1/completions HTTP/1.1" 200 OK
INFO:     127.0.0.1:58682 - "POST /v1/completions HTTP/1.1" 200 OK
INFO:     127.0.0.1:58688 - "POST /v1/completions HTTP/1.1" 200 OK
Worker: http://localhost:8001, Running: 30.0, Waiting: 0.0
Worker: http://localhost:8001, qlen: 30.0
Worker: http://localhost:8001, Tokens: 465756.0
Worker: http://localhost:8002, Running: 30.0, Waiting: 0.0
Worker: http://localhost:8002, qlen: 30.0
Worker: http://localhost:8002, Tokens: 467054.0
Selected worker: http://localhost:8002
INFO:     127.0.0.1:58696 - "POST /v1/completions HTTP/1.1" 200 OK
Worker: http://localhost:8001, Running: 30.0, Waiting: 0.0
Worker: http://localhost:8001, qlen: 30.0
Worker: http://localhost:8001, Tokens: 468926.0
Worker: http://localhost:8002, Running: 32.0, Waiting: 1.0
Worker: http://localhost:8002, qlen: 32.0
Worker: http://localhost:8002, Tokens: 468798.0
Selected worker: http://localhost:8001
INFO:     127.0.0.1:58712 - "POST /v1/completions HTTP/1.1" 200 OK
Worker: http://localhost:8001, Running: 30.0, Waiting: 0.0
Worker: http://localhost:8001, qlen: 30.0
Worker: http://localhost:8001, Tokens: 473113.0
Worker: http://localhost:8002, Running: 34.0, Waiting: 0.0
Worker: http://localhost:8002, qlen: 34.0
Worker: http://localhost:8002, Tokens: 471860.0
Selected worker: http://localhost:8001
INFO:     127.0.0.1:58726 - "POST /v1/completions HTTP/1.1" 200 OK
Worker: http://localhost:8001, Running: 31.0, Waiting: 0.0
Worker: http://localhost:8001, qlen: 31.0
Worker: http://localhost:8001, Tokens: 470253.0
Worker: http://localhost:8002, Running: 33.0, Waiting: 0.0
Worker: http://localhost:8002, qlen: 33.0
Worker: http://localhost:8002, Tokens: 472509.0
Selected worker: http://localhost:8001
Worker: http://localhost:8001, Running: 31.0, Waiting: 0.0
Worker: http://localhost:8001, qlen: 31.0
Worker: http://localhost:8001, Tokens: 470517.0
Worker: http://localhost:8002, Running: 33.0, Waiting: 0.0
Worker: http://localhost:8002, qlen: 33.0
Worker: http://localhost:8002, Tokens: 472509.0
Selected worker: http://localhost:8001
INFO:     127.0.0.1:58730 - "POST /v1/completions HTTP/1.1" 200 OK
INFO:     127.0.0.1:58732 - "POST /v1/completions HTTP/1.1" 200 OK
Worker: http://localhost:8001, Running: 29.0, Waiting: 0.0
Worker: http://localhost:8001, qlen: 29.0
Worker: http://localhost:8001, Tokens: 474780.0
Worker: http://localhost:8002, Running: 33.0, Waiting: 0.0
Worker: http://localhost:8002, qlen: 33.0
Worker: http://localhost:8002, Tokens: 472362.0
Selected worker: http://localhost:8001
INFO:     127.0.0.1:58738 - "POST /v1/completions HTTP/1.1" 200 OK
Worker: http://localhost:8001, Running: 30.0, Waiting: 0.0
Worker: http://localhost:8001, qlen: 30.0
Worker: http://localhost:8001, Tokens: 474581.0
Worker: http://localhost:8002, Running: 32.0, Waiting: 0.0
Worker: http://localhost:8002, qlen: 32.0
Worker: http://localhost:8002, Tokens: 472999.0
Selected worker: http://localhost:8001
INFO:     127.0.0.1:58742 - "POST /v1/completions HTTP/1.1" 200 OK
Worker: http://localhost:8001, Running: 30.0, Waiting: 0.0
Worker: http://localhost:8001, qlen: 30.0
Worker: http://localhost:8001, Tokens: 474877.0
Worker: http://localhost:8002, Running: 32.0, Waiting: 0.0
Worker: http://localhost:8002, qlen: 32.0
Worker: http://localhost:8002, Tokens: 472551.0
Selected worker: http://localhost:8001
Worker: http://localhost:8001, Running: 30.0, Waiting: 0.0
Worker: http://localhost:8001, qlen: 30.0
Worker: http://localhost:8001, Tokens: 475150.0
Worker: http://localhost:8002, Running: 32.0, Waiting: 0.0
Worker: http://localhost:8002, qlen: 32.0
Worker: http://localhost:8002, Tokens: 472551.0
Selected worker: http://localhost:8001
INFO:     127.0.0.1:58756 - "POST /v1/completions HTTP/1.1" 200 OK
INFO:     127.0.0.1:58758 - "POST /v1/completions HTTP/1.1" 200 OK
Worker: http://localhost:8001, Running: 31.0, Waiting: 0.0
Worker: http://localhost:8001, qlen: 31.0
Worker: http://localhost:8001, Tokens: 477879.0
Worker: http://localhost:8002, Running: 32.0, Waiting: 0.0
Worker: http://localhost:8002, qlen: 32.0
Worker: http://localhost:8002, Tokens: 472283.0
Selected worker: http://localhost:8001
INFO:     127.0.0.1:58762 - "POST /v1/completions HTTP/1.1" 200 OK
Worker: http://localhost:8001, Running: 32.0, Waiting: 0.0
Worker: http://localhost:8001, qlen: 32.0
Worker: http://localhost:8001, Tokens: 478072.0
Worker: http://localhost:8002, Running: 29.0, Waiting: 0.0
Worker: http://localhost:8002, qlen: 29.0
Worker: http://localhost:8002, Tokens: 471847.0
Selected worker: http://localhost:8002
INFO:     127.0.0.1:58774 - "POST /v1/completions HTTP/1.1" 200 OK
Worker: http://localhost:8001, Running: 35.0, Waiting: 0.0
Worker: http://localhost:8001, qlen: 35.0
Worker: http://localhost:8001, Tokens: 481735.0
Worker: http://localhost:8002, Running: 29.0, Waiting: 0.0
Worker: http://localhost:8002, qlen: 29.0
Worker: http://localhost:8002, Tokens: 474138.0
Selected worker: http://localhost:8002
INFO:     127.0.0.1:58782 - "POST /v1/completions HTTP/1.1" 200 OK
Worker: http://localhost:8001, Running: 34.0, Waiting: 0.0
Worker: http://localhost:8001, qlen: 34.0
Worker: http://localhost:8001, Tokens: 481910.0
Worker: http://localhost:8002, Running: 29.0, Waiting: 0.0
Worker: http://localhost:8002, qlen: 29.0
Worker: http://localhost:8002, Tokens: 474341.0
Selected worker: http://localhost:8002
INFO:     127.0.0.1:58792 - "POST /v1/completions HTTP/1.1" 200 OK
Worker: http://localhost:8001, Running: 33.0, Waiting: 0.0
Worker: http://localhost:8001, qlen: 33.0
Worker: http://localhost:8001, Tokens: 482269.0
Worker: http://localhost:8002, Running: 29.0, Waiting: 0.0
Worker: http://localhost:8002, qlen: 29.0
Worker: http://localhost:8002, Tokens: 475390.0
Selected worker: http://localhost:8002
INFO:     127.0.0.1:58808 - "POST /v1/completions HTTP/1.1" 200 OK
Worker: http://localhost:8001, Running: 33.0, Waiting: 0.0
Worker: http://localhost:8001, qlen: 33.0
Worker: http://localhost:8001, Tokens: 482269.0
Worker: http://localhost:8002, Running: 29.0, Waiting: 0.0
Worker: http://localhost:8002, qlen: 29.0
Worker: http://localhost:8002, Tokens: 475650.0
Selected worker: http://localhost:8002
INFO:     127.0.0.1:58816 - "POST /v1/completions HTTP/1.1" 200 OK
Worker: http://localhost:8001, Running: 33.0, Waiting: 0.0
Worker: http://localhost:8001, qlen: 33.0
Worker: http://localhost:8001, Tokens: 482764.0
Worker: http://localhost:8002, Running: 31.0, Waiting: 0.0
Worker: http://localhost:8002, qlen: 31.0
Worker: http://localhost:8002, Tokens: 476729.0
Selected worker: http://localhost:8002
INFO:     127.0.0.1:58828 - "POST /v1/completions HTTP/1.1" 200 OK
Worker: http://localhost:8001, Running: 33.0, Waiting: 0.0
Worker: http://localhost:8001, qlen: 33.0
Worker: http://localhost:8001, Tokens: 483424.0
Worker: http://localhost:8002, Running: 31.0, Waiting: 0.0
Worker: http://localhost:8002, qlen: 31.0
Worker: http://localhost:8002, Tokens: 478500.0
Selected worker: http://localhost:8002
INFO:     127.0.0.1:58844 - "POST /v1/completions HTTP/1.1" 200 OK
Worker: http://localhost:8001, Running: 33.0, Waiting: 0.0
Worker: http://localhost:8001, qlen: 33.0
Worker: http://localhost:8001, Tokens: 483985.0
Worker: http://localhost:8002, Running: 31.0, Waiting: 0.0
Worker: http://localhost:8002, qlen: 31.0
Worker: http://localhost:8002, Tokens: 481474.0
Selected worker: http://localhost:8002
INFO:     127.0.0.1:58856 - "POST /v1/completions HTTP/1.1" 200 OK
Worker: http://localhost:8001, Running: 32.0, Waiting: 0.0
Worker: http://localhost:8001, qlen: 32.0
Worker: http://localhost:8001, Tokens: 483827.0
Worker: http://localhost:8002, Running: 31.0, Waiting: 0.0
Worker: http://localhost:8002, qlen: 31.0
Worker: http://localhost:8002, Tokens: 481736.0
Selected worker: http://localhost:8002
INFO:     127.0.0.1:58864 - "POST /v1/completions HTTP/1.1" 200 OK
Worker: http://localhost:8001, Running: 32.0, Waiting: 0.0
Worker: http://localhost:8001, qlen: 32.0
Worker: http://localhost:8001, Tokens: 483827.0
Worker: http://localhost:8002, Running: 31.0, Waiting: 0.0
Worker: http://localhost:8002, qlen: 31.0
Worker: http://localhost:8002, Tokens: 482993.0
Selected worker: http://localhost:8002
INFO:     127.0.0.1:58866 - "POST /v1/completions HTTP/1.1" 200 OK
Worker: http://localhost:8001, Running: 30.0, Waiting: 0.0
Worker: http://localhost:8001, qlen: 30.0
Worker: http://localhost:8001, Tokens: 484016.0
Worker: http://localhost:8002, Running: 31.0, Waiting: 0.0
Worker: http://localhost:8002, qlen: 31.0
Worker: http://localhost:8002, Tokens: 481722.0
Selected worker: http://localhost:8001
Worker: http://localhost:8001, Running: 30.0, Waiting: 0.0
Worker: http://localhost:8001, qlen: 30.0
Worker: http://localhost:8001, Tokens: 484282.0
Worker: http://localhost:8002, Running: 31.0, Waiting: 0.0
Worker: http://localhost:8002, qlen: 31.0
Worker: http://localhost:8002, Tokens: 481722.0
Selected worker: http://localhost:8001
INFO:     127.0.0.1:58868 - "POST /v1/completions HTTP/1.1" 200 OK
INFO:     127.0.0.1:58872 - "POST /v1/completions HTTP/1.1" 200 OK
Worker: http://localhost:8001, Running: 30.0, Waiting: 0.0
Worker: http://localhost:8001, qlen: 30.0
Worker: http://localhost:8001, Tokens: 485056.0
Worker: http://localhost:8002, Running: 34.0, Waiting: 0.0
Worker: http://localhost:8002, qlen: 34.0
Worker: http://localhost:8002, Tokens: 483445.0
Selected worker: http://localhost:8001
INFO:     127.0.0.1:50536 - "POST /v1/completions HTTP/1.1" 200 OK
Worker: http://localhost:8001, Running: 30.0, Waiting: 0.0
Worker: http://localhost:8001, qlen: 30.0
Worker: http://localhost:8001, Tokens: 485206.0
Worker: http://localhost:8002, Running: 33.0, Waiting: 0.0
Worker: http://localhost:8002, qlen: 33.0
Worker: http://localhost:8002, Tokens: 484862.0
Selected worker: http://localhost:8001
INFO:     127.0.0.1:50538 - "POST /v1/completions HTTP/1.1" 200 OK
Worker: http://localhost:8001, Running: 30.0, Waiting: 0.0
Worker: http://localhost:8001, qlen: 30.0
Worker: http://localhost:8001, Tokens: 484162.0
Worker: http://localhost:8002, Running: 32.0, Waiting: 0.0
Worker: http://localhost:8002, qlen: 32.0
Worker: http://localhost:8002, Tokens: 485302.0
Selected worker: http://localhost:8001
INFO:     127.0.0.1:50552 - "POST /v1/completions HTTP/1.1" 200 OK
Worker: http://localhost:8001, Running: 32.0, Waiting: 0.0
Worker: http://localhost:8001, qlen: 32.0
Worker: http://localhost:8001, Tokens: 485994.0
Worker: http://localhost:8002, Running: 32.0, Waiting: 0.0
Worker: http://localhost:8002, qlen: 32.0
Worker: http://localhost:8002, Tokens: 485745.0
Selected worker: http://localhost:8001
INFO:     127.0.0.1:50566 - "POST /v1/completions HTTP/1.1" 200 OK
Worker: http://localhost:8001, Running: 32.0, Waiting: 0.0
Worker: http://localhost:8001, qlen: 32.0
Worker: http://localhost:8001, Tokens: 486250.0
Worker: http://localhost:8002, Running: 31.0, Waiting: 0.0
Worker: http://localhost:8002, qlen: 31.0
Worker: http://localhost:8002, Tokens: 485995.0
Selected worker: http://localhost:8002
INFO:     127.0.0.1:50572 - "POST /v1/completions HTTP/1.1" 200 OK
Worker: http://localhost:8001, Running: 33.0, Waiting: 0.0
Worker: http://localhost:8001, qlen: 33.0
Worker: http://localhost:8001, Tokens: 485348.0
Worker: http://localhost:8002, Running: 31.0, Waiting: 0.0
Worker: http://localhost:8002, qlen: 31.0
Worker: http://localhost:8002, Tokens: 486845.0
Selected worker: http://localhost:8002
INFO:     127.0.0.1:50576 - "POST /v1/completions HTTP/1.1" 200 OK
Worker: http://localhost:8001, Running: 33.0, Waiting: 0.0
Worker: http://localhost:8001, qlen: 33.0
Worker: http://localhost:8001, Tokens: 485348.0
Worker: http://localhost:8002, Running: 31.0, Waiting: 0.0
Worker: http://localhost:8002, qlen: 31.0
Worker: http://localhost:8002, Tokens: 486678.0
Selected worker: http://localhost:8002
INFO:     127.0.0.1:50586 - "POST /v1/completions HTTP/1.1" 200 OK
Worker: http://localhost:8001, Running: 32.0, Waiting: 0.0
Worker: http://localhost:8001, qlen: 32.0
Worker: http://localhost:8001, Tokens: 487515.0
Worker: http://localhost:8002, Running: 32.0, Waiting: 0.0
Worker: http://localhost:8002, qlen: 32.0
Worker: http://localhost:8002, Tokens: 489033.0
Selected worker: http://localhost:8001
Worker: http://localhost:8001, Running: 32.0, Waiting: 0.0
Worker: http://localhost:8001, qlen: 32.0
Worker: http://localhost:8001, Tokens: 487790.0
Worker: http://localhost:8002, Running: 32.0, Waiting: 0.0
Worker: http://localhost:8002, qlen: 32.0
Worker: http://localhost:8002, Tokens: 489033.0
Selected worker: http://localhost:8002
Worker: http://localhost:8001, Running: 32.0, Waiting: 0.0
Worker: http://localhost:8001, qlen: 32.0
Worker: http://localhost:8001, Tokens: 487790.0
Worker: http://localhost:8002, Running: 32.0, Waiting: 0.0
Worker: http://localhost:8002, qlen: 32.0
Worker: http://localhost:8002, Tokens: 489302.0
Selected worker: http://localhost:8001
INFO:     127.0.0.1:50592 - "POST /v1/completions HTTP/1.1" 200 OK
INFO:     127.0.0.1:50608 - "POST /v1/completions HTTP/1.1" 200 OK
INFO:     127.0.0.1:50618 - "POST /v1/completions HTTP/1.1" 200 OK
Worker: http://localhost:8001, Running: 30.0, Waiting: 0.0
Worker: http://localhost:8001, qlen: 30.0
Worker: http://localhost:8001, Tokens: 488172.0
Worker: http://localhost:8002, Running: 32.0, Waiting: 0.0
Worker: http://localhost:8002, qlen: 32.0
Worker: http://localhost:8002, Tokens: 489029.0
Selected worker: http://localhost:8001
INFO:     127.0.0.1:50628 - "POST /v1/completions HTTP/1.1" 200 OK
Worker: http://localhost:8001, Running: 33.0, Waiting: 0.0
Worker: http://localhost:8001, qlen: 33.0
Worker: http://localhost:8001, Tokens: 488334.0
Worker: http://localhost:8002, Running: 31.0, Waiting: 0.0
Worker: http://localhost:8002, qlen: 31.0
Worker: http://localhost:8002, Tokens: 489739.0
Selected worker: http://localhost:8002
INFO:     127.0.0.1:50630 - "POST /v1/completions HTTP/1.1" 200 OK
Worker: http://localhost:8001, Running: 32.0, Waiting: 0.0
Worker: http://localhost:8001, qlen: 32.0
Worker: http://localhost:8001, Tokens: 488189.0
Worker: http://localhost:8002, Running: 31.0, Waiting: 0.0
Worker: http://localhost:8002, qlen: 31.0
Worker: http://localhost:8002, Tokens: 489894.0
Selected worker: http://localhost:8002
INFO:     127.0.0.1:50642 - "POST /v1/completions HTTP/1.1" 200 OK
Worker: http://localhost:8001, Running: 32.0, Waiting: 0.0
Worker: http://localhost:8001, qlen: 32.0
Worker: http://localhost:8001, Tokens: 488189.0
Worker: http://localhost:8002, Running: 31.0, Waiting: 0.0
Worker: http://localhost:8002, qlen: 31.0
Worker: http://localhost:8002, Tokens: 490161.0
Selected worker: http://localhost:8002
INFO:     127.0.0.1:50654 - "POST /v1/completions HTTP/1.1" 200 OK
Worker: http://localhost:8001, Running: 30.0, Waiting: 0.0
Worker: http://localhost:8001, qlen: 30.0
Worker: http://localhost:8001, Tokens: 488856.0
Worker: http://localhost:8002, Running: 32.0, Waiting: 0.0
Worker: http://localhost:8002, qlen: 32.0
Worker: http://localhost:8002, Tokens: 484974.0
Selected worker: http://localhost:8001
Worker: http://localhost:8001, Running: 30.0, Waiting: 0.0
Worker: http://localhost:8001, qlen: 30.0
Worker: http://localhost:8001, Tokens: 489118.0
Worker: http://localhost:8002, Running: 32.0, Waiting: 0.0
Worker: http://localhost:8002, qlen: 32.0
Worker: http://localhost:8002, Tokens: 484974.0
Selected worker: http://localhost:8001
INFO:     127.0.0.1:50658 - "POST /v1/completions HTTP/1.1" 200 OK
INFO:     127.0.0.1:50672 - "POST /v1/completions HTTP/1.1" 200 OK
Worker: http://localhost:8001, Running: 32.0, Waiting: 0.0
Worker: http://localhost:8001, qlen: 32.0
Worker: http://localhost:8001, Tokens: 489280.0
Worker: http://localhost:8002, Running: 32.0, Waiting: 0.0
Worker: http://localhost:8002, qlen: 32.0
Worker: http://localhost:8002, Tokens: 490586.0
Selected worker: http://localhost:8001
INFO:     127.0.0.1:50678 - "POST /v1/completions HTTP/1.1" 200 OK
Worker: http://localhost:8001, Running: 32.0, Waiting: 0.0
Worker: http://localhost:8001, qlen: 32.0
Worker: http://localhost:8001, Tokens: 486638.0
Worker: http://localhost:8002, Running: 32.0, Waiting: 0.0
Worker: http://localhost:8002, qlen: 32.0
Worker: http://localhost:8002, Tokens: 490682.0
Selected worker: http://localhost:8002
INFO:     127.0.0.1:50692 - "POST /v1/completions HTTP/1.1" 200 OK
Worker: http://localhost:8001, Running: 31.0, Waiting: 0.0
Worker: http://localhost:8001, qlen: 31.0
Worker: http://localhost:8001, Tokens: 489800.0
Worker: http://localhost:8002, Running: 33.0, Waiting: 0.0
Worker: http://localhost:8002, qlen: 33.0
Worker: http://localhost:8002, Tokens: 490752.0
Selected worker: http://localhost:8001
INFO:     127.0.0.1:50702 - "POST /v1/completions HTTP/1.1" 200 OK
Worker: http://localhost:8001, Running: 32.0, Waiting: 0.0
Worker: http://localhost:8001, qlen: 32.0
Worker: http://localhost:8001, Tokens: 490262.0
Worker: http://localhost:8002, Running: 32.0, Waiting: 0.0
Worker: http://localhost:8002, qlen: 32.0
Worker: http://localhost:8002, Tokens: 489335.0
Selected worker: http://localhost:8002
INFO:     127.0.0.1:50718 - "POST /v1/completions HTTP/1.1" 200 OK
Worker: http://localhost:8001, Running: 32.0, Waiting: 0.0
Worker: http://localhost:8001, qlen: 32.0
Worker: http://localhost:8001, Tokens: 490422.0
Worker: http://localhost:8002, Running: 31.0, Waiting: 0.0
Worker: http://localhost:8002, qlen: 31.0
Worker: http://localhost:8002, Tokens: 491333.0
Selected worker: http://localhost:8002
INFO:     127.0.0.1:50720 - "POST /v1/completions HTTP/1.1" 200 OK
Worker: http://localhost:8001, Running: 32.0, Waiting: 0.0
Worker: http://localhost:8001, qlen: 32.0
Worker: http://localhost:8001, Tokens: 490850.0
Worker: http://localhost:8002, Running: 32.0, Waiting: 0.0
Worker: http://localhost:8002, qlen: 32.0
Worker: http://localhost:8002, Tokens: 494602.0
Selected worker: http://localhost:8002
Worker: http://localhost:8001, Running: 32.0, Waiting: 0.0
Worker: http://localhost:8001, qlen: 32.0
Worker: http://localhost:8001, Tokens: 490850.0
Worker: http://localhost:8002, Running: 32.0, Waiting: 0.0
Worker: http://localhost:8002, qlen: 32.0
Worker: http://localhost:8002, Tokens: 494881.0
Selected worker: http://localhost:8001
Worker: http://localhost:8001, Running: 32.0, Waiting: 0.0
Worker: http://localhost:8001, qlen: 32.0
Worker: http://localhost:8001, Tokens: 493942.0
Worker: http://localhost:8002, Running: 32.0, Waiting: 0.0
Worker: http://localhost:8002, qlen: 32.0
Worker: http://localhost:8002, Tokens: 494881.0
Selected worker: http://localhost:8001
INFO:     127.0.0.1:50728 - "POST /v1/completions HTTP/1.1" 200 OK
INFO:     127.0.0.1:50736 - "POST /v1/completions HTTP/1.1" 200 OK
INFO:     127.0.0.1:50748 - "POST /v1/completions HTTP/1.1" 200 OK
Worker: http://localhost:8001, Running: 32.0, Waiting: 0.0
Worker: http://localhost:8001, qlen: 32.0
Worker: http://localhost:8001, Tokens: 495918.0
Worker: http://localhost:8002, Running: 32.0, Waiting: 0.0
Worker: http://localhost:8002, qlen: 32.0
Worker: http://localhost:8002, Tokens: 494429.0
Selected worker: http://localhost:8001
INFO:     127.0.0.1:50758 - "POST /v1/completions HTTP/1.1" 200 OK
Worker: http://localhost:8001, Running: 29.0, Waiting: 0.0
Worker: http://localhost:8001, qlen: 29.0
Worker: http://localhost:8001, Tokens: 491995.0
Worker: http://localhost:8002, Running: 31.0, Waiting: 0.0
Worker: http://localhost:8002, qlen: 31.0
Worker: http://localhost:8002, Tokens: 495133.0
Selected worker: http://localhost:8001
INFO:     127.0.0.1:50762 - "POST /v1/completions HTTP/1.1" 200 OK
Worker: http://localhost:8001, Running: 29.0, Waiting: 0.0
Worker: http://localhost:8001, qlen: 29.0
Worker: http://localhost:8001, Tokens: 492257.0
Worker: http://localhost:8002, Running: 31.0, Waiting: 0.0
Worker: http://localhost:8002, qlen: 31.0
Worker: http://localhost:8002, Tokens: 494873.0
Selected worker: http://localhost:8001
INFO:     127.0.0.1:50764 - "POST /v1/completions HTTP/1.1" 200 OK
Worker: http://localhost:8001, Running: 30.0, Waiting: 1.0
Worker: http://localhost:8001, qlen: 30.0
Worker: http://localhost:8001, Tokens: 492024.0
Worker: http://localhost:8002, Running: 30.0, Waiting: 0.0
Worker: http://localhost:8002, qlen: 30.0
Worker: http://localhost:8002, Tokens: 494755.0
Selected worker: http://localhost:8001
INFO:     127.0.0.1:50772 - "POST /v1/completions HTTP/1.1" 200 OK
Worker: http://localhost:8001, Running: 30.0, Waiting: 1.0
Worker: http://localhost:8001, qlen: 30.0
Worker: http://localhost:8001, Tokens: 492303.0
Worker: http://localhost:8002, Running: 30.0, Waiting: 0.0
Worker: http://localhost:8002, qlen: 30.0
Worker: http://localhost:8002, Tokens: 494755.0
Selected worker: http://localhost:8001
INFO:     127.0.0.1:50778 - "POST /v1/completions HTTP/1.1" 200 OK
Worker: http://localhost:8001, Running: 34.0, Waiting: 0.0
Worker: http://localhost:8001, qlen: 34.0
Worker: http://localhost:8001, Tokens: 496946.0
Worker: http://localhost:8002, Running: 28.0, Waiting: 0.0
Worker: http://localhost:8002, qlen: 28.0
Worker: http://localhost:8002, Tokens: 493958.0
Selected worker: http://localhost:8002
INFO:     127.0.0.1:50790 - "POST /v1/completions HTTP/1.1" 200 OK
Worker: http://localhost:8001, Running: 36.0, Waiting: 0.0
Worker: http://localhost:8001, qlen: 36.0
Worker: http://localhost:8001, Tokens: 496708.0
Worker: http://localhost:8002, Running: 27.0, Waiting: 0.0
Worker: http://localhost:8002, qlen: 27.0
Worker: http://localhost:8002, Tokens: 495674.0
Selected worker: http://localhost:8002
Worker: http://localhost:8001, Running: 36.0, Waiting: 0.0
Worker: http://localhost:8001, qlen: 36.0
Worker: http://localhost:8001, Tokens: 496708.0
Worker: http://localhost:8002, Running: 27.0, Waiting: 0.0
Worker: http://localhost:8002, qlen: 27.0
Worker: http://localhost:8002, Tokens: 495933.0
Selected worker: http://localhost:8002
INFO:     127.0.0.1:50806 - "POST /v1/completions HTTP/1.1" 200 OK
INFO:     127.0.0.1:50814 - "POST /v1/completions HTTP/1.1" 200 OK
Worker: http://localhost:8001, Running: 34.0, Waiting: 0.0
Worker: http://localhost:8001, qlen: 34.0
Worker: http://localhost:8001, Tokens: 497539.0
Worker: http://localhost:8002, Running: 30.0, Waiting: 0.0
Worker: http://localhost:8002, qlen: 30.0
Worker: http://localhost:8002, Tokens: 497416.0
Selected worker: http://localhost:8002
INFO:     127.0.0.1:50822 - "POST /v1/completions HTTP/1.1" 200 OK
Worker: http://localhost:8001, Running: 34.0, Waiting: 0.0
Worker: http://localhost:8001, qlen: 34.0
Worker: http://localhost:8001, Tokens: 497513.0
Worker: http://localhost:8002, Running: 30.0, Waiting: 0.0
Worker: http://localhost:8002, qlen: 30.0
Worker: http://localhost:8002, Tokens: 497977.0
Selected worker: http://localhost:8002
INFO:     127.0.0.1:50824 - "POST /v1/completions HTTP/1.1" 200 OK
Worker: http://localhost:8001, Running: 33.0, Waiting: 0.0
Worker: http://localhost:8001, qlen: 33.0
Worker: http://localhost:8001, Tokens: 497880.0
Worker: http://localhost:8002, Running: 31.0, Waiting: 0.0
Worker: http://localhost:8002, qlen: 31.0
Worker: http://localhost:8002, Tokens: 498225.0
Selected worker: http://localhost:8002
INFO:     127.0.0.1:50832 - "POST /v1/completions HTTP/1.1" 200 OK
Worker: http://localhost:8001, Running: 32.0, Waiting: 0.0
Worker: http://localhost:8001, qlen: 32.0
Worker: http://localhost:8001, Tokens: 498304.0
Worker: http://localhost:8002, Running: 31.0, Waiting: 0.0
Worker: http://localhost:8002, qlen: 31.0
Worker: http://localhost:8002, Tokens: 498058.0
Selected worker: http://localhost:8002
INFO:     127.0.0.1:50838 - "POST /v1/completions HTTP/1.1" 200 OK
Worker: http://localhost:8001, Running: 32.0, Waiting: 0.0
Worker: http://localhost:8001, qlen: 32.0
Worker: http://localhost:8001, Tokens: 493330.0
Worker: http://localhost:8002, Running: 32.0, Waiting: 0.0
Worker: http://localhost:8002, qlen: 32.0
Worker: http://localhost:8002, Tokens: 498747.0
Selected worker: http://localhost:8002
INFO:     127.0.0.1:50852 - "POST /v1/completions HTTP/1.1" 200 OK
Worker: http://localhost:8001, Running: 31.0, Waiting: 0.0
Worker: http://localhost:8001, qlen: 31.0
Worker: http://localhost:8001, Tokens: 499647.0
Worker: http://localhost:8002, Running: 33.0, Waiting: 0.0
Worker: http://localhost:8002, qlen: 33.0
Worker: http://localhost:8002, Tokens: 499621.0
Selected worker: http://localhost:8001
INFO:     127.0.0.1:55320 - "POST /v1/completions HTTP/1.1" 200 OK
Worker: http://localhost:8001, Running: 29.0, Waiting: 0.0
Worker: http://localhost:8001, qlen: 29.0
Worker: http://localhost:8001, Tokens: 500162.0
Worker: http://localhost:8002, Running: 32.0, Waiting: 0.0
Worker: http://localhost:8002, qlen: 32.0
Worker: http://localhost:8002, Tokens: 500317.0
Selected worker: http://localhost:8001
Worker: http://localhost:8001, Running: 29.0, Waiting: 0.0
Worker: http://localhost:8001, qlen: 29.0
Worker: http://localhost:8001, Tokens: 500446.0
Worker: http://localhost:8002, Running: 32.0, Waiting: 0.0
Worker: http://localhost:8002, qlen: 32.0
Worker: http://localhost:8002, Tokens: 500317.0
Selected worker: http://localhost:8001
INFO:     127.0.0.1:55326 - "POST /v1/completions HTTP/1.1" 200 OK
INFO:     127.0.0.1:55336 - "POST /v1/completions HTTP/1.1" 200 OK
Worker: http://localhost:8001, Running: 29.0, Waiting: 0.0
Worker: http://localhost:8001, qlen: 29.0
Worker: http://localhost:8001, Tokens: 500741.0
Worker: http://localhost:8002, Running: 32.0, Waiting: 0.0
Worker: http://localhost:8002, qlen: 32.0
Worker: http://localhost:8002, Tokens: 500317.0
Selected worker: http://localhost:8001
INFO:     127.0.0.1:55352 - "POST /v1/completions HTTP/1.1" 200 OK
Worker: http://localhost:8001, Running: 29.0, Waiting: 0.0
Worker: http://localhost:8001, qlen: 29.0
Worker: http://localhost:8001, Tokens: 500470.0
Worker: http://localhost:8002, Running: 32.0, Waiting: 0.0
Worker: http://localhost:8002, qlen: 32.0
Worker: http://localhost:8002, Tokens: 496675.0
Selected worker: http://localhost:8001
INFO:     127.0.0.1:55368 - "POST /v1/completions HTTP/1.1" 200 OK
Worker: http://localhost:8001, Running: 29.0, Waiting: 0.0
Worker: http://localhost:8001, qlen: 29.0
Worker: http://localhost:8001, Tokens: 500764.0
Worker: http://localhost:8002, Running: 32.0, Waiting: 0.0
Worker: http://localhost:8002, qlen: 32.0
Worker: http://localhost:8002, Tokens: 496675.0
Selected worker: http://localhost:8001
Worker: http://localhost:8001, Running: 29.0, Waiting: 0.0
Worker: http://localhost:8001, qlen: 29.0
Worker: http://localhost:8001, Tokens: 501034.0
Worker: http://localhost:8002, Running: 32.0, Waiting: 0.0
Worker: http://localhost:8002, qlen: 32.0
Worker: http://localhost:8002, Tokens: 496675.0
Selected worker: http://localhost:8001
Worker: http://localhost:8001, Running: 29.0, Waiting: 0.0
Worker: http://localhost:8001, qlen: 29.0
Worker: http://localhost:8001, Tokens: 501299.0
Worker: http://localhost:8002, Running: 32.0, Waiting: 0.0
Worker: http://localhost:8002, qlen: 32.0
Worker: http://localhost:8002, Tokens: 496675.0
Selected worker: http://localhost:8001
INFO:     127.0.0.1:55372 - "POST /v1/completions HTTP/1.1" 200 OK
INFO:     127.0.0.1:55380 - "POST /v1/completions HTTP/1.1" 200 OK
INFO:     127.0.0.1:55386 - "POST /v1/completions HTTP/1.1" 200 OK
Worker: http://localhost:8001, Running: 30.0, Waiting: 0.0
Worker: http://localhost:8001, qlen: 30.0
Worker: http://localhost:8001, Tokens: 500598.0
Worker: http://localhost:8002, Running: 30.0, Waiting: 0.0
Worker: http://localhost:8002, qlen: 30.0
Worker: http://localhost:8002, Tokens: 500042.0
Selected worker: http://localhost:8002
Worker: http://localhost:8001, Running: 30.0, Waiting: 0.0
Worker: http://localhost:8001, qlen: 30.0
Worker: http://localhost:8001, Tokens: 500598.0
Worker: http://localhost:8002, Running: 30.0, Waiting: 0.0
Worker: http://localhost:8002, qlen: 30.0
Worker: http://localhost:8002, Tokens: 503247.0
Selected worker: http://localhost:8001
INFO:     127.0.0.1:55392 - "POST /v1/completions HTTP/1.1" 200 OK
INFO:     127.0.0.1:55402 - "POST /v1/completions HTTP/1.1" 200 OK
Worker: http://localhost:8001, Running: 35.0, Waiting: 0.0
Worker: http://localhost:8001, qlen: 35.0
Worker: http://localhost:8001, Tokens: 501146.0
Worker: http://localhost:8002, Running: 29.0, Waiting: 0.0
Worker: http://localhost:8002, qlen: 29.0
Worker: http://localhost:8002, Tokens: 500767.0
Selected worker: http://localhost:8002
INFO:     127.0.0.1:55406 - "POST /v1/completions HTTP/1.1" 200 OK
Worker: http://localhost:8001, Running: 35.0, Waiting: 0.0
Worker: http://localhost:8001, qlen: 35.0
Worker: http://localhost:8001, Tokens: 501531.0
Worker: http://localhost:8002, Running: 28.0, Waiting: 0.0
Worker: http://localhost:8002, qlen: 28.0
Worker: http://localhost:8002, Tokens: 503660.0
Selected worker: http://localhost:8002
INFO:     127.0.0.1:55420 - "POST /v1/completions HTTP/1.1" 200 OK
