/home/jrxing/rayLearning/python/throught_aware_router_demo/router.py:290: DeprecationWarning: 
        on_event is deprecated, use lifespan event handlers instead.

        Read more about it in the
        [FastAPI docs for Lifespan Events](https://fastapi.tiangolo.com/advanced/events/).
        
  @app.on_event("shutdown")
/home/jrxing/rayLearning/python/throught_aware_router_demo/router.py:309: DeprecationWarning: 
        on_event is deprecated, use lifespan event handlers instead.

        Read more about it in the
        [FastAPI docs for Lifespan Events](https://fastapi.tiangolo.com/advanced/events/).
        
  @app.on_event("startup")
INFO:     Started server process [7689]
INFO:     Waiting for application startup.
INFO:     Application startup complete.
INFO:     Uvicorn running on http://0.0.0.0:8000 (Press CTRL+C to quit)
Initialized with strategy: pow_2
Worker: http://localhost:8001, Running: 0.0, Waiting: 0.0
Worker: http://localhost:8001, qlen: 0.0
Worker: http://localhost:8001, Tokens: 0.0
Worker: http://localhost:8002, Running: 0.0, Waiting: 0.0
Worker: http://localhost:8002, qlen: 0.0
Worker: http://localhost:8002, Tokens: 0.0
Selected worker: http://localhost:8001
INFO:     127.0.0.1:35448 - "GET /v1/models HTTP/1.1" 200 OK
Worker: http://localhost:8001, Running: 0.0, Waiting: 0.0
Worker: http://localhost:8001, qlen: 0.0
Worker: http://localhost:8001, Tokens: 0.0
Worker: http://localhost:8002, Running: 0.0, Waiting: 0.0
Worker: http://localhost:8002, qlen: 0.0
Worker: http://localhost:8002, Tokens: 0.0
Selected worker: http://localhost:8001
INFO:     127.0.0.1:35460 - "POST /v1/completions HTTP/1.1" 200 OK
Worker: http://localhost:8001, Running: 0.0, Waiting: 0.0
Worker: http://localhost:8001, qlen: 0.0
Worker: http://localhost:8001, Tokens: 121.0
Worker: http://localhost:8002, Running: 0.0, Waiting: 0.0
Worker: http://localhost:8002, qlen: 0.0
Worker: http://localhost:8002, Tokens: 0.0
Selected worker: http://localhost:8002
Worker: http://localhost:8001, Running: 0.0, Waiting: 0.0
Worker: http://localhost:8001, qlen: 0.0
Worker: http://localhost:8001, Tokens: 121.0
Worker: http://localhost:8002, Running: 0.0, Waiting: 0.0
Worker: http://localhost:8002, qlen: 0.0
Worker: http://localhost:8002, Tokens: 273.0
Selected worker: http://localhost:8002
Worker: http://localhost:8001, Running: 0.0, Waiting: 0.0
Worker: http://localhost:8001, qlen: 0.0
Worker: http://localhost:8001, Tokens: 121.0
Worker: http://localhost:8002, Running: 0.0, Waiting: 0.0
Worker: http://localhost:8002, qlen: 0.0
Worker: http://localhost:8002, Tokens: 532.0
Selected worker: http://localhost:8002
Worker: http://localhost:8001, Running: 0.0, Waiting: 0.0
Worker: http://localhost:8001, qlen: 0.0
Worker: http://localhost:8001, Tokens: 121.0
Worker: http://localhost:8002, Running: 0.0, Waiting: 0.0
Worker: http://localhost:8002, qlen: 0.0
Worker: http://localhost:8002, Tokens: 800.0
Selected worker: http://localhost:8002
Worker: http://localhost:8001, Running: 0.0, Waiting: 0.0
Worker: http://localhost:8001, qlen: 0.0
Worker: http://localhost:8001, Tokens: 121.0
Worker: http://localhost:8002, Running: 0.0, Waiting: 0.0
Worker: http://localhost:8002, qlen: 0.0
Worker: http://localhost:8002, Tokens: 1063.0
Selected worker: http://localhost:8001
Worker: http://localhost:8001, Running: 0.0, Waiting: 0.0
Worker: http://localhost:8001, qlen: 0.0
Worker: http://localhost:8001, Tokens: 402.0
Worker: http://localhost:8002, Running: 0.0, Waiting: 0.0
Worker: http://localhost:8002, qlen: 0.0
Worker: http://localhost:8002, Tokens: 1063.0
Selected worker: http://localhost:8001
Worker: http://localhost:8001, Running: 0.0, Waiting: 0.0
Worker: http://localhost:8001, qlen: 0.0
Worker: http://localhost:8001, Tokens: 681.0
Worker: http://localhost:8002, Running: 0.0, Waiting: 0.0
Worker: http://localhost:8002, qlen: 0.0
Worker: http://localhost:8002, Tokens: 1063.0
Selected worker: http://localhost:8002
Worker: http://localhost:8001, Running: 0.0, Waiting: 0.0
Worker: http://localhost:8001, qlen: 0.0
Worker: http://localhost:8001, Tokens: 681.0
Worker: http://localhost:8002, Running: 0.0, Waiting: 0.0
Worker: http://localhost:8002, qlen: 0.0
Worker: http://localhost:8002, Tokens: 1329.0
Selected worker: http://localhost:8002
Worker: http://localhost:8001, Running: 0.0, Waiting: 0.0
Worker: http://localhost:8001, qlen: 0.0
Worker: http://localhost:8001, Tokens: 681.0
Worker: http://localhost:8002, Running: 0.0, Waiting: 0.0
Worker: http://localhost:8002, qlen: 0.0
Worker: http://localhost:8002, Tokens: 1591.0
Selected worker: http://localhost:8001
Worker: http://localhost:8001, Running: 0.0, Waiting: 0.0
Worker: http://localhost:8001, qlen: 0.0
Worker: http://localhost:8001, Tokens: 972.0
Worker: http://localhost:8002, Running: 0.0, Waiting: 0.0
Worker: http://localhost:8002, qlen: 0.0
Worker: http://localhost:8002, Tokens: 1591.0
Selected worker: http://localhost:8001
Worker: http://localhost:8001, Running: 0.0, Waiting: 0.0
Worker: http://localhost:8001, qlen: 0.0
Worker: http://localhost:8001, Tokens: 1239.0
Worker: http://localhost:8002, Running: 0.0, Waiting: 0.0
Worker: http://localhost:8002, qlen: 0.0
Worker: http://localhost:8002, Tokens: 1591.0
Selected worker: http://localhost:8001
Worker: http://localhost:8001, Running: 0.0, Waiting: 0.0
Worker: http://localhost:8001, qlen: 0.0
Worker: http://localhost:8001, Tokens: 1504.0
Worker: http://localhost:8002, Running: 0.0, Waiting: 0.0
Worker: http://localhost:8002, qlen: 0.0
Worker: http://localhost:8002, Tokens: 1591.0
Selected worker: http://localhost:8001
Worker: http://localhost:8001, Running: 0.0, Waiting: 0.0
Worker: http://localhost:8001, qlen: 0.0
Worker: http://localhost:8001, Tokens: 1783.0
Worker: http://localhost:8002, Running: 0.0, Waiting: 0.0
Worker: http://localhost:8002, qlen: 0.0
Worker: http://localhost:8002, Tokens: 1591.0
Selected worker: http://localhost:8002
Worker: http://localhost:8001, Running: 0.0, Waiting: 0.0
Worker: http://localhost:8001, qlen: 0.0
Worker: http://localhost:8001, Tokens: 1783.0
Worker: http://localhost:8002, Running: 0.0, Waiting: 0.0
Worker: http://localhost:8002, qlen: 0.0
Worker: http://localhost:8002, Tokens: 3070.0
Selected worker: http://localhost:8001
Worker: http://localhost:8001, Running: 0.0, Waiting: 0.0
Worker: http://localhost:8001, qlen: 0.0
Worker: http://localhost:8001, Tokens: 2057.0
Worker: http://localhost:8002, Running: 0.0, Waiting: 0.0
Worker: http://localhost:8002, qlen: 0.0
Worker: http://localhost:8002, Tokens: 3070.0
Selected worker: http://localhost:8001
Worker: http://localhost:8001, Running: 0.0, Waiting: 0.0
Worker: http://localhost:8001, qlen: 0.0
Worker: http://localhost:8001, Tokens: 2344.0
Worker: http://localhost:8002, Running: 0.0, Waiting: 0.0
Worker: http://localhost:8002, qlen: 0.0
Worker: http://localhost:8002, Tokens: 3070.0
Selected worker: http://localhost:8001
Worker: http://localhost:8001, Running: 0.0, Waiting: 0.0
Worker: http://localhost:8001, qlen: 0.0
Worker: http://localhost:8001, Tokens: 2637.0
Worker: http://localhost:8002, Running: 0.0, Waiting: 0.0
Worker: http://localhost:8002, qlen: 0.0
Worker: http://localhost:8002, Tokens: 3070.0
Selected worker: http://localhost:8002
Worker: http://localhost:8001, Running: 0.0, Waiting: 0.0
Worker: http://localhost:8001, qlen: 0.0
Worker: http://localhost:8001, Tokens: 2637.0
Worker: http://localhost:8002, Running: 0.0, Waiting: 0.0
Worker: http://localhost:8002, qlen: 0.0
Worker: http://localhost:8002, Tokens: 3359.0
Selected worker: http://localhost:8001
Worker: http://localhost:8001, Running: 0.0, Waiting: 0.0
Worker: http://localhost:8001, qlen: 0.0
Worker: http://localhost:8001, Tokens: 2915.0
Worker: http://localhost:8002, Running: 0.0, Waiting: 0.0
Worker: http://localhost:8002, qlen: 0.0
Worker: http://localhost:8002, Tokens: 3359.0
Selected worker: http://localhost:8002
Worker: http://localhost:8001, Running: 0.0, Waiting: 0.0
Worker: http://localhost:8001, qlen: 0.0
Worker: http://localhost:8001, Tokens: 2915.0
Worker: http://localhost:8002, Running: 0.0, Waiting: 0.0
Worker: http://localhost:8002, qlen: 0.0
Worker: http://localhost:8002, Tokens: 3651.0
Selected worker: http://localhost:8002
Worker: http://localhost:8001, Running: 0.0, Waiting: 0.0
Worker: http://localhost:8001, qlen: 0.0
Worker: http://localhost:8001, Tokens: 2915.0
Worker: http://localhost:8002, Running: 0.0, Waiting: 0.0
Worker: http://localhost:8002, qlen: 0.0
Worker: http://localhost:8002, Tokens: 3924.0
Selected worker: http://localhost:8002
Worker: http://localhost:8001, Running: 0.0, Waiting: 0.0
Worker: http://localhost:8001, qlen: 0.0
Worker: http://localhost:8001, Tokens: 2915.0
Worker: http://localhost:8002, Running: 0.0, Waiting: 0.0
Worker: http://localhost:8002, qlen: 0.0
Worker: http://localhost:8002, Tokens: 4205.0
Selected worker: http://localhost:8001
Worker: http://localhost:8001, Running: 0.0, Waiting: 0.0
Worker: http://localhost:8001, qlen: 0.0
Worker: http://localhost:8001, Tokens: 4617.0
Worker: http://localhost:8002, Running: 0.0, Waiting: 0.0
Worker: http://localhost:8002, qlen: 0.0
Worker: http://localhost:8002, Tokens: 4205.0
Selected worker: http://localhost:8001
Worker: http://localhost:8001, Running: 0.0, Waiting: 0.0
Worker: http://localhost:8001, qlen: 0.0
Worker: http://localhost:8001, Tokens: 4901.0
Worker: http://localhost:8002, Running: 0.0, Waiting: 0.0
Worker: http://localhost:8002, qlen: 0.0
Worker: http://localhost:8002, Tokens: 4205.0
Selected worker: http://localhost:8001
Worker: http://localhost:8001, Running: 0.0, Waiting: 0.0
Worker: http://localhost:8001, qlen: 0.0
Worker: http://localhost:8001, Tokens: 5167.0
Worker: http://localhost:8002, Running: 0.0, Waiting: 0.0
Worker: http://localhost:8002, qlen: 0.0
Worker: http://localhost:8002, Tokens: 4205.0
Selected worker: http://localhost:8002
Worker: http://localhost:8001, Running: 0.0, Waiting: 0.0
Worker: http://localhost:8001, qlen: 0.0
Worker: http://localhost:8001, Tokens: 5167.0
Worker: http://localhost:8002, Running: 0.0, Waiting: 0.0
Worker: http://localhost:8002, qlen: 0.0
Worker: http://localhost:8002, Tokens: 4507.0
Selected worker: http://localhost:8002
Worker: http://localhost:8001, Running: 0.0, Waiting: 0.0
Worker: http://localhost:8001, qlen: 0.0
Worker: http://localhost:8001, Tokens: 5167.0
Worker: http://localhost:8002, Running: 0.0, Waiting: 0.0
Worker: http://localhost:8002, qlen: 0.0
Worker: http://localhost:8002, Tokens: 4787.0
Selected worker: http://localhost:8001
Worker: http://localhost:8001, Running: 0.0, Waiting: 0.0
Worker: http://localhost:8001, qlen: 0.0
Worker: http://localhost:8001, Tokens: 5436.0
Worker: http://localhost:8002, Running: 0.0, Waiting: 0.0
Worker: http://localhost:8002, qlen: 0.0
Worker: http://localhost:8002, Tokens: 4787.0
Selected worker: http://localhost:8001
Worker: http://localhost:8001, Running: 0.0, Waiting: 0.0
Worker: http://localhost:8001, qlen: 0.0
Worker: http://localhost:8001, Tokens: 5715.0
Worker: http://localhost:8002, Running: 0.0, Waiting: 0.0
Worker: http://localhost:8002, qlen: 0.0
Worker: http://localhost:8002, Tokens: 4787.0
Selected worker: http://localhost:8001
Worker: http://localhost:8001, Running: 0.0, Waiting: 0.0
Worker: http://localhost:8001, qlen: 0.0
Worker: http://localhost:8001, Tokens: 5981.0
Worker: http://localhost:8002, Running: 0.0, Waiting: 0.0
Worker: http://localhost:8002, qlen: 0.0
Worker: http://localhost:8002, Tokens: 4787.0
Selected worker: http://localhost:8002
Worker: http://localhost:8001, Running: 0.0, Waiting: 0.0
Worker: http://localhost:8001, qlen: 0.0
Worker: http://localhost:8001, Tokens: 5981.0
Worker: http://localhost:8002, Running: 0.0, Waiting: 0.0
Worker: http://localhost:8002, qlen: 0.0
Worker: http://localhost:8002, Tokens: 5088.0
Selected worker: http://localhost:8001
Worker: http://localhost:8001, Running: 0.0, Waiting: 0.0
Worker: http://localhost:8001, qlen: 0.0
Worker: http://localhost:8001, Tokens: 6264.0
Worker: http://localhost:8002, Running: 0.0, Waiting: 0.0
Worker: http://localhost:8002, qlen: 0.0
Worker: http://localhost:8002, Tokens: 5088.0
Selected worker: http://localhost:8001
Worker: http://localhost:8001, Running: 0.0, Waiting: 0.0
Worker: http://localhost:8001, qlen: 0.0
Worker: http://localhost:8001, Tokens: 6546.0
Worker: http://localhost:8002, Running: 0.0, Waiting: 0.0
Worker: http://localhost:8002, qlen: 0.0
Worker: http://localhost:8002, Tokens: 5088.0
Selected worker: http://localhost:8002
Worker: http://localhost:8001, Running: 0.0, Waiting: 0.0
Worker: http://localhost:8001, qlen: 0.0
Worker: http://localhost:8001, Tokens: 6546.0
Worker: http://localhost:8002, Running: 0.0, Waiting: 0.0
Worker: http://localhost:8002, qlen: 0.0
Worker: http://localhost:8002, Tokens: 5368.0
Selected worker: http://localhost:8001
Worker: http://localhost:8001, Running: 0.0, Waiting: 0.0
Worker: http://localhost:8001, qlen: 0.0
Worker: http://localhost:8001, Tokens: 6817.0
Worker: http://localhost:8002, Running: 0.0, Waiting: 0.0
Worker: http://localhost:8002, qlen: 0.0
Worker: http://localhost:8002, Tokens: 5368.0
Selected worker: http://localhost:8001
Worker: http://localhost:8001, Running: 0.0, Waiting: 0.0
Worker: http://localhost:8001, qlen: 0.0
Worker: http://localhost:8001, Tokens: 7077.0
Worker: http://localhost:8002, Running: 0.0, Waiting: 0.0
Worker: http://localhost:8002, qlen: 0.0
Worker: http://localhost:8002, Tokens: 5368.0
Selected worker: http://localhost:8001
Worker: http://localhost:8001, Running: 0.0, Waiting: 0.0
Worker: http://localhost:8001, qlen: 0.0
Worker: http://localhost:8001, Tokens: 8881.0
Worker: http://localhost:8002, Running: 0.0, Waiting: 0.0
Worker: http://localhost:8002, qlen: 0.0
Worker: http://localhost:8002, Tokens: 5368.0
Selected worker: http://localhost:8002
Worker: http://localhost:8001, Running: 0.0, Waiting: 0.0
Worker: http://localhost:8001, qlen: 0.0
Worker: http://localhost:8001, Tokens: 8881.0
Worker: http://localhost:8002, Running: 0.0, Waiting: 0.0
Worker: http://localhost:8002, qlen: 0.0
Worker: http://localhost:8002, Tokens: 5638.0
Selected worker: http://localhost:8001
Worker: http://localhost:8001, Running: 0.0, Waiting: 0.0
Worker: http://localhost:8001, qlen: 0.0
Worker: http://localhost:8001, Tokens: 9144.0
Worker: http://localhost:8002, Running: 0.0, Waiting: 0.0
Worker: http://localhost:8002, qlen: 0.0
Worker: http://localhost:8002, Tokens: 5638.0
Selected worker: http://localhost:8002
Worker: http://localhost:8001, Running: 0.0, Waiting: 0.0
Worker: http://localhost:8001, qlen: 0.0
Worker: http://localhost:8001, Tokens: 9144.0
Worker: http://localhost:8002, Running: 0.0, Waiting: 0.0
Worker: http://localhost:8002, qlen: 0.0
Worker: http://localhost:8002, Tokens: 5902.0
Selected worker: http://localhost:8002
Worker: http://localhost:8001, Running: 0.0, Waiting: 0.0
Worker: http://localhost:8001, qlen: 0.0
Worker: http://localhost:8001, Tokens: 9144.0
Worker: http://localhost:8002, Running: 0.0, Waiting: 0.0
Worker: http://localhost:8002, qlen: 0.0
Worker: http://localhost:8002, Tokens: 7238.0
Selected worker: http://localhost:8001
Worker: http://localhost:8001, Running: 0.0, Waiting: 0.0
Worker: http://localhost:8001, qlen: 0.0
Worker: http://localhost:8001, Tokens: 11097.0
Worker: http://localhost:8002, Running: 0.0, Waiting: 0.0
Worker: http://localhost:8002, qlen: 0.0
Worker: http://localhost:8002, Tokens: 7238.0
Selected worker: http://localhost:8001
Worker: http://localhost:8001, Running: 0.0, Waiting: 0.0
Worker: http://localhost:8001, qlen: 0.0
Worker: http://localhost:8001, Tokens: 14276.0
Worker: http://localhost:8002, Running: 0.0, Waiting: 0.0
Worker: http://localhost:8002, qlen: 0.0
Worker: http://localhost:8002, Tokens: 7238.0
Selected worker: http://localhost:8001
Worker: http://localhost:8001, Running: 0.0, Waiting: 0.0
Worker: http://localhost:8001, qlen: 0.0
Worker: http://localhost:8001, Tokens: 14548.0
Worker: http://localhost:8002, Running: 0.0, Waiting: 0.0
Worker: http://localhost:8002, qlen: 0.0
Worker: http://localhost:8002, Tokens: 7238.0
Selected worker: http://localhost:8002
Worker: http://localhost:8001, Running: 0.0, Waiting: 0.0
Worker: http://localhost:8001, qlen: 0.0
Worker: http://localhost:8001, Tokens: 14548.0
Worker: http://localhost:8002, Running: 0.0, Waiting: 0.0
Worker: http://localhost:8002, qlen: 0.0
Worker: http://localhost:8002, Tokens: 7503.0
Selected worker: http://localhost:8002
Worker: http://localhost:8001, Running: 0.0, Waiting: 0.0
Worker: http://localhost:8001, qlen: 0.0
Worker: http://localhost:8001, Tokens: 14548.0
Worker: http://localhost:8002, Running: 0.0, Waiting: 0.0
Worker: http://localhost:8002, qlen: 0.0
Worker: http://localhost:8002, Tokens: 7781.0
Selected worker: http://localhost:8002
Worker: http://localhost:8001, Running: 0.0, Waiting: 0.0
Worker: http://localhost:8001, qlen: 0.0
Worker: http://localhost:8001, Tokens: 14548.0
Worker: http://localhost:8002, Running: 0.0, Waiting: 0.0
Worker: http://localhost:8002, qlen: 0.0
Worker: http://localhost:8002, Tokens: 8062.0
Selected worker: http://localhost:8002
Worker: http://localhost:8001, Running: 0.0, Waiting: 0.0
Worker: http://localhost:8001, qlen: 0.0
Worker: http://localhost:8001, Tokens: 14548.0
Worker: http://localhost:8002, Running: 0.0, Waiting: 0.0
Worker: http://localhost:8002, qlen: 0.0
Worker: http://localhost:8002, Tokens: 9702.0
Selected worker: http://localhost:8002
Worker: http://localhost:8001, Running: 0.0, Waiting: 0.0
Worker: http://localhost:8001, qlen: 0.0
Worker: http://localhost:8001, Tokens: 14548.0
Worker: http://localhost:8002, Running: 0.0, Waiting: 0.0
Worker: http://localhost:8002, qlen: 0.0
Worker: http://localhost:8002, Tokens: 9986.0
Selected worker: http://localhost:8002
Worker: http://localhost:8001, Running: 0.0, Waiting: 0.0
Worker: http://localhost:8001, qlen: 0.0
Worker: http://localhost:8001, Tokens: 14548.0
Worker: http://localhost:8002, Running: 0.0, Waiting: 0.0
Worker: http://localhost:8002, qlen: 0.0
Worker: http://localhost:8002, Tokens: 10252.0
Selected worker: http://localhost:8002
Worker: http://localhost:8001, Running: 0.0, Waiting: 0.0
Worker: http://localhost:8001, qlen: 0.0
Worker: http://localhost:8001, Tokens: 14548.0
Worker: http://localhost:8002, Running: 0.0, Waiting: 0.0
Worker: http://localhost:8002, qlen: 0.0
Worker: http://localhost:8002, Tokens: 16221.0
Selected worker: http://localhost:8001
Worker: http://localhost:8001, Running: 0.0, Waiting: 0.0
Worker: http://localhost:8001, qlen: 0.0
Worker: http://localhost:8001, Tokens: 14824.0
Worker: http://localhost:8002, Running: 0.0, Waiting: 0.0
Worker: http://localhost:8002, qlen: 0.0
Worker: http://localhost:8002, Tokens: 16221.0
Selected worker: http://localhost:8002
INFO:     127.0.0.1:42628 - "POST /v1/completions HTTP/1.1" 200 OK
INFO:     127.0.0.1:42634 - "POST /v1/completions HTTP/1.1" 200 OK
INFO:     127.0.0.1:42650 - "POST /v1/completions HTTP/1.1" 200 OK
INFO:     127.0.0.1:42652 - "POST /v1/completions HTTP/1.1" 200 OK
INFO:     127.0.0.1:42658 - "POST /v1/completions HTTP/1.1" 200 OK
INFO:     127.0.0.1:42670 - "POST /v1/completions HTTP/1.1" 200 OK
INFO:     127.0.0.1:42672 - "POST /v1/completions HTTP/1.1" 200 OK
INFO:     127.0.0.1:42680 - "POST /v1/completions HTTP/1.1" 200 OK
INFO:     127.0.0.1:42692 - "POST /v1/completions HTTP/1.1" 200 OK
INFO:     127.0.0.1:42696 - "POST /v1/completions HTTP/1.1" 200 OK
INFO:     127.0.0.1:42700 - "POST /v1/completions HTTP/1.1" 200 OK
INFO:     127.0.0.1:42702 - "POST /v1/completions HTTP/1.1" 200 OK
INFO:     127.0.0.1:42710 - "POST /v1/completions HTTP/1.1" 200 OK
INFO:     127.0.0.1:42716 - "POST /v1/completions HTTP/1.1" 200 OK
INFO:     127.0.0.1:42730 - "POST /v1/completions HTTP/1.1" 200 OK
INFO:     127.0.0.1:42746 - "POST /v1/completions HTTP/1.1" 200 OK
INFO:     127.0.0.1:42750 - "POST /v1/completions HTTP/1.1" 200 OK
INFO:     127.0.0.1:42762 - "POST /v1/completions HTTP/1.1" 200 OK
INFO:     127.0.0.1:42766 - "POST /v1/completions HTTP/1.1" 200 OK
INFO:     127.0.0.1:42768 - "POST /v1/completions HTTP/1.1" 200 OK
INFO:     127.0.0.1:42772 - "POST /v1/completions HTTP/1.1" 200 OK
INFO:     127.0.0.1:42780 - "POST /v1/completions HTTP/1.1" 200 OK
INFO:     127.0.0.1:42786 - "POST /v1/completions HTTP/1.1" 200 OK
INFO:     127.0.0.1:42794 - "POST /v1/completions HTTP/1.1" 200 OK
INFO:     127.0.0.1:42804 - "POST /v1/completions HTTP/1.1" 200 OK
INFO:     127.0.0.1:42816 - "POST /v1/completions HTTP/1.1" 200 OK
INFO:     127.0.0.1:42830 - "POST /v1/completions HTTP/1.1" 200 OK
INFO:     127.0.0.1:42842 - "POST /v1/completions HTTP/1.1" 200 OK
INFO:     127.0.0.1:42848 - "POST /v1/completions HTTP/1.1" 200 OK
INFO:     127.0.0.1:42864 - "POST /v1/completions HTTP/1.1" 200 OK
INFO:     127.0.0.1:42872 - "POST /v1/completions HTTP/1.1" 200 OK
INFO:     127.0.0.1:42886 - "POST /v1/completions HTTP/1.1" 200 OK
INFO:     127.0.0.1:42896 - "POST /v1/completions HTTP/1.1" 200 OK
INFO:     127.0.0.1:42902 - "POST /v1/completions HTTP/1.1" 200 OK
INFO:     127.0.0.1:42910 - "POST /v1/completions HTTP/1.1" 200 OK
INFO:     127.0.0.1:42914 - "POST /v1/completions HTTP/1.1" 200 OK
INFO:     127.0.0.1:42926 - "POST /v1/completions HTTP/1.1" 200 OK
INFO:     127.0.0.1:42942 - "POST /v1/completions HTTP/1.1" 200 OK
INFO:     127.0.0.1:42954 - "POST /v1/completions HTTP/1.1" 200 OK
INFO:     127.0.0.1:42970 - "POST /v1/completions HTTP/1.1" 200 OK
INFO:     127.0.0.1:42978 - "POST /v1/completions HTTP/1.1" 200 OK
INFO:     127.0.0.1:42980 - "POST /v1/completions HTTP/1.1" 200 OK
INFO:     127.0.0.1:42996 - "POST /v1/completions HTTP/1.1" 200 OK
INFO:     127.0.0.1:42998 - "POST /v1/completions HTTP/1.1" 200 OK
INFO:     127.0.0.1:43000 - "POST /v1/completions HTTP/1.1" 200 OK
INFO:     127.0.0.1:43008 - "POST /v1/completions HTTP/1.1" 200 OK
INFO:     127.0.0.1:43020 - "POST /v1/completions HTTP/1.1" 200 OK
INFO:     127.0.0.1:43032 - "POST /v1/completions HTTP/1.1" 200 OK
INFO:     127.0.0.1:43036 - "POST /v1/completions HTTP/1.1" 200 OK
INFO:     127.0.0.1:43044 - "POST /v1/completions HTTP/1.1" 200 OK
INFO:     127.0.0.1:43056 - "POST /v1/completions HTTP/1.1" 200 OK
INFO:     127.0.0.1:43066 - "POST /v1/completions HTTP/1.1" 200 OK
Worker: http://localhost:8001, Running: 0.0, Waiting: 0.0
Worker: http://localhost:8001, qlen: 0.0
Worker: http://localhost:8001, Tokens: 14824.0
Worker: http://localhost:8002, Running: 0.0, Waiting: 0.0
Worker: http://localhost:8002, qlen: 0.0
Worker: http://localhost:8002, Tokens: 16496.0
Selected worker: http://localhost:8002
INFO:     127.0.0.1:43076 - "POST /v1/completions HTTP/1.1" 200 OK
Worker: http://localhost:8001, Running: 0.0, Waiting: 0.0
Worker: http://localhost:8001, qlen: 0.0
Worker: http://localhost:8001, Tokens: 14824.0
Worker: http://localhost:8002, Running: 0.0, Waiting: 0.0
Worker: http://localhost:8002, qlen: 0.0
Worker: http://localhost:8002, Tokens: 16793.0
Selected worker: http://localhost:8001
INFO:     127.0.0.1:43080 - "POST /v1/completions HTTP/1.1" 200 OK
Worker: http://localhost:8001, Running: 0.0, Waiting: 0.0
Worker: http://localhost:8001, qlen: 0.0
Worker: http://localhost:8001, Tokens: 16557.0
Worker: http://localhost:8002, Running: 0.0, Waiting: 0.0
Worker: http://localhost:8002, qlen: 0.0
Worker: http://localhost:8002, Tokens: 16793.0
Selected worker: http://localhost:8002
INFO:     127.0.0.1:43094 - "POST /v1/completions HTTP/1.1" 200 OK
Worker: http://localhost:8001, Running: 0.0, Waiting: 0.0
Worker: http://localhost:8001, qlen: 0.0
Worker: http://localhost:8001, Tokens: 16557.0
Worker: http://localhost:8002, Running: 0.0, Waiting: 0.0
Worker: http://localhost:8002, qlen: 0.0
Worker: http://localhost:8002, Tokens: 17058.0
Selected worker: http://localhost:8002
INFO:     127.0.0.1:43102 - "POST /v1/completions HTTP/1.1" 200 OK
Worker: http://localhost:8001, Running: 0.0, Waiting: 0.0
Worker: http://localhost:8001, qlen: 0.0
Worker: http://localhost:8001, Tokens: 16557.0
Worker: http://localhost:8002, Running: 0.0, Waiting: 0.0
Worker: http://localhost:8002, qlen: 0.0
Worker: http://localhost:8002, Tokens: 17322.0
Selected worker: http://localhost:8001
INFO:     127.0.0.1:43106 - "POST /v1/completions HTTP/1.1" 200 OK
Worker: http://localhost:8001, Running: 0.0, Waiting: 0.0
Worker: http://localhost:8001, qlen: 0.0
Worker: http://localhost:8001, Tokens: 16822.0
Worker: http://localhost:8002, Running: 0.0, Waiting: 0.0
Worker: http://localhost:8002, qlen: 0.0
Worker: http://localhost:8002, Tokens: 17322.0
Selected worker: http://localhost:8002
INFO:     127.0.0.1:43116 - "POST /v1/completions HTTP/1.1" 200 OK
Worker: http://localhost:8001, Running: 0.0, Waiting: 0.0
Worker: http://localhost:8001, qlen: 0.0
Worker: http://localhost:8001, Tokens: 16822.0
Worker: http://localhost:8002, Running: 0.0, Waiting: 0.0
Worker: http://localhost:8002, qlen: 0.0
Worker: http://localhost:8002, Tokens: 17586.0
Selected worker: http://localhost:8001
INFO:     127.0.0.1:43122 - "POST /v1/completions HTTP/1.1" 200 OK
Worker: http://localhost:8001, Running: 0.0, Waiting: 0.0
Worker: http://localhost:8001, qlen: 0.0
Worker: http://localhost:8001, Tokens: 18121.0
Worker: http://localhost:8002, Running: 0.0, Waiting: 0.0
Worker: http://localhost:8002, qlen: 0.0
Worker: http://localhost:8002, Tokens: 17586.0
Selected worker: http://localhost:8001
INFO:     127.0.0.1:43136 - "POST /v1/completions HTTP/1.1" 200 OK
Worker: http://localhost:8001, Running: 0.0, Waiting: 0.0
Worker: http://localhost:8001, qlen: 0.0
Worker: http://localhost:8001, Tokens: 18386.0
Worker: http://localhost:8002, Running: 0.0, Waiting: 0.0
Worker: http://localhost:8002, qlen: 0.0
Worker: http://localhost:8002, Tokens: 17586.0
Selected worker: http://localhost:8001
INFO:     127.0.0.1:43148 - "POST /v1/completions HTTP/1.1" 200 OK
Worker: http://localhost:8001, Running: 0.0, Waiting: 0.0
Worker: http://localhost:8001, qlen: 0.0
Worker: http://localhost:8001, Tokens: 19776.0
Worker: http://localhost:8002, Running: 0.0, Waiting: 0.0
Worker: http://localhost:8002, qlen: 0.0
Worker: http://localhost:8002, Tokens: 0.0
Selected worker: http://localhost:8001
INFO:     127.0.0.1:43162 - "POST /v1/completions HTTP/1.1" 200 OK
Worker: http://localhost:8001, Running: 0.0, Waiting: 0.0
Worker: http://localhost:8001, qlen: 0.0
Worker: http://localhost:8001, Tokens: 21341.0
Worker: http://localhost:8002, Running: 0.0, Waiting: 0.0
Worker: http://localhost:8002, qlen: 0.0
Worker: http://localhost:8002, Tokens: 0.0
Selected worker: http://localhost:8002
INFO:     127.0.0.1:43170 - "POST /v1/completions HTTP/1.1" 200 OK
Worker: http://localhost:8001, Running: 0.0, Waiting: 0.0
Worker: http://localhost:8001, qlen: 0.0
Worker: http://localhost:8001, Tokens: 21341.0
Worker: http://localhost:8002, Running: 0.0, Waiting: 0.0
Worker: http://localhost:8002, qlen: 0.0
Worker: http://localhost:8002, Tokens: 266.0
Selected worker: http://localhost:8001
INFO:     127.0.0.1:43172 - "POST /v1/completions HTTP/1.1" 200 OK
Worker: http://localhost:8001, Running: 33.0, Waiting: 0.0
Worker: http://localhost:8001, qlen: 33.0
Worker: http://localhost:8001, Tokens: 21417.0
Worker: http://localhost:8002, Running: 15.0, Waiting: 0.0
Worker: http://localhost:8002, qlen: 15.0
Worker: http://localhost:8002, Tokens: 14887.0
Selected worker: http://localhost:8002
Worker: http://localhost:8001, Running: 33.0, Waiting: 0.0
Worker: http://localhost:8001, qlen: 33.0
Worker: http://localhost:8001, Tokens: 21417.0
Worker: http://localhost:8002, Running: 15.0, Waiting: 0.0
Worker: http://localhost:8002, qlen: 15.0
Worker: http://localhost:8002, Tokens: 15155.0
Selected worker: http://localhost:8002
Worker: http://localhost:8001, Running: 33.0, Waiting: 0.0
Worker: http://localhost:8001, qlen: 33.0
Worker: http://localhost:8001, Tokens: 21417.0
Worker: http://localhost:8002, Running: 15.0, Waiting: 0.0
Worker: http://localhost:8002, qlen: 15.0
Worker: http://localhost:8002, Tokens: 15460.0
Selected worker: http://localhost:8002
Worker: http://localhost:8001, Running: 33.0, Waiting: 0.0
Worker: http://localhost:8001, qlen: 33.0
Worker: http://localhost:8001, Tokens: 21417.0
Worker: http://localhost:8002, Running: 15.0, Waiting: 0.0
Worker: http://localhost:8002, qlen: 15.0
Worker: http://localhost:8002, Tokens: 17041.0
Selected worker: http://localhost:8002
Worker: http://localhost:8001, Running: 33.0, Waiting: 0.0
Worker: http://localhost:8001, qlen: 33.0
Worker: http://localhost:8001, Tokens: 21417.0
Worker: http://localhost:8002, Running: 15.0, Waiting: 0.0
Worker: http://localhost:8002, qlen: 15.0
Worker: http://localhost:8002, Tokens: 18530.0
Selected worker: http://localhost:8002
Worker: http://localhost:8001, Running: 33.0, Waiting: 0.0
Worker: http://localhost:8001, qlen: 33.0
Worker: http://localhost:8001, Tokens: 21417.0
Worker: http://localhost:8002, Running: 15.0, Waiting: 0.0
Worker: http://localhost:8002, qlen: 15.0
Worker: http://localhost:8002, Tokens: 18788.0
Selected worker: http://localhost:8002
Worker: http://localhost:8001, Running: 33.0, Waiting: 0.0
Worker: http://localhost:8001, qlen: 33.0
Worker: http://localhost:8001, Tokens: 21417.0
Worker: http://localhost:8002, Running: 15.0, Waiting: 0.0
Worker: http://localhost:8002, qlen: 15.0
Worker: http://localhost:8002, Tokens: 19045.0
Selected worker: http://localhost:8002
Worker: http://localhost:8001, Running: 33.0, Waiting: 0.0
Worker: http://localhost:8001, qlen: 33.0
Worker: http://localhost:8001, Tokens: 21417.0
Worker: http://localhost:8002, Running: 15.0, Waiting: 0.0
Worker: http://localhost:8002, qlen: 15.0
Worker: http://localhost:8002, Tokens: 19309.0
Selected worker: http://localhost:8002
INFO:     127.0.0.1:43180 - "POST /v1/completions HTTP/1.1" 200 OK
INFO:     127.0.0.1:43188 - "POST /v1/completions HTTP/1.1" 200 OK
INFO:     127.0.0.1:43204 - "POST /v1/completions HTTP/1.1" 200 OK
INFO:     127.0.0.1:43218 - "POST /v1/completions HTTP/1.1" 200 OK
INFO:     127.0.0.1:43232 - "POST /v1/completions HTTP/1.1" 200 OK
INFO:     127.0.0.1:43246 - "POST /v1/completions HTTP/1.1" 200 OK
INFO:     127.0.0.1:43250 - "POST /v1/completions HTTP/1.1" 200 OK
INFO:     127.0.0.1:43264 - "POST /v1/completions HTTP/1.1" 200 OK
Worker: http://localhost:8001, Running: 33.0, Waiting: 0.0
Worker: http://localhost:8001, qlen: 33.0
Worker: http://localhost:8001, Tokens: 21417.0
Worker: http://localhost:8002, Running: 15.0, Waiting: 0.0
Worker: http://localhost:8002, qlen: 15.0
Worker: http://localhost:8002, Tokens: 18194.0
Selected worker: http://localhost:8002
INFO:     127.0.0.1:43268 - "POST /v1/completions HTTP/1.1" 200 OK
Worker: http://localhost:8001, Running: 33.0, Waiting: 0.0
Worker: http://localhost:8001, qlen: 33.0
Worker: http://localhost:8001, Tokens: 21417.0
Worker: http://localhost:8002, Running: 15.0, Waiting: 0.0
Worker: http://localhost:8002, qlen: 15.0
Worker: http://localhost:8002, Tokens: 18468.0
Selected worker: http://localhost:8002
INFO:     127.0.0.1:43284 - "POST /v1/completions HTTP/1.1" 200 OK
Worker: http://localhost:8001, Running: 33.0, Waiting: 0.0
Worker: http://localhost:8001, qlen: 33.0
Worker: http://localhost:8001, Tokens: 21417.0
Worker: http://localhost:8002, Running: 15.0, Waiting: 0.0
Worker: http://localhost:8002, qlen: 15.0
Worker: http://localhost:8002, Tokens: 17112.0
Selected worker: http://localhost:8002
INFO:     127.0.0.1:43296 - "POST /v1/completions HTTP/1.1" 200 OK
Worker: http://localhost:8001, Running: 33.0, Waiting: 0.0
Worker: http://localhost:8001, qlen: 33.0
Worker: http://localhost:8001, Tokens: 21417.0
Worker: http://localhost:8002, Running: 15.0, Waiting: 0.0
Worker: http://localhost:8002, qlen: 15.0
Worker: http://localhost:8002, Tokens: 17374.0
Selected worker: http://localhost:8002
INFO:     127.0.0.1:43298 - "POST /v1/completions HTTP/1.1" 200 OK
Worker: http://localhost:8001, Running: 33.0, Waiting: 0.0
Worker: http://localhost:8001, qlen: 33.0
Worker: http://localhost:8001, Tokens: 21417.0
Worker: http://localhost:8002, Running: 15.0, Waiting: 0.0
Worker: http://localhost:8002, qlen: 15.0
Worker: http://localhost:8002, Tokens: 17646.0
Selected worker: http://localhost:8002
INFO:     127.0.0.1:43300 - "POST /v1/completions HTTP/1.1" 200 OK
Worker: http://localhost:8001, Running: 33.0, Waiting: 0.0
Worker: http://localhost:8001, qlen: 33.0
Worker: http://localhost:8001, Tokens: 21136.0
Worker: http://localhost:8002, Running: 15.0, Waiting: 0.0
Worker: http://localhost:8002, qlen: 15.0
Worker: http://localhost:8002, Tokens: 17908.0
Selected worker: http://localhost:8002
INFO:     127.0.0.1:43308 - "POST /v1/completions HTTP/1.1" 200 OK
Worker: http://localhost:8001, Running: 33.0, Waiting: 0.0
Worker: http://localhost:8001, qlen: 33.0
Worker: http://localhost:8001, Tokens: 18623.0
Worker: http://localhost:8002, Running: 15.0, Waiting: 0.0
Worker: http://localhost:8002, qlen: 15.0
Worker: http://localhost:8002, Tokens: 18173.0
Selected worker: http://localhost:8002
INFO:     127.0.0.1:43322 - "POST /v1/completions HTTP/1.1" 200 OK
Worker: http://localhost:8001, Running: 33.0, Waiting: 0.0
Worker: http://localhost:8001, qlen: 33.0
Worker: http://localhost:8001, Tokens: 15900.0
Worker: http://localhost:8002, Running: 15.0, Waiting: 0.0
Worker: http://localhost:8002, qlen: 15.0
Worker: http://localhost:8002, Tokens: 19836.0
Selected worker: http://localhost:8002
INFO:     127.0.0.1:43336 - "POST /v1/completions HTTP/1.1" 200 OK
Worker: http://localhost:8001, Running: 33.0, Waiting: 0.0
Worker: http://localhost:8001, qlen: 33.0
Worker: http://localhost:8001, Tokens: 15352.0
Worker: http://localhost:8002, Running: 15.0, Waiting: 0.0
Worker: http://localhost:8002, qlen: 15.0
Worker: http://localhost:8002, Tokens: 20132.0
Selected worker: http://localhost:8002
INFO:     127.0.0.1:43338 - "POST /v1/completions HTTP/1.1" 200 OK
Worker: http://localhost:8001, Running: 11.0, Waiting: 0.0
Worker: http://localhost:8001, qlen: 11.0
Worker: http://localhost:8001, Tokens: 22172.0
Worker: http://localhost:8002, Running: 15.0, Waiting: 0.0
Worker: http://localhost:8002, qlen: 15.0
Worker: http://localhost:8002, Tokens: 21549.0
Selected worker: http://localhost:8001
INFO:     127.0.0.1:43346 - "POST /v1/completions HTTP/1.1" 200 OK
Worker: http://localhost:8001, Running: 11.0, Waiting: 0.0
Worker: http://localhost:8001, qlen: 11.0
Worker: http://localhost:8001, Tokens: 21645.0
Worker: http://localhost:8002, Running: 15.0, Waiting: 0.0
Worker: http://localhost:8002, qlen: 15.0
Worker: http://localhost:8002, Tokens: 21549.0
Selected worker: http://localhost:8001
INFO:     127.0.0.1:43362 - "POST /v1/completions HTTP/1.1" 200 OK
Worker: http://localhost:8001, Running: 11.0, Waiting: 0.0
Worker: http://localhost:8001, qlen: 11.0
Worker: http://localhost:8001, Tokens: 21926.0
Worker: http://localhost:8002, Running: 15.0, Waiting: 0.0
Worker: http://localhost:8002, qlen: 15.0
Worker: http://localhost:8002, Tokens: 21549.0
Selected worker: http://localhost:8001
INFO:     127.0.0.1:43368 - "POST /v1/completions HTTP/1.1" 200 OK
Worker: http://localhost:8001, Running: 11.0, Waiting: 0.0
Worker: http://localhost:8001, qlen: 11.0
Worker: http://localhost:8001, Tokens: 22196.0
Worker: http://localhost:8002, Running: 15.0, Waiting: 0.0
Worker: http://localhost:8002, qlen: 15.0
Worker: http://localhost:8002, Tokens: 21549.0
Selected worker: http://localhost:8001
INFO:     127.0.0.1:43380 - "POST /v1/completions HTTP/1.1" 200 OK
Worker: http://localhost:8001, Running: 11.0, Waiting: 0.0
Worker: http://localhost:8001, qlen: 11.0
Worker: http://localhost:8001, Tokens: 23526.0
Worker: http://localhost:8002, Running: 15.0, Waiting: 0.0
Worker: http://localhost:8002, qlen: 15.0
Worker: http://localhost:8002, Tokens: 21549.0
Selected worker: http://localhost:8001
INFO:     127.0.0.1:43396 - "POST /v1/completions HTTP/1.1" 200 OK
Worker: http://localhost:8001, Running: 11.0, Waiting: 0.0
Worker: http://localhost:8001, qlen: 11.0
Worker: http://localhost:8001, Tokens: 23809.0
Worker: http://localhost:8002, Running: 15.0, Waiting: 0.0
Worker: http://localhost:8002, qlen: 15.0
Worker: http://localhost:8002, Tokens: 21549.0
Selected worker: http://localhost:8001
INFO:     127.0.0.1:43402 - "POST /v1/completions HTTP/1.1" 200 OK
Worker: http://localhost:8001, Running: 11.0, Waiting: 0.0
Worker: http://localhost:8001, qlen: 11.0
Worker: http://localhost:8001, Tokens: 24078.0
Worker: http://localhost:8002, Running: 15.0, Waiting: 0.0
Worker: http://localhost:8002, qlen: 15.0
Worker: http://localhost:8002, Tokens: 21549.0
Selected worker: http://localhost:8001
INFO:     127.0.0.1:43418 - "POST /v1/completions HTTP/1.1" 200 OK
Worker: http://localhost:8001, Running: 11.0, Waiting: 0.0
Worker: http://localhost:8001, qlen: 11.0
Worker: http://localhost:8001, Tokens: 24377.0
Worker: http://localhost:8002, Running: 15.0, Waiting: 0.0
Worker: http://localhost:8002, qlen: 15.0
Worker: http://localhost:8002, Tokens: 21549.0
Selected worker: http://localhost:8001
INFO:     127.0.0.1:43420 - "POST /v1/completions HTTP/1.1" 200 OK
Worker: http://localhost:8001, Running: 11.0, Waiting: 0.0
Worker: http://localhost:8001, qlen: 11.0
Worker: http://localhost:8001, Tokens: 24653.0
Worker: http://localhost:8002, Running: 15.0, Waiting: 0.0
Worker: http://localhost:8002, qlen: 15.0
Worker: http://localhost:8002, Tokens: 21549.0
Selected worker: http://localhost:8001
INFO:     127.0.0.1:43430 - "POST /v1/completions HTTP/1.1" 200 OK
Worker: http://localhost:8001, Running: 11.0, Waiting: 0.0
Worker: http://localhost:8001, qlen: 11.0
Worker: http://localhost:8001, Tokens: 24921.0
Worker: http://localhost:8002, Running: 15.0, Waiting: 0.0
Worker: http://localhost:8002, qlen: 15.0
Worker: http://localhost:8002, Tokens: 21549.0
Selected worker: http://localhost:8001
INFO:     127.0.0.1:43446 - "POST /v1/completions HTTP/1.1" 200 OK
Worker: http://localhost:8001, Running: 11.0, Waiting: 0.0
Worker: http://localhost:8001, qlen: 11.0
Worker: http://localhost:8001, Tokens: 25182.0
Worker: http://localhost:8002, Running: 15.0, Waiting: 0.0
Worker: http://localhost:8002, qlen: 15.0
Worker: http://localhost:8002, Tokens: 21549.0
Selected worker: http://localhost:8001
INFO:     127.0.0.1:43448 - "POST /v1/completions HTTP/1.1" 200 OK
Worker: http://localhost:8001, Running: 11.0, Waiting: 0.0
Worker: http://localhost:8001, qlen: 11.0
Worker: http://localhost:8001, Tokens: 27016.0
Worker: http://localhost:8002, Running: 15.0, Waiting: 0.0
Worker: http://localhost:8002, qlen: 15.0
Worker: http://localhost:8002, Tokens: 21549.0
Selected worker: http://localhost:8001
INFO:     127.0.0.1:43458 - "POST /v1/completions HTTP/1.1" 200 OK
Worker: http://localhost:8001, Running: 11.0, Waiting: 0.0
Worker: http://localhost:8001, qlen: 11.0
Worker: http://localhost:8001, Tokens: 28960.0
Worker: http://localhost:8002, Running: 7.0, Waiting: 8.0
Worker: http://localhost:8002, qlen: 7.0
Worker: http://localhost:8002, Tokens: 15177.0
Selected worker: http://localhost:8002
INFO:     127.0.0.1:43470 - "POST /v1/completions HTTP/1.1" 200 OK
Worker: http://localhost:8001, Running: 11.0, Waiting: 0.0
Worker: http://localhost:8001, qlen: 11.0
Worker: http://localhost:8001, Tokens: 28960.0
Worker: http://localhost:8002, Running: 7.0, Waiting: 8.0
Worker: http://localhost:8002, qlen: 7.0
Worker: http://localhost:8002, Tokens: 15459.0
Selected worker: http://localhost:8002
INFO:     127.0.0.1:43474 - "POST /v1/completions HTTP/1.1" 200 OK
Worker: http://localhost:8001, Running: 11.0, Waiting: 0.0
Worker: http://localhost:8001, qlen: 11.0
Worker: http://localhost:8001, Tokens: 28960.0
Worker: http://localhost:8002, Running: 7.0, Waiting: 8.0
Worker: http://localhost:8002, qlen: 7.0
Worker: http://localhost:8002, Tokens: 15722.0
Selected worker: http://localhost:8002
INFO:     127.0.0.1:43482 - "POST /v1/completions HTTP/1.1" 200 OK
Worker: http://localhost:8001, Running: 11.0, Waiting: 0.0
Worker: http://localhost:8001, qlen: 11.0
Worker: http://localhost:8001, Tokens: 28960.0
Worker: http://localhost:8002, Running: 7.0, Waiting: 8.0
Worker: http://localhost:8002, qlen: 7.0
Worker: http://localhost:8002, Tokens: 15987.0
Selected worker: http://localhost:8002
INFO:     127.0.0.1:43490 - "POST /v1/completions HTTP/1.1" 200 OK
Worker: http://localhost:8001, Running: 11.0, Waiting: 0.0
Worker: http://localhost:8001, qlen: 11.0
Worker: http://localhost:8001, Tokens: 28960.0
Worker: http://localhost:8002, Running: 7.0, Waiting: 8.0
Worker: http://localhost:8002, qlen: 7.0
Worker: http://localhost:8002, Tokens: 16261.0
Selected worker: http://localhost:8002
INFO:     127.0.0.1:43506 - "POST /v1/completions HTTP/1.1" 200 OK
Worker: http://localhost:8001, Running: 11.0, Waiting: 0.0
Worker: http://localhost:8001, qlen: 11.0
Worker: http://localhost:8001, Tokens: 28960.0
Worker: http://localhost:8002, Running: 7.0, Waiting: 8.0
Worker: http://localhost:8002, qlen: 7.0
Worker: http://localhost:8002, Tokens: 16533.0
Selected worker: http://localhost:8002
INFO:     127.0.0.1:43520 - "POST /v1/completions HTTP/1.1" 200 OK
Worker: http://localhost:8001, Running: 11.0, Waiting: 0.0
Worker: http://localhost:8001, qlen: 11.0
Worker: http://localhost:8001, Tokens: 28960.0
Worker: http://localhost:8002, Running: 7.0, Waiting: 8.0
Worker: http://localhost:8002, qlen: 7.0
Worker: http://localhost:8002, Tokens: 16803.0
Selected worker: http://localhost:8002
INFO:     127.0.0.1:43536 - "POST /v1/completions HTTP/1.1" 200 OK
Worker: http://localhost:8001, Running: 11.0, Waiting: 0.0
Worker: http://localhost:8001, qlen: 11.0
Worker: http://localhost:8001, Tokens: 28960.0
Worker: http://localhost:8002, Running: 7.0, Waiting: 8.0
Worker: http://localhost:8002, qlen: 7.0
Worker: http://localhost:8002, Tokens: 17062.0
Selected worker: http://localhost:8002
INFO:     127.0.0.1:43540 - "POST /v1/completions HTTP/1.1" 200 OK
Worker: http://localhost:8001, Running: 11.0, Waiting: 0.0
Worker: http://localhost:8001, qlen: 11.0
Worker: http://localhost:8001, Tokens: 28960.0
Worker: http://localhost:8002, Running: 7.0, Waiting: 8.0
Worker: http://localhost:8002, qlen: 7.0
Worker: http://localhost:8002, Tokens: 18472.0
Selected worker: http://localhost:8002
INFO:     127.0.0.1:43544 - "POST /v1/completions HTTP/1.1" 200 OK
Worker: http://localhost:8001, Running: 11.0, Waiting: 0.0
Worker: http://localhost:8001, qlen: 11.0
Worker: http://localhost:8001, Tokens: 28960.0
Worker: http://localhost:8002, Running: 7.0, Waiting: 8.0
Worker: http://localhost:8002, qlen: 7.0
Worker: http://localhost:8002, Tokens: 18742.0
Selected worker: http://localhost:8002
INFO:     127.0.0.1:43546 - "POST /v1/completions HTTP/1.1" 200 OK
Worker: http://localhost:8001, Running: 11.0, Waiting: 0.0
Worker: http://localhost:8001, qlen: 11.0
Worker: http://localhost:8001, Tokens: 28960.0
Worker: http://localhost:8002, Running: 7.0, Waiting: 8.0
Worker: http://localhost:8002, qlen: 7.0
Worker: http://localhost:8002, Tokens: 21865.0
Selected worker: http://localhost:8002
INFO:     127.0.0.1:43550 - "POST /v1/completions HTTP/1.1" 200 OK
Worker: http://localhost:8001, Running: 11.0, Waiting: 0.0
Worker: http://localhost:8001, qlen: 11.0
Worker: http://localhost:8001, Tokens: 28960.0
Worker: http://localhost:8002, Running: 7.0, Waiting: 8.0
Worker: http://localhost:8002, qlen: 7.0
Worker: http://localhost:8002, Tokens: 23495.0
Selected worker: http://localhost:8002
INFO:     127.0.0.1:43558 - "POST /v1/completions HTTP/1.1" 200 OK
Worker: http://localhost:8001, Running: 12.0, Waiting: 0.0
Worker: http://localhost:8001, qlen: 12.0
Worker: http://localhost:8001, Tokens: 22565.0
Worker: http://localhost:8002, Running: 7.0, Waiting: 8.0
Worker: http://localhost:8002, qlen: 7.0
Worker: http://localhost:8002, Tokens: 23776.0
Selected worker: http://localhost:8002
INFO:     127.0.0.1:43562 - "POST /v1/completions HTTP/1.1" 200 OK
Worker: http://localhost:8001, Running: 12.0, Waiting: 0.0
Worker: http://localhost:8001, qlen: 12.0
Worker: http://localhost:8001, Tokens: 22565.0
Worker: http://localhost:8002, Running: 7.0, Waiting: 8.0
Worker: http://localhost:8002, qlen: 7.0
Worker: http://localhost:8002, Tokens: 24042.0
Selected worker: http://localhost:8002
INFO:     127.0.0.1:43566 - "POST /v1/completions HTTP/1.1" 200 OK
Worker: http://localhost:8001, Running: 12.0, Waiting: 0.0
Worker: http://localhost:8001, qlen: 12.0
Worker: http://localhost:8001, Tokens: 22565.0
Worker: http://localhost:8002, Running: 7.0, Waiting: 8.0
Worker: http://localhost:8002, qlen: 7.0
Worker: http://localhost:8002, Tokens: 24317.0
Selected worker: http://localhost:8002
INFO:     127.0.0.1:43582 - "POST /v1/completions HTTP/1.1" 200 OK
Worker: http://localhost:8001, Running: 12.0, Waiting: 0.0
Worker: http://localhost:8001, qlen: 12.0
Worker: http://localhost:8001, Tokens: 22565.0
Worker: http://localhost:8002, Running: 7.0, Waiting: 8.0
Worker: http://localhost:8002, qlen: 7.0
Worker: http://localhost:8002, Tokens: 24588.0
Selected worker: http://localhost:8002
INFO:     127.0.0.1:43586 - "POST /v1/completions HTTP/1.1" 200 OK
Worker: http://localhost:8001, Running: 12.0, Waiting: 0.0
Worker: http://localhost:8001, qlen: 12.0
Worker: http://localhost:8001, Tokens: 22565.0
Worker: http://localhost:8002, Running: 7.0, Waiting: 8.0
Worker: http://localhost:8002, qlen: 7.0
Worker: http://localhost:8002, Tokens: 24872.0
Selected worker: http://localhost:8002
INFO:     127.0.0.1:43602 - "POST /v1/completions HTTP/1.1" 200 OK
Worker: http://localhost:8001, Running: 12.0, Waiting: 0.0
Worker: http://localhost:8001, qlen: 12.0
Worker: http://localhost:8001, Tokens: 22565.0
Worker: http://localhost:8002, Running: 7.0, Waiting: 8.0
Worker: http://localhost:8002, qlen: 7.0
Worker: http://localhost:8002, Tokens: 26506.0
Selected worker: http://localhost:8002
INFO:     127.0.0.1:43610 - "POST /v1/completions HTTP/1.1" 200 OK
Worker: http://localhost:8001, Running: 12.0, Waiting: 0.0
Worker: http://localhost:8001, qlen: 12.0
Worker: http://localhost:8001, Tokens: 22565.0
Worker: http://localhost:8002, Running: 7.0, Waiting: 8.0
Worker: http://localhost:8002, qlen: 7.0
Worker: http://localhost:8002, Tokens: 26774.0
Selected worker: http://localhost:8002
INFO:     127.0.0.1:43622 - "POST /v1/completions HTTP/1.1" 200 OK
Worker: http://localhost:8001, Running: 12.0, Waiting: 0.0
Worker: http://localhost:8001, qlen: 12.0
Worker: http://localhost:8001, Tokens: 22565.0
Worker: http://localhost:8002, Running: 7.0, Waiting: 8.0
Worker: http://localhost:8002, qlen: 7.0
Worker: http://localhost:8002, Tokens: 27061.0
Selected worker: http://localhost:8002
INFO:     127.0.0.1:43624 - "POST /v1/completions HTTP/1.1" 200 OK
Worker: http://localhost:8001, Running: 12.0, Waiting: 0.0
Worker: http://localhost:8001, qlen: 12.0
Worker: http://localhost:8001, Tokens: 22565.0
Worker: http://localhost:8002, Running: 7.0, Waiting: 8.0
Worker: http://localhost:8002, qlen: 7.0
Worker: http://localhost:8002, Tokens: 27326.0
Selected worker: http://localhost:8002
INFO:     127.0.0.1:43634 - "POST /v1/completions HTTP/1.1" 200 OK
Worker: http://localhost:8001, Running: 12.0, Waiting: 0.0
Worker: http://localhost:8001, qlen: 12.0
Worker: http://localhost:8001, Tokens: 22565.0
Worker: http://localhost:8002, Running: 7.0, Waiting: 8.0
Worker: http://localhost:8002, qlen: 7.0
Worker: http://localhost:8002, Tokens: 28867.0
Selected worker: http://localhost:8002
INFO:     127.0.0.1:43642 - "POST /v1/completions HTTP/1.1" 200 OK
Worker: http://localhost:8001, Running: 12.0, Waiting: 0.0
Worker: http://localhost:8001, qlen: 12.0
Worker: http://localhost:8001, Tokens: 22565.0
Worker: http://localhost:8002, Running: 7.0, Waiting: 8.0
Worker: http://localhost:8002, qlen: 7.0
Worker: http://localhost:8002, Tokens: 29133.0
Selected worker: http://localhost:8002
INFO:     127.0.0.1:43648 - "POST /v1/completions HTTP/1.1" 200 OK
Worker: http://localhost:8001, Running: 20.0, Waiting: 0.0
Worker: http://localhost:8001, qlen: 20.0
Worker: http://localhost:8001, Tokens: 31708.0
Worker: http://localhost:8002, Running: 44.0, Waiting: 0.0
Worker: http://localhost:8002, qlen: 44.0
Worker: http://localhost:8002, Tokens: 38212.0
Selected worker: http://localhost:8001
INFO:     127.0.0.1:41732 - "POST /v1/completions HTTP/1.1" 200 OK
Worker: http://localhost:8001, Running: 19.0, Waiting: 0.0
Worker: http://localhost:8001, qlen: 19.0
Worker: http://localhost:8001, Tokens: 31507.0
Worker: http://localhost:8002, Running: 44.0, Waiting: 0.0
Worker: http://localhost:8002, qlen: 44.0
Worker: http://localhost:8002, Tokens: 38212.0
Selected worker: http://localhost:8001
INFO:     127.0.0.1:41734 - "POST /v1/completions HTTP/1.1" 200 OK
Worker: http://localhost:8001, Running: 19.0, Waiting: 0.0
Worker: http://localhost:8001, qlen: 19.0
Worker: http://localhost:8001, Tokens: 31778.0
Worker: http://localhost:8002, Running: 44.0, Waiting: 0.0
Worker: http://localhost:8002, qlen: 44.0
Worker: http://localhost:8002, Tokens: 38212.0
Selected worker: http://localhost:8001
INFO:     127.0.0.1:41748 - "POST /v1/completions HTTP/1.1" 200 OK
Worker: http://localhost:8001, Running: 19.0, Waiting: 0.0
Worker: http://localhost:8001, qlen: 19.0
Worker: http://localhost:8001, Tokens: 30916.0
Worker: http://localhost:8002, Running: 44.0, Waiting: 0.0
Worker: http://localhost:8002, qlen: 44.0
Worker: http://localhost:8002, Tokens: 38564.0
Selected worker: http://localhost:8001
INFO:     127.0.0.1:41760 - "POST /v1/completions HTTP/1.1" 200 OK
Worker: http://localhost:8001, Running: 19.0, Waiting: 0.0
Worker: http://localhost:8001, qlen: 19.0
Worker: http://localhost:8001, Tokens: 30654.0
Worker: http://localhost:8002, Running: 44.0, Waiting: 0.0
Worker: http://localhost:8002, qlen: 44.0
Worker: http://localhost:8002, Tokens: 38564.0
Selected worker: http://localhost:8001
INFO:     127.0.0.1:41774 - "POST /v1/completions HTTP/1.1" 200 OK
Worker: http://localhost:8001, Running: 19.0, Waiting: 0.0
Worker: http://localhost:8001, qlen: 19.0
Worker: http://localhost:8001, Tokens: 32751.0
Worker: http://localhost:8002, Running: 44.0, Waiting: 0.0
Worker: http://localhost:8002, qlen: 44.0
Worker: http://localhost:8002, Tokens: 38564.0
Selected worker: http://localhost:8001
INFO:     127.0.0.1:41778 - "POST /v1/completions HTTP/1.1" 200 OK
Worker: http://localhost:8001, Running: 19.0, Waiting: 0.0
Worker: http://localhost:8001, qlen: 19.0
Worker: http://localhost:8001, Tokens: 33021.0
Worker: http://localhost:8002, Running: 44.0, Waiting: 0.0
Worker: http://localhost:8002, qlen: 44.0
Worker: http://localhost:8002, Tokens: 38564.0
Selected worker: http://localhost:8001
INFO:     127.0.0.1:41780 - "POST /v1/completions HTTP/1.1" 200 OK
Worker: http://localhost:8001, Running: 19.0, Waiting: 0.0
Worker: http://localhost:8001, qlen: 19.0
Worker: http://localhost:8001, Tokens: 33287.0
Worker: http://localhost:8002, Running: 44.0, Waiting: 0.0
Worker: http://localhost:8002, qlen: 44.0
Worker: http://localhost:8002, Tokens: 38564.0
Selected worker: http://localhost:8001
INFO:     127.0.0.1:41784 - "POST /v1/completions HTTP/1.1" 200 OK
Worker: http://localhost:8001, Running: 19.0, Waiting: 0.0
Worker: http://localhost:8001, qlen: 19.0
Worker: http://localhost:8001, Tokens: 33546.0
Worker: http://localhost:8002, Running: 44.0, Waiting: 0.0
Worker: http://localhost:8002, qlen: 44.0
Worker: http://localhost:8002, Tokens: 38564.0
Selected worker: http://localhost:8001
INFO:     127.0.0.1:41786 - "POST /v1/completions HTTP/1.1" 200 OK
Worker: http://localhost:8001, Running: 20.0, Waiting: 0.0
Worker: http://localhost:8001, qlen: 20.0
Worker: http://localhost:8001, Tokens: 35600.0
Worker: http://localhost:8002, Running: 44.0, Waiting: 0.0
Worker: http://localhost:8002, qlen: 44.0
Worker: http://localhost:8002, Tokens: 39311.0
Selected worker: http://localhost:8001
Worker: http://localhost:8001, Running: 20.0, Waiting: 0.0
Worker: http://localhost:8001, qlen: 20.0
Worker: http://localhost:8001, Tokens: 35871.0
Worker: http://localhost:8002, Running: 44.0, Waiting: 0.0
Worker: http://localhost:8002, qlen: 44.0
Worker: http://localhost:8002, Tokens: 39311.0
Selected worker: http://localhost:8001
INFO:     127.0.0.1:41796 - "POST /v1/completions HTTP/1.1" 200 OK
INFO:     127.0.0.1:41812 - "POST /v1/completions HTTP/1.1" 200 OK
Worker: http://localhost:8001, Running: 20.0, Waiting: 0.0
Worker: http://localhost:8001, qlen: 20.0
Worker: http://localhost:8001, Tokens: 35700.0
Worker: http://localhost:8002, Running: 44.0, Waiting: 0.0
Worker: http://localhost:8002, qlen: 44.0
Worker: http://localhost:8002, Tokens: 36367.0
Selected worker: http://localhost:8001
Worker: http://localhost:8001, Running: 20.0, Waiting: 0.0
Worker: http://localhost:8001, qlen: 20.0
Worker: http://localhost:8001, Tokens: 35969.0
Worker: http://localhost:8002, Running: 44.0, Waiting: 0.0
Worker: http://localhost:8002, qlen: 44.0
Worker: http://localhost:8002, Tokens: 36367.0
Selected worker: http://localhost:8001
INFO:     127.0.0.1:41840 - "POST /v1/completions HTTP/1.1" 200 OK
INFO:     127.0.0.1:41826 - "POST /v1/completions HTTP/1.1" 200 OK
Worker: http://localhost:8001, Running: 20.0, Waiting: 0.0
Worker: http://localhost:8001, qlen: 20.0
Worker: http://localhost:8001, Tokens: 36238.0
Worker: http://localhost:8002, Running: 44.0, Waiting: 0.0
Worker: http://localhost:8002, qlen: 44.0
Worker: http://localhost:8002, Tokens: 36367.0
Selected worker: http://localhost:8001
Worker: http://localhost:8001, Running: 20.0, Waiting: 0.0
Worker: http://localhost:8001, qlen: 20.0
Worker: http://localhost:8001, Tokens: 36527.0
Worker: http://localhost:8002, Running: 44.0, Waiting: 0.0
Worker: http://localhost:8002, qlen: 44.0
Worker: http://localhost:8002, Tokens: 36367.0
Selected worker: http://localhost:8001
Worker: http://localhost:8001, Running: 20.0, Waiting: 0.0
Worker: http://localhost:8001, qlen: 20.0
Worker: http://localhost:8001, Tokens: 36808.0
Worker: http://localhost:8002, Running: 44.0, Waiting: 0.0
Worker: http://localhost:8002, qlen: 44.0
Worker: http://localhost:8002, Tokens: 36367.0
Selected worker: http://localhost:8001
Worker: http://localhost:8001, Running: 20.0, Waiting: 0.0
Worker: http://localhost:8001, qlen: 20.0
Worker: http://localhost:8001, Tokens: 37078.0
Worker: http://localhost:8002, Running: 44.0, Waiting: 0.0
Worker: http://localhost:8002, qlen: 44.0
Worker: http://localhost:8002, Tokens: 36367.0
Selected worker: http://localhost:8001
Worker: http://localhost:8001, Running: 20.0, Waiting: 0.0
Worker: http://localhost:8001, qlen: 20.0
Worker: http://localhost:8001, Tokens: 37345.0
Worker: http://localhost:8002, Running: 44.0, Waiting: 0.0
Worker: http://localhost:8002, qlen: 44.0
Worker: http://localhost:8002, Tokens: 36367.0
Selected worker: http://localhost:8001
Worker: http://localhost:8001, Running: 20.0, Waiting: 0.0
Worker: http://localhost:8001, qlen: 20.0
Worker: http://localhost:8001, Tokens: 37649.0
Worker: http://localhost:8002, Running: 44.0, Waiting: 0.0
Worker: http://localhost:8002, qlen: 44.0
Worker: http://localhost:8002, Tokens: 36367.0
Selected worker: http://localhost:8001
Worker: http://localhost:8001, Running: 20.0, Waiting: 0.0
Worker: http://localhost:8001, qlen: 20.0
Worker: http://localhost:8001, Tokens: 39412.0
Worker: http://localhost:8002, Running: 44.0, Waiting: 0.0
Worker: http://localhost:8002, qlen: 44.0
Worker: http://localhost:8002, Tokens: 36367.0
Selected worker: http://localhost:8001
Worker: http://localhost:8001, Running: 20.0, Waiting: 0.0
Worker: http://localhost:8001, qlen: 20.0
Worker: http://localhost:8001, Tokens: 39706.0
Worker: http://localhost:8002, Running: 44.0, Waiting: 0.0
Worker: http://localhost:8002, qlen: 44.0
Worker: http://localhost:8002, Tokens: 36367.0
Selected worker: http://localhost:8001
Worker: http://localhost:8001, Running: 20.0, Waiting: 0.0
Worker: http://localhost:8001, qlen: 20.0
Worker: http://localhost:8001, Tokens: 39967.0
Worker: http://localhost:8002, Running: 44.0, Waiting: 0.0
Worker: http://localhost:8002, qlen: 44.0
Worker: http://localhost:8002, Tokens: 36367.0
Selected worker: http://localhost:8001
INFO:     127.0.0.1:41846 - "POST /v1/completions HTTP/1.1" 200 OK
INFO:     127.0.0.1:41862 - "POST /v1/completions HTTP/1.1" 200 OK
INFO:     127.0.0.1:41866 - "POST /v1/completions HTTP/1.1" 200 OK
INFO:     127.0.0.1:41872 - "POST /v1/completions HTTP/1.1" 200 OK
INFO:     127.0.0.1:41882 - "POST /v1/completions HTTP/1.1" 200 OK
INFO:     127.0.0.1:41890 - "POST /v1/completions HTTP/1.1" 200 OK
INFO:     127.0.0.1:41904 - "POST /v1/completions HTTP/1.1" 200 OK
INFO:     127.0.0.1:41916 - "POST /v1/completions HTTP/1.1" 200 OK
INFO:     127.0.0.1:41918 - "POST /v1/completions HTTP/1.1" 200 OK
Worker: http://localhost:8001, Running: 20.0, Waiting: 0.0
Worker: http://localhost:8001, qlen: 20.0
Worker: http://localhost:8001, Tokens: 40231.0
Worker: http://localhost:8002, Running: 31.0, Waiting: 0.0
Worker: http://localhost:8002, qlen: 31.0
Worker: http://localhost:8002, Tokens: 37973.0
Selected worker: http://localhost:8001
Worker: http://localhost:8001, Running: 20.0, Waiting: 0.0
Worker: http://localhost:8001, qlen: 20.0
Worker: http://localhost:8001, Tokens: 40515.0
Worker: http://localhost:8002, Running: 31.0, Waiting: 0.0
Worker: http://localhost:8002, qlen: 31.0
Worker: http://localhost:8002, Tokens: 37973.0
Selected worker: http://localhost:8001
Worker: http://localhost:8001, Running: 20.0, Waiting: 0.0
Worker: http://localhost:8001, qlen: 20.0
Worker: http://localhost:8001, Tokens: 40775.0
Worker: http://localhost:8002, Running: 31.0, Waiting: 0.0
Worker: http://localhost:8002, qlen: 31.0
Worker: http://localhost:8002, Tokens: 37973.0
Selected worker: http://localhost:8001
Worker: http://localhost:8001, Running: 20.0, Waiting: 0.0
Worker: http://localhost:8001, qlen: 20.0
Worker: http://localhost:8001, Tokens: 42149.0
Worker: http://localhost:8002, Running: 31.0, Waiting: 0.0
Worker: http://localhost:8002, qlen: 31.0
Worker: http://localhost:8002, Tokens: 37973.0
Selected worker: http://localhost:8001
INFO:     127.0.0.1:41924 - "POST /v1/completions HTTP/1.1" 200 OK
INFO:     127.0.0.1:41928 - "POST /v1/completions HTTP/1.1" 200 OK
INFO:     127.0.0.1:41944 - "POST /v1/completions HTTP/1.1" 200 OK
INFO:     127.0.0.1:41960 - "POST /v1/completions HTTP/1.1" 200 OK
Worker: http://localhost:8001, Running: 20.0, Waiting: 0.0
Worker: http://localhost:8001, qlen: 20.0
Worker: http://localhost:8001, Tokens: 43520.0
Worker: http://localhost:8002, Running: 31.0, Waiting: 0.0
Worker: http://localhost:8002, qlen: 31.0
Worker: http://localhost:8002, Tokens: 37973.0
Selected worker: http://localhost:8001
INFO:     127.0.0.1:41976 - "POST /v1/completions HTTP/1.1" 200 OK
Worker: http://localhost:8001, Running: 20.0, Waiting: 0.0
Worker: http://localhost:8001, qlen: 20.0
Worker: http://localhost:8001, Tokens: 45361.0
Worker: http://localhost:8002, Running: 31.0, Waiting: 0.0
Worker: http://localhost:8002, qlen: 31.0
Worker: http://localhost:8002, Tokens: 36596.0
Selected worker: http://localhost:8001
INFO:     127.0.0.1:41980 - "POST /v1/completions HTTP/1.1" 200 OK
Worker: http://localhost:8001, Running: 22.0, Waiting: 0.0
Worker: http://localhost:8001, qlen: 22.0
Worker: http://localhost:8001, Tokens: 36289.0
Worker: http://localhost:8002, Running: 31.0, Waiting: 0.0
Worker: http://localhost:8002, qlen: 31.0
Worker: http://localhost:8002, Tokens: 35238.0
Selected worker: http://localhost:8001
INFO:     127.0.0.1:41996 - "POST /v1/completions HTTP/1.1" 200 OK
Worker: http://localhost:8001, Running: 22.0, Waiting: 0.0
Worker: http://localhost:8001, qlen: 22.0
Worker: http://localhost:8001, Tokens: 36553.0
Worker: http://localhost:8002, Running: 31.0, Waiting: 0.0
Worker: http://localhost:8002, qlen: 31.0
Worker: http://localhost:8002, Tokens: 35238.0
Selected worker: http://localhost:8001
INFO:     127.0.0.1:42004 - "POST /v1/completions HTTP/1.1" 200 OK
Worker: http://localhost:8001, Running: 22.0, Waiting: 0.0
Worker: http://localhost:8001, qlen: 22.0
Worker: http://localhost:8001, Tokens: 36825.0
Worker: http://localhost:8002, Running: 31.0, Waiting: 0.0
Worker: http://localhost:8002, qlen: 31.0
Worker: http://localhost:8002, Tokens: 35238.0
Selected worker: http://localhost:8001
INFO:     127.0.0.1:42006 - "POST /v1/completions HTTP/1.1" 200 OK
Worker: http://localhost:8001, Running: 22.0, Waiting: 0.0
Worker: http://localhost:8001, qlen: 22.0
Worker: http://localhost:8001, Tokens: 37098.0
Worker: http://localhost:8002, Running: 31.0, Waiting: 0.0
Worker: http://localhost:8002, qlen: 31.0
Worker: http://localhost:8002, Tokens: 35238.0
Selected worker: http://localhost:8001
INFO:     127.0.0.1:42016 - "POST /v1/completions HTTP/1.1" 200 OK
Worker: http://localhost:8001, Running: 22.0, Waiting: 0.0
Worker: http://localhost:8001, qlen: 22.0
Worker: http://localhost:8001, Tokens: 38525.0
Worker: http://localhost:8002, Running: 31.0, Waiting: 0.0
Worker: http://localhost:8002, qlen: 31.0
Worker: http://localhost:8002, Tokens: 35238.0
Selected worker: http://localhost:8001
INFO:     127.0.0.1:42030 - "POST /v1/completions HTTP/1.1" 200 OK
Worker: http://localhost:8001, Running: 22.0, Waiting: 0.0
Worker: http://localhost:8001, qlen: 22.0
Worker: http://localhost:8001, Tokens: 38788.0
Worker: http://localhost:8002, Running: 31.0, Waiting: 0.0
Worker: http://localhost:8002, qlen: 31.0
Worker: http://localhost:8002, Tokens: 35238.0
Selected worker: http://localhost:8001
INFO:     127.0.0.1:42038 - "POST /v1/completions HTTP/1.1" 200 OK
Worker: http://localhost:8001, Running: 22.0, Waiting: 0.0
Worker: http://localhost:8001, qlen: 22.0
Worker: http://localhost:8001, Tokens: 39051.0
Worker: http://localhost:8002, Running: 31.0, Waiting: 0.0
Worker: http://localhost:8002, qlen: 31.0
Worker: http://localhost:8002, Tokens: 35238.0
Selected worker: http://localhost:8001
INFO:     127.0.0.1:42048 - "POST /v1/completions HTTP/1.1" 200 OK
Worker: http://localhost:8001, Running: 22.0, Waiting: 0.0
Worker: http://localhost:8001, qlen: 22.0
Worker: http://localhost:8001, Tokens: 39345.0
Worker: http://localhost:8002, Running: 31.0, Waiting: 0.0
Worker: http://localhost:8002, qlen: 31.0
Worker: http://localhost:8002, Tokens: 35238.0
Selected worker: http://localhost:8001
INFO:     127.0.0.1:42056 - "POST /v1/completions HTTP/1.1" 200 OK
Worker: http://localhost:8001, Running: 22.0, Waiting: 0.0
Worker: http://localhost:8001, qlen: 22.0
Worker: http://localhost:8001, Tokens: 39621.0
Worker: http://localhost:8002, Running: 31.0, Waiting: 0.0
Worker: http://localhost:8002, qlen: 31.0
Worker: http://localhost:8002, Tokens: 35238.0
Selected worker: http://localhost:8001
INFO:     127.0.0.1:42062 - "POST /v1/completions HTTP/1.1" 200 OK
Worker: http://localhost:8001, Running: 22.0, Waiting: 0.0
Worker: http://localhost:8001, qlen: 22.0
Worker: http://localhost:8001, Tokens: 41312.0
Worker: http://localhost:8002, Running: 31.0, Waiting: 0.0
Worker: http://localhost:8002, qlen: 31.0
Worker: http://localhost:8002, Tokens: 35238.0
Selected worker: http://localhost:8001
INFO:     127.0.0.1:42070 - "POST /v1/completions HTTP/1.1" 200 OK
Worker: http://localhost:8001, Running: 22.0, Waiting: 0.0
Worker: http://localhost:8001, qlen: 22.0
Worker: http://localhost:8001, Tokens: 41569.0
Worker: http://localhost:8002, Running: 31.0, Waiting: 0.0
Worker: http://localhost:8002, qlen: 31.0
Worker: http://localhost:8002, Tokens: 35238.0
Selected worker: http://localhost:8001
INFO:     127.0.0.1:42084 - "POST /v1/completions HTTP/1.1" 200 OK
Worker: http://localhost:8001, Running: 22.0, Waiting: 0.0
Worker: http://localhost:8001, qlen: 22.0
Worker: http://localhost:8001, Tokens: 41827.0
Worker: http://localhost:8002, Running: 13.0, Waiting: 0.0
Worker: http://localhost:8002, qlen: 13.0
Worker: http://localhost:8002, Tokens: 41013.0
Selected worker: http://localhost:8002
INFO:     127.0.0.1:42096 - "POST /v1/completions HTTP/1.1" 200 OK
Worker: http://localhost:8001, Running: 50.0, Waiting: 0.0
Worker: http://localhost:8001, qlen: 50.0
Worker: http://localhost:8001, Tokens: 49251.0
Worker: http://localhost:8002, Running: 14.0, Waiting: 0.0
Worker: http://localhost:8002, qlen: 14.0
Worker: http://localhost:8002, Tokens: 41782.0
Selected worker: http://localhost:8002
INFO:     127.0.0.1:42110 - "POST /v1/completions HTTP/1.1" 200 OK
Worker: http://localhost:8001, Running: 50.0, Waiting: 0.0
Worker: http://localhost:8001, qlen: 50.0
Worker: http://localhost:8001, Tokens: 48715.0
Worker: http://localhost:8002, Running: 14.0, Waiting: 0.0
Worker: http://localhost:8002, qlen: 14.0
Worker: http://localhost:8002, Tokens: 41852.0
Selected worker: http://localhost:8002
Worker: http://localhost:8001, Running: 50.0, Waiting: 0.0
Worker: http://localhost:8001, qlen: 50.0
Worker: http://localhost:8001, Tokens: 48715.0
Worker: http://localhost:8002, Running: 14.0, Waiting: 0.0
Worker: http://localhost:8002, qlen: 14.0
Worker: http://localhost:8002, Tokens: 42144.0
Selected worker: http://localhost:8002
INFO:     127.0.0.1:42120 - "POST /v1/completions HTTP/1.1" 200 OK
INFO:     127.0.0.1:42128 - "POST /v1/completions HTTP/1.1" 200 OK
Worker: http://localhost:8001, Running: 47.0, Waiting: 0.0
Worker: http://localhost:8001, qlen: 47.0
Worker: http://localhost:8001, Tokens: 49985.0
Worker: http://localhost:8002, Running: 17.0, Waiting: 0.0
Worker: http://localhost:8002, qlen: 17.0
Worker: http://localhost:8002, Tokens: 42302.0
Selected worker: http://localhost:8002
INFO:     127.0.0.1:42132 - "POST /v1/completions HTTP/1.1" 200 OK
Worker: http://localhost:8001, Running: 46.0, Waiting: 0.0
Worker: http://localhost:8001, qlen: 46.0
Worker: http://localhost:8001, Tokens: 49349.0
Worker: http://localhost:8002, Running: 17.0, Waiting: 0.0
Worker: http://localhost:8002, qlen: 17.0
Worker: http://localhost:8002, Tokens: 42584.0
Selected worker: http://localhost:8002
Worker: http://localhost:8001, Running: 46.0, Waiting: 0.0
Worker: http://localhost:8001, qlen: 46.0
Worker: http://localhost:8001, Tokens: 49349.0
Worker: http://localhost:8002, Running: 17.0, Waiting: 0.0
Worker: http://localhost:8002, qlen: 17.0
Worker: http://localhost:8002, Tokens: 42847.0
Selected worker: http://localhost:8002
Worker: http://localhost:8001, Running: 46.0, Waiting: 0.0
Worker: http://localhost:8001, qlen: 46.0
Worker: http://localhost:8001, Tokens: 49349.0
Worker: http://localhost:8002, Running: 17.0, Waiting: 0.0
Worker: http://localhost:8002, qlen: 17.0
Worker: http://localhost:8002, Tokens: 44357.0
Selected worker: http://localhost:8002
Worker: http://localhost:8001, Running: 46.0, Waiting: 0.0
Worker: http://localhost:8001, qlen: 46.0
Worker: http://localhost:8001, Tokens: 49349.0
Worker: http://localhost:8002, Running: 17.0, Waiting: 0.0
Worker: http://localhost:8002, qlen: 17.0
Worker: http://localhost:8002, Tokens: 44616.0
Selected worker: http://localhost:8002
INFO:     127.0.0.1:42146 - "POST /v1/completions HTTP/1.1" 200 OK
INFO:     127.0.0.1:42150 - "POST /v1/completions HTTP/1.1" 200 OK
INFO:     127.0.0.1:42164 - "POST /v1/completions HTTP/1.1" 200 OK
INFO:     127.0.0.1:42178 - "POST /v1/completions HTTP/1.1" 200 OK
Worker: http://localhost:8001, Running: 42.0, Waiting: 0.0
Worker: http://localhost:8001, qlen: 42.0
Worker: http://localhost:8001, Tokens: 51329.0
Worker: http://localhost:8002, Running: 22.0, Waiting: 0.0
Worker: http://localhost:8002, qlen: 22.0
Worker: http://localhost:8002, Tokens: 44570.0
Selected worker: http://localhost:8002
INFO:     127.0.0.1:42192 - "POST /v1/completions HTTP/1.1" 200 OK
Worker: http://localhost:8001, Running: 42.0, Waiting: 0.0
Worker: http://localhost:8001, qlen: 42.0
Worker: http://localhost:8001, Tokens: 50917.0
Worker: http://localhost:8002, Running: 22.0, Waiting: 0.0
Worker: http://localhost:8002, qlen: 22.0
Worker: http://localhost:8002, Tokens: 44857.0
Selected worker: http://localhost:8002
Worker: http://localhost:8001, Running: 42.0, Waiting: 0.0
Worker: http://localhost:8001, qlen: 42.0
Worker: http://localhost:8001, Tokens: 50917.0
Worker: http://localhost:8002, Running: 22.0, Waiting: 0.0
Worker: http://localhost:8002, qlen: 22.0
Worker: http://localhost:8002, Tokens: 45126.0
Selected worker: http://localhost:8002
INFO:     127.0.0.1:42206 - "POST /v1/completions HTTP/1.1" 200 OK
INFO:     127.0.0.1:42216 - "POST /v1/completions HTTP/1.1" 200 OK
Worker: http://localhost:8001, Running: 40.0, Waiting: 0.0
Worker: http://localhost:8001, qlen: 40.0
Worker: http://localhost:8001, Tokens: 50616.0
Worker: http://localhost:8002, Running: 24.0, Waiting: 0.0
Worker: http://localhost:8002, qlen: 24.0
Worker: http://localhost:8002, Tokens: 45563.0
Selected worker: http://localhost:8002
Worker: http://localhost:8001, Running: 40.0, Waiting: 0.0
Worker: http://localhost:8001, qlen: 40.0
Worker: http://localhost:8001, Tokens: 50616.0
Worker: http://localhost:8002, Running: 24.0, Waiting: 0.0
Worker: http://localhost:8002, qlen: 24.0
Worker: http://localhost:8002, Tokens: 45829.0
Selected worker: http://localhost:8002
Worker: http://localhost:8001, Running: 40.0, Waiting: 0.0
Worker: http://localhost:8001, qlen: 40.0
Worker: http://localhost:8001, Tokens: 50616.0
Worker: http://localhost:8002, Running: 24.0, Waiting: 0.0
Worker: http://localhost:8002, qlen: 24.0
Worker: http://localhost:8002, Tokens: 46101.0
Selected worker: http://localhost:8002
Worker: http://localhost:8001, Running: 40.0, Waiting: 0.0
Worker: http://localhost:8001, qlen: 40.0
Worker: http://localhost:8001, Tokens: 50616.0
Worker: http://localhost:8002, Running: 24.0, Waiting: 0.0
Worker: http://localhost:8002, qlen: 24.0
Worker: http://localhost:8002, Tokens: 46369.0
Selected worker: http://localhost:8002
Worker: http://localhost:8001, Running: 40.0, Waiting: 0.0
Worker: http://localhost:8001, qlen: 40.0
Worker: http://localhost:8001, Tokens: 50616.0
Worker: http://localhost:8002, Running: 24.0, Waiting: 0.0
Worker: http://localhost:8002, qlen: 24.0
Worker: http://localhost:8002, Tokens: 46634.0
Selected worker: http://localhost:8002
Worker: http://localhost:8001, Running: 40.0, Waiting: 0.0
Worker: http://localhost:8001, qlen: 40.0
Worker: http://localhost:8001, Tokens: 50616.0
Worker: http://localhost:8002, Running: 24.0, Waiting: 0.0
Worker: http://localhost:8002, qlen: 24.0
Worker: http://localhost:8002, Tokens: 46894.0
Selected worker: http://localhost:8002
INFO:     127.0.0.1:42230 - "POST /v1/completions HTTP/1.1" 200 OK
INFO:     127.0.0.1:42246 - "POST /v1/completions HTTP/1.1" 200 OK
INFO:     127.0.0.1:42248 - "POST /v1/completions HTTP/1.1" 200 OK
INFO:     127.0.0.1:42262 - "POST /v1/completions HTTP/1.1" 200 OK
INFO:     127.0.0.1:42276 - "POST /v1/completions HTTP/1.1" 200 OK
INFO:     127.0.0.1:42220 - "POST /v1/completions HTTP/1.1" 200 OK
Worker: http://localhost:8001, Running: 30.0, Waiting: 0.0
Worker: http://localhost:8001, qlen: 30.0
Worker: http://localhost:8001, Tokens: 52415.0
Worker: http://localhost:8002, Running: 24.0, Waiting: 0.0
Worker: http://localhost:8002, qlen: 24.0
Worker: http://localhost:8002, Tokens: 47169.0
Selected worker: http://localhost:8002
INFO:     127.0.0.1:42282 - "POST /v1/completions HTTP/1.1" 200 OK
Worker: http://localhost:8001, Running: 30.0, Waiting: 0.0
Worker: http://localhost:8001, qlen: 30.0
Worker: http://localhost:8001, Tokens: 52415.0
Worker: http://localhost:8002, Running: 24.0, Waiting: 0.0
Worker: http://localhost:8002, qlen: 24.0
Worker: http://localhost:8002, Tokens: 48453.0
Selected worker: http://localhost:8002
INFO:     127.0.0.1:42284 - "POST /v1/completions HTTP/1.1" 200 OK
Worker: http://localhost:8001, Running: 30.0, Waiting: 0.0
Worker: http://localhost:8001, qlen: 30.0
Worker: http://localhost:8001, Tokens: 52415.0
Worker: http://localhost:8002, Running: 24.0, Waiting: 0.0
Worker: http://localhost:8002, qlen: 24.0
Worker: http://localhost:8002, Tokens: 50399.0
Selected worker: http://localhost:8002
INFO:     127.0.0.1:42290 - "POST /v1/completions HTTP/1.1" 200 OK
Worker: http://localhost:8001, Running: 30.0, Waiting: 0.0
Worker: http://localhost:8001, qlen: 30.0
Worker: http://localhost:8001, Tokens: 52415.0
Worker: http://localhost:8002, Running: 24.0, Waiting: 0.0
Worker: http://localhost:8002, qlen: 24.0
Worker: http://localhost:8002, Tokens: 52240.0
Selected worker: http://localhost:8002
INFO:     127.0.0.1:42300 - "POST /v1/completions HTTP/1.1" 200 OK
Worker: http://localhost:8001, Running: 30.0, Waiting: 0.0
Worker: http://localhost:8001, qlen: 30.0
Worker: http://localhost:8001, Tokens: 49703.0
Worker: http://localhost:8002, Running: 24.0, Waiting: 0.0
Worker: http://localhost:8002, qlen: 24.0
Worker: http://localhost:8002, Tokens: 52517.0
Selected worker: http://localhost:8002
INFO:     127.0.0.1:42312 - "POST /v1/completions HTTP/1.1" 200 OK
Worker: http://localhost:8001, Running: 30.0, Waiting: 0.0
Worker: http://localhost:8001, qlen: 30.0
Worker: http://localhost:8001, Tokens: 49703.0
Worker: http://localhost:8002, Running: 24.0, Waiting: 0.0
Worker: http://localhost:8002, qlen: 24.0
Worker: http://localhost:8002, Tokens: 46043.0
Selected worker: http://localhost:8002
INFO:     127.0.0.1:42328 - "POST /v1/completions HTTP/1.1" 200 OK
Worker: http://localhost:8001, Running: 30.0, Waiting: 0.0
Worker: http://localhost:8001, qlen: 30.0
Worker: http://localhost:8001, Tokens: 49703.0
Worker: http://localhost:8002, Running: 24.0, Waiting: 0.0
Worker: http://localhost:8002, qlen: 24.0
Worker: http://localhost:8002, Tokens: 47673.0
Selected worker: http://localhost:8002
INFO:     127.0.0.1:42344 - "POST /v1/completions HTTP/1.1" 200 OK
Worker: http://localhost:8001, Running: 30.0, Waiting: 0.0
Worker: http://localhost:8001, qlen: 30.0
Worker: http://localhost:8001, Tokens: 49188.0
Worker: http://localhost:8002, Running: 24.0, Waiting: 0.0
Worker: http://localhost:8002, qlen: 24.0
Worker: http://localhost:8002, Tokens: 50643.0
Selected worker: http://localhost:8002
INFO:     127.0.0.1:42356 - "POST /v1/completions HTTP/1.1" 200 OK
Worker: http://localhost:8001, Running: 30.0, Waiting: 0.0
Worker: http://localhost:8001, qlen: 30.0
Worker: http://localhost:8001, Tokens: 49188.0
Worker: http://localhost:8002, Running: 24.0, Waiting: 0.0
Worker: http://localhost:8002, qlen: 24.0
Worker: http://localhost:8002, Tokens: 50920.0
Selected worker: http://localhost:8002
INFO:     127.0.0.1:42370 - "POST /v1/completions HTTP/1.1" 200 OK
Worker: http://localhost:8001, Running: 30.0, Waiting: 0.0
Worker: http://localhost:8001, qlen: 30.0
Worker: http://localhost:8001, Tokens: 49188.0
Worker: http://localhost:8002, Running: 24.0, Waiting: 0.0
Worker: http://localhost:8002, qlen: 24.0
Worker: http://localhost:8002, Tokens: 51219.0
Selected worker: http://localhost:8002
INFO:     127.0.0.1:42374 - "POST /v1/completions HTTP/1.1" 200 OK
Worker: http://localhost:8001, Running: 30.0, Waiting: 0.0
Worker: http://localhost:8001, qlen: 30.0
Worker: http://localhost:8001, Tokens: 49188.0
Worker: http://localhost:8002, Running: 24.0, Waiting: 0.0
Worker: http://localhost:8002, qlen: 24.0
Worker: http://localhost:8002, Tokens: 51499.0
Selected worker: http://localhost:8002
INFO:     127.0.0.1:42384 - "POST /v1/completions HTTP/1.1" 200 OK
Worker: http://localhost:8001, Running: 30.0, Waiting: 0.0
Worker: http://localhost:8001, qlen: 30.0
Worker: http://localhost:8001, Tokens: 49188.0
Worker: http://localhost:8002, Running: 24.0, Waiting: 0.0
Worker: http://localhost:8002, qlen: 24.0
Worker: http://localhost:8002, Tokens: 52834.0
Selected worker: http://localhost:8002
INFO:     127.0.0.1:42400 - "POST /v1/completions HTTP/1.1" 200 OK
Worker: http://localhost:8001, Running: 30.0, Waiting: 0.0
Worker: http://localhost:8001, qlen: 30.0
Worker: http://localhost:8001, Tokens: 49188.0
Worker: http://localhost:8002, Running: 24.0, Waiting: 0.0
Worker: http://localhost:8002, qlen: 24.0
Worker: http://localhost:8002, Tokens: 53106.0
Selected worker: http://localhost:8002
INFO:     127.0.0.1:42412 - "POST /v1/completions HTTP/1.1" 200 OK
Worker: http://localhost:8001, Running: 30.0, Waiting: 0.0
Worker: http://localhost:8001, qlen: 30.0
Worker: http://localhost:8001, Tokens: 49188.0
Worker: http://localhost:8002, Running: 24.0, Waiting: 0.0
Worker: http://localhost:8002, qlen: 24.0
Worker: http://localhost:8002, Tokens: 53382.0
Selected worker: http://localhost:8002
INFO:     127.0.0.1:42418 - "POST /v1/completions HTTP/1.1" 200 OK
Worker: http://localhost:8001, Running: 30.0, Waiting: 0.0
Worker: http://localhost:8001, qlen: 30.0
Worker: http://localhost:8001, Tokens: 49188.0
Worker: http://localhost:8002, Running: 24.0, Waiting: 0.0
Worker: http://localhost:8002, qlen: 24.0
Worker: http://localhost:8002, Tokens: 56352.0
Selected worker: http://localhost:8002
INFO:     127.0.0.1:42432 - "POST /v1/completions HTTP/1.1" 200 OK
Worker: http://localhost:8001, Running: 30.0, Waiting: 0.0
Worker: http://localhost:8001, qlen: 30.0
Worker: http://localhost:8001, Tokens: 49188.0
Worker: http://localhost:8002, Running: 24.0, Waiting: 0.0
Worker: http://localhost:8002, qlen: 24.0
Worker: http://localhost:8002, Tokens: 58238.0
Selected worker: http://localhost:8002
INFO:     127.0.0.1:42436 - "POST /v1/completions HTTP/1.1" 200 OK
Worker: http://localhost:8001, Running: 18.0, Waiting: 0.0
Worker: http://localhost:8001, qlen: 18.0
Worker: http://localhost:8001, Tokens: 53239.0
Worker: http://localhost:8002, Running: 24.0, Waiting: 0.0
Worker: http://localhost:8002, qlen: 24.0
Worker: http://localhost:8002, Tokens: 58220.0
Selected worker: http://localhost:8001
INFO:     127.0.0.1:42450 - "POST /v1/completions HTTP/1.1" 200 OK
Worker: http://localhost:8001, Running: 19.0, Waiting: 0.0
Worker: http://localhost:8001, qlen: 19.0
Worker: http://localhost:8001, Tokens: 53953.0
Worker: http://localhost:8002, Running: 40.0, Waiting: 5.0
Worker: http://localhost:8002, qlen: 40.0
Worker: http://localhost:8002, Tokens: 58089.0
Selected worker: http://localhost:8001
Worker: http://localhost:8001, Running: 19.0, Waiting: 0.0
Worker: http://localhost:8001, qlen: 19.0
Worker: http://localhost:8001, Tokens: 59374.0
Worker: http://localhost:8002, Running: 40.0, Waiting: 5.0
Worker: http://localhost:8002, qlen: 40.0
Worker: http://localhost:8002, Tokens: 58089.0
Selected worker: http://localhost:8001
INFO:     127.0.0.1:42464 - "POST /v1/completions HTTP/1.1" 200 OK
INFO:     127.0.0.1:42476 - "POST /v1/completions HTTP/1.1" 200 OK
Worker: http://localhost:8001, Running: 21.0, Waiting: 0.0
Worker: http://localhost:8001, qlen: 21.0
Worker: http://localhost:8001, Tokens: 59552.0
Worker: http://localhost:8002, Running: 43.0, Waiting: 0.0
Worker: http://localhost:8002, qlen: 43.0
Worker: http://localhost:8002, Tokens: 65109.0
Selected worker: http://localhost:8001
INFO:     127.0.0.1:42484 - "POST /v1/completions HTTP/1.1" 200 OK
Worker: http://localhost:8001, Running: 22.0, Waiting: 0.0
Worker: http://localhost:8001, qlen: 22.0
Worker: http://localhost:8001, Tokens: 59744.0
Worker: http://localhost:8002, Running: 42.0, Waiting: 0.0
Worker: http://localhost:8002, qlen: 42.0
Worker: http://localhost:8002, Tokens: 64883.0
Selected worker: http://localhost:8001
Worker: http://localhost:8001, Running: 22.0, Waiting: 0.0
Worker: http://localhost:8001, qlen: 22.0
Worker: http://localhost:8001, Tokens: 61289.0
Worker: http://localhost:8002, Running: 42.0, Waiting: 0.0
Worker: http://localhost:8002, qlen: 42.0
Worker: http://localhost:8002, Tokens: 64883.0
Selected worker: http://localhost:8001
Worker: http://localhost:8001, Running: 22.0, Waiting: 0.0
Worker: http://localhost:8001, qlen: 22.0
Worker: http://localhost:8001, Tokens: 61559.0
Worker: http://localhost:8002, Running: 42.0, Waiting: 0.0
Worker: http://localhost:8002, qlen: 42.0
Worker: http://localhost:8002, Tokens: 64883.0
Selected worker: http://localhost:8001
INFO:     127.0.0.1:42500 - "POST /v1/completions HTTP/1.1" 200 OK
INFO:     127.0.0.1:42504 - "POST /v1/completions HTTP/1.1" 200 OK
INFO:     127.0.0.1:42516 - "POST /v1/completions HTTP/1.1" 200 OK
Worker: http://localhost:8001, Running: 25.0, Waiting: 0.0
Worker: http://localhost:8001, qlen: 25.0
Worker: http://localhost:8001, Tokens: 64042.0
Worker: http://localhost:8002, Running: 39.0, Waiting: 0.0
Worker: http://localhost:8002, qlen: 39.0
Worker: http://localhost:8002, Tokens: 66153.0
Selected worker: http://localhost:8001
INFO:     127.0.0.1:42532 - "POST /v1/completions HTTP/1.1" 200 OK
Worker: http://localhost:8001, Running: 25.0, Waiting: 0.0
Worker: http://localhost:8001, qlen: 25.0
Worker: http://localhost:8001, Tokens: 64167.0
Worker: http://localhost:8002, Running: 38.0, Waiting: 0.0
Worker: http://localhost:8002, qlen: 38.0
Worker: http://localhost:8002, Tokens: 66015.0
Selected worker: http://localhost:8001
Worker: http://localhost:8001, Running: 25.0, Waiting: 0.0
Worker: http://localhost:8001, qlen: 25.0
Worker: http://localhost:8001, Tokens: 64454.0
Worker: http://localhost:8002, Running: 38.0, Waiting: 0.0
Worker: http://localhost:8002, qlen: 38.0
Worker: http://localhost:8002, Tokens: 66015.0
Selected worker: http://localhost:8001
INFO:     127.0.0.1:42544 - "POST /v1/completions HTTP/1.1" 200 OK
INFO:     127.0.0.1:42546 - "POST /v1/completions HTTP/1.1" 200 OK
Worker: http://localhost:8001, Running: 28.0, Waiting: 0.0
Worker: http://localhost:8001, qlen: 28.0
Worker: http://localhost:8001, Tokens: 64669.0
Worker: http://localhost:8002, Running: 36.0, Waiting: 0.0
Worker: http://localhost:8002, qlen: 36.0
Worker: http://localhost:8002, Tokens: 67539.0
Selected worker: http://localhost:8001
INFO:     127.0.0.1:42548 - "POST /v1/completions HTTP/1.1" 200 OK
Worker: http://localhost:8001, Running: 27.0, Waiting: 0.0
Worker: http://localhost:8001, qlen: 27.0
Worker: http://localhost:8001, Tokens: 65134.0
Worker: http://localhost:8002, Running: 36.0, Waiting: 0.0
Worker: http://localhost:8002, qlen: 36.0
Worker: http://localhost:8002, Tokens: 66329.0
Selected worker: http://localhost:8001
Worker: http://localhost:8001, Running: 27.0, Waiting: 0.0
Worker: http://localhost:8001, qlen: 27.0
Worker: http://localhost:8001, Tokens: 65406.0
Worker: http://localhost:8002, Running: 36.0, Waiting: 0.0
Worker: http://localhost:8002, qlen: 36.0
Worker: http://localhost:8002, Tokens: 66329.0
Selected worker: http://localhost:8001
Worker: http://localhost:8001, Running: 27.0, Waiting: 0.0
Worker: http://localhost:8001, qlen: 27.0
Worker: http://localhost:8001, Tokens: 65671.0
Worker: http://localhost:8002, Running: 36.0, Waiting: 0.0
Worker: http://localhost:8002, qlen: 36.0
Worker: http://localhost:8002, Tokens: 66329.0
Selected worker: http://localhost:8001
Worker: http://localhost:8001, Running: 27.0, Waiting: 0.0
Worker: http://localhost:8001, qlen: 27.0
Worker: http://localhost:8001, Tokens: 67412.0
Worker: http://localhost:8002, Running: 36.0, Waiting: 0.0
Worker: http://localhost:8002, qlen: 36.0
Worker: http://localhost:8002, Tokens: 66329.0
Selected worker: http://localhost:8001
Worker: http://localhost:8001, Running: 27.0, Waiting: 0.0
Worker: http://localhost:8001, qlen: 27.0
Worker: http://localhost:8001, Tokens: 67671.0
Worker: http://localhost:8002, Running: 36.0, Waiting: 0.0
Worker: http://localhost:8002, qlen: 36.0
Worker: http://localhost:8002, Tokens: 66329.0
Selected worker: http://localhost:8001
Worker: http://localhost:8001, Running: 27.0, Waiting: 0.0
Worker: http://localhost:8001, qlen: 27.0
Worker: http://localhost:8001, Tokens: 67934.0
Worker: http://localhost:8002, Running: 36.0, Waiting: 0.0
Worker: http://localhost:8002, qlen: 36.0
Worker: http://localhost:8002, Tokens: 66329.0
Selected worker: http://localhost:8001
INFO:     127.0.0.1:59202 - "POST /v1/completions HTTP/1.1" 200 OK
INFO:     127.0.0.1:59210 - "POST /v1/completions HTTP/1.1" 200 OK
INFO:     127.0.0.1:59226 - "POST /v1/completions HTTP/1.1" 200 OK
INFO:     127.0.0.1:59198 - "POST /v1/completions HTTP/1.1" 200 OK
INFO:     127.0.0.1:59238 - "POST /v1/completions HTTP/1.1" 200 OK
INFO:     127.0.0.1:59244 - "POST /v1/completions HTTP/1.1" 200 OK
Worker: http://localhost:8001, Running: 27.0, Waiting: 0.0
Worker: http://localhost:8001, qlen: 27.0
Worker: http://localhost:8001, Tokens: 68193.0
Worker: http://localhost:8002, Running: 30.0, Waiting: 0.0
Worker: http://localhost:8002, qlen: 30.0
Worker: http://localhost:8002, Tokens: 67766.0
Selected worker: http://localhost:8001
INFO:     127.0.0.1:59252 - "POST /v1/completions HTTP/1.1" 200 OK
Worker: http://localhost:8001, Running: 28.0, Waiting: 0.0
Worker: http://localhost:8001, qlen: 28.0
Worker: http://localhost:8001, Tokens: 68404.0
Worker: http://localhost:8002, Running: 30.0, Waiting: 0.0
Worker: http://localhost:8002, qlen: 30.0
Worker: http://localhost:8002, Tokens: 66362.0
Selected worker: http://localhost:8001
Worker: http://localhost:8001, Running: 28.0, Waiting: 0.0
Worker: http://localhost:8001, qlen: 28.0
Worker: http://localhost:8001, Tokens: 68674.0
Worker: http://localhost:8002, Running: 30.0, Waiting: 0.0
Worker: http://localhost:8002, qlen: 30.0
Worker: http://localhost:8002, Tokens: 66362.0
Selected worker: http://localhost:8001
Worker: http://localhost:8001, Running: 28.0, Waiting: 0.0
Worker: http://localhost:8001, qlen: 28.0
Worker: http://localhost:8001, Tokens: 68936.0
Worker: http://localhost:8002, Running: 30.0, Waiting: 0.0
Worker: http://localhost:8002, qlen: 30.0
Worker: http://localhost:8002, Tokens: 66362.0
Selected worker: http://localhost:8001
INFO:     127.0.0.1:59260 - "POST /v1/completions HTTP/1.1" 200 OK
INFO:     127.0.0.1:59262 - "POST /v1/completions HTTP/1.1" 200 OK
INFO:     127.0.0.1:59264 - "POST /v1/completions HTTP/1.1" 200 OK
Worker: http://localhost:8001, Running: 28.0, Waiting: 0.0
Worker: http://localhost:8001, qlen: 28.0
Worker: http://localhost:8001, Tokens: 69229.0
Worker: http://localhost:8002, Running: 30.0, Waiting: 0.0
Worker: http://localhost:8002, qlen: 30.0
Worker: http://localhost:8002, Tokens: 66362.0
Selected worker: http://localhost:8001
Worker: http://localhost:8001, Running: 28.0, Waiting: 0.0
Worker: http://localhost:8001, qlen: 28.0
Worker: http://localhost:8001, Tokens: 69495.0
Worker: http://localhost:8002, Running: 30.0, Waiting: 0.0
Worker: http://localhost:8002, qlen: 30.0
Worker: http://localhost:8002, Tokens: 66362.0
Selected worker: http://localhost:8001
INFO:     127.0.0.1:59280 - "POST /v1/completions HTTP/1.1" 200 OK
INFO:     127.0.0.1:59292 - "POST /v1/completions HTTP/1.1" 200 OK
Worker: http://localhost:8001, Running: 28.0, Waiting: 0.0
Worker: http://localhost:8001, qlen: 28.0
Worker: http://localhost:8001, Tokens: 69767.0
Worker: http://localhost:8002, Running: 24.0, Waiting: 0.0
Worker: http://localhost:8002, qlen: 24.0
Worker: http://localhost:8002, Tokens: 68163.0
Selected worker: http://localhost:8002
INFO:     127.0.0.1:59304 - "POST /v1/completions HTTP/1.1" 200 OK
Worker: http://localhost:8001, Running: 39.0, Waiting: 0.0
Worker: http://localhost:8001, qlen: 39.0
Worker: http://localhost:8001, Tokens: 71593.0
Worker: http://localhost:8002, Running: 24.0, Waiting: 0.0
Worker: http://localhost:8002, qlen: 24.0
Worker: http://localhost:8002, Tokens: 69164.0
Selected worker: http://localhost:8002
INFO:     127.0.0.1:59320 - "POST /v1/completions HTTP/1.1" 200 OK
Worker: http://localhost:8001, Running: 39.0, Waiting: 0.0
Worker: http://localhost:8001, qlen: 39.0
Worker: http://localhost:8001, Tokens: 71726.0
Worker: http://localhost:8002, Running: 25.0, Waiting: 0.0
Worker: http://localhost:8002, qlen: 25.0
Worker: http://localhost:8002, Tokens: 69474.0
Selected worker: http://localhost:8002
INFO:     127.0.0.1:59328 - "POST /v1/completions HTTP/1.1" 200 OK
Worker: http://localhost:8001, Running: 38.0, Waiting: 0.0
Worker: http://localhost:8001, qlen: 38.0
Worker: http://localhost:8001, Tokens: 72209.0
Worker: http://localhost:8002, Running: 26.0, Waiting: 0.0
Worker: http://localhost:8002, qlen: 26.0
Worker: http://localhost:8002, Tokens: 71578.0
Selected worker: http://localhost:8002
INFO:     127.0.0.1:59332 - "POST /v1/completions HTTP/1.1" 200 OK
Worker: http://localhost:8001, Running: 37.0, Waiting: 0.0
Worker: http://localhost:8001, qlen: 37.0
Worker: http://localhost:8001, Tokens: 72510.0
Worker: http://localhost:8002, Running: 27.0, Waiting: 0.0
Worker: http://localhost:8002, qlen: 27.0
Worker: http://localhost:8002, Tokens: 71826.0
Selected worker: http://localhost:8002
INFO:     127.0.0.1:59340 - "POST /v1/completions HTTP/1.1" 200 OK
Worker: http://localhost:8001, Running: 36.0, Waiting: 0.0
Worker: http://localhost:8001, qlen: 36.0
Worker: http://localhost:8001, Tokens: 72403.0
Worker: http://localhost:8002, Running: 27.0, Waiting: 0.0
Worker: http://localhost:8002, qlen: 27.0
Worker: http://localhost:8002, Tokens: 72015.0
Selected worker: http://localhost:8002
Worker: http://localhost:8001, Running: 36.0, Waiting: 0.0
Worker: http://localhost:8001, qlen: 36.0
Worker: http://localhost:8001, Tokens: 72403.0
Worker: http://localhost:8002, Running: 27.0, Waiting: 0.0
Worker: http://localhost:8002, qlen: 27.0
Worker: http://localhost:8002, Tokens: 72279.0
Selected worker: http://localhost:8002
INFO:     127.0.0.1:59344 - "POST /v1/completions HTTP/1.1" 200 OK
INFO:     127.0.0.1:59346 - "POST /v1/completions HTTP/1.1" 200 OK
Worker: http://localhost:8001, Running: 34.0, Waiting: 0.0
Worker: http://localhost:8001, qlen: 34.0
Worker: http://localhost:8001, Tokens: 73422.0
Worker: http://localhost:8002, Running: 30.0, Waiting: 0.0
Worker: http://localhost:8002, qlen: 30.0
Worker: http://localhost:8002, Tokens: 73107.0
Selected worker: http://localhost:8002
Worker: http://localhost:8001, Running: 34.0, Waiting: 0.0
Worker: http://localhost:8001, qlen: 34.0
Worker: http://localhost:8001, Tokens: 73422.0
Worker: http://localhost:8002, Running: 30.0, Waiting: 0.0
Worker: http://localhost:8002, qlen: 30.0
Worker: http://localhost:8002, Tokens: 73393.0
Selected worker: http://localhost:8002
INFO:     127.0.0.1:59354 - "POST /v1/completions HTTP/1.1" 200 OK
INFO:     127.0.0.1:59382 - "POST /v1/completions HTTP/1.1" 200 OK
Worker: http://localhost:8001, Running: 34.0, Waiting: 0.0
Worker: http://localhost:8001, qlen: 34.0
Worker: http://localhost:8001, Tokens: 73422.0
Worker: http://localhost:8002, Running: 30.0, Waiting: 0.0
Worker: http://localhost:8002, qlen: 30.0
Worker: http://localhost:8002, Tokens: 73661.0
Selected worker: http://localhost:8002
INFO:     127.0.0.1:59366 - "POST /v1/completions HTTP/1.1" 200 OK
Worker: http://localhost:8001, Running: 34.0, Waiting: 0.0
Worker: http://localhost:8001, qlen: 34.0
Worker: http://localhost:8001, Tokens: 72637.0
Worker: http://localhost:8002, Running: 30.0, Waiting: 0.0
Worker: http://localhost:8002, qlen: 30.0
Worker: http://localhost:8002, Tokens: 72969.0
Selected worker: http://localhost:8002
INFO:     127.0.0.1:59390 - "POST /v1/completions HTTP/1.1" 200 OK
Worker: http://localhost:8001, Running: 34.0, Waiting: 0.0
Worker: http://localhost:8001, qlen: 34.0
Worker: http://localhost:8001, Tokens: 72637.0
Worker: http://localhost:8002, Running: 30.0, Waiting: 0.0
Worker: http://localhost:8002, qlen: 30.0
Worker: http://localhost:8002, Tokens: 73247.0
Selected worker: http://localhost:8002
INFO:     127.0.0.1:59400 - "POST /v1/completions HTTP/1.1" 200 OK
Worker: http://localhost:8001, Running: 34.0, Waiting: 0.0
Worker: http://localhost:8001, qlen: 34.0
Worker: http://localhost:8001, Tokens: 72637.0
Worker: http://localhost:8002, Running: 30.0, Waiting: 0.0
Worker: http://localhost:8002, qlen: 30.0
Worker: http://localhost:8002, Tokens: 73522.0
Selected worker: http://localhost:8002
INFO:     127.0.0.1:59406 - "POST /v1/completions HTTP/1.1" 200 OK
Worker: http://localhost:8001, Running: 34.0, Waiting: 0.0
Worker: http://localhost:8001, qlen: 34.0
Worker: http://localhost:8001, Tokens: 72637.0
Worker: http://localhost:8002, Running: 30.0, Waiting: 0.0
Worker: http://localhost:8002, qlen: 30.0
Worker: http://localhost:8002, Tokens: 73818.0
Selected worker: http://localhost:8002
INFO:     127.0.0.1:59422 - "POST /v1/completions HTTP/1.1" 200 OK
Worker: http://localhost:8001, Running: 23.0, Waiting: 0.0
Worker: http://localhost:8001, qlen: 23.0
Worker: http://localhost:8001, Tokens: 74609.0
Worker: http://localhost:8002, Running: 30.0, Waiting: 0.0
Worker: http://localhost:8002, qlen: 30.0
Worker: http://localhost:8002, Tokens: 74082.0
Selected worker: http://localhost:8001
Worker: http://localhost:8001, Running: 23.0, Waiting: 0.0
Worker: http://localhost:8001, qlen: 23.0
Worker: http://localhost:8001, Tokens: 76444.0
Worker: http://localhost:8002, Running: 30.0, Waiting: 0.0
Worker: http://localhost:8002, qlen: 30.0
Worker: http://localhost:8002, Tokens: 74082.0
Selected worker: http://localhost:8001
Worker: http://localhost:8001, Running: 23.0, Waiting: 0.0
Worker: http://localhost:8001, qlen: 23.0
Worker: http://localhost:8001, Tokens: 76708.0
Worker: http://localhost:8002, Running: 30.0, Waiting: 0.0
Worker: http://localhost:8002, qlen: 30.0
Worker: http://localhost:8002, Tokens: 74082.0
Selected worker: http://localhost:8001
Worker: http://localhost:8001, Running: 23.0, Waiting: 0.0
Worker: http://localhost:8001, qlen: 23.0
Worker: http://localhost:8001, Tokens: 78522.0
Worker: http://localhost:8002, Running: 30.0, Waiting: 0.0
Worker: http://localhost:8002, qlen: 30.0
Worker: http://localhost:8002, Tokens: 74082.0
Selected worker: http://localhost:8001
INFO:     127.0.0.1:59434 - "POST /v1/completions HTTP/1.1" 200 OK
INFO:     127.0.0.1:59448 - "POST /v1/completions HTTP/1.1" 200 OK
INFO:     127.0.0.1:59454 - "POST /v1/completions HTTP/1.1" 200 OK
INFO:     127.0.0.1:59464 - "POST /v1/completions HTTP/1.1" 200 OK
Worker: http://localhost:8001, Running: 23.0, Waiting: 0.0
Worker: http://localhost:8001, qlen: 23.0
Worker: http://localhost:8001, Tokens: 78791.0
Worker: http://localhost:8002, Running: 30.0, Waiting: 0.0
Worker: http://localhost:8002, qlen: 30.0
Worker: http://localhost:8002, Tokens: 74082.0
Selected worker: http://localhost:8001
INFO:     127.0.0.1:59468 - "POST /v1/completions HTTP/1.1" 200 OK
Worker: http://localhost:8001, Running: 25.0, Waiting: 3.0
Worker: http://localhost:8001, qlen: 25.0
Worker: http://localhost:8001, Tokens: 74920.0
Worker: http://localhost:8002, Running: 35.0, Waiting: 0.0
Worker: http://localhost:8002, qlen: 35.0
Worker: http://localhost:8002, Tokens: 76530.0
Selected worker: http://localhost:8001
INFO:     127.0.0.1:59478 - "POST /v1/completions HTTP/1.1" 200 OK
Worker: http://localhost:8001, Running: 29.0, Waiting: 0.0
Worker: http://localhost:8001, qlen: 29.0
Worker: http://localhost:8001, Tokens: 84981.0
Worker: http://localhost:8002, Running: 35.0, Waiting: 0.0
Worker: http://localhost:8002, qlen: 35.0
Worker: http://localhost:8002, Tokens: 77301.0
Selected worker: http://localhost:8001
INFO:     127.0.0.1:59482 - "POST /v1/completions HTTP/1.1" 200 OK
Worker: http://localhost:8001, Running: 30.0, Waiting: 0.0
Worker: http://localhost:8001, qlen: 30.0
Worker: http://localhost:8001, Tokens: 85230.0
Worker: http://localhost:8002, Running: 34.0, Waiting: 0.0
Worker: http://localhost:8002, qlen: 34.0
Worker: http://localhost:8002, Tokens: 77576.0
Selected worker: http://localhost:8001
INFO:     127.0.0.1:59488 - "POST /v1/completions HTTP/1.1" 200 OK
Worker: http://localhost:8001, Running: 31.0, Waiting: 0.0
Worker: http://localhost:8001, qlen: 31.0
Worker: http://localhost:8001, Tokens: 85488.0
Worker: http://localhost:8002, Running: 33.0, Waiting: 0.0
Worker: http://localhost:8002, qlen: 33.0
Worker: http://localhost:8002, Tokens: 77553.0
Selected worker: http://localhost:8001
Worker: http://localhost:8001, Running: 31.0, Waiting: 0.0
Worker: http://localhost:8001, qlen: 31.0
Worker: http://localhost:8001, Tokens: 85786.0
Worker: http://localhost:8002, Running: 33.0, Waiting: 0.0
Worker: http://localhost:8002, qlen: 33.0
Worker: http://localhost:8002, Tokens: 77553.0
Selected worker: http://localhost:8001
INFO:     127.0.0.1:59492 - "POST /v1/completions HTTP/1.1" 200 OK
INFO:     127.0.0.1:59498 - "POST /v1/completions HTTP/1.1" 200 OK
Worker: http://localhost:8001, Running: 33.0, Waiting: 0.0
Worker: http://localhost:8001, qlen: 33.0
Worker: http://localhost:8001, Tokens: 88575.0
Worker: http://localhost:8002, Running: 31.0, Waiting: 0.0
Worker: http://localhost:8002, qlen: 31.0
Worker: http://localhost:8002, Tokens: 78923.0
Selected worker: http://localhost:8002
Worker: http://localhost:8001, Running: 33.0, Waiting: 0.0
Worker: http://localhost:8001, qlen: 33.0
Worker: http://localhost:8001, Tokens: 88575.0
Worker: http://localhost:8002, Running: 31.0, Waiting: 0.0
Worker: http://localhost:8002, qlen: 31.0
Worker: http://localhost:8002, Tokens: 79190.0
Selected worker: http://localhost:8002
INFO:     127.0.0.1:59506 - "POST /v1/completions HTTP/1.1" 200 OK
INFO:     127.0.0.1:59512 - "POST /v1/completions HTTP/1.1" 200 OK
Worker: http://localhost:8001, Running: 33.0, Waiting: 0.0
Worker: http://localhost:8001, qlen: 33.0
Worker: http://localhost:8001, Tokens: 88674.0
Worker: http://localhost:8002, Running: 31.0, Waiting: 0.0
Worker: http://localhost:8002, qlen: 31.0
Worker: http://localhost:8002, Tokens: 78338.0
Selected worker: http://localhost:8002
INFO:     127.0.0.1:59528 - "POST /v1/completions HTTP/1.1" 200 OK
Worker: http://localhost:8001, Running: 33.0, Waiting: 0.0
Worker: http://localhost:8001, qlen: 33.0
Worker: http://localhost:8001, Tokens: 88674.0
Worker: http://localhost:8002, Running: 31.0, Waiting: 0.0
Worker: http://localhost:8002, qlen: 31.0
Worker: http://localhost:8002, Tokens: 78600.0
Selected worker: http://localhost:8002
INFO:     127.0.0.1:59532 - "POST /v1/completions HTTP/1.1" 200 OK
Worker: http://localhost:8001, Running: 33.0, Waiting: 0.0
Worker: http://localhost:8001, qlen: 33.0
Worker: http://localhost:8001, Tokens: 88674.0
Worker: http://localhost:8002, Running: 31.0, Waiting: 0.0
Worker: http://localhost:8002, qlen: 31.0
Worker: http://localhost:8002, Tokens: 78880.0
Selected worker: http://localhost:8002
INFO:     127.0.0.1:59546 - "POST /v1/completions HTTP/1.1" 200 OK
Worker: http://localhost:8001, Running: 33.0, Waiting: 0.0
Worker: http://localhost:8001, qlen: 33.0
Worker: http://localhost:8001, Tokens: 88674.0
Worker: http://localhost:8002, Running: 31.0, Waiting: 0.0
Worker: http://localhost:8002, qlen: 31.0
Worker: http://localhost:8002, Tokens: 79144.0
Selected worker: http://localhost:8002
INFO:     127.0.0.1:59552 - "POST /v1/completions HTTP/1.1" 200 OK
Worker: http://localhost:8001, Running: 33.0, Waiting: 0.0
Worker: http://localhost:8001, qlen: 33.0
Worker: http://localhost:8001, Tokens: 89433.0
Worker: http://localhost:8002, Running: 31.0, Waiting: 0.0
Worker: http://localhost:8002, qlen: 31.0
Worker: http://localhost:8002, Tokens: 82262.0
Selected worker: http://localhost:8002
INFO:     127.0.0.1:59562 - "POST /v1/completions HTTP/1.1" 200 OK
Worker: http://localhost:8001, Running: 32.0, Waiting: 0.0
Worker: http://localhost:8001, qlen: 32.0
Worker: http://localhost:8001, Tokens: 89287.0
Worker: http://localhost:8002, Running: 31.0, Waiting: 0.0
Worker: http://localhost:8002, qlen: 31.0
Worker: http://localhost:8002, Tokens: 82386.0
Selected worker: http://localhost:8002
Worker: http://localhost:8001, Running: 32.0, Waiting: 0.0
Worker: http://localhost:8001, qlen: 32.0
Worker: http://localhost:8001, Tokens: 89287.0
Worker: http://localhost:8002, Running: 31.0, Waiting: 0.0
Worker: http://localhost:8002, qlen: 31.0
Worker: http://localhost:8002, Tokens: 82662.0
Selected worker: http://localhost:8002
INFO:     127.0.0.1:59572 - "POST /v1/completions HTTP/1.1" 200 OK
INFO:     127.0.0.1:59584 - "POST /v1/completions HTTP/1.1" 200 OK
Worker: http://localhost:8001, Running: 30.0, Waiting: 0.0
Worker: http://localhost:8001, qlen: 30.0
Worker: http://localhost:8001, Tokens: 90042.0
Worker: http://localhost:8002, Running: 34.0, Waiting: 0.0
Worker: http://localhost:8002, qlen: 34.0
Worker: http://localhost:8002, Tokens: 82961.0
Selected worker: http://localhost:8001
INFO:     127.0.0.1:59586 - "POST /v1/completions HTTP/1.1" 200 OK
Worker: http://localhost:8001, Running: 30.0, Waiting: 0.0
Worker: http://localhost:8001, qlen: 30.0
Worker: http://localhost:8001, Tokens: 90270.0
Worker: http://localhost:8002, Running: 34.0, Waiting: 0.0
Worker: http://localhost:8002, qlen: 34.0
Worker: http://localhost:8002, Tokens: 83233.0
Selected worker: http://localhost:8001
INFO:     127.0.0.1:59600 - "POST /v1/completions HTTP/1.1" 200 OK
Worker: http://localhost:8001, Running: 30.0, Waiting: 0.0
Worker: http://localhost:8001, qlen: 30.0
Worker: http://localhost:8001, Tokens: 90485.0
Worker: http://localhost:8002, Running: 34.0, Waiting: 0.0
Worker: http://localhost:8002, qlen: 34.0
Worker: http://localhost:8002, Tokens: 83607.0
Selected worker: http://localhost:8001
INFO:     127.0.0.1:59604 - "POST /v1/completions HTTP/1.1" 200 OK
Worker: http://localhost:8001, Running: 30.0, Waiting: 0.0
Worker: http://localhost:8001, qlen: 30.0
Worker: http://localhost:8001, Tokens: 92202.0
Worker: http://localhost:8002, Running: 34.0, Waiting: 0.0
Worker: http://localhost:8002, qlen: 34.0
Worker: http://localhost:8002, Tokens: 83735.0
Selected worker: http://localhost:8001
INFO:     127.0.0.1:35338 - "POST /v1/completions HTTP/1.1" 200 OK
Worker: http://localhost:8001, Running: 30.0, Waiting: 0.0
Worker: http://localhost:8001, qlen: 30.0
Worker: http://localhost:8001, Tokens: 92475.0
Worker: http://localhost:8002, Running: 34.0, Waiting: 0.0
Worker: http://localhost:8002, qlen: 34.0
Worker: http://localhost:8002, Tokens: 83735.0
Selected worker: http://localhost:8001
INFO:     127.0.0.1:35352 - "POST /v1/completions HTTP/1.1" 200 OK
Worker: http://localhost:8001, Running: 30.0, Waiting: 0.0
Worker: http://localhost:8001, qlen: 30.0
Worker: http://localhost:8001, Tokens: 92764.0
Worker: http://localhost:8002, Running: 34.0, Waiting: 0.0
Worker: http://localhost:8002, qlen: 34.0
Worker: http://localhost:8002, Tokens: 83735.0
Selected worker: http://localhost:8001
INFO:     127.0.0.1:35362 - "POST /v1/completions HTTP/1.1" 200 OK
Worker: http://localhost:8001, Running: 30.0, Waiting: 0.0
Worker: http://localhost:8001, qlen: 30.0
Worker: http://localhost:8001, Tokens: 94113.0
Worker: http://localhost:8002, Running: 34.0, Waiting: 0.0
Worker: http://localhost:8002, qlen: 34.0
Worker: http://localhost:8002, Tokens: 83735.0
Selected worker: http://localhost:8001
INFO:     127.0.0.1:35378 - "POST /v1/completions HTTP/1.1" 200 OK
Worker: http://localhost:8001, Running: 30.0, Waiting: 0.0
Worker: http://localhost:8001, qlen: 30.0
Worker: http://localhost:8001, Tokens: 94381.0
Worker: http://localhost:8002, Running: 34.0, Waiting: 0.0
Worker: http://localhost:8002, qlen: 34.0
Worker: http://localhost:8002, Tokens: 83735.0
Selected worker: http://localhost:8001
INFO:     127.0.0.1:35388 - "POST /v1/completions HTTP/1.1" 200 OK
Worker: http://localhost:8001, Running: 35.0, Waiting: 0.0
Worker: http://localhost:8001, qlen: 35.0
Worker: http://localhost:8001, Tokens: 94839.0
Worker: http://localhost:8002, Running: 29.0, Waiting: 0.0
Worker: http://localhost:8002, qlen: 29.0
Worker: http://localhost:8002, Tokens: 85502.0
Selected worker: http://localhost:8002
INFO:     127.0.0.1:35390 - "POST /v1/completions HTTP/1.1" 200 OK
Worker: http://localhost:8001, Running: 35.0, Waiting: 0.0
Worker: http://localhost:8001, qlen: 35.0
Worker: http://localhost:8001, Tokens: 94944.0
Worker: http://localhost:8002, Running: 28.0, Waiting: 0.0
Worker: http://localhost:8002, qlen: 28.0
Worker: http://localhost:8002, Tokens: 85411.0
Selected worker: http://localhost:8002
Worker: http://localhost:8001, Running: 35.0, Waiting: 0.0
Worker: http://localhost:8001, qlen: 35.0
Worker: http://localhost:8001, Tokens: 94944.0
Worker: http://localhost:8002, Running: 28.0, Waiting: 0.0
Worker: http://localhost:8002, qlen: 28.0
Worker: http://localhost:8002, Tokens: 85668.0
Selected worker: http://localhost:8002
INFO:     127.0.0.1:35394 - "POST /v1/completions HTTP/1.1" 200 OK
INFO:     127.0.0.1:35410 - "POST /v1/completions HTTP/1.1" 200 OK
Worker: http://localhost:8001, Running: 35.0, Waiting: 0.0
Worker: http://localhost:8001, qlen: 35.0
Worker: http://localhost:8001, Tokens: 95491.0
Worker: http://localhost:8002, Running: 29.0, Waiting: 0.0
Worker: http://localhost:8002, qlen: 29.0
Worker: http://localhost:8002, Tokens: 86666.0
Selected worker: http://localhost:8002
INFO:     127.0.0.1:35424 - "POST /v1/completions HTTP/1.1" 200 OK
Worker: http://localhost:8001, Running: 34.0, Waiting: 0.0
Worker: http://localhost:8001, qlen: 34.0
Worker: http://localhost:8001, Tokens: 95792.0
Worker: http://localhost:8002, Running: 30.0, Waiting: 0.0
Worker: http://localhost:8002, qlen: 30.0
Worker: http://localhost:8002, Tokens: 86964.0
Selected worker: http://localhost:8002
INFO:     127.0.0.1:35440 - "POST /v1/completions HTTP/1.1" 200 OK
Worker: http://localhost:8001, Running: 33.0, Waiting: 0.0
Worker: http://localhost:8001, qlen: 33.0
Worker: http://localhost:8001, Tokens: 96123.0
Worker: http://localhost:8002, Running: 31.0, Waiting: 0.0
Worker: http://localhost:8002, qlen: 31.0
Worker: http://localhost:8002, Tokens: 87200.0
Selected worker: http://localhost:8002
INFO:     127.0.0.1:35452 - "POST /v1/completions HTTP/1.1" 200 OK
Worker: http://localhost:8001, Running: 32.0, Waiting: 0.0
Worker: http://localhost:8001, qlen: 32.0
Worker: http://localhost:8001, Tokens: 97655.0
Worker: http://localhost:8002, Running: 32.0, Waiting: 0.0
Worker: http://localhost:8002, qlen: 32.0
Worker: http://localhost:8002, Tokens: 88840.0
Selected worker: http://localhost:8001
INFO:     127.0.0.1:35462 - "POST /v1/completions HTTP/1.1" 200 OK
Worker: http://localhost:8001, Running: 32.0, Waiting: 0.0
Worker: http://localhost:8001, qlen: 32.0
Worker: http://localhost:8001, Tokens: 97096.0
Worker: http://localhost:8002, Running: 32.0, Waiting: 0.0
Worker: http://localhost:8002, qlen: 32.0
Worker: http://localhost:8002, Tokens: 88936.0
Selected worker: http://localhost:8002
INFO:     127.0.0.1:35476 - "POST /v1/completions HTTP/1.1" 200 OK
Worker: http://localhost:8001, Running: 32.0, Waiting: 0.0
Worker: http://localhost:8001, qlen: 32.0
Worker: http://localhost:8001, Tokens: 97096.0
Worker: http://localhost:8002, Running: 32.0, Waiting: 0.0
Worker: http://localhost:8002, qlen: 32.0
Worker: http://localhost:8002, Tokens: 89209.0
Selected worker: http://localhost:8002
INFO:     127.0.0.1:35478 - "POST /v1/completions HTTP/1.1" 200 OK
Worker: http://localhost:8001, Running: 32.0, Waiting: 0.0
Worker: http://localhost:8001, qlen: 32.0
Worker: http://localhost:8001, Tokens: 97096.0
Worker: http://localhost:8002, Running: 32.0, Waiting: 0.0
Worker: http://localhost:8002, qlen: 32.0
Worker: http://localhost:8002, Tokens: 89479.0
Selected worker: http://localhost:8002
INFO:     127.0.0.1:35488 - "POST /v1/completions HTTP/1.1" 200 OK
Worker: http://localhost:8001, Running: 29.0, Waiting: 0.0
Worker: http://localhost:8001, qlen: 29.0
Worker: http://localhost:8001, Tokens: 98502.0
Worker: http://localhost:8002, Running: 32.0, Waiting: 0.0
Worker: http://localhost:8002, qlen: 32.0
Worker: http://localhost:8002, Tokens: 88970.0
Selected worker: http://localhost:8001
INFO:     127.0.0.1:35490 - "POST /v1/completions HTTP/1.1" 200 OK
Worker: http://localhost:8001, Running: 29.0, Waiting: 0.0
Worker: http://localhost:8001, qlen: 29.0
Worker: http://localhost:8001, Tokens: 98759.0
Worker: http://localhost:8002, Running: 32.0, Waiting: 0.0
Worker: http://localhost:8002, qlen: 32.0
Worker: http://localhost:8002, Tokens: 88970.0
Selected worker: http://localhost:8001
INFO:     127.0.0.1:35492 - "POST /v1/completions HTTP/1.1" 200 OK
Worker: http://localhost:8001, Running: 29.0, Waiting: 0.0
Worker: http://localhost:8001, qlen: 29.0
Worker: http://localhost:8001, Tokens: 99038.0
Worker: http://localhost:8002, Running: 32.0, Waiting: 0.0
Worker: http://localhost:8002, qlen: 32.0
Worker: http://localhost:8002, Tokens: 88970.0
Selected worker: http://localhost:8001
INFO:     127.0.0.1:35498 - "POST /v1/completions HTTP/1.1" 200 OK
Worker: http://localhost:8001, Running: 32.0, Waiting: 0.0
Worker: http://localhost:8001, qlen: 32.0
Worker: http://localhost:8001, Tokens: 99079.0
Worker: http://localhost:8002, Running: 32.0, Waiting: 0.0
Worker: http://localhost:8002, qlen: 32.0
Worker: http://localhost:8002, Tokens: 89819.0
Selected worker: http://localhost:8002
INFO:     127.0.0.1:35512 - "POST /v1/completions HTTP/1.1" 200 OK
Worker: http://localhost:8001, Running: 32.0, Waiting: 0.0
Worker: http://localhost:8001, qlen: 32.0
Worker: http://localhost:8001, Tokens: 99335.0
Worker: http://localhost:8002, Running: 32.0, Waiting: 0.0
Worker: http://localhost:8002, qlen: 32.0
Worker: http://localhost:8002, Tokens: 90069.0
Selected worker: http://localhost:8002
INFO:     127.0.0.1:35516 - "POST /v1/completions HTTP/1.1" 200 OK
Worker: http://localhost:8001, Running: 32.0, Waiting: 0.0
Worker: http://localhost:8001, qlen: 32.0
Worker: http://localhost:8001, Tokens: 99591.0
Worker: http://localhost:8002, Running: 32.0, Waiting: 0.0
Worker: http://localhost:8002, qlen: 32.0
Worker: http://localhost:8002, Tokens: 90309.0
Selected worker: http://localhost:8001
INFO:     127.0.0.1:35532 - "POST /v1/completions HTTP/1.1" 200 OK
Worker: http://localhost:8001, Running: 33.0, Waiting: 0.0
Worker: http://localhost:8001, qlen: 33.0
Worker: http://localhost:8001, Tokens: 101127.0
Worker: http://localhost:8002, Running: 31.0, Waiting: 0.0
Worker: http://localhost:8002, qlen: 31.0
Worker: http://localhost:8002, Tokens: 92341.0
Selected worker: http://localhost:8002
INFO:     127.0.0.1:35544 - "POST /v1/completions HTTP/1.1" 200 OK
Worker: http://localhost:8001, Running: 32.0, Waiting: 0.0
Worker: http://localhost:8001, qlen: 32.0
Worker: http://localhost:8001, Tokens: 101750.0
Worker: http://localhost:8002, Running: 32.0, Waiting: 0.0
Worker: http://localhost:8002, qlen: 32.0
Worker: http://localhost:8002, Tokens: 92478.0
Selected worker: http://localhost:8001
INFO:     127.0.0.1:35552 - "POST /v1/completions HTTP/1.1" 200 OK
Worker: http://localhost:8001, Running: 32.0, Waiting: 0.0
Worker: http://localhost:8001, qlen: 32.0
Worker: http://localhost:8001, Tokens: 102020.0
Worker: http://localhost:8002, Running: 31.0, Waiting: 0.0
Worker: http://localhost:8002, qlen: 31.0
Worker: http://localhost:8002, Tokens: 92314.0
Selected worker: http://localhost:8002
INFO:     127.0.0.1:35564 - "POST /v1/completions HTTP/1.1" 200 OK
Worker: http://localhost:8001, Running: 32.0, Waiting: 0.0
Worker: http://localhost:8001, qlen: 32.0
Worker: http://localhost:8001, Tokens: 102020.0
Worker: http://localhost:8002, Running: 31.0, Waiting: 0.0
Worker: http://localhost:8002, qlen: 31.0
Worker: http://localhost:8002, Tokens: 93904.0
Selected worker: http://localhost:8002
INFO:     127.0.0.1:35574 - "POST /v1/completions HTTP/1.1" 200 OK
Worker: http://localhost:8001, Running: 32.0, Waiting: 0.0
Worker: http://localhost:8001, qlen: 32.0
Worker: http://localhost:8001, Tokens: 101717.0
Worker: http://localhost:8002, Running: 31.0, Waiting: 0.0
Worker: http://localhost:8002, qlen: 31.0
Worker: http://localhost:8002, Tokens: 94171.0
Selected worker: http://localhost:8002
INFO:     127.0.0.1:35582 - "POST /v1/completions HTTP/1.1" 200 OK
Worker: http://localhost:8001, Running: 32.0, Waiting: 0.0
Worker: http://localhost:8001, qlen: 32.0
Worker: http://localhost:8001, Tokens: 101160.0
Worker: http://localhost:8002, Running: 29.0, Waiting: 0.0
Worker: http://localhost:8002, qlen: 29.0
Worker: http://localhost:8002, Tokens: 93052.0
Selected worker: http://localhost:8002
INFO:     127.0.0.1:35590 - "POST /v1/completions HTTP/1.1" 200 OK
Worker: http://localhost:8001, Running: 32.0, Waiting: 0.0
Worker: http://localhost:8001, qlen: 32.0
Worker: http://localhost:8001, Tokens: 101160.0
Worker: http://localhost:8002, Running: 29.0, Waiting: 0.0
Worker: http://localhost:8002, qlen: 29.0
Worker: http://localhost:8002, Tokens: 94923.0
Selected worker: http://localhost:8002
INFO:     127.0.0.1:35596 - "POST /v1/completions HTTP/1.1" 200 OK
Worker: http://localhost:8001, Running: 30.0, Waiting: 0.0
Worker: http://localhost:8001, qlen: 30.0
Worker: http://localhost:8001, Tokens: 102597.0
Worker: http://localhost:8002, Running: 34.0, Waiting: 0.0
Worker: http://localhost:8002, qlen: 34.0
Worker: http://localhost:8002, Tokens: 96946.0
Selected worker: http://localhost:8001
INFO:     127.0.0.1:35608 - "POST /v1/completions HTTP/1.1" 200 OK
Worker: http://localhost:8001, Running: 30.0, Waiting: 0.0
Worker: http://localhost:8001, qlen: 30.0
Worker: http://localhost:8001, Tokens: 102837.0
Worker: http://localhost:8002, Running: 33.0, Waiting: 0.0
Worker: http://localhost:8002, qlen: 33.0
Worker: http://localhost:8002, Tokens: 97209.0
Selected worker: http://localhost:8001
INFO:     127.0.0.1:35622 - "POST /v1/completions HTTP/1.1" 200 OK
Worker: http://localhost:8001, Running: 31.0, Waiting: 0.0
Worker: http://localhost:8001, qlen: 31.0
Worker: http://localhost:8001, Tokens: 104057.0
Worker: http://localhost:8002, Running: 32.0, Waiting: 0.0
Worker: http://localhost:8002, qlen: 32.0
Worker: http://localhost:8002, Tokens: 97729.0
Selected worker: http://localhost:8001
INFO:     127.0.0.1:35634 - "POST /v1/completions HTTP/1.1" 200 OK
Worker: http://localhost:8001, Running: 32.0, Waiting: 0.0
Worker: http://localhost:8001, qlen: 32.0
Worker: http://localhost:8001, Tokens: 106226.0
Worker: http://localhost:8002, Running: 32.0, Waiting: 0.0
Worker: http://localhost:8002, qlen: 32.0
Worker: http://localhost:8002, Tokens: 99268.0
Selected worker: http://localhost:8001
INFO:     127.0.0.1:35204 - "POST /v1/completions HTTP/1.1" 200 OK
Worker: http://localhost:8001, Running: 33.0, Waiting: 0.0
Worker: http://localhost:8001, qlen: 33.0
Worker: http://localhost:8001, Tokens: 107468.0
Worker: http://localhost:8002, Running: 31.0, Waiting: 0.0
Worker: http://localhost:8002, qlen: 31.0
Worker: http://localhost:8002, Tokens: 99722.0
Selected worker: http://localhost:8002
Worker: http://localhost:8001, Running: 33.0, Waiting: 0.0
Worker: http://localhost:8001, qlen: 33.0
Worker: http://localhost:8001, Tokens: 107468.0
Worker: http://localhost:8002, Running: 31.0, Waiting: 0.0
Worker: http://localhost:8002, qlen: 31.0
Worker: http://localhost:8002, Tokens: 99984.0
Selected worker: http://localhost:8002
INFO:     127.0.0.1:35218 - "POST /v1/completions HTTP/1.1" 200 OK
INFO:     127.0.0.1:35220 - "POST /v1/completions HTTP/1.1" 200 OK
Worker: http://localhost:8001, Running: 32.0, Waiting: 0.0
Worker: http://localhost:8001, qlen: 32.0
Worker: http://localhost:8001, Tokens: 107837.0
Worker: http://localhost:8002, Running: 31.0, Waiting: 0.0
Worker: http://localhost:8002, qlen: 31.0
Worker: http://localhost:8002, Tokens: 99965.0
Selected worker: http://localhost:8002
INFO:     127.0.0.1:35236 - "POST /v1/completions HTTP/1.1" 200 OK
Worker: http://localhost:8001, Running: 32.0, Waiting: 0.0
Worker: http://localhost:8001, qlen: 32.0
Worker: http://localhost:8001, Tokens: 107837.0
Worker: http://localhost:8002, Running: 29.0, Waiting: 0.0
Worker: http://localhost:8002, qlen: 29.0
Worker: http://localhost:8002, Tokens: 99914.0
Selected worker: http://localhost:8002
INFO:     127.0.0.1:35252 - "POST /v1/completions HTTP/1.1" 200 OK
Worker: http://localhost:8001, Running: 32.0, Waiting: 0.0
Worker: http://localhost:8001, qlen: 32.0
Worker: http://localhost:8001, Tokens: 108555.0
Worker: http://localhost:8002, Running: 32.0, Waiting: 0.0
Worker: http://localhost:8002, qlen: 32.0
Worker: http://localhost:8002, Tokens: 101038.0
Selected worker: http://localhost:8001
INFO:     127.0.0.1:35268 - "POST /v1/completions HTTP/1.1" 200 OK
Worker: http://localhost:8001, Running: 31.0, Waiting: 0.0
Worker: http://localhost:8001, qlen: 31.0
Worker: http://localhost:8001, Tokens: 108715.0
Worker: http://localhost:8002, Running: 32.0, Waiting: 0.0
Worker: http://localhost:8002, qlen: 32.0
Worker: http://localhost:8002, Tokens: 101294.0
Selected worker: http://localhost:8001
INFO:     127.0.0.1:35284 - "POST /v1/completions HTTP/1.1" 200 OK
Worker: http://localhost:8001, Running: 32.0, Waiting: 0.0
Worker: http://localhost:8001, qlen: 32.0
Worker: http://localhost:8001, Tokens: 111065.0
Worker: http://localhost:8002, Running: 32.0, Waiting: 0.0
Worker: http://localhost:8002, qlen: 32.0
Worker: http://localhost:8002, Tokens: 102939.0
Selected worker: http://localhost:8002
Worker: http://localhost:8001, Running: 32.0, Waiting: 0.0
Worker: http://localhost:8001, qlen: 32.0
Worker: http://localhost:8001, Tokens: 111065.0
Worker: http://localhost:8002, Running: 32.0, Waiting: 0.0
Worker: http://localhost:8002, qlen: 32.0
Worker: http://localhost:8002, Tokens: 103196.0
Selected worker: http://localhost:8002
INFO:     127.0.0.1:35288 - "POST /v1/completions HTTP/1.1" 200 OK
INFO:     127.0.0.1:35304 - "POST /v1/completions HTTP/1.1" 200 OK
Worker: http://localhost:8001, Running: 32.0, Waiting: 0.0
Worker: http://localhost:8001, qlen: 32.0
Worker: http://localhost:8001, Tokens: 111161.0
Worker: http://localhost:8002, Running: 32.0, Waiting: 0.0
Worker: http://localhost:8002, qlen: 32.0
Worker: http://localhost:8002, Tokens: 102913.0
Selected worker: http://localhost:8002
INFO:     127.0.0.1:35316 - "POST /v1/completions HTTP/1.1" 200 OK
Worker: http://localhost:8001, Running: 32.0, Waiting: 0.0
Worker: http://localhost:8001, qlen: 32.0
Worker: http://localhost:8001, Tokens: 111161.0
Worker: http://localhost:8002, Running: 32.0, Waiting: 0.0
Worker: http://localhost:8002, qlen: 32.0
Worker: http://localhost:8002, Tokens: 103172.0
Selected worker: http://localhost:8002
INFO:     127.0.0.1:35332 - "POST /v1/completions HTTP/1.1" 200 OK
Worker: http://localhost:8001, Running: 32.0, Waiting: 0.0
Worker: http://localhost:8001, qlen: 32.0
Worker: http://localhost:8001, Tokens: 111896.0
Worker: http://localhost:8002, Running: 32.0, Waiting: 0.0
Worker: http://localhost:8002, qlen: 32.0
Worker: http://localhost:8002, Tokens: 104451.0
Selected worker: http://localhost:8002
INFO:     127.0.0.1:35338 - "POST /v1/completions HTTP/1.1" 200 OK
Worker: http://localhost:8001, Running: 31.0, Waiting: 0.0
Worker: http://localhost:8001, qlen: 31.0
Worker: http://localhost:8001, Tokens: 112052.0
Worker: http://localhost:8002, Running: 32.0, Waiting: 0.0
Worker: http://localhost:8002, qlen: 32.0
Worker: http://localhost:8002, Tokens: 104739.0
Selected worker: http://localhost:8001
INFO:     127.0.0.1:35342 - "POST /v1/completions HTTP/1.1" 200 OK
Worker: http://localhost:8001, Running: 31.0, Waiting: 0.0
Worker: http://localhost:8001, qlen: 31.0
Worker: http://localhost:8001, Tokens: 114425.0
Worker: http://localhost:8002, Running: 31.0, Waiting: 0.0
Worker: http://localhost:8002, qlen: 31.0
Worker: http://localhost:8002, Tokens: 107068.0
Selected worker: http://localhost:8002
INFO:     127.0.0.1:35356 - "POST /v1/completions HTTP/1.1" 200 OK
Worker: http://localhost:8001, Running: 31.0, Waiting: 0.0
Worker: http://localhost:8001, qlen: 31.0
Worker: http://localhost:8001, Tokens: 114425.0
Worker: http://localhost:8002, Running: 31.0, Waiting: 0.0
Worker: http://localhost:8002, qlen: 31.0
Worker: http://localhost:8002, Tokens: 107327.0
Selected worker: http://localhost:8001
INFO:     127.0.0.1:35364 - "POST /v1/completions HTTP/1.1" 200 OK
Worker: http://localhost:8001, Running: 31.0, Waiting: 0.0
Worker: http://localhost:8001, qlen: 31.0
Worker: http://localhost:8001, Tokens: 114686.0
Worker: http://localhost:8002, Running: 31.0, Waiting: 0.0
Worker: http://localhost:8002, qlen: 31.0
Worker: http://localhost:8002, Tokens: 106804.0
Selected worker: http://localhost:8002
Worker: http://localhost:8001, Running: 31.0, Waiting: 0.0
Worker: http://localhost:8001, qlen: 31.0
Worker: http://localhost:8001, Tokens: 114686.0
Worker: http://localhost:8002, Running: 31.0, Waiting: 0.0
Worker: http://localhost:8002, qlen: 31.0
Worker: http://localhost:8002, Tokens: 108359.0
Selected worker: http://localhost:8001
INFO:     127.0.0.1:35372 - "POST /v1/completions HTTP/1.1" 200 OK
INFO:     127.0.0.1:35386 - "POST /v1/completions HTTP/1.1" 200 OK
Worker: http://localhost:8001, Running: 33.0, Waiting: 0.0
Worker: http://localhost:8001, qlen: 33.0
Worker: http://localhost:8001, Tokens: 118812.0
Worker: http://localhost:8002, Running: 31.0, Waiting: 0.0
Worker: http://localhost:8002, qlen: 31.0
Worker: http://localhost:8002, Tokens: 109296.0
Selected worker: http://localhost:8002
INFO:     127.0.0.1:35398 - "POST /v1/completions HTTP/1.1" 200 OK
Worker: http://localhost:8001, Running: 33.0, Waiting: 0.0
Worker: http://localhost:8001, qlen: 33.0
Worker: http://localhost:8001, Tokens: 118876.0
Worker: http://localhost:8002, Running: 31.0, Waiting: 0.0
Worker: http://localhost:8002, qlen: 31.0
Worker: http://localhost:8002, Tokens: 110052.0
Selected worker: http://localhost:8002
INFO:     127.0.0.1:35406 - "POST /v1/completions HTTP/1.1" 200 OK
Worker: http://localhost:8001, Running: 32.0, Waiting: 0.0
Worker: http://localhost:8001, qlen: 32.0
Worker: http://localhost:8001, Tokens: 121098.0
Worker: http://localhost:8002, Running: 32.0, Waiting: 0.0
Worker: http://localhost:8002, qlen: 32.0
Worker: http://localhost:8002, Tokens: 111782.0
Selected worker: http://localhost:8002
INFO:     127.0.0.1:59522 - "POST /v1/completions HTTP/1.1" 200 OK
Worker: http://localhost:8001, Running: 32.0, Waiting: 0.0
Worker: http://localhost:8001, qlen: 32.0
Worker: http://localhost:8001, Tokens: 121093.0
Worker: http://localhost:8002, Running: 32.0, Waiting: 0.0
Worker: http://localhost:8002, qlen: 32.0
Worker: http://localhost:8002, Tokens: 112307.0
Selected worker: http://localhost:8002
INFO:     127.0.0.1:59536 - "POST /v1/completions HTTP/1.1" 200 OK
Worker: http://localhost:8001, Running: 31.0, Waiting: 0.0
Worker: http://localhost:8001, qlen: 31.0
Worker: http://localhost:8001, Tokens: 122070.0
Worker: http://localhost:8002, Running: 33.0, Waiting: 0.0
Worker: http://localhost:8002, qlen: 33.0
Worker: http://localhost:8002, Tokens: 112718.0
Selected worker: http://localhost:8001
INFO:     127.0.0.1:59554 - "POST /v1/completions HTTP/1.1" 200 OK
Worker: http://localhost:8001, Running: 32.0, Waiting: 0.0
Worker: http://localhost:8001, qlen: 32.0
Worker: http://localhost:8001, Tokens: 122429.0
Worker: http://localhost:8002, Running: 32.0, Waiting: 0.0
Worker: http://localhost:8002, qlen: 32.0
Worker: http://localhost:8002, Tokens: 113179.0
Selected worker: http://localhost:8002
INFO:     127.0.0.1:59556 - "POST /v1/completions HTTP/1.1" 200 OK
Worker: http://localhost:8001, Running: 32.0, Waiting: 0.0
Worker: http://localhost:8001, qlen: 32.0
Worker: http://localhost:8001, Tokens: 124445.0
Worker: http://localhost:8002, Running: 32.0, Waiting: 0.0
Worker: http://localhost:8002, qlen: 32.0
Worker: http://localhost:8002, Tokens: 115196.0
Selected worker: http://localhost:8002
INFO:     127.0.0.1:59568 - "POST /v1/completions HTTP/1.1" 200 OK
Worker: http://localhost:8001, Running: 32.0, Waiting: 0.0
Worker: http://localhost:8001, qlen: 32.0
Worker: http://localhost:8001, Tokens: 124765.0
Worker: http://localhost:8002, Running: 32.0, Waiting: 0.0
Worker: http://localhost:8002, qlen: 32.0
Worker: http://localhost:8002, Tokens: 117381.0
Selected worker: http://localhost:8002
INFO:     127.0.0.1:59582 - "POST /v1/completions HTTP/1.1" 200 OK
Worker: http://localhost:8001, Running: 32.0, Waiting: 0.0
Worker: http://localhost:8001, qlen: 32.0
Worker: http://localhost:8001, Tokens: 125178.0
Worker: http://localhost:8002, Running: 32.0, Waiting: 0.0
Worker: http://localhost:8002, qlen: 32.0
Worker: http://localhost:8002, Tokens: 118309.0
Selected worker: http://localhost:8002
INFO:     127.0.0.1:59584 - "POST /v1/completions HTTP/1.1" 200 OK
Worker: http://localhost:8001, Running: 31.0, Waiting: 0.0
Worker: http://localhost:8001, qlen: 31.0
Worker: http://localhost:8001, Tokens: 125873.0
Worker: http://localhost:8002, Running: 33.0, Waiting: 0.0
Worker: http://localhost:8002, qlen: 33.0
Worker: http://localhost:8002, Tokens: 118517.0
Selected worker: http://localhost:8001
INFO:     127.0.0.1:59600 - "POST /v1/completions HTTP/1.1" 200 OK
Worker: http://localhost:8001, Running: 32.0, Waiting: 0.0
Worker: http://localhost:8001, qlen: 32.0
Worker: http://localhost:8001, Tokens: 130890.0
Worker: http://localhost:8002, Running: 32.0, Waiting: 0.0
Worker: http://localhost:8002, qlen: 32.0
Worker: http://localhost:8002, Tokens: 120749.0
Selected worker: http://localhost:8002
INFO:     127.0.0.1:59614 - "POST /v1/completions HTTP/1.1" 200 OK
Worker: http://localhost:8001, Running: 32.0, Waiting: 0.0
Worker: http://localhost:8001, qlen: 32.0
Worker: http://localhost:8001, Tokens: 131786.0
Worker: http://localhost:8002, Running: 32.0, Waiting: 0.0
Worker: http://localhost:8002, qlen: 32.0
Worker: http://localhost:8002, Tokens: 123773.0
Selected worker: http://localhost:8002
INFO:     127.0.0.1:59616 - "POST /v1/completions HTTP/1.1" 200 OK
Worker: http://localhost:8001, Running: 32.0, Waiting: 0.0
Worker: http://localhost:8001, qlen: 32.0
Worker: http://localhost:8001, Tokens: 135018.0
Worker: http://localhost:8002, Running: 32.0, Waiting: 0.0
Worker: http://localhost:8002, qlen: 32.0
Worker: http://localhost:8002, Tokens: 127103.0
Selected worker: http://localhost:8001
INFO:     127.0.0.1:36574 - "POST /v1/completions HTTP/1.1" 200 OK
Worker: http://localhost:8001, Running: 33.0, Waiting: 0.0
Worker: http://localhost:8001, qlen: 33.0
Worker: http://localhost:8001, Tokens: 138039.0
Worker: http://localhost:8002, Running: 31.0, Waiting: 0.0
Worker: http://localhost:8002, qlen: 31.0
Worker: http://localhost:8002, Tokens: 128936.0
Selected worker: http://localhost:8002
INFO:     127.0.0.1:36578 - "POST /v1/completions HTTP/1.1" 200 OK
Worker: http://localhost:8001, Running: 33.0, Waiting: 0.0
Worker: http://localhost:8001, qlen: 33.0
Worker: http://localhost:8001, Tokens: 138039.0
Worker: http://localhost:8002, Running: 30.0, Waiting: 0.0
Worker: http://localhost:8002, qlen: 30.0
Worker: http://localhost:8002, Tokens: 127501.0
Selected worker: http://localhost:8002
INFO:     127.0.0.1:36588 - "POST /v1/completions HTTP/1.1" 200 OK
Worker: http://localhost:8001, Running: 33.0, Waiting: 0.0
Worker: http://localhost:8001, qlen: 33.0
Worker: http://localhost:8001, Tokens: 138039.0
Worker: http://localhost:8002, Running: 30.0, Waiting: 0.0
Worker: http://localhost:8002, qlen: 30.0
Worker: http://localhost:8002, Tokens: 127799.0
Selected worker: http://localhost:8002
INFO:     127.0.0.1:36592 - "POST /v1/completions HTTP/1.1" 200 OK
Worker: http://localhost:8001, Running: 33.0, Waiting: 0.0
Worker: http://localhost:8001, qlen: 33.0
Worker: http://localhost:8001, Tokens: 138039.0
Worker: http://localhost:8002, Running: 30.0, Waiting: 0.0
Worker: http://localhost:8002, qlen: 30.0
Worker: http://localhost:8002, Tokens: 122095.0
Selected worker: http://localhost:8002
INFO:     127.0.0.1:36604 - "POST /v1/completions HTTP/1.1" 200 OK
Worker: http://localhost:8001, Running: 33.0, Waiting: 0.0
Worker: http://localhost:8001, qlen: 33.0
Worker: http://localhost:8001, Tokens: 138190.0
Worker: http://localhost:8002, Running: 31.0, Waiting: 0.0
Worker: http://localhost:8002, qlen: 31.0
Worker: http://localhost:8002, Tokens: 130904.0
Selected worker: http://localhost:8002
INFO:     127.0.0.1:36606 - "POST /v1/completions HTTP/1.1" 200 OK
Worker: http://localhost:8001, Running: 32.0, Waiting: 0.0
Worker: http://localhost:8001, qlen: 32.0
Worker: http://localhost:8001, Tokens: 136723.0
Worker: http://localhost:8002, Running: 32.0, Waiting: 0.0
Worker: http://localhost:8002, qlen: 32.0
Worker: http://localhost:8002, Tokens: 134836.0
Selected worker: http://localhost:8001
Worker: http://localhost:8001, Running: 32.0, Waiting: 0.0
Worker: http://localhost:8001, qlen: 32.0
Worker: http://localhost:8001, Tokens: 138507.0
Worker: http://localhost:8002, Running: 32.0, Waiting: 0.0
Worker: http://localhost:8002, qlen: 32.0
Worker: http://localhost:8002, Tokens: 134836.0
Selected worker: http://localhost:8002
INFO:     127.0.0.1:36608 - "POST /v1/completions HTTP/1.1" 200 OK
INFO:     127.0.0.1:36610 - "POST /v1/completions HTTP/1.1" 200 OK
Worker: http://localhost:8001, Running: 30.0, Waiting: 0.0
Worker: http://localhost:8001, qlen: 30.0
Worker: http://localhost:8001, Tokens: 135192.0
Worker: http://localhost:8002, Running: 32.0, Waiting: 0.0
Worker: http://localhost:8002, qlen: 32.0
Worker: http://localhost:8002, Tokens: 135104.0
Selected worker: http://localhost:8001
INFO:     127.0.0.1:36626 - "POST /v1/completions HTTP/1.1" 200 OK
Worker: http://localhost:8001, Running: 30.0, Waiting: 0.0
Worker: http://localhost:8001, qlen: 30.0
Worker: http://localhost:8001, Tokens: 135466.0
Worker: http://localhost:8002, Running: 32.0, Waiting: 0.0
Worker: http://localhost:8002, qlen: 32.0
Worker: http://localhost:8002, Tokens: 135104.0
Selected worker: http://localhost:8001
INFO:     127.0.0.1:36642 - "POST /v1/completions HTTP/1.1" 200 OK
Worker: http://localhost:8001, Running: 30.0, Waiting: 0.0
Worker: http://localhost:8001, qlen: 30.0
Worker: http://localhost:8001, Tokens: 129759.0
Worker: http://localhost:8002, Running: 32.0, Waiting: 0.0
Worker: http://localhost:8002, qlen: 32.0
Worker: http://localhost:8002, Tokens: 135104.0
Selected worker: http://localhost:8001
INFO:     127.0.0.1:36652 - "POST /v1/completions HTTP/1.1" 200 OK
Worker: http://localhost:8001, Running: 30.0, Waiting: 0.0
Worker: http://localhost:8001, qlen: 30.0
Worker: http://localhost:8001, Tokens: 130029.0
Worker: http://localhost:8002, Running: 32.0, Waiting: 0.0
Worker: http://localhost:8002, qlen: 32.0
Worker: http://localhost:8002, Tokens: 135104.0
Selected worker: http://localhost:8001
INFO:     127.0.0.1:36664 - "POST /v1/completions HTTP/1.1" 200 OK
Worker: http://localhost:8001, Running: 30.0, Waiting: 0.0
Worker: http://localhost:8001, qlen: 30.0
Worker: http://localhost:8001, Tokens: 130290.0
Worker: http://localhost:8002, Running: 32.0, Waiting: 0.0
Worker: http://localhost:8002, qlen: 32.0
Worker: http://localhost:8002, Tokens: 135104.0
Selected worker: http://localhost:8001
INFO:     127.0.0.1:36670 - "POST /v1/completions HTTP/1.1" 200 OK
Worker: http://localhost:8001, Running: 30.0, Waiting: 0.0
Worker: http://localhost:8001, qlen: 30.0
Worker: http://localhost:8001, Tokens: 130575.0
Worker: http://localhost:8002, Running: 32.0, Waiting: 0.0
Worker: http://localhost:8002, qlen: 32.0
Worker: http://localhost:8002, Tokens: 135124.0
Selected worker: http://localhost:8001
INFO:     127.0.0.1:36678 - "POST /v1/completions HTTP/1.1" 200 OK
Worker: http://localhost:8001, Running: 31.0, Waiting: 0.0
Worker: http://localhost:8001, qlen: 31.0
Worker: http://localhost:8001, Tokens: 143172.0
Worker: http://localhost:8002, Running: 33.0, Waiting: 0.0
Worker: http://localhost:8002, qlen: 33.0
Worker: http://localhost:8002, Tokens: 135657.0
Selected worker: http://localhost:8001
INFO:     127.0.0.1:52104 - "POST /v1/completions HTTP/1.1" 200 OK
Worker: http://localhost:8001, Running: 31.0, Waiting: 0.0
Worker: http://localhost:8001, qlen: 31.0
Worker: http://localhost:8001, Tokens: 146279.0
Worker: http://localhost:8002, Running: 32.0, Waiting: 0.0
Worker: http://localhost:8002, qlen: 32.0
Worker: http://localhost:8002, Tokens: 135530.0
Selected worker: http://localhost:8001
INFO:     127.0.0.1:52106 - "POST /v1/completions HTTP/1.1" 200 OK
Worker: http://localhost:8001, Running: 31.0, Waiting: 0.0
Worker: http://localhost:8001, qlen: 31.0
Worker: http://localhost:8001, Tokens: 146565.0
Worker: http://localhost:8002, Running: 32.0, Waiting: 0.0
Worker: http://localhost:8002, qlen: 32.0
Worker: http://localhost:8002, Tokens: 135530.0
Selected worker: http://localhost:8001
INFO:     127.0.0.1:52118 - "POST /v1/completions HTTP/1.1" 200 OK
Worker: http://localhost:8001, Running: 31.0, Waiting: 0.0
Worker: http://localhost:8001, qlen: 31.0
Worker: http://localhost:8001, Tokens: 146860.0
Worker: http://localhost:8002, Running: 32.0, Waiting: 0.0
Worker: http://localhost:8002, qlen: 32.0
Worker: http://localhost:8002, Tokens: 135269.0
Selected worker: http://localhost:8001
INFO:     127.0.0.1:52124 - "POST /v1/completions HTTP/1.1" 200 OK
Worker: http://localhost:8001, Running: 35.0, Waiting: 0.0
Worker: http://localhost:8001, qlen: 35.0
Worker: http://localhost:8001, Tokens: 147415.0
Worker: http://localhost:8002, Running: 29.0, Waiting: 0.0
Worker: http://localhost:8002, qlen: 29.0
Worker: http://localhost:8002, Tokens: 135532.0
Selected worker: http://localhost:8002
INFO:     127.0.0.1:52126 - "POST /v1/completions HTTP/1.1" 200 OK
Worker: http://localhost:8001, Running: 35.0, Waiting: 0.0
Worker: http://localhost:8001, qlen: 35.0
Worker: http://localhost:8001, Tokens: 147520.0
Worker: http://localhost:8002, Running: 29.0, Waiting: 0.0
Worker: http://localhost:8002, qlen: 29.0
Worker: http://localhost:8002, Tokens: 131227.0
Selected worker: http://localhost:8002
INFO:     127.0.0.1:52142 - "POST /v1/completions HTTP/1.1" 200 OK
Worker: http://localhost:8001, Running: 35.0, Waiting: 0.0
Worker: http://localhost:8001, qlen: 35.0
Worker: http://localhost:8001, Tokens: 147520.0
Worker: http://localhost:8002, Running: 29.0, Waiting: 0.0
Worker: http://localhost:8002, qlen: 29.0
Worker: http://localhost:8002, Tokens: 131489.0
Selected worker: http://localhost:8002
INFO:     127.0.0.1:52150 - "POST /v1/completions HTTP/1.1" 200 OK
Worker: http://localhost:8001, Running: 35.0, Waiting: 0.0
Worker: http://localhost:8001, qlen: 35.0
Worker: http://localhost:8001, Tokens: 147520.0
Worker: http://localhost:8002, Running: 29.0, Waiting: 0.0
Worker: http://localhost:8002, qlen: 29.0
Worker: http://localhost:8002, Tokens: 131781.0
Selected worker: http://localhost:8002
INFO:     127.0.0.1:52154 - "POST /v1/completions HTTP/1.1" 200 OK
Worker: http://localhost:8001, Running: 35.0, Waiting: 0.0
Worker: http://localhost:8001, qlen: 35.0
Worker: http://localhost:8001, Tokens: 148045.0
Worker: http://localhost:8002, Running: 28.0, Waiting: 0.0
Worker: http://localhost:8002, qlen: 28.0
Worker: http://localhost:8002, Tokens: 137781.0
Selected worker: http://localhost:8002
INFO:     127.0.0.1:52162 - "POST /v1/completions HTTP/1.1" 200 OK
Worker: http://localhost:8001, Running: 35.0, Waiting: 0.0
Worker: http://localhost:8001, qlen: 35.0
Worker: http://localhost:8001, Tokens: 148045.0
Worker: http://localhost:8002, Running: 28.0, Waiting: 0.0
Worker: http://localhost:8002, qlen: 28.0
Worker: http://localhost:8002, Tokens: 133299.0
Selected worker: http://localhost:8002
Worker: http://localhost:8001, Running: 35.0, Waiting: 0.0
Worker: http://localhost:8001, qlen: 35.0
Worker: http://localhost:8001, Tokens: 148045.0
Worker: http://localhost:8002, Running: 28.0, Waiting: 0.0
Worker: http://localhost:8002, qlen: 28.0
Worker: http://localhost:8002, Tokens: 133587.0
Selected worker: http://localhost:8002
INFO:     127.0.0.1:52166 - "POST /v1/completions HTTP/1.1" 200 OK
INFO:     127.0.0.1:52174 - "POST /v1/completions HTTP/1.1" 200 OK
Worker: http://localhost:8001, Running: 35.0, Waiting: 0.0
Worker: http://localhost:8001, qlen: 35.0
Worker: http://localhost:8001, Tokens: 148185.0
Worker: http://localhost:8002, Running: 28.0, Waiting: 0.0
Worker: http://localhost:8002, qlen: 28.0
Worker: http://localhost:8002, Tokens: 130690.0
Selected worker: http://localhost:8002
INFO:     127.0.0.1:52182 - "POST /v1/completions HTTP/1.1" 200 OK
Worker: http://localhost:8001, Running: 35.0, Waiting: 0.0
Worker: http://localhost:8001, qlen: 35.0
Worker: http://localhost:8001, Tokens: 148185.0
Worker: http://localhost:8002, Running: 28.0, Waiting: 0.0
Worker: http://localhost:8002, qlen: 28.0
Worker: http://localhost:8002, Tokens: 130948.0
Selected worker: http://localhost:8002
INFO:     127.0.0.1:52186 - "POST /v1/completions HTTP/1.1" 200 OK
Worker: http://localhost:8001, Running: 35.0, Waiting: 0.0
Worker: http://localhost:8001, qlen: 35.0
Worker: http://localhost:8001, Tokens: 148535.0
Worker: http://localhost:8002, Running: 29.0, Waiting: 0.0
Worker: http://localhost:8002, qlen: 29.0
Worker: http://localhost:8002, Tokens: 137971.0
Selected worker: http://localhost:8002
INFO:     127.0.0.1:52194 - "POST /v1/completions HTTP/1.1" 200 OK
Worker: http://localhost:8001, Running: 34.0, Waiting: 0.0
Worker: http://localhost:8001, qlen: 34.0
Worker: http://localhost:8001, Tokens: 149235.0
Worker: http://localhost:8002, Running: 29.0, Waiting: 0.0
Worker: http://localhost:8002, qlen: 29.0
Worker: http://localhost:8002, Tokens: 138968.0
Selected worker: http://localhost:8002
INFO:     127.0.0.1:52210 - "POST /v1/completions HTTP/1.1" 200 OK
Worker: http://localhost:8001, Running: 34.0, Waiting: 0.0
Worker: http://localhost:8001, qlen: 34.0
Worker: http://localhost:8001, Tokens: 147850.0
Worker: http://localhost:8002, Running: 29.0, Waiting: 0.0
Worker: http://localhost:8002, qlen: 29.0
Worker: http://localhost:8002, Tokens: 139239.0
Selected worker: http://localhost:8002
INFO:     127.0.0.1:52220 - "POST /v1/completions HTTP/1.1" 200 OK
Worker: http://localhost:8001, Running: 34.0, Waiting: 0.0
Worker: http://localhost:8001, qlen: 34.0
Worker: http://localhost:8001, Tokens: 147850.0
Worker: http://localhost:8002, Running: 29.0, Waiting: 0.0
Worker: http://localhost:8002, qlen: 29.0
Worker: http://localhost:8002, Tokens: 142408.0
Selected worker: http://localhost:8002
Worker: http://localhost:8001, Running: 34.0, Waiting: 0.0
Worker: http://localhost:8001, qlen: 34.0
Worker: http://localhost:8001, Tokens: 147850.0
Worker: http://localhost:8002, Running: 29.0, Waiting: 0.0
Worker: http://localhost:8002, qlen: 29.0
Worker: http://localhost:8002, Tokens: 142677.0
Selected worker: http://localhost:8002
Worker: http://localhost:8001, Running: 34.0, Waiting: 0.0
Worker: http://localhost:8001, qlen: 34.0
Worker: http://localhost:8001, Tokens: 147850.0
Worker: http://localhost:8002, Running: 29.0, Waiting: 0.0
Worker: http://localhost:8002, qlen: 29.0
Worker: http://localhost:8002, Tokens: 144516.0
Selected worker: http://localhost:8002
Worker: http://localhost:8001, Running: 34.0, Waiting: 0.0
Worker: http://localhost:8001, qlen: 34.0
Worker: http://localhost:8001, Tokens: 147850.0
Worker: http://localhost:8002, Running: 29.0, Waiting: 0.0
Worker: http://localhost:8002, qlen: 29.0
Worker: http://localhost:8002, Tokens: 144797.0
Selected worker: http://localhost:8002
INFO:     127.0.0.1:52232 - "POST /v1/completions HTTP/1.1" 200 OK
INFO:     127.0.0.1:52236 - "POST /v1/completions HTTP/1.1" 200 OK
INFO:     127.0.0.1:52250 - "POST /v1/completions HTTP/1.1" 200 OK
INFO:     127.0.0.1:52266 - "POST /v1/completions HTTP/1.1" 200 OK
Worker: http://localhost:8001, Running: 29.0, Waiting: 0.0
Worker: http://localhost:8001, qlen: 29.0
Worker: http://localhost:8001, Tokens: 147897.0
Worker: http://localhost:8002, Running: 35.0, Waiting: 0.0
Worker: http://localhost:8002, qlen: 35.0
Worker: http://localhost:8002, Tokens: 144472.0
Selected worker: http://localhost:8001
Worker: http://localhost:8001, Running: 29.0, Waiting: 0.0
Worker: http://localhost:8001, qlen: 29.0
Worker: http://localhost:8001, Tokens: 148157.0
Worker: http://localhost:8002, Running: 35.0, Waiting: 0.0
Worker: http://localhost:8002, qlen: 35.0
Worker: http://localhost:8002, Tokens: 144472.0
Selected worker: http://localhost:8001
Worker: http://localhost:8001, Running: 29.0, Waiting: 0.0
Worker: http://localhost:8001, qlen: 29.0
Worker: http://localhost:8001, Tokens: 148429.0
Worker: http://localhost:8002, Running: 35.0, Waiting: 0.0
Worker: http://localhost:8002, qlen: 35.0
Worker: http://localhost:8002, Tokens: 144472.0
Selected worker: http://localhost:8001
Worker: http://localhost:8001, Running: 29.0, Waiting: 0.0
Worker: http://localhost:8001, qlen: 29.0
Worker: http://localhost:8001, Tokens: 150101.0
Worker: http://localhost:8002, Running: 35.0, Waiting: 0.0
Worker: http://localhost:8002, qlen: 35.0
Worker: http://localhost:8002, Tokens: 144472.0
Selected worker: http://localhost:8001
INFO:     127.0.0.1:52282 - "POST /v1/completions HTTP/1.1" 200 OK
INFO:     127.0.0.1:52296 - "POST /v1/completions HTTP/1.1" 200 OK
INFO:     127.0.0.1:52310 - "POST /v1/completions HTTP/1.1" 200 OK
INFO:     127.0.0.1:52326 - "POST /v1/completions HTTP/1.1" 200 OK
Worker: http://localhost:8001, Running: 25.0, Waiting: 0.0
Worker: http://localhost:8001, qlen: 25.0
Worker: http://localhost:8001, Tokens: 146386.0
Worker: http://localhost:8002, Running: 35.0, Waiting: 0.0
Worker: http://localhost:8002, qlen: 35.0
Worker: http://localhost:8002, Tokens: 144472.0
Selected worker: http://localhost:8001
Worker: http://localhost:8001, Running: 25.0, Waiting: 0.0
Worker: http://localhost:8001, qlen: 25.0
Worker: http://localhost:8001, Tokens: 146648.0
Worker: http://localhost:8002, Running: 35.0, Waiting: 0.0
Worker: http://localhost:8002, qlen: 35.0
Worker: http://localhost:8002, Tokens: 144472.0
Selected worker: http://localhost:8001
INFO:     127.0.0.1:52328 - "POST /v1/completions HTTP/1.1" 200 OK
INFO:     127.0.0.1:52340 - "POST /v1/completions HTTP/1.1" 200 OK
Worker: http://localhost:8001, Running: 26.0, Waiting: 3.0
Worker: http://localhost:8001, qlen: 26.0
Worker: http://localhost:8001, Tokens: 150447.0
Worker: http://localhost:8002, Running: 35.0, Waiting: 0.0
Worker: http://localhost:8002, qlen: 35.0
Worker: http://localhost:8002, Tokens: 144270.0
Selected worker: http://localhost:8001
Worker: http://localhost:8001, Running: 26.0, Waiting: 3.0
Worker: http://localhost:8001, qlen: 26.0
Worker: http://localhost:8001, Tokens: 150715.0
Worker: http://localhost:8002, Running: 35.0, Waiting: 0.0
Worker: http://localhost:8002, qlen: 35.0
Worker: http://localhost:8002, Tokens: 144270.0
Selected worker: http://localhost:8001
Worker: http://localhost:8001, Running: 26.0, Waiting: 3.0
Worker: http://localhost:8001, qlen: 26.0
Worker: http://localhost:8001, Tokens: 150982.0
Worker: http://localhost:8002, Running: 35.0, Waiting: 0.0
Worker: http://localhost:8002, qlen: 35.0
Worker: http://localhost:8002, Tokens: 144270.0
Selected worker: http://localhost:8001
Worker: http://localhost:8001, Running: 26.0, Waiting: 3.0
Worker: http://localhost:8001, qlen: 26.0
Worker: http://localhost:8001, Tokens: 152271.0
Worker: http://localhost:8002, Running: 35.0, Waiting: 0.0
Worker: http://localhost:8002, qlen: 35.0
Worker: http://localhost:8002, Tokens: 144270.0
Selected worker: http://localhost:8001
INFO:     127.0.0.1:52346 - "POST /v1/completions HTTP/1.1" 200 OK
INFO:     127.0.0.1:52348 - "POST /v1/completions HTTP/1.1" 200 OK
INFO:     127.0.0.1:52356 - "POST /v1/completions HTTP/1.1" 200 OK
INFO:     127.0.0.1:52370 - "POST /v1/completions HTTP/1.1" 200 OK
Worker: http://localhost:8001, Running: 30.0, Waiting: 0.0
Worker: http://localhost:8001, qlen: 30.0
Worker: http://localhost:8001, Tokens: 158365.0
Worker: http://localhost:8002, Running: 31.0, Waiting: 0.0
Worker: http://localhost:8002, qlen: 31.0
Worker: http://localhost:8002, Tokens: 145587.0
Selected worker: http://localhost:8001
INFO:     127.0.0.1:52374 - "POST /v1/completions HTTP/1.1" 200 OK
Worker: http://localhost:8001, Running: 33.0, Waiting: 0.0
Worker: http://localhost:8001, qlen: 33.0
Worker: http://localhost:8001, Tokens: 159851.0
Worker: http://localhost:8002, Running: 30.0, Waiting: 0.0
Worker: http://localhost:8002, qlen: 30.0
Worker: http://localhost:8002, Tokens: 145018.0
Selected worker: http://localhost:8002
Worker: http://localhost:8001, Running: 33.0, Waiting: 0.0
Worker: http://localhost:8001, qlen: 33.0
Worker: http://localhost:8001, Tokens: 159851.0
Worker: http://localhost:8002, Running: 30.0, Waiting: 0.0
Worker: http://localhost:8002, qlen: 30.0
Worker: http://localhost:8002, Tokens: 145281.0
Selected worker: http://localhost:8002
Worker: http://localhost:8001, Running: 33.0, Waiting: 0.0
Worker: http://localhost:8001, qlen: 33.0
Worker: http://localhost:8001, Tokens: 159851.0
Worker: http://localhost:8002, Running: 30.0, Waiting: 0.0
Worker: http://localhost:8002, qlen: 30.0
Worker: http://localhost:8002, Tokens: 145568.0
Selected worker: http://localhost:8002
Worker: http://localhost:8001, Running: 33.0, Waiting: 0.0
Worker: http://localhost:8001, qlen: 33.0
Worker: http://localhost:8001, Tokens: 159851.0
Worker: http://localhost:8002, Running: 30.0, Waiting: 0.0
Worker: http://localhost:8002, qlen: 30.0
Worker: http://localhost:8002, Tokens: 149430.0
Selected worker: http://localhost:8002
INFO:     127.0.0.1:52380 - "POST /v1/completions HTTP/1.1" 200 OK
INFO:     127.0.0.1:52382 - "POST /v1/completions HTTP/1.1" 200 OK
INFO:     127.0.0.1:52384 - "POST /v1/completions HTTP/1.1" 200 OK
INFO:     127.0.0.1:52398 - "POST /v1/completions HTTP/1.1" 200 OK
Worker: http://localhost:8001, Running: 34.0, Waiting: 0.0
Worker: http://localhost:8001, qlen: 34.0
Worker: http://localhost:8001, Tokens: 159966.0
Worker: http://localhost:8002, Running: 26.0, Waiting: 0.0
Worker: http://localhost:8002, qlen: 26.0
Worker: http://localhost:8002, Tokens: 146047.0
Selected worker: http://localhost:8002
INFO:     127.0.0.1:52414 - "POST /v1/completions HTTP/1.1" 200 OK
Worker: http://localhost:8001, Running: 34.0, Waiting: 0.0
Worker: http://localhost:8001, qlen: 34.0
Worker: http://localhost:8001, Tokens: 161088.0
Worker: http://localhost:8002, Running: 30.0, Waiting: 0.0
Worker: http://localhost:8002, qlen: 30.0
Worker: http://localhost:8002, Tokens: 149964.0
Selected worker: http://localhost:8002
INFO:     127.0.0.1:52422 - "POST /v1/completions HTTP/1.1" 200 OK
Worker: http://localhost:8001, Running: 34.0, Waiting: 0.0
Worker: http://localhost:8001, qlen: 34.0
Worker: http://localhost:8001, Tokens: 161326.0
Worker: http://localhost:8002, Running: 30.0, Waiting: 0.0
Worker: http://localhost:8002, qlen: 30.0
Worker: http://localhost:8002, Tokens: 150333.0
Selected worker: http://localhost:8002
INFO:     127.0.0.1:52434 - "POST /v1/completions HTTP/1.1" 200 OK
Worker: http://localhost:8001, Running: 34.0, Waiting: 0.0
Worker: http://localhost:8001, qlen: 34.0
Worker: http://localhost:8001, Tokens: 161428.0
Worker: http://localhost:8002, Running: 30.0, Waiting: 0.0
Worker: http://localhost:8002, qlen: 30.0
Worker: http://localhost:8002, Tokens: 151121.0
Selected worker: http://localhost:8002
INFO:     127.0.0.1:52448 - "POST /v1/completions HTTP/1.1" 200 OK
Worker: http://localhost:8001, Running: 34.0, Waiting: 0.0
Worker: http://localhost:8001, qlen: 34.0
Worker: http://localhost:8001, Tokens: 161428.0
Worker: http://localhost:8002, Running: 30.0, Waiting: 0.0
Worker: http://localhost:8002, qlen: 30.0
Worker: http://localhost:8002, Tokens: 151400.0
Selected worker: http://localhost:8002
INFO:     127.0.0.1:52456 - "POST /v1/completions HTTP/1.1" 200 OK
Worker: http://localhost:8001, Running: 34.0, Waiting: 0.0
Worker: http://localhost:8001, qlen: 34.0
Worker: http://localhost:8001, Tokens: 162290.0
Worker: http://localhost:8002, Running: 30.0, Waiting: 0.0
Worker: http://localhost:8002, qlen: 30.0
Worker: http://localhost:8002, Tokens: 153272.0
Selected worker: http://localhost:8002
Worker: http://localhost:8001, Running: 34.0, Waiting: 0.0
Worker: http://localhost:8001, qlen: 34.0
Worker: http://localhost:8001, Tokens: 162290.0
Worker: http://localhost:8002, Running: 30.0, Waiting: 0.0
Worker: http://localhost:8002, qlen: 30.0
Worker: http://localhost:8002, Tokens: 153533.0
Selected worker: http://localhost:8002
INFO:     127.0.0.1:52472 - "POST /v1/completions HTTP/1.1" 200 OK
INFO:     127.0.0.1:52482 - "POST /v1/completions HTTP/1.1" 200 OK
Worker: http://localhost:8001, Running: 34.0, Waiting: 0.0
Worker: http://localhost:8001, qlen: 34.0
Worker: http://localhost:8001, Tokens: 162028.0
Worker: http://localhost:8002, Running: 30.0, Waiting: 0.0
Worker: http://localhost:8002, qlen: 30.0
Worker: http://localhost:8002, Tokens: 153362.0
Selected worker: http://localhost:8002
INFO:     127.0.0.1:52484 - "POST /v1/completions HTTP/1.1" 200 OK
Worker: http://localhost:8001, Running: 31.0, Waiting: 0.0
Worker: http://localhost:8001, qlen: 31.0
Worker: http://localhost:8001, Tokens: 162717.0
Worker: http://localhost:8002, Running: 30.0, Waiting: 0.0
Worker: http://localhost:8002, qlen: 30.0
Worker: http://localhost:8002, Tokens: 153625.0
Selected worker: http://localhost:8002
INFO:     127.0.0.1:52494 - "POST /v1/completions HTTP/1.1" 200 OK
Worker: http://localhost:8001, Running: 31.0, Waiting: 0.0
Worker: http://localhost:8001, qlen: 31.0
Worker: http://localhost:8001, Tokens: 160079.0
Worker: http://localhost:8002, Running: 32.0, Waiting: 0.0
Worker: http://localhost:8002, qlen: 32.0
Worker: http://localhost:8002, Tokens: 153628.0
Selected worker: http://localhost:8001
INFO:     127.0.0.1:52500 - "POST /v1/completions HTTP/1.1" 200 OK
Worker: http://localhost:8001, Running: 31.0, Waiting: 0.0
Worker: http://localhost:8001, qlen: 31.0
Worker: http://localhost:8001, Tokens: 160336.0
Worker: http://localhost:8002, Running: 32.0, Waiting: 0.0
Worker: http://localhost:8002, qlen: 32.0
Worker: http://localhost:8002, Tokens: 153628.0
Selected worker: http://localhost:8001
INFO:     127.0.0.1:52502 - "POST /v1/completions HTTP/1.1" 200 OK
Worker: http://localhost:8001, Running: 31.0, Waiting: 0.0
Worker: http://localhost:8001, qlen: 31.0
Worker: http://localhost:8001, Tokens: 160598.0
Worker: http://localhost:8002, Running: 32.0, Waiting: 0.0
Worker: http://localhost:8002, qlen: 32.0
Worker: http://localhost:8002, Tokens: 153628.0
Selected worker: http://localhost:8001
INFO:     127.0.0.1:52510 - "POST /v1/completions HTTP/1.1" 200 OK
Worker: http://localhost:8001, Running: 31.0, Waiting: 0.0
Worker: http://localhost:8001, qlen: 31.0
Worker: http://localhost:8001, Tokens: 160617.0
Worker: http://localhost:8002, Running: 32.0, Waiting: 0.0
Worker: http://localhost:8002, qlen: 32.0
Worker: http://localhost:8002, Tokens: 153628.0
Selected worker: http://localhost:8001
INFO:     127.0.0.1:52522 - "POST /v1/completions HTTP/1.1" 200 OK
Worker: http://localhost:8001, Running: 30.0, Waiting: 0.0
Worker: http://localhost:8001, qlen: 30.0
Worker: http://localhost:8001, Tokens: 163506.0
Worker: http://localhost:8002, Running: 34.0, Waiting: 0.0
Worker: http://localhost:8002, qlen: 34.0
Worker: http://localhost:8002, Tokens: 153547.0
Selected worker: http://localhost:8001
INFO:     127.0.0.1:52530 - "POST /v1/completions HTTP/1.1" 200 OK
Worker: http://localhost:8001, Running: 30.0, Waiting: 0.0
Worker: http://localhost:8001, qlen: 30.0
Worker: http://localhost:8001, Tokens: 163785.0
Worker: http://localhost:8002, Running: 34.0, Waiting: 0.0
Worker: http://localhost:8002, qlen: 34.0
Worker: http://localhost:8002, Tokens: 153547.0
Selected worker: http://localhost:8001
INFO:     127.0.0.1:52536 - "POST /v1/completions HTTP/1.1" 200 OK
Worker: http://localhost:8001, Running: 30.0, Waiting: 0.0
Worker: http://localhost:8001, qlen: 30.0
Worker: http://localhost:8001, Tokens: 165644.0
Worker: http://localhost:8002, Running: 34.0, Waiting: 0.0
Worker: http://localhost:8002, qlen: 34.0
Worker: http://localhost:8002, Tokens: 152990.0
Selected worker: http://localhost:8001
INFO:     127.0.0.1:52552 - "POST /v1/completions HTTP/1.1" 200 OK
Worker: http://localhost:8001, Running: 30.0, Waiting: 0.0
Worker: http://localhost:8001, qlen: 30.0
Worker: http://localhost:8001, Tokens: 165907.0
Worker: http://localhost:8002, Running: 34.0, Waiting: 0.0
Worker: http://localhost:8002, qlen: 34.0
Worker: http://localhost:8002, Tokens: 152990.0
Selected worker: http://localhost:8001
INFO:     127.0.0.1:52564 - "POST /v1/completions HTTP/1.1" 200 OK
Worker: http://localhost:8001, Running: 30.0, Waiting: 0.0
Worker: http://localhost:8001, qlen: 30.0
Worker: http://localhost:8001, Tokens: 166179.0
Worker: http://localhost:8002, Running: 30.0, Waiting: 0.0
Worker: http://localhost:8002, qlen: 30.0
Worker: http://localhost:8002, Tokens: 152779.0
Selected worker: http://localhost:8002
INFO:     127.0.0.1:52580 - "POST /v1/completions HTTP/1.1" 200 OK
Worker: http://localhost:8001, Running: 34.0, Waiting: 0.0
Worker: http://localhost:8001, qlen: 34.0
Worker: http://localhost:8001, Tokens: 166710.0
Worker: http://localhost:8002, Running: 30.0, Waiting: 0.0
Worker: http://localhost:8002, qlen: 30.0
Worker: http://localhost:8002, Tokens: 154659.0
Selected worker: http://localhost:8002
INFO:     127.0.0.1:52592 - "POST /v1/completions HTTP/1.1" 200 OK
Worker: http://localhost:8001, Running: 34.0, Waiting: 0.0
Worker: http://localhost:8001, qlen: 34.0
Worker: http://localhost:8001, Tokens: 167186.0
Worker: http://localhost:8002, Running: 30.0, Waiting: 0.0
Worker: http://localhost:8002, qlen: 30.0
Worker: http://localhost:8002, Tokens: 154785.0
Selected worker: http://localhost:8002
Worker: http://localhost:8001, Running: 34.0, Waiting: 0.0
Worker: http://localhost:8001, qlen: 34.0
Worker: http://localhost:8001, Tokens: 167186.0
Worker: http://localhost:8002, Running: 30.0, Waiting: 0.0
Worker: http://localhost:8002, qlen: 30.0
Worker: http://localhost:8002, Tokens: 155045.0
Selected worker: http://localhost:8002
INFO:     127.0.0.1:50234 - "POST /v1/completions HTTP/1.1" 200 OK
INFO:     127.0.0.1:50242 - "POST /v1/completions HTTP/1.1" 200 OK
Worker: http://localhost:8001, Running: 34.0, Waiting: 0.0
Worker: http://localhost:8001, qlen: 34.0
Worker: http://localhost:8001, Tokens: 165423.0
Worker: http://localhost:8002, Running: 28.0, Waiting: 0.0
Worker: http://localhost:8002, qlen: 28.0
Worker: http://localhost:8002, Tokens: 155413.0
Selected worker: http://localhost:8002
INFO:     127.0.0.1:50254 - "POST /v1/completions HTTP/1.1" 200 OK
Worker: http://localhost:8001, Running: 33.0, Waiting: 0.0
Worker: http://localhost:8001, qlen: 33.0
Worker: http://localhost:8001, Tokens: 166312.0
Worker: http://localhost:8002, Running: 31.0, Waiting: 0.0
Worker: http://localhost:8002, qlen: 31.0
Worker: http://localhost:8002, Tokens: 155961.0
Selected worker: http://localhost:8002
INFO:     127.0.0.1:50256 - "POST /v1/completions HTTP/1.1" 200 OK
Worker: http://localhost:8001, Running: 32.0, Waiting: 0.0
Worker: http://localhost:8001, qlen: 32.0
Worker: http://localhost:8001, Tokens: 164573.0
Worker: http://localhost:8002, Running: 31.0, Waiting: 0.0
Worker: http://localhost:8002, qlen: 31.0
Worker: http://localhost:8002, Tokens: 157909.0
Selected worker: http://localhost:8002
Worker: http://localhost:8001, Running: 32.0, Waiting: 0.0
Worker: http://localhost:8001, qlen: 32.0
Worker: http://localhost:8001, Tokens: 164573.0
Worker: http://localhost:8002, Running: 31.0, Waiting: 0.0
Worker: http://localhost:8002, qlen: 31.0
Worker: http://localhost:8002, Tokens: 158177.0
Selected worker: http://localhost:8002
INFO:     127.0.0.1:50260 - "POST /v1/completions HTTP/1.1" 200 OK
INFO:     127.0.0.1:50270 - "POST /v1/completions HTTP/1.1" 200 OK
Worker: http://localhost:8001, Running: 32.0, Waiting: 0.0
Worker: http://localhost:8001, qlen: 32.0
Worker: http://localhost:8001, Tokens: 161455.0
Worker: http://localhost:8002, Running: 31.0, Waiting: 0.0
Worker: http://localhost:8002, qlen: 31.0
Worker: http://localhost:8002, Tokens: 156116.0
Selected worker: http://localhost:8002
INFO:     127.0.0.1:50282 - "POST /v1/completions HTTP/1.1" 200 OK
Worker: http://localhost:8001, Running: 32.0, Waiting: 0.0
Worker: http://localhost:8001, qlen: 32.0
Worker: http://localhost:8001, Tokens: 161455.0
Worker: http://localhost:8002, Running: 31.0, Waiting: 0.0
Worker: http://localhost:8002, qlen: 31.0
Worker: http://localhost:8002, Tokens: 159073.0
Selected worker: http://localhost:8002
INFO:     127.0.0.1:50298 - "POST /v1/completions HTTP/1.1" 200 OK
Worker: http://localhost:8001, Running: 28.0, Waiting: 0.0
Worker: http://localhost:8001, qlen: 28.0
Worker: http://localhost:8001, Tokens: 168359.0
Worker: http://localhost:8002, Running: 36.0, Waiting: 0.0
Worker: http://localhost:8002, qlen: 36.0
Worker: http://localhost:8002, Tokens: 160015.0
Selected worker: http://localhost:8001
INFO:     127.0.0.1:50306 - "POST /v1/completions HTTP/1.1" 200 OK
Worker: http://localhost:8001, Running: 28.0, Waiting: 0.0
Worker: http://localhost:8001, qlen: 28.0
Worker: http://localhost:8001, Tokens: 168471.0
Worker: http://localhost:8002, Running: 36.0, Waiting: 0.0
Worker: http://localhost:8002, qlen: 36.0
Worker: http://localhost:8002, Tokens: 156228.0
Selected worker: http://localhost:8001
Worker: http://localhost:8001, Running: 28.0, Waiting: 0.0
Worker: http://localhost:8001, qlen: 28.0
Worker: http://localhost:8001, Tokens: 168745.0
Worker: http://localhost:8002, Running: 36.0, Waiting: 0.0
Worker: http://localhost:8002, qlen: 36.0
Worker: http://localhost:8002, Tokens: 156228.0
Selected worker: http://localhost:8001
INFO:     127.0.0.1:50310 - "POST /v1/completions HTTP/1.1" 200 OK
INFO:     127.0.0.1:50314 - "POST /v1/completions HTTP/1.1" 200 OK
Worker: http://localhost:8001, Running: 28.0, Waiting: 0.0
Worker: http://localhost:8001, qlen: 28.0
Worker: http://localhost:8001, Tokens: 169018.0
Worker: http://localhost:8002, Running: 33.0, Waiting: 0.0
Worker: http://localhost:8002, qlen: 33.0
Worker: http://localhost:8002, Tokens: 153744.0
Selected worker: http://localhost:8001
INFO:     127.0.0.1:50326 - "POST /v1/completions HTTP/1.1" 200 OK
Worker: http://localhost:8001, Running: 28.0, Waiting: 0.0
Worker: http://localhost:8001, qlen: 28.0
Worker: http://localhost:8001, Tokens: 169285.0
Worker: http://localhost:8002, Running: 33.0, Waiting: 0.0
Worker: http://localhost:8002, qlen: 33.0
Worker: http://localhost:8002, Tokens: 153744.0
Selected worker: http://localhost:8001
INFO:     127.0.0.1:50342 - "POST /v1/completions HTTP/1.1" 200 OK
Worker: http://localhost:8001, Running: 28.0, Waiting: 0.0
Worker: http://localhost:8001, qlen: 28.0
Worker: http://localhost:8001, Tokens: 172448.0
Worker: http://localhost:8002, Running: 33.0, Waiting: 0.0
Worker: http://localhost:8002, qlen: 33.0
Worker: http://localhost:8002, Tokens: 153744.0
Selected worker: http://localhost:8001
INFO:     127.0.0.1:50344 - "POST /v1/completions HTTP/1.1" 200 OK
Worker: http://localhost:8001, Running: 28.0, Waiting: 0.0
Worker: http://localhost:8001, qlen: 28.0
Worker: http://localhost:8001, Tokens: 172739.0
Worker: http://localhost:8002, Running: 33.0, Waiting: 0.0
Worker: http://localhost:8002, qlen: 33.0
Worker: http://localhost:8002, Tokens: 148888.0
Selected worker: http://localhost:8001
INFO:     127.0.0.1:50354 - "POST /v1/completions HTTP/1.1" 200 OK
Worker: http://localhost:8001, Running: 28.0, Waiting: 0.0
Worker: http://localhost:8001, qlen: 28.0
Worker: http://localhost:8001, Tokens: 173002.0
Worker: http://localhost:8002, Running: 33.0, Waiting: 0.0
Worker: http://localhost:8002, qlen: 33.0
Worker: http://localhost:8002, Tokens: 148330.0
Selected worker: http://localhost:8001
INFO:     127.0.0.1:50360 - "POST /v1/completions HTTP/1.1" 200 OK
Worker: http://localhost:8001, Running: 28.0, Waiting: 0.0
Worker: http://localhost:8001, qlen: 28.0
Worker: http://localhost:8001, Tokens: 174760.0
Worker: http://localhost:8002, Running: 33.0, Waiting: 0.0
Worker: http://localhost:8002, qlen: 33.0
Worker: http://localhost:8002, Tokens: 148330.0
Selected worker: http://localhost:8001
INFO:     127.0.0.1:50366 - "POST /v1/completions HTTP/1.1" 200 OK
Worker: http://localhost:8001, Running: 29.0, Waiting: 0.0
Worker: http://localhost:8001, qlen: 29.0
Worker: http://localhost:8001, Tokens: 168847.0
Worker: http://localhost:8002, Running: 33.0, Waiting: 0.0
Worker: http://localhost:8002, qlen: 33.0
Worker: http://localhost:8002, Tokens: 148067.0
Selected worker: http://localhost:8001
INFO:     127.0.0.1:50376 - "POST /v1/completions HTTP/1.1" 200 OK
Worker: http://localhost:8001, Running: 29.0, Waiting: 0.0
Worker: http://localhost:8001, qlen: 29.0
Worker: http://localhost:8001, Tokens: 170642.0
Worker: http://localhost:8002, Running: 33.0, Waiting: 0.0
Worker: http://localhost:8002, qlen: 33.0
Worker: http://localhost:8002, Tokens: 148067.0
Selected worker: http://localhost:8001
INFO:     127.0.0.1:50378 - "POST /v1/completions HTTP/1.1" 200 OK
Worker: http://localhost:8001, Running: 29.0, Waiting: 0.0
Worker: http://localhost:8001, qlen: 29.0
Worker: http://localhost:8001, Tokens: 170922.0
Worker: http://localhost:8002, Running: 33.0, Waiting: 0.0
Worker: http://localhost:8002, qlen: 33.0
Worker: http://localhost:8002, Tokens: 147790.0
Selected worker: http://localhost:8001
INFO:     127.0.0.1:50380 - "POST /v1/completions HTTP/1.1" 200 OK
Worker: http://localhost:8001, Running: 29.0, Waiting: 0.0
Worker: http://localhost:8001, qlen: 29.0
Worker: http://localhost:8001, Tokens: 172445.0
Worker: http://localhost:8002, Running: 33.0, Waiting: 0.0
Worker: http://localhost:8002, qlen: 33.0
Worker: http://localhost:8002, Tokens: 147790.0
Selected worker: http://localhost:8001
INFO:     127.0.0.1:50386 - "POST /v1/completions HTTP/1.1" 200 OK
Worker: http://localhost:8001, Running: 36.0, Waiting: 5.0
Worker: http://localhost:8001, qlen: 36.0
Worker: http://localhost:8001, Tokens: 171743.0
Worker: http://localhost:8002, Running: 23.0, Waiting: 0.0
Worker: http://localhost:8002, qlen: 23.0
Worker: http://localhost:8002, Tokens: 162132.0
Selected worker: http://localhost:8002
INFO:     127.0.0.1:50396 - "POST /v1/completions HTTP/1.1" 200 OK
Worker: http://localhost:8001, Running: 38.0, Waiting: 3.0
Worker: http://localhost:8001, qlen: 38.0
Worker: http://localhost:8001, Tokens: 173120.0
Worker: http://localhost:8002, Running: 23.0, Waiting: 0.0
Worker: http://localhost:8002, qlen: 23.0
Worker: http://localhost:8002, Tokens: 162575.0
Selected worker: http://localhost:8002
Worker: http://localhost:8001, Running: 38.0, Waiting: 3.0
Worker: http://localhost:8001, qlen: 38.0
Worker: http://localhost:8001, Tokens: 173120.0
Worker: http://localhost:8002, Running: 23.0, Waiting: 0.0
Worker: http://localhost:8002, qlen: 23.0
Worker: http://localhost:8002, Tokens: 162848.0
Selected worker: http://localhost:8002
Worker: http://localhost:8001, Running: 38.0, Waiting: 3.0
Worker: http://localhost:8001, qlen: 38.0
Worker: http://localhost:8001, Tokens: 173120.0
Worker: http://localhost:8002, Running: 23.0, Waiting: 0.0
Worker: http://localhost:8002, qlen: 23.0
Worker: http://localhost:8002, Tokens: 166306.0
Selected worker: http://localhost:8002
INFO:     127.0.0.1:50400 - "POST /v1/completions HTTP/1.1" 200 OK
INFO:     127.0.0.1:50410 - "POST /v1/completions HTTP/1.1" 200 OK
INFO:     127.0.0.1:50422 - "POST /v1/completions HTTP/1.1" 200 OK
Worker: http://localhost:8001, Running: 37.0, Waiting: 1.0
Worker: http://localhost:8001, qlen: 37.0
Worker: http://localhost:8001, Tokens: 177110.0
Worker: http://localhost:8002, Running: 23.0, Waiting: 0.0
Worker: http://localhost:8002, qlen: 23.0
Worker: http://localhost:8002, Tokens: 166608.0
Selected worker: http://localhost:8002
INFO:     127.0.0.1:50426 - "POST /v1/completions HTTP/1.1" 200 OK
Worker: http://localhost:8001, Running: 37.0, Waiting: 0.0
Worker: http://localhost:8001, qlen: 37.0
Worker: http://localhost:8001, Tokens: 179554.0
Worker: http://localhost:8002, Running: 23.0, Waiting: 0.0
Worker: http://localhost:8002, qlen: 23.0
Worker: http://localhost:8002, Tokens: 167056.0
Selected worker: http://localhost:8002
INFO:     127.0.0.1:50440 - "POST /v1/completions HTTP/1.1" 200 OK
Worker: http://localhost:8001, Running: 36.0, Waiting: 0.0
Worker: http://localhost:8001, qlen: 36.0
Worker: http://localhost:8001, Tokens: 179409.0
Worker: http://localhost:8002, Running: 23.0, Waiting: 0.0
Worker: http://localhost:8002, qlen: 23.0
Worker: http://localhost:8002, Tokens: 167322.0
Selected worker: http://localhost:8002
INFO:     127.0.0.1:50450 - "POST /v1/completions HTTP/1.1" 200 OK
Worker: http://localhost:8001, Running: 36.0, Waiting: 0.0
Worker: http://localhost:8001, qlen: 36.0
Worker: http://localhost:8001, Tokens: 179409.0
Worker: http://localhost:8002, Running: 23.0, Waiting: 0.0
Worker: http://localhost:8002, qlen: 23.0
Worker: http://localhost:8002, Tokens: 167590.0
Selected worker: http://localhost:8002
INFO:     127.0.0.1:50454 - "POST /v1/completions HTTP/1.1" 200 OK
Worker: http://localhost:8001, Running: 36.0, Waiting: 0.0
Worker: http://localhost:8001, qlen: 36.0
Worker: http://localhost:8001, Tokens: 179409.0
Worker: http://localhost:8002, Running: 27.0, Waiting: 0.0
Worker: http://localhost:8002, qlen: 27.0
Worker: http://localhost:8002, Tokens: 170025.0
Selected worker: http://localhost:8002
INFO:     127.0.0.1:50456 - "POST /v1/completions HTTP/1.1" 200 OK
Worker: http://localhost:8001, Running: 34.0, Waiting: 0.0
Worker: http://localhost:8001, qlen: 34.0
Worker: http://localhost:8001, Tokens: 180524.0
Worker: http://localhost:8002, Running: 30.0, Waiting: 0.0
Worker: http://localhost:8002, qlen: 30.0
Worker: http://localhost:8002, Tokens: 170173.0
Selected worker: http://localhost:8002
Worker: http://localhost:8001, Running: 34.0, Waiting: 0.0
Worker: http://localhost:8001, qlen: 34.0
Worker: http://localhost:8001, Tokens: 180524.0
Worker: http://localhost:8002, Running: 30.0, Waiting: 0.0
Worker: http://localhost:8002, qlen: 30.0
Worker: http://localhost:8002, Tokens: 172085.0
Selected worker: http://localhost:8002
INFO:     127.0.0.1:50468 - "POST /v1/completions HTTP/1.1" 200 OK
INFO:     127.0.0.1:50476 - "POST /v1/completions HTTP/1.1" 200 OK
Worker: http://localhost:8001, Running: 34.0, Waiting: 0.0
Worker: http://localhost:8001, qlen: 34.0
Worker: http://localhost:8001, Tokens: 180524.0
Worker: http://localhost:8002, Running: 28.0, Waiting: 0.0
Worker: http://localhost:8002, qlen: 28.0
Worker: http://localhost:8002, Tokens: 170529.0
Selected worker: http://localhost:8002
INFO:     127.0.0.1:50492 - "POST /v1/completions HTTP/1.1" 200 OK
Worker: http://localhost:8001, Running: 34.0, Waiting: 0.0
Worker: http://localhost:8001, qlen: 34.0
Worker: http://localhost:8001, Tokens: 181272.0
Worker: http://localhost:8002, Running: 30.0, Waiting: 0.0
Worker: http://localhost:8002, qlen: 30.0
Worker: http://localhost:8002, Tokens: 172584.0
Selected worker: http://localhost:8002
Worker: http://localhost:8001, Running: 34.0, Waiting: 0.0
Worker: http://localhost:8001, qlen: 34.0
Worker: http://localhost:8001, Tokens: 181272.0
Worker: http://localhost:8002, Running: 30.0, Waiting: 0.0
Worker: http://localhost:8002, qlen: 30.0
Worker: http://localhost:8002, Tokens: 172851.0
Selected worker: http://localhost:8002
Worker: http://localhost:8001, Running: 34.0, Waiting: 0.0
Worker: http://localhost:8001, qlen: 34.0
Worker: http://localhost:8001, Tokens: 181272.0
Worker: http://localhost:8002, Running: 30.0, Waiting: 0.0
Worker: http://localhost:8002, qlen: 30.0
Worker: http://localhost:8002, Tokens: 173122.0
Selected worker: http://localhost:8002
INFO:     127.0.0.1:50508 - "POST /v1/completions HTTP/1.1" 200 OK
INFO:     127.0.0.1:50524 - "POST /v1/completions HTTP/1.1" 200 OK
INFO:     127.0.0.1:50530 - "POST /v1/completions HTTP/1.1" 200 OK
Worker: http://localhost:8001, Running: 34.0, Waiting: 0.0
Worker: http://localhost:8001, qlen: 34.0
Worker: http://localhost:8001, Tokens: 181957.0
Worker: http://localhost:8002, Running: 30.0, Waiting: 0.0
Worker: http://localhost:8002, qlen: 30.0
Worker: http://localhost:8002, Tokens: 178124.0
Selected worker: http://localhost:8002
INFO:     127.0.0.1:50542 - "POST /v1/completions HTTP/1.1" 200 OK
Worker: http://localhost:8001, Running: 33.0, Waiting: 0.0
Worker: http://localhost:8001, qlen: 33.0
Worker: http://localhost:8001, Tokens: 181944.0
Worker: http://localhost:8002, Running: 31.0, Waiting: 0.0
Worker: http://localhost:8002, qlen: 31.0
Worker: http://localhost:8002, Tokens: 178422.0
Selected worker: http://localhost:8002
Worker: http://localhost:8001, Running: 33.0, Waiting: 0.0
Worker: http://localhost:8001, qlen: 33.0
Worker: http://localhost:8001, Tokens: 181944.0
Worker: http://localhost:8002, Running: 31.0, Waiting: 0.0
Worker: http://localhost:8002, qlen: 31.0
Worker: http://localhost:8002, Tokens: 179999.0
Selected worker: http://localhost:8002
INFO:     127.0.0.1:50550 - "POST /v1/completions HTTP/1.1" 200 OK
INFO:     127.0.0.1:50554 - "POST /v1/completions HTTP/1.1" 200 OK
Worker: http://localhost:8001, Running: 31.0, Waiting: 0.0
Worker: http://localhost:8001, qlen: 31.0
Worker: http://localhost:8001, Tokens: 182323.0
Worker: http://localhost:8002, Running: 31.0, Waiting: 0.0
Worker: http://localhost:8002, qlen: 31.0
Worker: http://localhost:8002, Tokens: 180271.0
Selected worker: http://localhost:8002
INFO:     127.0.0.1:50568 - "POST /v1/completions HTTP/1.1" 200 OK
Worker: http://localhost:8001, Running: 31.0, Waiting: 0.0
Worker: http://localhost:8001, qlen: 31.0
Worker: http://localhost:8001, Tokens: 181769.0
Worker: http://localhost:8002, Running: 31.0, Waiting: 0.0
Worker: http://localhost:8002, qlen: 31.0
Worker: http://localhost:8002, Tokens: 178639.0
Selected worker: http://localhost:8001
Worker: http://localhost:8001, Running: 31.0, Waiting: 0.0
Worker: http://localhost:8001, qlen: 31.0
Worker: http://localhost:8001, Tokens: 183777.0
Worker: http://localhost:8002, Running: 31.0, Waiting: 0.0
Worker: http://localhost:8002, qlen: 31.0
Worker: http://localhost:8002, Tokens: 178639.0
Selected worker: http://localhost:8001
INFO:     127.0.0.1:50584 - "POST /v1/completions HTTP/1.1" 200 OK
INFO:     127.0.0.1:50586 - "POST /v1/completions HTTP/1.1" 200 OK
Worker: http://localhost:8001, Running: 28.0, Waiting: 0.0
Worker: http://localhost:8001, qlen: 28.0
Worker: http://localhost:8001, Tokens: 181966.0
Worker: http://localhost:8002, Running: 31.0, Waiting: 0.0
Worker: http://localhost:8002, qlen: 31.0
Worker: http://localhost:8002, Tokens: 178639.0
Selected worker: http://localhost:8001
INFO:     127.0.0.1:50590 - "POST /v1/completions HTTP/1.1" 200 OK
Worker: http://localhost:8001, Running: 28.0, Waiting: 0.0
Worker: http://localhost:8001, qlen: 28.0
Worker: http://localhost:8001, Tokens: 182241.0
Worker: http://localhost:8002, Running: 31.0, Waiting: 0.0
Worker: http://localhost:8002, qlen: 31.0
Worker: http://localhost:8002, Tokens: 178639.0
Selected worker: http://localhost:8001
INFO:     127.0.0.1:50604 - "POST /v1/completions HTTP/1.1" 200 OK
Worker: http://localhost:8001, Running: 28.0, Waiting: 0.0
Worker: http://localhost:8001, qlen: 28.0
Worker: http://localhost:8001, Tokens: 182530.0
Worker: http://localhost:8002, Running: 31.0, Waiting: 0.0
Worker: http://localhost:8002, qlen: 31.0
Worker: http://localhost:8002, Tokens: 178639.0
Selected worker: http://localhost:8001
INFO:     127.0.0.1:50606 - "POST /v1/completions HTTP/1.1" 200 OK
Worker: http://localhost:8001, Running: 30.0, Waiting: 0.0
Worker: http://localhost:8001, qlen: 30.0
Worker: http://localhost:8001, Tokens: 186255.0
Worker: http://localhost:8002, Running: 34.0, Waiting: 0.0
Worker: http://localhost:8002, qlen: 34.0
Worker: http://localhost:8002, Tokens: 178417.0
Selected worker: http://localhost:8001
Worker: http://localhost:8001, Running: 30.0, Waiting: 0.0
Worker: http://localhost:8001, qlen: 30.0
Worker: http://localhost:8001, Tokens: 186525.0
Worker: http://localhost:8002, Running: 34.0, Waiting: 0.0
Worker: http://localhost:8002, qlen: 34.0
Worker: http://localhost:8002, Tokens: 178417.0
Selected worker: http://localhost:8001
Worker: http://localhost:8001, Running: 30.0, Waiting: 0.0
Worker: http://localhost:8001, qlen: 30.0
Worker: http://localhost:8001, Tokens: 186801.0
Worker: http://localhost:8002, Running: 34.0, Waiting: 0.0
Worker: http://localhost:8002, qlen: 34.0
Worker: http://localhost:8002, Tokens: 178417.0
Selected worker: http://localhost:8001
Worker: http://localhost:8001, Running: 30.0, Waiting: 0.0
Worker: http://localhost:8001, qlen: 30.0
Worker: http://localhost:8001, Tokens: 187067.0
Worker: http://localhost:8002, Running: 34.0, Waiting: 0.0
Worker: http://localhost:8002, qlen: 34.0
Worker: http://localhost:8002, Tokens: 178417.0
Selected worker: http://localhost:8001
INFO:     127.0.0.1:50622 - "POST /v1/completions HTTP/1.1" 200 OK
INFO:     127.0.0.1:50626 - "POST /v1/completions HTTP/1.1" 200 OK
INFO:     127.0.0.1:50630 - "POST /v1/completions HTTP/1.1" 200 OK
INFO:     127.0.0.1:50634 - "POST /v1/completions HTTP/1.1" 200 OK
Worker: http://localhost:8001, Running: 30.0, Waiting: 0.0
Worker: http://localhost:8001, qlen: 30.0
Worker: http://localhost:8001, Tokens: 186345.0
Worker: http://localhost:8002, Running: 34.0, Waiting: 0.0
Worker: http://localhost:8002, qlen: 34.0
Worker: http://localhost:8002, Tokens: 177350.0
Selected worker: http://localhost:8001
INFO:     127.0.0.1:50636 - "POST /v1/completions HTTP/1.1" 200 OK
Worker: http://localhost:8001, Running: 30.0, Waiting: 0.0
Worker: http://localhost:8001, qlen: 30.0
Worker: http://localhost:8001, Tokens: 187833.0
Worker: http://localhost:8002, Running: 34.0, Waiting: 0.0
Worker: http://localhost:8002, qlen: 34.0
Worker: http://localhost:8002, Tokens: 177350.0
Selected worker: http://localhost:8001
INFO:     127.0.0.1:50652 - "POST /v1/completions HTTP/1.1" 200 OK
Worker: http://localhost:8001, Running: 30.0, Waiting: 0.0
Worker: http://localhost:8001, qlen: 30.0
Worker: http://localhost:8001, Tokens: 189268.0
Worker: http://localhost:8002, Running: 34.0, Waiting: 0.0
Worker: http://localhost:8002, qlen: 34.0
Worker: http://localhost:8002, Tokens: 177350.0
Selected worker: http://localhost:8001
INFO:     127.0.0.1:50664 - "POST /v1/completions HTTP/1.1" 200 OK
Worker: http://localhost:8001, Running: 30.0, Waiting: 0.0
Worker: http://localhost:8001, qlen: 30.0
Worker: http://localhost:8001, Tokens: 189530.0
Worker: http://localhost:8002, Running: 34.0, Waiting: 0.0
Worker: http://localhost:8002, qlen: 34.0
Worker: http://localhost:8002, Tokens: 177350.0
Selected worker: http://localhost:8001
INFO:     127.0.0.1:50672 - "POST /v1/completions HTTP/1.1" 200 OK
Worker: http://localhost:8001, Running: 34.0, Waiting: 0.0
Worker: http://localhost:8001, qlen: 34.0
Worker: http://localhost:8001, Tokens: 181404.0
Worker: http://localhost:8002, Running: 26.0, Waiting: 0.0
Worker: http://localhost:8002, qlen: 26.0
Worker: http://localhost:8002, Tokens: 181505.0
Selected worker: http://localhost:8002
INFO:     127.0.0.1:50678 - "POST /v1/completions HTTP/1.1" 200 OK
Worker: http://localhost:8001, Running: 35.0, Waiting: 0.0
Worker: http://localhost:8001, qlen: 35.0
Worker: http://localhost:8001, Tokens: 188505.0
Worker: http://localhost:8002, Running: 26.0, Waiting: 0.0
Worker: http://localhost:8002, qlen: 26.0
Worker: http://localhost:8002, Tokens: 181095.0
Selected worker: http://localhost:8002
Worker: http://localhost:8001, Running: 35.0, Waiting: 0.0
Worker: http://localhost:8001, qlen: 35.0
Worker: http://localhost:8001, Tokens: 188505.0
Worker: http://localhost:8002, Running: 26.0, Waiting: 0.0
Worker: http://localhost:8002, qlen: 26.0
Worker: http://localhost:8002, Tokens: 182814.0
Selected worker: http://localhost:8002
INFO:     127.0.0.1:50692 - "POST /v1/completions HTTP/1.1" 200 OK
INFO:     127.0.0.1:50704 - "POST /v1/completions HTTP/1.1" 200 OK
Worker: http://localhost:8001, Running: 37.0, Waiting: 0.0
Worker: http://localhost:8001, qlen: 37.0
Worker: http://localhost:8001, Tokens: 193718.0
Worker: http://localhost:8002, Running: 27.0, Waiting: 0.0
Worker: http://localhost:8002, qlen: 27.0
Worker: http://localhost:8002, Tokens: 187437.0
Selected worker: http://localhost:8002
Worker: http://localhost:8001, Running: 37.0, Waiting: 0.0
Worker: http://localhost:8001, qlen: 37.0
Worker: http://localhost:8001, Tokens: 193718.0
Worker: http://localhost:8002, Running: 27.0, Waiting: 0.0
Worker: http://localhost:8002, qlen: 27.0
Worker: http://localhost:8002, Tokens: 187737.0
Selected worker: http://localhost:8002
INFO:     127.0.0.1:50718 - "POST /v1/completions HTTP/1.1" 200 OK
INFO:     127.0.0.1:50720 - "POST /v1/completions HTTP/1.1" 200 OK
Worker: http://localhost:8001, Running: 37.0, Waiting: 0.0
Worker: http://localhost:8001, qlen: 37.0
Worker: http://localhost:8001, Tokens: 190428.0
Worker: http://localhost:8002, Running: 25.0, Waiting: 0.0
Worker: http://localhost:8002, qlen: 25.0
Worker: http://localhost:8002, Tokens: 188054.0
Selected worker: http://localhost:8002
INFO:     127.0.0.1:50732 - "POST /v1/completions HTTP/1.1" 200 OK
Worker: http://localhost:8001, Running: 37.0, Waiting: 0.0
Worker: http://localhost:8001, qlen: 37.0
Worker: http://localhost:8001, Tokens: 190428.0
Worker: http://localhost:8002, Running: 25.0, Waiting: 0.0
Worker: http://localhost:8002, qlen: 25.0
Worker: http://localhost:8002, Tokens: 188318.0
Selected worker: http://localhost:8002
INFO:     127.0.0.1:50742 - "POST /v1/completions HTTP/1.1" 200 OK
Worker: http://localhost:8001, Running: 35.0, Waiting: 0.0
Worker: http://localhost:8001, qlen: 35.0
Worker: http://localhost:8001, Tokens: 194462.0
Worker: http://localhost:8002, Running: 29.0, Waiting: 0.0
Worker: http://localhost:8002, qlen: 29.0
Worker: http://localhost:8002, Tokens: 190098.0
Selected worker: http://localhost:8002
INFO:     127.0.0.1:50748 - "POST /v1/completions HTTP/1.1" 200 OK
Worker: http://localhost:8001, Running: 35.0, Waiting: 0.0
Worker: http://localhost:8001, qlen: 35.0
Worker: http://localhost:8001, Tokens: 194567.0
Worker: http://localhost:8002, Running: 29.0, Waiting: 0.0
Worker: http://localhost:8002, qlen: 29.0
Worker: http://localhost:8002, Tokens: 188281.0
Selected worker: http://localhost:8002
INFO:     127.0.0.1:50764 - "POST /v1/completions HTTP/1.1" 200 OK
Worker: http://localhost:8001, Running: 35.0, Waiting: 0.0
Worker: http://localhost:8001, qlen: 35.0
Worker: http://localhost:8001, Tokens: 194777.0
Worker: http://localhost:8002, Running: 29.0, Waiting: 0.0
Worker: http://localhost:8002, qlen: 29.0
Worker: http://localhost:8002, Tokens: 190200.0
Selected worker: http://localhost:8002
INFO:     127.0.0.1:50776 - "POST /v1/completions HTTP/1.1" 200 OK
Worker: http://localhost:8001, Running: 35.0, Waiting: 0.0
Worker: http://localhost:8001, qlen: 35.0
Worker: http://localhost:8001, Tokens: 194777.0
Worker: http://localhost:8002, Running: 29.0, Waiting: 0.0
Worker: http://localhost:8002, qlen: 29.0
Worker: http://localhost:8002, Tokens: 190475.0
Selected worker: http://localhost:8002
INFO:     127.0.0.1:50784 - "POST /v1/completions HTTP/1.1" 200 OK
Worker: http://localhost:8001, Running: 35.0, Waiting: 0.0
Worker: http://localhost:8001, qlen: 35.0
Worker: http://localhost:8001, Tokens: 193825.0
Worker: http://localhost:8002, Running: 29.0, Waiting: 0.0
Worker: http://localhost:8002, qlen: 29.0
Worker: http://localhost:8002, Tokens: 191156.0
Selected worker: http://localhost:8002
INFO:     127.0.0.1:50798 - "POST /v1/completions HTTP/1.1" 200 OK
Worker: http://localhost:8001, Running: 34.0, Waiting: 0.0
Worker: http://localhost:8001, qlen: 34.0
Worker: http://localhost:8001, Tokens: 193833.0
Worker: http://localhost:8002, Running: 30.0, Waiting: 0.0
Worker: http://localhost:8002, qlen: 30.0
Worker: http://localhost:8002, Tokens: 191555.0
Selected worker: http://localhost:8002
INFO:     127.0.0.1:58998 - "POST /v1/completions HTTP/1.1" 200 OK
Worker: http://localhost:8001, Running: 33.0, Waiting: 0.0
Worker: http://localhost:8001, qlen: 33.0
Worker: http://localhost:8001, Tokens: 194585.0
Worker: http://localhost:8002, Running: 30.0, Waiting: 0.0
Worker: http://localhost:8002, qlen: 30.0
Worker: http://localhost:8002, Tokens: 191846.0
Selected worker: http://localhost:8002
INFO:     127.0.0.1:59004 - "POST /v1/completions HTTP/1.1" 200 OK
Worker: http://localhost:8001, Running: 33.0, Waiting: 0.0
Worker: http://localhost:8001, qlen: 33.0
Worker: http://localhost:8001, Tokens: 194585.0
Worker: http://localhost:8002, Running: 30.0, Waiting: 0.0
Worker: http://localhost:8002, qlen: 30.0
Worker: http://localhost:8002, Tokens: 192109.0
Selected worker: http://localhost:8002
INFO:     127.0.0.1:59018 - "POST /v1/completions HTTP/1.1" 200 OK
Worker: http://localhost:8001, Running: 33.0, Waiting: 0.0
Worker: http://localhost:8001, qlen: 33.0
Worker: http://localhost:8001, Tokens: 194585.0
Worker: http://localhost:8002, Running: 30.0, Waiting: 0.0
Worker: http://localhost:8002, qlen: 30.0
Worker: http://localhost:8002, Tokens: 192379.0
Selected worker: http://localhost:8002
INFO:     127.0.0.1:59024 - "POST /v1/completions HTTP/1.1" 200 OK
Worker: http://localhost:8001, Running: 33.0, Waiting: 0.0
Worker: http://localhost:8001, qlen: 33.0
Worker: http://localhost:8001, Tokens: 194585.0
Worker: http://localhost:8002, Running: 30.0, Waiting: 0.0
Worker: http://localhost:8002, qlen: 30.0
Worker: http://localhost:8002, Tokens: 191735.0
Selected worker: http://localhost:8002
INFO:     127.0.0.1:59036 - "POST /v1/completions HTTP/1.1" 200 OK
Worker: http://localhost:8001, Running: 29.0, Waiting: 0.0
Worker: http://localhost:8001, qlen: 29.0
Worker: http://localhost:8001, Tokens: 195167.0
Worker: http://localhost:8002, Running: 35.0, Waiting: 0.0
Worker: http://localhost:8002, qlen: 35.0
Worker: http://localhost:8002, Tokens: 192323.0
Selected worker: http://localhost:8001
Worker: http://localhost:8001, Running: 29.0, Waiting: 0.0
Worker: http://localhost:8001, qlen: 29.0
Worker: http://localhost:8001, Tokens: 195437.0
Worker: http://localhost:8002, Running: 35.0, Waiting: 0.0
Worker: http://localhost:8002, qlen: 35.0
Worker: http://localhost:8002, Tokens: 192323.0
Selected worker: http://localhost:8001
Worker: http://localhost:8001, Running: 29.0, Waiting: 0.0
Worker: http://localhost:8001, qlen: 29.0
Worker: http://localhost:8001, Tokens: 195709.0
Worker: http://localhost:8002, Running: 35.0, Waiting: 0.0
Worker: http://localhost:8002, qlen: 35.0
Worker: http://localhost:8002, Tokens: 192323.0
Selected worker: http://localhost:8001
Worker: http://localhost:8001, Running: 29.0, Waiting: 0.0
Worker: http://localhost:8001, qlen: 29.0
Worker: http://localhost:8001, Tokens: 195978.0
Worker: http://localhost:8002, Running: 35.0, Waiting: 0.0
Worker: http://localhost:8002, qlen: 35.0
Worker: http://localhost:8002, Tokens: 192323.0
Selected worker: http://localhost:8001
INFO:     127.0.0.1:59048 - "POST /v1/completions HTTP/1.1" 200 OK
INFO:     127.0.0.1:59054 - "POST /v1/completions HTTP/1.1" 200 OK
INFO:     127.0.0.1:59068 - "POST /v1/completions HTTP/1.1" 200 OK
INFO:     127.0.0.1:59084 - "POST /v1/completions HTTP/1.1" 200 OK
Worker: http://localhost:8001, Running: 29.0, Waiting: 0.0
Worker: http://localhost:8001, qlen: 29.0
Worker: http://localhost:8001, Tokens: 195707.0
Worker: http://localhost:8002, Running: 35.0, Waiting: 0.0
Worker: http://localhost:8002, qlen: 35.0
Worker: http://localhost:8002, Tokens: 192166.0
Selected worker: http://localhost:8001
INFO:     127.0.0.1:59096 - "POST /v1/completions HTTP/1.1" 200 OK
Worker: http://localhost:8001, Running: 29.0, Waiting: 0.0
Worker: http://localhost:8001, qlen: 29.0
Worker: http://localhost:8001, Tokens: 195971.0
Worker: http://localhost:8002, Running: 35.0, Waiting: 0.0
Worker: http://localhost:8002, qlen: 35.0
Worker: http://localhost:8002, Tokens: 192166.0
Selected worker: http://localhost:8001
INFO:     127.0.0.1:59100 - "POST /v1/completions HTTP/1.1" 200 OK
Worker: http://localhost:8001, Running: 29.0, Waiting: 0.0
Worker: http://localhost:8001, qlen: 29.0
Worker: http://localhost:8001, Tokens: 196242.0
Worker: http://localhost:8002, Running: 35.0, Waiting: 0.0
Worker: http://localhost:8002, qlen: 35.0
Worker: http://localhost:8002, Tokens: 192166.0
Selected worker: http://localhost:8001
INFO:     127.0.0.1:59114 - "POST /v1/completions HTTP/1.1" 200 OK
Worker: http://localhost:8001, Running: 30.0, Waiting: 0.0
Worker: http://localhost:8001, qlen: 30.0
Worker: http://localhost:8001, Tokens: 198513.0
Worker: http://localhost:8002, Running: 34.0, Waiting: 0.0
Worker: http://localhost:8002, qlen: 34.0
Worker: http://localhost:8002, Tokens: 192509.0
Selected worker: http://localhost:8001
Worker: http://localhost:8001, Running: 30.0, Waiting: 0.0
Worker: http://localhost:8001, qlen: 30.0
Worker: http://localhost:8001, Tokens: 198799.0
Worker: http://localhost:8002, Running: 34.0, Waiting: 0.0
Worker: http://localhost:8002, qlen: 34.0
Worker: http://localhost:8002, Tokens: 192509.0
Selected worker: http://localhost:8001
Worker: http://localhost:8001, Running: 30.0, Waiting: 0.0
Worker: http://localhost:8001, qlen: 30.0
Worker: http://localhost:8001, Tokens: 202412.0
Worker: http://localhost:8002, Running: 34.0, Waiting: 0.0
Worker: http://localhost:8002, qlen: 34.0
Worker: http://localhost:8002, Tokens: 192509.0
Selected worker: http://localhost:8001
INFO:     127.0.0.1:59122 - "POST /v1/completions HTTP/1.1" 200 OK
INFO:     127.0.0.1:59130 - "POST /v1/completions HTTP/1.1" 200 OK
INFO:     127.0.0.1:59146 - "POST /v1/completions HTTP/1.1" 200 OK
Worker: http://localhost:8001, Running: 32.0, Waiting: 1.0
Worker: http://localhost:8001, qlen: 32.0
Worker: http://localhost:8001, Tokens: 198923.0
Worker: http://localhost:8002, Running: 31.0, Waiting: 0.0
Worker: http://localhost:8002, qlen: 31.0
Worker: http://localhost:8002, Tokens: 193355.0
Selected worker: http://localhost:8002
Worker: http://localhost:8001, Running: 32.0, Waiting: 1.0
Worker: http://localhost:8001, qlen: 32.0
Worker: http://localhost:8001, Tokens: 198923.0
Worker: http://localhost:8002, Running: 31.0, Waiting: 0.0
Worker: http://localhost:8002, qlen: 31.0
Worker: http://localhost:8002, Tokens: 193622.0
Selected worker: http://localhost:8002
INFO:     127.0.0.1:59162 - "POST /v1/completions HTTP/1.1" 200 OK
INFO:     127.0.0.1:59166 - "POST /v1/completions HTTP/1.1" 200 OK
Worker: http://localhost:8001, Running: 33.0, Waiting: 0.0
Worker: http://localhost:8001, qlen: 33.0
Worker: http://localhost:8001, Tokens: 204044.0
Worker: http://localhost:8002, Running: 29.0, Waiting: 0.0
Worker: http://localhost:8002, qlen: 29.0
Worker: http://localhost:8002, Tokens: 192226.0
Selected worker: http://localhost:8002
INFO:     127.0.0.1:59182 - "POST /v1/completions HTTP/1.1" 200 OK
Worker: http://localhost:8001, Running: 33.0, Waiting: 0.0
Worker: http://localhost:8001, qlen: 33.0
Worker: http://localhost:8001, Tokens: 204308.0
Worker: http://localhost:8002, Running: 29.0, Waiting: 0.0
Worker: http://localhost:8002, qlen: 29.0
Worker: http://localhost:8002, Tokens: 196174.0
Selected worker: http://localhost:8002
INFO:     127.0.0.1:59192 - "POST /v1/completions HTTP/1.1" 200 OK
Worker: http://localhost:8001, Running: 33.0, Waiting: 0.0
Worker: http://localhost:8001, qlen: 33.0
Worker: http://localhost:8001, Tokens: 204308.0
Worker: http://localhost:8002, Running: 29.0, Waiting: 0.0
Worker: http://localhost:8002, qlen: 29.0
Worker: http://localhost:8002, Tokens: 196468.0
Selected worker: http://localhost:8002
INFO:     127.0.0.1:59204 - "POST /v1/completions HTTP/1.1" 200 OK
Worker: http://localhost:8001, Running: 33.0, Waiting: 0.0
Worker: http://localhost:8001, qlen: 33.0
Worker: http://localhost:8001, Tokens: 204704.0
Worker: http://localhost:8002, Running: 31.0, Waiting: 0.0
Worker: http://localhost:8002, qlen: 31.0
Worker: http://localhost:8002, Tokens: 196236.0
Selected worker: http://localhost:8002
INFO:     127.0.0.1:59214 - "POST /v1/completions HTTP/1.1" 200 OK
Worker: http://localhost:8001, Running: 33.0, Waiting: 0.0
Worker: http://localhost:8001, qlen: 33.0
Worker: http://localhost:8001, Tokens: 205067.0
Worker: http://localhost:8002, Running: 31.0, Waiting: 0.0
Worker: http://localhost:8002, qlen: 31.0
Worker: http://localhost:8002, Tokens: 196588.0
Selected worker: http://localhost:8002
INFO:     127.0.0.1:59230 - "POST /v1/completions HTTP/1.1" 200 OK
Worker: http://localhost:8001, Running: 33.0, Waiting: 0.0
Worker: http://localhost:8001, qlen: 33.0
Worker: http://localhost:8001, Tokens: 205232.0
Worker: http://localhost:8002, Running: 31.0, Waiting: 0.0
Worker: http://localhost:8002, qlen: 31.0
Worker: http://localhost:8002, Tokens: 196087.0
Selected worker: http://localhost:8002
Worker: http://localhost:8001, Running: 33.0, Waiting: 0.0
Worker: http://localhost:8001, qlen: 33.0
Worker: http://localhost:8001, Tokens: 205232.0
Worker: http://localhost:8002, Running: 31.0, Waiting: 0.0
Worker: http://localhost:8002, qlen: 31.0
Worker: http://localhost:8002, Tokens: 196354.0
Selected worker: http://localhost:8002
Worker: http://localhost:8001, Running: 33.0, Waiting: 0.0
Worker: http://localhost:8001, qlen: 33.0
Worker: http://localhost:8001, Tokens: 205232.0
Worker: http://localhost:8002, Running: 31.0, Waiting: 0.0
Worker: http://localhost:8002, qlen: 31.0
Worker: http://localhost:8002, Tokens: 196627.0
Selected worker: http://localhost:8002
INFO:     127.0.0.1:59246 - "POST /v1/completions HTTP/1.1" 200 OK
INFO:     127.0.0.1:59252 - "POST /v1/completions HTTP/1.1" 200 OK
INFO:     127.0.0.1:59268 - "POST /v1/completions HTTP/1.1" 200 OK
Worker: http://localhost:8001, Running: 33.0, Waiting: 0.0
Worker: http://localhost:8001, qlen: 33.0
Worker: http://localhost:8001, Tokens: 205331.0
Worker: http://localhost:8002, Running: 31.0, Waiting: 0.0
Worker: http://localhost:8002, qlen: 31.0
Worker: http://localhost:8002, Tokens: 196895.0
Selected worker: http://localhost:8002
INFO:     127.0.0.1:59280 - "POST /v1/completions HTTP/1.1" 200 OK
Worker: http://localhost:8001, Running: 33.0, Waiting: 0.0
Worker: http://localhost:8001, qlen: 33.0
Worker: http://localhost:8001, Tokens: 204354.0
Worker: http://localhost:8002, Running: 31.0, Waiting: 0.0
Worker: http://localhost:8002, qlen: 31.0
Worker: http://localhost:8002, Tokens: 198098.0
Selected worker: http://localhost:8002
INFO:     127.0.0.1:59288 - "POST /v1/completions HTTP/1.1" 200 OK
Worker: http://localhost:8001, Running: 33.0, Waiting: 0.0
Worker: http://localhost:8001, qlen: 33.0
Worker: http://localhost:8001, Tokens: 200918.0
Worker: http://localhost:8002, Running: 31.0, Waiting: 0.0
Worker: http://localhost:8002, qlen: 31.0
Worker: http://localhost:8002, Tokens: 198222.0
Selected worker: http://localhost:8002
INFO:     127.0.0.1:59294 - "POST /v1/completions HTTP/1.1" 200 OK
Worker: http://localhost:8001, Running: 33.0, Waiting: 0.0
Worker: http://localhost:8001, qlen: 33.0
Worker: http://localhost:8001, Tokens: 200918.0
Worker: http://localhost:8002, Running: 31.0, Waiting: 0.0
Worker: http://localhost:8002, qlen: 31.0
Worker: http://localhost:8002, Tokens: 200225.0
Selected worker: http://localhost:8002
INFO:     127.0.0.1:59306 - "POST /v1/completions HTTP/1.1" 200 OK
Worker: http://localhost:8001, Running: 30.0, Waiting: 0.0
Worker: http://localhost:8001, qlen: 30.0
Worker: http://localhost:8001, Tokens: 204937.0
Worker: http://localhost:8002, Running: 32.0, Waiting: 0.0
Worker: http://localhost:8002, qlen: 32.0
Worker: http://localhost:8002, Tokens: 198481.0
Selected worker: http://localhost:8001
Worker: http://localhost:8001, Running: 30.0, Waiting: 0.0
Worker: http://localhost:8001, qlen: 30.0
Worker: http://localhost:8001, Tokens: 205200.0
Worker: http://localhost:8002, Running: 32.0, Waiting: 0.0
Worker: http://localhost:8002, qlen: 32.0
Worker: http://localhost:8002, Tokens: 198481.0
Selected worker: http://localhost:8001
Worker: http://localhost:8001, Running: 30.0, Waiting: 0.0
Worker: http://localhost:8001, qlen: 30.0
Worker: http://localhost:8001, Tokens: 205462.0
Worker: http://localhost:8002, Running: 32.0, Waiting: 0.0
Worker: http://localhost:8002, qlen: 32.0
Worker: http://localhost:8002, Tokens: 198481.0
Selected worker: http://localhost:8001
Worker: http://localhost:8001, Running: 30.0, Waiting: 0.0
Worker: http://localhost:8001, qlen: 30.0
Worker: http://localhost:8001, Tokens: 205756.0
Worker: http://localhost:8002, Running: 32.0, Waiting: 0.0
Worker: http://localhost:8002, qlen: 32.0
Worker: http://localhost:8002, Tokens: 198481.0
Selected worker: http://localhost:8001
Worker: http://localhost:8001, Running: 30.0, Waiting: 0.0
Worker: http://localhost:8001, qlen: 30.0
Worker: http://localhost:8001, Tokens: 206032.0
Worker: http://localhost:8002, Running: 32.0, Waiting: 0.0
Worker: http://localhost:8002, qlen: 32.0
Worker: http://localhost:8002, Tokens: 198481.0
Selected worker: http://localhost:8001
Worker: http://localhost:8001, Running: 30.0, Waiting: 0.0
Worker: http://localhost:8001, qlen: 30.0
Worker: http://localhost:8001, Tokens: 206297.0
Worker: http://localhost:8002, Running: 32.0, Waiting: 0.0
Worker: http://localhost:8002, qlen: 32.0
Worker: http://localhost:8002, Tokens: 198481.0
Selected worker: http://localhost:8001
INFO:     127.0.0.1:59324 - "POST /v1/completions HTTP/1.1" 200 OK
INFO:     127.0.0.1:59338 - "POST /v1/completions HTTP/1.1" 200 OK
INFO:     127.0.0.1:59352 - "POST /v1/completions HTTP/1.1" 200 OK
INFO:     127.0.0.1:59364 - "POST /v1/completions HTTP/1.1" 200 OK
INFO:     127.0.0.1:59372 - "POST /v1/completions HTTP/1.1" 200 OK
INFO:     127.0.0.1:59316 - "POST /v1/completions HTTP/1.1" 200 OK
Worker: http://localhost:8001, Running: 30.0, Waiting: 0.0
Worker: http://localhost:8001, qlen: 30.0
Worker: http://localhost:8001, Tokens: 208348.0
Worker: http://localhost:8002, Running: 34.0, Waiting: 0.0
Worker: http://localhost:8002, qlen: 34.0
Worker: http://localhost:8002, Tokens: 202896.0
Selected worker: http://localhost:8001
INFO:     127.0.0.1:59374 - "POST /v1/completions HTTP/1.1" 200 OK
Worker: http://localhost:8001, Running: 30.0, Waiting: 0.0
Worker: http://localhost:8001, qlen: 30.0
Worker: http://localhost:8001, Tokens: 206742.0
Worker: http://localhost:8002, Running: 34.0, Waiting: 0.0
Worker: http://localhost:8002, qlen: 34.0
Worker: http://localhost:8002, Tokens: 202896.0
Selected worker: http://localhost:8001
INFO:     127.0.0.1:59386 - "POST /v1/completions HTTP/1.1" 200 OK
Worker: http://localhost:8001, Running: 30.0, Waiting: 0.0
Worker: http://localhost:8001, qlen: 30.0
Worker: http://localhost:8001, Tokens: 208928.0
Worker: http://localhost:8002, Running: 34.0, Waiting: 0.0
Worker: http://localhost:8002, qlen: 34.0
Worker: http://localhost:8002, Tokens: 202565.0
Selected worker: http://localhost:8001
INFO:     127.0.0.1:59390 - "POST /v1/completions HTTP/1.1" 200 OK
Worker: http://localhost:8001, Running: 30.0, Waiting: 0.0
Worker: http://localhost:8001, qlen: 30.0
Worker: http://localhost:8001, Tokens: 209190.0
Worker: http://localhost:8002, Running: 34.0, Waiting: 0.0
Worker: http://localhost:8002, qlen: 34.0
Worker: http://localhost:8002, Tokens: 202565.0
Selected worker: http://localhost:8001
INFO:     127.0.0.1:59392 - "POST /v1/completions HTTP/1.1" 200 OK
Worker: http://localhost:8001, Running: 32.0, Waiting: 0.0
Worker: http://localhost:8001, qlen: 32.0
Worker: http://localhost:8001, Tokens: 209231.0
Worker: http://localhost:8002, Running: 30.0, Waiting: 0.0
Worker: http://localhost:8002, qlen: 30.0
Worker: http://localhost:8002, Tokens: 203554.0
Selected worker: http://localhost:8002
Worker: http://localhost:8001, Running: 32.0, Waiting: 0.0
Worker: http://localhost:8001, qlen: 32.0
Worker: http://localhost:8001, Tokens: 209231.0
Worker: http://localhost:8002, Running: 30.0, Waiting: 0.0
Worker: http://localhost:8002, qlen: 30.0
Worker: http://localhost:8002, Tokens: 203820.0
Selected worker: http://localhost:8002
INFO:     127.0.0.1:59400 - "POST /v1/completions HTTP/1.1" 200 OK
INFO:     127.0.0.1:59408 - "POST /v1/completions HTTP/1.1" 200 OK
Worker: http://localhost:8001, Running: 32.0, Waiting: 0.0
Worker: http://localhost:8001, qlen: 32.0
Worker: http://localhost:8001, Tokens: 209775.0
Worker: http://localhost:8002, Running: 32.0, Waiting: 0.0
Worker: http://localhost:8002, qlen: 32.0
Worker: http://localhost:8002, Tokens: 205181.0
Selected worker: http://localhost:8002
INFO:     127.0.0.1:59410 - "POST /v1/completions HTTP/1.1" 200 OK
Worker: http://localhost:8001, Running: 32.0, Waiting: 0.0
Worker: http://localhost:8001, qlen: 32.0
Worker: http://localhost:8001, Tokens: 210127.0
Worker: http://localhost:8002, Running: 32.0, Waiting: 0.0
Worker: http://localhost:8002, qlen: 32.0
Worker: http://localhost:8002, Tokens: 205567.0
Selected worker: http://localhost:8002
INFO:     127.0.0.1:59416 - "POST /v1/completions HTTP/1.1" 200 OK
Worker: http://localhost:8001, Running: 32.0, Waiting: 0.0
Worker: http://localhost:8001, qlen: 32.0
Worker: http://localhost:8001, Tokens: 210511.0
Worker: http://localhost:8002, Running: 32.0, Waiting: 0.0
Worker: http://localhost:8002, qlen: 32.0
Worker: http://localhost:8002, Tokens: 205136.0
Selected worker: http://localhost:8001
INFO:     127.0.0.1:59430 - "POST /v1/completions HTTP/1.1" 200 OK
Worker: http://localhost:8001, Running: 32.0, Waiting: 0.0
Worker: http://localhost:8001, qlen: 32.0
Worker: http://localhost:8001, Tokens: 211793.0
Worker: http://localhost:8002, Running: 32.0, Waiting: 0.0
Worker: http://localhost:8002, qlen: 32.0
Worker: http://localhost:8002, Tokens: 205136.0
Selected worker: http://localhost:8002
INFO:     127.0.0.1:59432 - "POST /v1/completions HTTP/1.1" 200 OK
Worker: http://localhost:8001, Running: 32.0, Waiting: 0.0
Worker: http://localhost:8001, qlen: 32.0
Worker: http://localhost:8001, Tokens: 211793.0
Worker: http://localhost:8002, Running: 32.0, Waiting: 0.0
Worker: http://localhost:8002, qlen: 32.0
Worker: http://localhost:8002, Tokens: 205410.0
Selected worker: http://localhost:8002
INFO:     127.0.0.1:59434 - "POST /v1/completions HTTP/1.1" 200 OK
Worker: http://localhost:8001, Running: 32.0, Waiting: 0.0
Worker: http://localhost:8001, qlen: 32.0
Worker: http://localhost:8001, Tokens: 211793.0
Worker: http://localhost:8002, Running: 32.0, Waiting: 0.0
Worker: http://localhost:8002, qlen: 32.0
Worker: http://localhost:8002, Tokens: 205675.0
Selected worker: http://localhost:8002
INFO:     127.0.0.1:59448 - "POST /v1/completions HTTP/1.1" 200 OK
Worker: http://localhost:8001, Running: 33.0, Waiting: 0.0
Worker: http://localhost:8001, qlen: 33.0
Worker: http://localhost:8001, Tokens: 213659.0
Worker: http://localhost:8002, Running: 31.0, Waiting: 0.0
Worker: http://localhost:8002, qlen: 31.0
Worker: http://localhost:8002, Tokens: 206899.0
Selected worker: http://localhost:8002
INFO:     127.0.0.1:59462 - "POST /v1/completions HTTP/1.1" 200 OK
Worker: http://localhost:8001, Running: 33.0, Waiting: 0.0
Worker: http://localhost:8001, qlen: 33.0
Worker: http://localhost:8001, Tokens: 212794.0
Worker: http://localhost:8002, Running: 31.0, Waiting: 0.0
Worker: http://localhost:8002, qlen: 31.0
Worker: http://localhost:8002, Tokens: 207566.0
Selected worker: http://localhost:8002
Worker: http://localhost:8001, Running: 33.0, Waiting: 0.0
Worker: http://localhost:8001, qlen: 33.0
Worker: http://localhost:8001, Tokens: 212794.0
Worker: http://localhost:8002, Running: 31.0, Waiting: 0.0
Worker: http://localhost:8002, qlen: 31.0
Worker: http://localhost:8002, Tokens: 207838.0
Selected worker: http://localhost:8002
INFO:     127.0.0.1:59468 - "POST /v1/completions HTTP/1.1" 200 OK
INFO:     127.0.0.1:59476 - "POST /v1/completions HTTP/1.1" 200 OK
Worker: http://localhost:8001, Running: 33.0, Waiting: 0.0
Worker: http://localhost:8001, qlen: 33.0
Worker: http://localhost:8001, Tokens: 212794.0
Worker: http://localhost:8002, Running: 31.0, Waiting: 0.0
Worker: http://localhost:8002, qlen: 31.0
Worker: http://localhost:8002, Tokens: 208110.0
Selected worker: http://localhost:8002
Worker: http://localhost:8001, Running: 33.0, Waiting: 0.0
Worker: http://localhost:8001, qlen: 33.0
Worker: http://localhost:8001, Tokens: 212794.0
Worker: http://localhost:8002, Running: 31.0, Waiting: 0.0
Worker: http://localhost:8002, qlen: 31.0
Worker: http://localhost:8002, Tokens: 208392.0
Selected worker: http://localhost:8002
Worker: http://localhost:8001, Running: 33.0, Waiting: 0.0
Worker: http://localhost:8001, qlen: 33.0
Worker: http://localhost:8001, Tokens: 212794.0
Worker: http://localhost:8002, Running: 31.0, Waiting: 0.0
Worker: http://localhost:8002, qlen: 31.0
Worker: http://localhost:8002, Tokens: 208666.0
Selected worker: http://localhost:8002
INFO:     127.0.0.1:59478 - "POST /v1/completions HTTP/1.1" 200 OK
INFO:     127.0.0.1:59480 - "POST /v1/completions HTTP/1.1" 200 OK
INFO:     127.0.0.1:59484 - "POST /v1/completions HTTP/1.1" 200 OK
Worker: http://localhost:8001, Running: 28.0, Waiting: 0.0
Worker: http://localhost:8001, qlen: 28.0
Worker: http://localhost:8001, Tokens: 214202.0
Worker: http://localhost:8002, Running: 31.0, Waiting: 0.0
Worker: http://localhost:8002, qlen: 31.0
Worker: http://localhost:8002, Tokens: 207659.0
Selected worker: http://localhost:8001
INFO:     127.0.0.1:59498 - "POST /v1/completions HTTP/1.1" 200 OK
Worker: http://localhost:8001, Running: 28.0, Waiting: 0.0
Worker: http://localhost:8001, qlen: 28.0
Worker: http://localhost:8001, Tokens: 214194.0
Worker: http://localhost:8002, Running: 31.0, Waiting: 0.0
Worker: http://localhost:8002, qlen: 31.0
Worker: http://localhost:8002, Tokens: 208000.0
Selected worker: http://localhost:8001
INFO:     127.0.0.1:59500 - "POST /v1/completions HTTP/1.1" 200 OK
Worker: http://localhost:8001, Running: 28.0, Waiting: 0.0
Worker: http://localhost:8001, qlen: 28.0
Worker: http://localhost:8001, Tokens: 215928.0
Worker: http://localhost:8002, Running: 36.0, Waiting: 0.0
Worker: http://localhost:8002, qlen: 36.0
Worker: http://localhost:8002, Tokens: 208563.0
Selected worker: http://localhost:8001
INFO:     127.0.0.1:59514 - "POST /v1/completions HTTP/1.1" 200 OK
Worker: http://localhost:8001, Running: 28.0, Waiting: 0.0
Worker: http://localhost:8001, qlen: 28.0
Worker: http://localhost:8001, Tokens: 216198.0
Worker: http://localhost:8002, Running: 36.0, Waiting: 0.0
Worker: http://localhost:8002, qlen: 36.0
Worker: http://localhost:8002, Tokens: 208563.0
Selected worker: http://localhost:8001
INFO:     127.0.0.1:59530 - "POST /v1/completions HTTP/1.1" 200 OK
Worker: http://localhost:8001, Running: 26.0, Waiting: 0.0
Worker: http://localhost:8001, qlen: 26.0
Worker: http://localhost:8001, Tokens: 216654.0
Worker: http://localhost:8002, Running: 36.0, Waiting: 0.0
Worker: http://localhost:8002, qlen: 36.0
Worker: http://localhost:8002, Tokens: 208297.0
Selected worker: http://localhost:8001
INFO:     127.0.0.1:59546 - "POST /v1/completions HTTP/1.1" 200 OK
Worker: http://localhost:8001, Running: 29.0, Waiting: 0.0
Worker: http://localhost:8001, qlen: 29.0
Worker: http://localhost:8001, Tokens: 216952.0
Worker: http://localhost:8002, Running: 35.0, Waiting: 0.0
Worker: http://localhost:8002, qlen: 35.0
Worker: http://localhost:8002, Tokens: 208811.0
Selected worker: http://localhost:8001
INFO:     127.0.0.1:59554 - "POST /v1/completions HTTP/1.1" 200 OK
Worker: http://localhost:8001, Running: 30.0, Waiting: 0.0
Worker: http://localhost:8001, qlen: 30.0
Worker: http://localhost:8001, Tokens: 217213.0
Worker: http://localhost:8002, Running: 34.0, Waiting: 0.0
Worker: http://localhost:8002, qlen: 34.0
Worker: http://localhost:8002, Tokens: 209204.0
Selected worker: http://localhost:8001
INFO:     127.0.0.1:59562 - "POST /v1/completions HTTP/1.1" 200 OK
Worker: http://localhost:8001, Running: 31.0, Waiting: 0.0
Worker: http://localhost:8001, qlen: 31.0
Worker: http://localhost:8001, Tokens: 221167.0
Worker: http://localhost:8002, Running: 33.0, Waiting: 0.0
Worker: http://localhost:8002, qlen: 33.0
Worker: http://localhost:8002, Tokens: 209128.0
Selected worker: http://localhost:8001
INFO:     127.0.0.1:45562 - "POST /v1/completions HTTP/1.1" 200 OK
Worker: http://localhost:8001, Running: 31.0, Waiting: 0.0
Worker: http://localhost:8001, qlen: 31.0
Worker: http://localhost:8001, Tokens: 223057.0
Worker: http://localhost:8002, Running: 33.0, Waiting: 0.0
Worker: http://localhost:8002, qlen: 33.0
Worker: http://localhost:8002, Tokens: 209128.0
Selected worker: http://localhost:8001
INFO:     127.0.0.1:45578 - "POST /v1/completions HTTP/1.1" 200 OK
Worker: http://localhost:8001, Running: 31.0, Waiting: 0.0
Worker: http://localhost:8001, qlen: 31.0
Worker: http://localhost:8001, Tokens: 225006.0
Worker: http://localhost:8002, Running: 33.0, Waiting: 0.0
Worker: http://localhost:8002, qlen: 33.0
Worker: http://localhost:8002, Tokens: 209128.0
Selected worker: http://localhost:8001
INFO:     127.0.0.1:45588 - "POST /v1/completions HTTP/1.1" 200 OK
Worker: http://localhost:8001, Running: 31.0, Waiting: 0.0
Worker: http://localhost:8001, qlen: 31.0
Worker: http://localhost:8001, Tokens: 220097.0
Worker: http://localhost:8002, Running: 30.0, Waiting: 0.0
Worker: http://localhost:8002, qlen: 30.0
Worker: http://localhost:8002, Tokens: 210391.0
Selected worker: http://localhost:8002
INFO:     127.0.0.1:45596 - "POST /v1/completions HTTP/1.1" 200 OK
Worker: http://localhost:8001, Running: 33.0, Waiting: 0.0
Worker: http://localhost:8001, qlen: 33.0
Worker: http://localhost:8001, Tokens: 225487.0
Worker: http://localhost:8002, Running: 31.0, Waiting: 0.0
Worker: http://localhost:8002, qlen: 31.0
Worker: http://localhost:8002, Tokens: 210426.0
Selected worker: http://localhost:8002
INFO:     127.0.0.1:45612 - "POST /v1/completions HTTP/1.1" 200 OK
Worker: http://localhost:8001, Running: 33.0, Waiting: 0.0
Worker: http://localhost:8001, qlen: 33.0
Worker: http://localhost:8001, Tokens: 225583.0
Worker: http://localhost:8002, Running: 31.0, Waiting: 0.0
Worker: http://localhost:8002, qlen: 31.0
Worker: http://localhost:8002, Tokens: 210010.0
Selected worker: http://localhost:8002
Worker: http://localhost:8001, Running: 33.0, Waiting: 0.0
Worker: http://localhost:8001, qlen: 33.0
Worker: http://localhost:8001, Tokens: 225583.0
Worker: http://localhost:8002, Running: 31.0, Waiting: 0.0
Worker: http://localhost:8002, qlen: 31.0
Worker: http://localhost:8002, Tokens: 210303.0
Selected worker: http://localhost:8002
Worker: http://localhost:8001, Running: 33.0, Waiting: 0.0
Worker: http://localhost:8001, qlen: 33.0
Worker: http://localhost:8001, Tokens: 225583.0
Worker: http://localhost:8002, Running: 31.0, Waiting: 0.0
Worker: http://localhost:8002, qlen: 31.0
Worker: http://localhost:8002, Tokens: 212404.0
Selected worker: http://localhost:8002
Worker: http://localhost:8001, Running: 33.0, Waiting: 0.0
Worker: http://localhost:8001, qlen: 33.0
Worker: http://localhost:8001, Tokens: 225583.0
Worker: http://localhost:8002, Running: 31.0, Waiting: 0.0
Worker: http://localhost:8002, qlen: 31.0
Worker: http://localhost:8002, Tokens: 213698.0
Selected worker: http://localhost:8002
Worker: http://localhost:8001, Running: 33.0, Waiting: 0.0
Worker: http://localhost:8001, qlen: 33.0
Worker: http://localhost:8001, Tokens: 225583.0
Worker: http://localhost:8002, Running: 31.0, Waiting: 0.0
Worker: http://localhost:8002, qlen: 31.0
Worker: http://localhost:8002, Tokens: 213992.0
Selected worker: http://localhost:8002
INFO:     127.0.0.1:45624 - "POST /v1/completions HTTP/1.1" 200 OK
INFO:     127.0.0.1:45634 - "POST /v1/completions HTTP/1.1" 200 OK
INFO:     127.0.0.1:45646 - "POST /v1/completions HTTP/1.1" 200 OK
INFO:     127.0.0.1:45658 - "POST /v1/completions HTTP/1.1" 200 OK
INFO:     127.0.0.1:45614 - "POST /v1/completions HTTP/1.1" 200 OK
Worker: http://localhost:8001, Running: 33.0, Waiting: 0.0
Worker: http://localhost:8001, qlen: 33.0
Worker: http://localhost:8001, Tokens: 234964.0
Worker: http://localhost:8002, Running: 31.0, Waiting: 0.0
Worker: http://localhost:8002, qlen: 31.0
Worker: http://localhost:8002, Tokens: 218546.0
Selected worker: http://localhost:8002
INFO:     127.0.0.1:45666 - "POST /v1/completions HTTP/1.1" 200 OK
Worker: http://localhost:8001, Running: 32.0, Waiting: 0.0
Worker: http://localhost:8001, qlen: 32.0
Worker: http://localhost:8001, Tokens: 234771.0
Worker: http://localhost:8002, Running: 32.0, Waiting: 0.0
Worker: http://localhost:8002, qlen: 32.0
Worker: http://localhost:8002, Tokens: 219039.0
Selected worker: http://localhost:8002
Worker: http://localhost:8001, Running: 32.0, Waiting: 0.0
Worker: http://localhost:8001, qlen: 32.0
Worker: http://localhost:8001, Tokens: 234771.0
Worker: http://localhost:8002, Running: 32.0, Waiting: 0.0
Worker: http://localhost:8002, qlen: 32.0
Worker: http://localhost:8002, Tokens: 219310.0
Selected worker: http://localhost:8001
Worker: http://localhost:8001, Running: 32.0, Waiting: 0.0
Worker: http://localhost:8001, qlen: 32.0
Worker: http://localhost:8001, Tokens: 235048.0
Worker: http://localhost:8002, Running: 32.0, Waiting: 0.0
Worker: http://localhost:8002, qlen: 32.0
Worker: http://localhost:8002, Tokens: 219310.0
Selected worker: http://localhost:8002
INFO:     127.0.0.1:45672 - "POST /v1/completions HTTP/1.1" 200 OK
INFO:     127.0.0.1:45674 - "POST /v1/completions HTTP/1.1" 200 OK
INFO:     127.0.0.1:45688 - "POST /v1/completions HTTP/1.1" 200 OK
Worker: http://localhost:8001, Running: 29.0, Waiting: 0.0
Worker: http://localhost:8001, qlen: 29.0
Worker: http://localhost:8001, Tokens: 235678.0
Worker: http://localhost:8002, Running: 32.0, Waiting: 0.0
Worker: http://localhost:8002, qlen: 32.0
Worker: http://localhost:8002, Tokens: 217983.0
Selected worker: http://localhost:8001
INFO:     127.0.0.1:45698 - "POST /v1/completions HTTP/1.1" 200 OK
Worker: http://localhost:8001, Running: 29.0, Waiting: 0.0
Worker: http://localhost:8001, qlen: 29.0
Worker: http://localhost:8001, Tokens: 238697.0
Worker: http://localhost:8002, Running: 32.0, Waiting: 0.0
Worker: http://localhost:8002, qlen: 32.0
Worker: http://localhost:8002, Tokens: 216112.0
Selected worker: http://localhost:8001
INFO:     127.0.0.1:45710 - "POST /v1/completions HTTP/1.1" 200 OK
Worker: http://localhost:8001, Running: 32.0, Waiting: 0.0
Worker: http://localhost:8001, qlen: 32.0
Worker: http://localhost:8001, Tokens: 238428.0
Worker: http://localhost:8002, Running: 32.0, Waiting: 0.0
Worker: http://localhost:8002, qlen: 32.0
Worker: http://localhost:8002, Tokens: 219829.0
Selected worker: http://localhost:8002
INFO:     127.0.0.1:45720 - "POST /v1/completions HTTP/1.1" 200 OK
Worker: http://localhost:8001, Running: 31.0, Waiting: 0.0
Worker: http://localhost:8001, qlen: 31.0
Worker: http://localhost:8001, Tokens: 238855.0
Worker: http://localhost:8002, Running: 32.0, Waiting: 0.0
Worker: http://localhost:8002, qlen: 32.0
Worker: http://localhost:8002, Tokens: 219830.0
Selected worker: http://localhost:8001
INFO:     127.0.0.1:45722 - "POST /v1/completions HTTP/1.1" 200 OK
Worker: http://localhost:8001, Running: 32.0, Waiting: 0.0
Worker: http://localhost:8001, qlen: 32.0
Worker: http://localhost:8001, Tokens: 239122.0
Worker: http://localhost:8002, Running: 32.0, Waiting: 0.0
Worker: http://localhost:8002, qlen: 32.0
Worker: http://localhost:8002, Tokens: 219945.0
Selected worker: http://localhost:8001
INFO:     127.0.0.1:45736 - "POST /v1/completions HTTP/1.1" 200 OK
Worker: http://localhost:8001, Running: 33.0, Waiting: 0.0
Worker: http://localhost:8001, qlen: 33.0
Worker: http://localhost:8001, Tokens: 240073.0
Worker: http://localhost:8002, Running: 31.0, Waiting: 0.0
Worker: http://localhost:8002, qlen: 31.0
Worker: http://localhost:8002, Tokens: 220449.0
Selected worker: http://localhost:8002
Worker: http://localhost:8001, Running: 33.0, Waiting: 0.0
Worker: http://localhost:8001, qlen: 33.0
Worker: http://localhost:8001, Tokens: 240073.0
Worker: http://localhost:8002, Running: 31.0, Waiting: 0.0
Worker: http://localhost:8002, qlen: 31.0
Worker: http://localhost:8002, Tokens: 220723.0
Selected worker: http://localhost:8002
INFO:     127.0.0.1:45742 - "POST /v1/completions HTTP/1.1" 200 OK
INFO:     127.0.0.1:45746 - "POST /v1/completions HTTP/1.1" 200 OK
Worker: http://localhost:8001, Running: 33.0, Waiting: 0.0
Worker: http://localhost:8001, qlen: 33.0
Worker: http://localhost:8001, Tokens: 240964.0
Worker: http://localhost:8002, Running: 31.0, Waiting: 0.0
Worker: http://localhost:8002, qlen: 31.0
Worker: http://localhost:8002, Tokens: 221703.0
Selected worker: http://localhost:8002
INFO:     127.0.0.1:45748 - "POST /v1/completions HTTP/1.1" 200 OK
Worker: http://localhost:8001, Running: 33.0, Waiting: 0.0
Worker: http://localhost:8001, qlen: 33.0
Worker: http://localhost:8001, Tokens: 241426.0
Worker: http://localhost:8002, Running: 29.0, Waiting: 0.0
Worker: http://localhost:8002, qlen: 29.0
Worker: http://localhost:8002, Tokens: 222569.0
Selected worker: http://localhost:8002
INFO:     127.0.0.1:45760 - "POST /v1/completions HTTP/1.1" 200 OK
Worker: http://localhost:8001, Running: 33.0, Waiting: 0.0
Worker: http://localhost:8001, qlen: 33.0
Worker: http://localhost:8001, Tokens: 241426.0
Worker: http://localhost:8002, Running: 29.0, Waiting: 0.0
Worker: http://localhost:8002, qlen: 29.0
Worker: http://localhost:8002, Tokens: 222848.0
Selected worker: http://localhost:8002
INFO:     127.0.0.1:45766 - "POST /v1/completions HTTP/1.1" 200 OK
Worker: http://localhost:8001, Running: 33.0, Waiting: 0.0
Worker: http://localhost:8001, qlen: 33.0
Worker: http://localhost:8001, Tokens: 241644.0
Worker: http://localhost:8002, Running: 31.0, Waiting: 0.0
Worker: http://localhost:8002, qlen: 31.0
Worker: http://localhost:8002, Tokens: 223005.0
Selected worker: http://localhost:8002
INFO:     127.0.0.1:45774 - "POST /v1/completions HTTP/1.1" 200 OK
Worker: http://localhost:8001, Running: 33.0, Waiting: 0.0
Worker: http://localhost:8001, qlen: 33.0
Worker: http://localhost:8001, Tokens: 241376.0
Worker: http://localhost:8002, Running: 31.0, Waiting: 0.0
Worker: http://localhost:8002, qlen: 31.0
Worker: http://localhost:8002, Tokens: 223129.0
Selected worker: http://localhost:8002
INFO:     127.0.0.1:45780 - "POST /v1/completions HTTP/1.1" 200 OK
Worker: http://localhost:8001, Running: 33.0, Waiting: 0.0
Worker: http://localhost:8001, qlen: 33.0
Worker: http://localhost:8001, Tokens: 241376.0
Worker: http://localhost:8002, Running: 31.0, Waiting: 0.0
Worker: http://localhost:8002, qlen: 31.0
Worker: http://localhost:8002, Tokens: 223150.0
Selected worker: http://localhost:8002
INFO:     127.0.0.1:45796 - "POST /v1/completions HTTP/1.1" 200 OK
Worker: http://localhost:8001, Running: 31.0, Waiting: 0.0
Worker: http://localhost:8001, qlen: 31.0
Worker: http://localhost:8001, Tokens: 242057.0
Worker: http://localhost:8002, Running: 33.0, Waiting: 0.0
Worker: http://localhost:8002, qlen: 33.0
Worker: http://localhost:8002, Tokens: 223525.0
Selected worker: http://localhost:8001
INFO:     127.0.0.1:45802 - "POST /v1/completions HTTP/1.1" 200 OK
Worker: http://localhost:8001, Running: 31.0, Waiting: 0.0
Worker: http://localhost:8001, qlen: 31.0
Worker: http://localhost:8001, Tokens: 245806.0
Worker: http://localhost:8002, Running: 33.0, Waiting: 0.0
Worker: http://localhost:8002, qlen: 33.0
Worker: http://localhost:8002, Tokens: 224218.0
Selected worker: http://localhost:8001
INFO:     127.0.0.1:45808 - "POST /v1/completions HTTP/1.1" 200 OK
Worker: http://localhost:8001, Running: 31.0, Waiting: 0.0
Worker: http://localhost:8001, qlen: 31.0
Worker: http://localhost:8001, Tokens: 246504.0
Worker: http://localhost:8002, Running: 33.0, Waiting: 0.0
Worker: http://localhost:8002, qlen: 33.0
Worker: http://localhost:8002, Tokens: 224056.0
Selected worker: http://localhost:8001
INFO:     127.0.0.1:45812 - "POST /v1/completions HTTP/1.1" 200 OK
Worker: http://localhost:8001, Running: 31.0, Waiting: 0.0
Worker: http://localhost:8001, qlen: 31.0
Worker: http://localhost:8001, Tokens: 249436.0
Worker: http://localhost:8002, Running: 33.0, Waiting: 0.0
Worker: http://localhost:8002, qlen: 33.0
Worker: http://localhost:8002, Tokens: 224056.0
Selected worker: http://localhost:8001
INFO:     127.0.0.1:45822 - "POST /v1/completions HTTP/1.1" 200 OK
Worker: http://localhost:8001, Running: 33.0, Waiting: 0.0
Worker: http://localhost:8001, qlen: 33.0
Worker: http://localhost:8001, Tokens: 249480.0
Worker: http://localhost:8002, Running: 31.0, Waiting: 0.0
Worker: http://localhost:8002, qlen: 31.0
Worker: http://localhost:8002, Tokens: 225255.0
Selected worker: http://localhost:8002
INFO:     127.0.0.1:45828 - "POST /v1/completions HTTP/1.1" 200 OK
Worker: http://localhost:8001, Running: 33.0, Waiting: 0.0
Worker: http://localhost:8001, qlen: 33.0
Worker: http://localhost:8001, Tokens: 250041.0
Worker: http://localhost:8002, Running: 31.0, Waiting: 0.0
Worker: http://localhost:8002, qlen: 31.0
Worker: http://localhost:8002, Tokens: 225421.0
Selected worker: http://localhost:8002
Worker: http://localhost:8001, Running: 33.0, Waiting: 0.0
Worker: http://localhost:8001, qlen: 33.0
Worker: http://localhost:8001, Tokens: 250041.0
Worker: http://localhost:8002, Running: 31.0, Waiting: 0.0
Worker: http://localhost:8002, qlen: 31.0
Worker: http://localhost:8002, Tokens: 225698.0
Selected worker: http://localhost:8002
INFO:     127.0.0.1:48322 - "POST /v1/completions HTTP/1.1" 200 OK
INFO:     127.0.0.1:48330 - "POST /v1/completions HTTP/1.1" 200 OK
Worker: http://localhost:8001, Running: 33.0, Waiting: 0.0
Worker: http://localhost:8001, qlen: 33.0
Worker: http://localhost:8001, Tokens: 248882.0
Worker: http://localhost:8002, Running: 29.0, Waiting: 0.0
Worker: http://localhost:8002, qlen: 29.0
Worker: http://localhost:8002, Tokens: 226103.0
Selected worker: http://localhost:8002
INFO:     127.0.0.1:48344 - "POST /v1/completions HTTP/1.1" 200 OK
Worker: http://localhost:8001, Running: 32.0, Waiting: 0.0
Worker: http://localhost:8001, qlen: 32.0
Worker: http://localhost:8001, Tokens: 250528.0
Worker: http://localhost:8002, Running: 32.0, Waiting: 0.0
Worker: http://localhost:8002, qlen: 32.0
Worker: http://localhost:8002, Tokens: 225972.0
Selected worker: http://localhost:8002
Worker: http://localhost:8001, Running: 32.0, Waiting: 0.0
Worker: http://localhost:8001, qlen: 32.0
Worker: http://localhost:8001, Tokens: 250528.0
Worker: http://localhost:8002, Running: 32.0, Waiting: 0.0
Worker: http://localhost:8002, qlen: 32.0
Worker: http://localhost:8002, Tokens: 226244.0
Selected worker: http://localhost:8001
INFO:     127.0.0.1:48346 - "POST /v1/completions HTTP/1.1" 200 OK
INFO:     127.0.0.1:48358 - "POST /v1/completions HTTP/1.1" 200 OK
Worker: http://localhost:8001, Running: 32.0, Waiting: 0.0
Worker: http://localhost:8001, qlen: 32.0
Worker: http://localhost:8001, Tokens: 251846.0
Worker: http://localhost:8002, Running: 30.0, Waiting: 0.0
Worker: http://localhost:8002, qlen: 30.0
Worker: http://localhost:8002, Tokens: 226363.0
Selected worker: http://localhost:8002
INFO:     127.0.0.1:48374 - "POST /v1/completions HTTP/1.1" 200 OK
Worker: http://localhost:8001, Running: 33.0, Waiting: 0.0
Worker: http://localhost:8001, qlen: 33.0
Worker: http://localhost:8001, Tokens: 255308.0
Worker: http://localhost:8002, Running: 31.0, Waiting: 0.0
Worker: http://localhost:8002, qlen: 31.0
Worker: http://localhost:8002, Tokens: 229863.0
Selected worker: http://localhost:8002
INFO:     127.0.0.1:48380 - "POST /v1/completions HTTP/1.1" 200 OK
Worker: http://localhost:8001, Running: 32.0, Waiting: 0.0
Worker: http://localhost:8001, qlen: 32.0
Worker: http://localhost:8001, Tokens: 254126.0
Worker: http://localhost:8002, Running: 32.0, Waiting: 0.0
Worker: http://localhost:8002, qlen: 32.0
Worker: http://localhost:8002, Tokens: 230473.0
Selected worker: http://localhost:8002
INFO:     127.0.0.1:48390 - "POST /v1/completions HTTP/1.1" 200 OK
Worker: http://localhost:8001, Running: 32.0, Waiting: 0.0
Worker: http://localhost:8001, qlen: 32.0
Worker: http://localhost:8001, Tokens: 254126.0
Worker: http://localhost:8002, Running: 32.0, Waiting: 0.0
Worker: http://localhost:8002, qlen: 32.0
Worker: http://localhost:8002, Tokens: 230748.0
Selected worker: http://localhost:8002
INFO:     127.0.0.1:48392 - "POST /v1/completions HTTP/1.1" 200 OK
Worker: http://localhost:8001, Running: 32.0, Waiting: 0.0
Worker: http://localhost:8001, qlen: 32.0
Worker: http://localhost:8001, Tokens: 254126.0
Worker: http://localhost:8002, Running: 32.0, Waiting: 0.0
Worker: http://localhost:8002, qlen: 32.0
Worker: http://localhost:8002, Tokens: 230753.0
Selected worker: http://localhost:8002
INFO:     127.0.0.1:48404 - "POST /v1/completions HTTP/1.1" 200 OK
Worker: http://localhost:8001, Running: 30.0, Waiting: 0.0
Worker: http://localhost:8001, qlen: 30.0
Worker: http://localhost:8001, Tokens: 256805.0
Worker: http://localhost:8002, Running: 34.0, Waiting: 0.0
Worker: http://localhost:8002, qlen: 34.0
Worker: http://localhost:8002, Tokens: 233336.0
Selected worker: http://localhost:8001
Worker: http://localhost:8001, Running: 30.0, Waiting: 0.0
Worker: http://localhost:8001, qlen: 30.0
Worker: http://localhost:8001, Tokens: 258370.0
Worker: http://localhost:8002, Running: 34.0, Waiting: 0.0
Worker: http://localhost:8002, qlen: 34.0
Worker: http://localhost:8002, Tokens: 233336.0
Selected worker: http://localhost:8001
INFO:     127.0.0.1:48410 - "POST /v1/completions HTTP/1.1" 200 OK
INFO:     127.0.0.1:48424 - "POST /v1/completions HTTP/1.1" 200 OK
Worker: http://localhost:8001, Running: 30.0, Waiting: 0.0
Worker: http://localhost:8001, qlen: 30.0
Worker: http://localhost:8001, Tokens: 256895.0
Worker: http://localhost:8002, Running: 34.0, Waiting: 0.0
Worker: http://localhost:8002, qlen: 34.0
Worker: http://localhost:8002, Tokens: 231514.0
Selected worker: http://localhost:8001
INFO:     127.0.0.1:48440 - "POST /v1/completions HTTP/1.1" 200 OK
Worker: http://localhost:8001, Running: 30.0, Waiting: 0.0
Worker: http://localhost:8001, qlen: 30.0
Worker: http://localhost:8001, Tokens: 258632.0
Worker: http://localhost:8002, Running: 34.0, Waiting: 0.0
Worker: http://localhost:8002, qlen: 34.0
Worker: http://localhost:8002, Tokens: 231514.0
Selected worker: http://localhost:8001
INFO:     127.0.0.1:48446 - "POST /v1/completions HTTP/1.1" 200 OK
Worker: http://localhost:8001, Running: 32.0, Waiting: 0.0
Worker: http://localhost:8001, qlen: 32.0
Worker: http://localhost:8001, Tokens: 258787.0
Worker: http://localhost:8002, Running: 30.0, Waiting: 0.0
Worker: http://localhost:8002, qlen: 30.0
Worker: http://localhost:8002, Tokens: 234094.0
Selected worker: http://localhost:8002
INFO:     127.0.0.1:48450 - "POST /v1/completions HTTP/1.1" 200 OK
Worker: http://localhost:8001, Running: 34.0, Waiting: 0.0
Worker: http://localhost:8001, qlen: 34.0
Worker: http://localhost:8001, Tokens: 262561.0
Worker: http://localhost:8002, Running: 30.0, Waiting: 0.0
Worker: http://localhost:8002, qlen: 30.0
Worker: http://localhost:8002, Tokens: 238225.0
Selected worker: http://localhost:8002
INFO:     127.0.0.1:48454 - "POST /v1/completions HTTP/1.1" 200 OK
Worker: http://localhost:8001, Running: 34.0, Waiting: 0.0
Worker: http://localhost:8001, qlen: 34.0
Worker: http://localhost:8001, Tokens: 263105.0
Worker: http://localhost:8002, Running: 28.0, Waiting: 0.0
Worker: http://localhost:8002, qlen: 28.0
Worker: http://localhost:8002, Tokens: 239169.0
Selected worker: http://localhost:8002
INFO:     127.0.0.1:48466 - "POST /v1/completions HTTP/1.1" 200 OK
Worker: http://localhost:8001, Running: 34.0, Waiting: 0.0
Worker: http://localhost:8001, qlen: 34.0
Worker: http://localhost:8001, Tokens: 263105.0
Worker: http://localhost:8002, Running: 28.0, Waiting: 0.0
Worker: http://localhost:8002, qlen: 28.0
Worker: http://localhost:8002, Tokens: 239443.0
Selected worker: http://localhost:8002
INFO:     127.0.0.1:48474 - "POST /v1/completions HTTP/1.1" 200 OK
Worker: http://localhost:8001, Running: 34.0, Waiting: 0.0
Worker: http://localhost:8001, qlen: 34.0
Worker: http://localhost:8001, Tokens: 264068.0
Worker: http://localhost:8002, Running: 30.0, Waiting: 0.0
Worker: http://localhost:8002, qlen: 30.0
Worker: http://localhost:8002, Tokens: 240282.0
Selected worker: http://localhost:8002
INFO:     127.0.0.1:48478 - "POST /v1/completions HTTP/1.1" 200 OK
Worker: http://localhost:8001, Running: 34.0, Waiting: 0.0
Worker: http://localhost:8001, qlen: 34.0
Worker: http://localhost:8001, Tokens: 263789.0
Worker: http://localhost:8002, Running: 30.0, Waiting: 0.0
Worker: http://localhost:8002, qlen: 30.0
Worker: http://localhost:8002, Tokens: 240402.0
Selected worker: http://localhost:8002
INFO:     127.0.0.1:48486 - "POST /v1/completions HTTP/1.1" 200 OK
Worker: http://localhost:8001, Running: 32.0, Waiting: 0.0
Worker: http://localhost:8001, qlen: 32.0
Worker: http://localhost:8001, Tokens: 265837.0
Worker: http://localhost:8002, Running: 32.0, Waiting: 0.0
Worker: http://localhost:8002, qlen: 32.0
Worker: http://localhost:8002, Tokens: 242894.0
Selected worker: http://localhost:8001
INFO:     127.0.0.1:48488 - "POST /v1/completions HTTP/1.1" 200 OK
Worker: http://localhost:8001, Running: 33.0, Waiting: 0.0
Worker: http://localhost:8001, qlen: 33.0
Worker: http://localhost:8001, Tokens: 266363.0
Worker: http://localhost:8002, Running: 31.0, Waiting: 0.0
Worker: http://localhost:8002, qlen: 31.0
Worker: http://localhost:8002, Tokens: 243275.0
Selected worker: http://localhost:8002
INFO:     127.0.0.1:48492 - "POST /v1/completions HTTP/1.1" 200 OK
Worker: http://localhost:8001, Running: 33.0, Waiting: 0.0
Worker: http://localhost:8001, qlen: 33.0
Worker: http://localhost:8001, Tokens: 266363.0
Worker: http://localhost:8002, Running: 31.0, Waiting: 0.0
Worker: http://localhost:8002, qlen: 31.0
Worker: http://localhost:8002, Tokens: 243537.0
Selected worker: http://localhost:8002
INFO:     127.0.0.1:48502 - "POST /v1/completions HTTP/1.1" 200 OK
Worker: http://localhost:8001, Running: 33.0, Waiting: 0.0
Worker: http://localhost:8001, qlen: 33.0
Worker: http://localhost:8001, Tokens: 266825.0
Worker: http://localhost:8002, Running: 31.0, Waiting: 0.0
Worker: http://localhost:8002, qlen: 31.0
Worker: http://localhost:8002, Tokens: 242548.0
Selected worker: http://localhost:8002
INFO:     127.0.0.1:37728 - "POST /v1/completions HTTP/1.1" 200 OK
Worker: http://localhost:8001, Running: 33.0, Waiting: 0.0
Worker: http://localhost:8001, qlen: 33.0
Worker: http://localhost:8001, Tokens: 265680.0
Worker: http://localhost:8002, Running: 30.0, Waiting: 0.0
Worker: http://localhost:8002, qlen: 30.0
Worker: http://localhost:8002, Tokens: 244517.0
Selected worker: http://localhost:8002
INFO:     127.0.0.1:37744 - "POST /v1/completions HTTP/1.1" 200 OK
Worker: http://localhost:8001, Running: 32.0, Waiting: 0.0
Worker: http://localhost:8001, qlen: 32.0
Worker: http://localhost:8001, Tokens: 267766.0
Worker: http://localhost:8002, Running: 32.0, Waiting: 0.0
Worker: http://localhost:8002, qlen: 32.0
Worker: http://localhost:8002, Tokens: 249289.0
Selected worker: http://localhost:8001
INFO:     127.0.0.1:37746 - "POST /v1/completions HTTP/1.1" 200 OK
Worker: http://localhost:8001, Running: 33.0, Waiting: 0.0
Worker: http://localhost:8001, qlen: 33.0
Worker: http://localhost:8001, Tokens: 269025.0
Worker: http://localhost:8002, Running: 31.0, Waiting: 0.0
Worker: http://localhost:8002, qlen: 31.0
Worker: http://localhost:8002, Tokens: 250982.0
Selected worker: http://localhost:8002
INFO:     127.0.0.1:37748 - "POST /v1/completions HTTP/1.1" 200 OK
Worker: http://localhost:8001, Running: 32.0, Waiting: 0.0
Worker: http://localhost:8001, qlen: 32.0
Worker: http://localhost:8001, Tokens: 270021.0
Worker: http://localhost:8002, Running: 32.0, Waiting: 0.0
Worker: http://localhost:8002, qlen: 32.0
Worker: http://localhost:8002, Tokens: 251202.0
Selected worker: http://localhost:8002
Worker: http://localhost:8001, Running: 32.0, Waiting: 0.0
Worker: http://localhost:8001, qlen: 32.0
Worker: http://localhost:8001, Tokens: 270021.0
Worker: http://localhost:8002, Running: 32.0, Waiting: 0.0
Worker: http://localhost:8002, qlen: 32.0
Worker: http://localhost:8002, Tokens: 251465.0
Selected worker: http://localhost:8002
INFO:     127.0.0.1:37760 - "POST /v1/completions HTTP/1.1" 200 OK
INFO:     127.0.0.1:37768 - "POST /v1/completions HTTP/1.1" 200 OK
Worker: http://localhost:8001, Running: 32.0, Waiting: 0.0
Worker: http://localhost:8001, qlen: 32.0
Worker: http://localhost:8001, Tokens: 270661.0
Worker: http://localhost:8002, Running: 32.0, Waiting: 0.0
Worker: http://localhost:8002, qlen: 32.0
Worker: http://localhost:8002, Tokens: 251193.0
Selected worker: http://localhost:8001
INFO:     127.0.0.1:37770 - "POST /v1/completions HTTP/1.1" 200 OK
Worker: http://localhost:8001, Running: 33.0, Waiting: 0.0
Worker: http://localhost:8001, qlen: 33.0
Worker: http://localhost:8001, Tokens: 270986.0
Worker: http://localhost:8002, Running: 31.0, Waiting: 0.0
Worker: http://localhost:8002, qlen: 31.0
Worker: http://localhost:8002, Tokens: 253123.0
Selected worker: http://localhost:8002
INFO:     127.0.0.1:37778 - "POST /v1/completions HTTP/1.1" 200 OK
Worker: http://localhost:8001, Running: 32.0, Waiting: 0.0
Worker: http://localhost:8001, qlen: 32.0
Worker: http://localhost:8001, Tokens: 272650.0
Worker: http://localhost:8002, Running: 32.0, Waiting: 0.0
Worker: http://localhost:8002, qlen: 32.0
Worker: http://localhost:8002, Tokens: 256410.0
Selected worker: http://localhost:8001
INFO:     127.0.0.1:37788 - "POST /v1/completions HTTP/1.1" 200 OK
Worker: http://localhost:8001, Running: 33.0, Waiting: 0.0
Worker: http://localhost:8001, qlen: 33.0
Worker: http://localhost:8001, Tokens: 275179.0
Worker: http://localhost:8002, Running: 31.0, Waiting: 0.0
Worker: http://localhost:8002, qlen: 31.0
Worker: http://localhost:8002, Tokens: 256881.0
Selected worker: http://localhost:8002
Worker: http://localhost:8001, Running: 33.0, Waiting: 0.0
Worker: http://localhost:8001, qlen: 33.0
Worker: http://localhost:8001, Tokens: 275179.0
Worker: http://localhost:8002, Running: 31.0, Waiting: 0.0
Worker: http://localhost:8002, qlen: 31.0
Worker: http://localhost:8002, Tokens: 257172.0
Selected worker: http://localhost:8002
INFO:     127.0.0.1:37796 - "POST /v1/completions HTTP/1.1" 200 OK
INFO:     127.0.0.1:37804 - "POST /v1/completions HTTP/1.1" 200 OK
Worker: http://localhost:8001, Running: 33.0, Waiting: 0.0
Worker: http://localhost:8001, qlen: 33.0
Worker: http://localhost:8001, Tokens: 275876.0
Worker: http://localhost:8002, Running: 31.0, Waiting: 0.0
Worker: http://localhost:8002, qlen: 31.0
Worker: http://localhost:8002, Tokens: 257827.0
Selected worker: http://localhost:8002
INFO:     127.0.0.1:37806 - "POST /v1/completions HTTP/1.1" 200 OK
Worker: http://localhost:8001, Running: 32.0, Waiting: 0.0
Worker: http://localhost:8001, qlen: 32.0
Worker: http://localhost:8001, Tokens: 273778.0
Worker: http://localhost:8002, Running: 32.0, Waiting: 0.0
Worker: http://localhost:8002, qlen: 32.0
Worker: http://localhost:8002, Tokens: 269356.0
Selected worker: http://localhost:8001
INFO:     127.0.0.1:37814 - "POST /v1/completions HTTP/1.1" 200 OK
Worker: http://localhost:8001, Running: 32.0, Waiting: 0.0
Worker: http://localhost:8001, qlen: 32.0
Worker: http://localhost:8001, Tokens: 279598.0
Worker: http://localhost:8002, Running: 32.0, Waiting: 0.0
Worker: http://localhost:8002, qlen: 32.0
Worker: http://localhost:8002, Tokens: 271433.0
Selected worker: http://localhost:8002
INFO:     127.0.0.1:39428 - "POST /v1/completions HTTP/1.1" 200 OK
Worker: http://localhost:8001, Running: 32.0, Waiting: 0.0
Worker: http://localhost:8001, qlen: 32.0
Worker: http://localhost:8001, Tokens: 279822.0
Worker: http://localhost:8002, Running: 31.0, Waiting: 0.0
Worker: http://localhost:8002, qlen: 31.0
Worker: http://localhost:8002, Tokens: 271641.0
Selected worker: http://localhost:8002
INFO:     127.0.0.1:39440 - "POST /v1/completions HTTP/1.1" 200 OK
Worker: http://localhost:8001, Running: 32.0, Waiting: 0.0
Worker: http://localhost:8001, qlen: 32.0
Worker: http://localhost:8001, Tokens: 280238.0
Worker: http://localhost:8002, Running: 32.0, Waiting: 0.0
Worker: http://localhost:8002, qlen: 32.0
Worker: http://localhost:8002, Tokens: 272706.0
Selected worker: http://localhost:8001
INFO:     127.0.0.1:39444 - "POST /v1/completions HTTP/1.1" 200 OK
Worker: http://localhost:8001, Running: 32.0, Waiting: 0.0
Worker: http://localhost:8001, qlen: 32.0
Worker: http://localhost:8001, Tokens: 281110.0
Worker: http://localhost:8002, Running: 32.0, Waiting: 0.0
Worker: http://localhost:8002, qlen: 32.0
Worker: http://localhost:8002, Tokens: 271261.0
Selected worker: http://localhost:8002
INFO:     127.0.0.1:39458 - "POST /v1/completions HTTP/1.1" 200 OK
Worker: http://localhost:8001, Running: 32.0, Waiting: 0.0
Worker: http://localhost:8001, qlen: 32.0
Worker: http://localhost:8001, Tokens: 282934.0
Worker: http://localhost:8002, Running: 32.0, Waiting: 0.0
Worker: http://localhost:8002, qlen: 32.0
Worker: http://localhost:8002, Tokens: 274780.0
Selected worker: http://localhost:8002
INFO:     127.0.0.1:39462 - "POST /v1/completions HTTP/1.1" 200 OK
Worker: http://localhost:8001, Running: 32.0, Waiting: 0.0
Worker: http://localhost:8001, qlen: 32.0
Worker: http://localhost:8001, Tokens: 283158.0
Worker: http://localhost:8002, Running: 31.0, Waiting: 0.0
Worker: http://localhost:8002, qlen: 31.0
Worker: http://localhost:8002, Tokens: 275007.0
Selected worker: http://localhost:8002
INFO:     127.0.0.1:39478 - "POST /v1/completions HTTP/1.1" 200 OK
Worker: http://localhost:8001, Running: 32.0, Waiting: 0.0
Worker: http://localhost:8001, qlen: 32.0
Worker: http://localhost:8001, Tokens: 283661.0
Worker: http://localhost:8002, Running: 32.0, Waiting: 0.0
Worker: http://localhost:8002, qlen: 32.0
Worker: http://localhost:8002, Tokens: 277880.0
Selected worker: http://localhost:8002
INFO:     127.0.0.1:39486 - "POST /v1/completions HTTP/1.1" 200 OK
Worker: http://localhost:8001, Running: 31.0, Waiting: 0.0
Worker: http://localhost:8001, qlen: 31.0
Worker: http://localhost:8001, Tokens: 284609.0
Worker: http://localhost:8002, Running: 33.0, Waiting: 0.0
Worker: http://localhost:8002, qlen: 33.0
Worker: http://localhost:8002, Tokens: 278284.0
Selected worker: http://localhost:8001
INFO:     127.0.0.1:39502 - "POST /v1/completions HTTP/1.1" 200 OK
Worker: http://localhost:8001, Running: 32.0, Waiting: 0.0
Worker: http://localhost:8001, qlen: 32.0
Worker: http://localhost:8001, Tokens: 286418.0
Worker: http://localhost:8002, Running: 32.0, Waiting: 0.0
Worker: http://localhost:8002, qlen: 32.0
Worker: http://localhost:8002, Tokens: 280207.0
Selected worker: http://localhost:8002
INFO:     127.0.0.1:39518 - "POST /v1/completions HTTP/1.1" 200 OK
Worker: http://localhost:8001, Running: 32.0, Waiting: 0.0
Worker: http://localhost:8001, qlen: 32.0
Worker: http://localhost:8001, Tokens: 287410.0
Worker: http://localhost:8002, Running: 32.0, Waiting: 0.0
Worker: http://localhost:8002, qlen: 32.0
Worker: http://localhost:8002, Tokens: 282652.0
Selected worker: http://localhost:8002
INFO:     127.0.0.1:39156 - "POST /v1/completions HTTP/1.1" 200 OK
Worker: http://localhost:8001, Running: 32.0, Waiting: 0.0
Worker: http://localhost:8001, qlen: 32.0
Worker: http://localhost:8001, Tokens: 287634.0
Worker: http://localhost:8002, Running: 32.0, Waiting: 0.0
Worker: http://localhost:8002, qlen: 32.0
Worker: http://localhost:8002, Tokens: 280068.0
Selected worker: http://localhost:8001
INFO:     127.0.0.1:39166 - "POST /v1/completions HTTP/1.1" 200 OK
Worker: http://localhost:8001, Running: 32.0, Waiting: 0.0
Worker: http://localhost:8001, qlen: 32.0
Worker: http://localhost:8001, Tokens: 287762.0
Worker: http://localhost:8002, Running: 32.0, Waiting: 0.0
Worker: http://localhost:8002, qlen: 32.0
Worker: http://localhost:8002, Tokens: 278229.0
Selected worker: http://localhost:8002
INFO:     127.0.0.1:39172 - "POST /v1/completions HTTP/1.1" 200 OK
Worker: http://localhost:8001, Running: 33.0, Waiting: 0.0
Worker: http://localhost:8001, qlen: 33.0
Worker: http://localhost:8001, Tokens: 290595.0
Worker: http://localhost:8002, Running: 31.0, Waiting: 0.0
Worker: http://localhost:8002, qlen: 31.0
Worker: http://localhost:8002, Tokens: 283512.0
Selected worker: http://localhost:8002
INFO:     127.0.0.1:39184 - "POST /v1/completions HTTP/1.1" 200 OK
Worker: http://localhost:8001, Running: 32.0, Waiting: 0.0
Worker: http://localhost:8001, qlen: 32.0
Worker: http://localhost:8001, Tokens: 289500.0
Worker: http://localhost:8002, Running: 32.0, Waiting: 0.0
Worker: http://localhost:8002, qlen: 32.0
Worker: http://localhost:8002, Tokens: 286832.0
Selected worker: http://localhost:8001
INFO:     127.0.0.1:39194 - "POST /v1/completions HTTP/1.1" 200 OK
Worker: http://localhost:8001, Running: 32.0, Waiting: 0.0
Worker: http://localhost:8001, qlen: 32.0
Worker: http://localhost:8001, Tokens: 289211.0
Worker: http://localhost:8002, Running: 32.0, Waiting: 0.0
Worker: http://localhost:8002, qlen: 32.0
Worker: http://localhost:8002, Tokens: 287984.0
Selected worker: http://localhost:8001
INFO:     127.0.0.1:39210 - "POST /v1/completions HTTP/1.1" 200 OK
Worker: http://localhost:8001, Running: 32.0, Waiting: 0.0
Worker: http://localhost:8001, qlen: 32.0
Worker: http://localhost:8001, Tokens: 292737.0
Worker: http://localhost:8002, Running: 32.0, Waiting: 0.0
Worker: http://localhost:8002, qlen: 32.0
Worker: http://localhost:8002, Tokens: 284538.0
Selected worker: http://localhost:8001
INFO:     127.0.0.1:39216 - "POST /v1/completions HTTP/1.1" 200 OK
Worker: http://localhost:8001, Running: 33.0, Waiting: 0.0
Worker: http://localhost:8001, qlen: 33.0
Worker: http://localhost:8001, Tokens: 293612.0
Worker: http://localhost:8002, Running: 31.0, Waiting: 0.0
Worker: http://localhost:8002, qlen: 31.0
Worker: http://localhost:8002, Tokens: 288939.0
Selected worker: http://localhost:8002
INFO:     127.0.0.1:39228 - "POST /v1/completions HTTP/1.1" 200 OK
Worker: http://localhost:8001, Running: 33.0, Waiting: 0.0
Worker: http://localhost:8001, qlen: 33.0
Worker: http://localhost:8001, Tokens: 294008.0
Worker: http://localhost:8002, Running: 31.0, Waiting: 0.0
Worker: http://localhost:8002, qlen: 31.0
Worker: http://localhost:8002, Tokens: 288205.0
Selected worker: http://localhost:8002
INFO:     127.0.0.1:39242 - "POST /v1/completions HTTP/1.1" 200 OK
Worker: http://localhost:8001, Running: 33.0, Waiting: 0.0
Worker: http://localhost:8001, qlen: 33.0
Worker: http://localhost:8001, Tokens: 294239.0
Worker: http://localhost:8002, Running: 30.0, Waiting: 0.0
Worker: http://localhost:8002, qlen: 30.0
Worker: http://localhost:8002, Tokens: 289497.0
Selected worker: http://localhost:8002
INFO:     127.0.0.1:39252 - "POST /v1/completions HTTP/1.1" 200 OK
Worker: http://localhost:8001, Running: 33.0, Waiting: 0.0
Worker: http://localhost:8001, qlen: 33.0
Worker: http://localhost:8001, Tokens: 294466.0
Worker: http://localhost:8002, Running: 31.0, Waiting: 0.0
Worker: http://localhost:8002, qlen: 31.0
Worker: http://localhost:8002, Tokens: 290367.0
Selected worker: http://localhost:8002
INFO:     127.0.0.1:39254 - "POST /v1/completions HTTP/1.1" 200 OK
Worker: http://localhost:8001, Running: 32.0, Waiting: 0.0
Worker: http://localhost:8001, qlen: 32.0
Worker: http://localhost:8001, Tokens: 295490.0
Worker: http://localhost:8002, Running: 32.0, Waiting: 0.0
Worker: http://localhost:8002, qlen: 32.0
Worker: http://localhost:8002, Tokens: 291429.0
Selected worker: http://localhost:8001
INFO:     127.0.0.1:39258 - "POST /v1/completions HTTP/1.1" 200 OK
Worker: http://localhost:8001, Running: 32.0, Waiting: 0.0
Worker: http://localhost:8001, qlen: 32.0
Worker: http://localhost:8001, Tokens: 294401.0
Worker: http://localhost:8002, Running: 32.0, Waiting: 0.0
Worker: http://localhost:8002, qlen: 32.0
Worker: http://localhost:8002, Tokens: 291653.0
Selected worker: http://localhost:8002
INFO:     127.0.0.1:39264 - "POST /v1/completions HTTP/1.1" 200 OK
Worker: http://localhost:8001, Running: 32.0, Waiting: 0.0
Worker: http://localhost:8001, qlen: 32.0
Worker: http://localhost:8001, Tokens: 291467.0
Worker: http://localhost:8002, Running: 32.0, Waiting: 0.0
Worker: http://localhost:8002, qlen: 32.0
Worker: http://localhost:8002, Tokens: 291749.0
Selected worker: http://localhost:8001
INFO:     127.0.0.1:39272 - "POST /v1/completions HTTP/1.1" 200 OK
Worker: http://localhost:8001, Running: 32.0, Waiting: 0.0
Worker: http://localhost:8001, qlen: 32.0
Worker: http://localhost:8001, Tokens: 291766.0
Worker: http://localhost:8002, Running: 32.0, Waiting: 0.0
Worker: http://localhost:8002, qlen: 32.0
Worker: http://localhost:8002, Tokens: 291749.0
Selected worker: http://localhost:8002
INFO:     127.0.0.1:39288 - "POST /v1/completions HTTP/1.1" 200 OK
Worker: http://localhost:8001, Running: 29.0, Waiting: 0.0
Worker: http://localhost:8001, qlen: 29.0
Worker: http://localhost:8001, Tokens: 294661.0
Worker: http://localhost:8002, Running: 32.0, Waiting: 0.0
Worker: http://localhost:8002, qlen: 32.0
Worker: http://localhost:8002, Tokens: 292020.0
Selected worker: http://localhost:8001
INFO:     127.0.0.1:39294 - "POST /v1/completions HTTP/1.1" 200 OK
Worker: http://localhost:8001, Running: 29.0, Waiting: 0.0
Worker: http://localhost:8001, qlen: 29.0
Worker: http://localhost:8001, Tokens: 294930.0
Worker: http://localhost:8002, Running: 32.0, Waiting: 0.0
Worker: http://localhost:8002, qlen: 32.0
Worker: http://localhost:8002, Tokens: 292020.0
Selected worker: http://localhost:8001
INFO:     127.0.0.1:39308 - "POST /v1/completions HTTP/1.1" 200 OK
Worker: http://localhost:8001, Running: 29.0, Waiting: 0.0
Worker: http://localhost:8001, qlen: 29.0
Worker: http://localhost:8001, Tokens: 295194.0
Worker: http://localhost:8002, Running: 32.0, Waiting: 0.0
Worker: http://localhost:8002, qlen: 32.0
Worker: http://localhost:8002, Tokens: 243708.0
Selected worker: http://localhost:8001
INFO:     127.0.0.1:39318 - "POST /v1/completions HTTP/1.1" 200 OK
Worker: http://localhost:8001, Running: 31.0, Waiting: 0.0
Worker: http://localhost:8001, qlen: 31.0
Worker: http://localhost:8001, Tokens: 296863.0
Worker: http://localhost:8002, Running: 33.0, Waiting: 0.0
Worker: http://localhost:8002, qlen: 33.0
Worker: http://localhost:8002, Tokens: 292321.0
Selected worker: http://localhost:8001
INFO:     127.0.0.1:39330 - "POST /v1/completions HTTP/1.1" 200 OK
Worker: http://localhost:8001, Running: 32.0, Waiting: 0.0
Worker: http://localhost:8001, qlen: 32.0
Worker: http://localhost:8001, Tokens: 297290.0
Worker: http://localhost:8002, Running: 32.0, Waiting: 0.0
Worker: http://localhost:8002, qlen: 32.0
Worker: http://localhost:8002, Tokens: 292636.0
Selected worker: http://localhost:8001
INFO:     127.0.0.1:39334 - "POST /v1/completions HTTP/1.1" 200 OK
Worker: http://localhost:8001, Running: 32.0, Waiting: 0.0
Worker: http://localhost:8001, qlen: 32.0
Worker: http://localhost:8001, Tokens: 297418.0
Worker: http://localhost:8002, Running: 31.0, Waiting: 0.0
Worker: http://localhost:8002, qlen: 31.0
Worker: http://localhost:8002, Tokens: 292855.0
Selected worker: http://localhost:8002
INFO:     127.0.0.1:39340 - "POST /v1/completions HTTP/1.1" 200 OK
Worker: http://localhost:8001, Running: 33.0, Waiting: 0.0
Worker: http://localhost:8001, qlen: 33.0
Worker: http://localhost:8001, Tokens: 297985.0
Worker: http://localhost:8002, Running: 31.0, Waiting: 0.0
Worker: http://localhost:8002, qlen: 31.0
Worker: http://localhost:8002, Tokens: 291604.0
Selected worker: http://localhost:8002
INFO:     127.0.0.1:39346 - "POST /v1/completions HTTP/1.1" 200 OK
Worker: http://localhost:8001, Running: 33.0, Waiting: 0.0
Worker: http://localhost:8001, qlen: 33.0
Worker: http://localhost:8001, Tokens: 297985.0
Worker: http://localhost:8002, Running: 30.0, Waiting: 0.0
Worker: http://localhost:8002, qlen: 30.0
Worker: http://localhost:8002, Tokens: 290688.0
Selected worker: http://localhost:8002
INFO:     127.0.0.1:39354 - "POST /v1/completions HTTP/1.1" 200 OK
Worker: http://localhost:8001, Running: 33.0, Waiting: 0.0
Worker: http://localhost:8001, qlen: 33.0
Worker: http://localhost:8001, Tokens: 298150.0
Worker: http://localhost:8002, Running: 30.0, Waiting: 0.0
Worker: http://localhost:8002, qlen: 30.0
Worker: http://localhost:8002, Tokens: 290697.0
Selected worker: http://localhost:8002
INFO:     127.0.0.1:39358 - "POST /v1/completions HTTP/1.1" 200 OK
Worker: http://localhost:8001, Running: 33.0, Waiting: 0.0
Worker: http://localhost:8001, qlen: 33.0
Worker: http://localhost:8001, Tokens: 299028.0
Worker: http://localhost:8002, Running: 31.0, Waiting: 0.0
Worker: http://localhost:8002, qlen: 31.0
Worker: http://localhost:8002, Tokens: 294855.0
Selected worker: http://localhost:8002
INFO:     127.0.0.1:33214 - "POST /v1/completions HTTP/1.1" 200 OK
Worker: http://localhost:8001, Running: 32.0, Waiting: 0.0
Worker: http://localhost:8001, qlen: 32.0
Worker: http://localhost:8001, Tokens: 299423.0
Worker: http://localhost:8002, Running: 32.0, Waiting: 0.0
Worker: http://localhost:8002, qlen: 32.0
Worker: http://localhost:8002, Tokens: 295021.0
Selected worker: http://localhost:8002
Worker: http://localhost:8001, Running: 32.0, Waiting: 0.0
Worker: http://localhost:8001, qlen: 32.0
Worker: http://localhost:8001, Tokens: 299423.0
Worker: http://localhost:8002, Running: 32.0, Waiting: 0.0
Worker: http://localhost:8002, qlen: 32.0
Worker: http://localhost:8002, Tokens: 295286.0
Selected worker: http://localhost:8002
INFO:     127.0.0.1:33224 - "POST /v1/completions HTTP/1.1" 200 OK
INFO:     127.0.0.1:33228 - "POST /v1/completions HTTP/1.1" 200 OK
Worker: http://localhost:8001, Running: 32.0, Waiting: 0.0
Worker: http://localhost:8001, qlen: 32.0
Worker: http://localhost:8001, Tokens: 298890.0
Worker: http://localhost:8002, Running: 31.0, Waiting: 0.0
Worker: http://localhost:8002, qlen: 31.0
Worker: http://localhost:8002, Tokens: 293640.0
Selected worker: http://localhost:8002
INFO:     127.0.0.1:33234 - "POST /v1/completions HTTP/1.1" 200 OK
Worker: http://localhost:8001, Running: 32.0, Waiting: 0.0
Worker: http://localhost:8001, qlen: 32.0
Worker: http://localhost:8001, Tokens: 298890.0
Worker: http://localhost:8002, Running: 31.0, Waiting: 0.0
Worker: http://localhost:8002, qlen: 31.0
Worker: http://localhost:8002, Tokens: 293907.0
Selected worker: http://localhost:8002
INFO:     127.0.0.1:33236 - "POST /v1/completions HTTP/1.1" 200 OK
Worker: http://localhost:8001, Running: 32.0, Waiting: 0.0
Worker: http://localhost:8001, qlen: 32.0
Worker: http://localhost:8001, Tokens: 298890.0
Worker: http://localhost:8002, Running: 31.0, Waiting: 0.0
Worker: http://localhost:8002, qlen: 31.0
Worker: http://localhost:8002, Tokens: 294182.0
Selected worker: http://localhost:8002
INFO:     127.0.0.1:33244 - "POST /v1/completions HTTP/1.1" 200 OK
Worker: http://localhost:8001, Running: 32.0, Waiting: 0.0
Worker: http://localhost:8001, qlen: 32.0
Worker: http://localhost:8001, Tokens: 298628.0
Worker: http://localhost:8002, Running: 31.0, Waiting: 0.0
Worker: http://localhost:8002, qlen: 31.0
Worker: http://localhost:8002, Tokens: 294446.0
Selected worker: http://localhost:8002
INFO:     127.0.0.1:33246 - "POST /v1/completions HTTP/1.1" 200 OK
Worker: http://localhost:8001, Running: 28.0, Waiting: 0.0
Worker: http://localhost:8001, qlen: 28.0
Worker: http://localhost:8001, Tokens: 299988.0
Worker: http://localhost:8002, Running: 31.0, Waiting: 0.0
Worker: http://localhost:8002, qlen: 31.0
Worker: http://localhost:8002, Tokens: 292950.0
Selected worker: http://localhost:8001
INFO:     127.0.0.1:33252 - "POST /v1/completions HTTP/1.1" 200 OK
Worker: http://localhost:8001, Running: 28.0, Waiting: 0.0
Worker: http://localhost:8001, qlen: 28.0
Worker: http://localhost:8001, Tokens: 298297.0
Worker: http://localhost:8002, Running: 34.0, Waiting: 0.0
Worker: http://localhost:8002, qlen: 34.0
Worker: http://localhost:8002, Tokens: 295801.0
Selected worker: http://localhost:8001
INFO:     127.0.0.1:33260 - "POST /v1/completions HTTP/1.1" 200 OK
Worker: http://localhost:8001, Running: 28.0, Waiting: 0.0
Worker: http://localhost:8001, qlen: 28.0
Worker: http://localhost:8001, Tokens: 300011.0
Worker: http://localhost:8002, Running: 35.0, Waiting: 0.0
Worker: http://localhost:8002, qlen: 35.0
Worker: http://localhost:8002, Tokens: 295869.0
Selected worker: http://localhost:8001
INFO:     127.0.0.1:33276 - "POST /v1/completions HTTP/1.1" 200 OK
Worker: http://localhost:8001, Running: 29.0, Waiting: 0.0
Worker: http://localhost:8001, qlen: 29.0
Worker: http://localhost:8001, Tokens: 300322.0
Worker: http://localhost:8002, Running: 35.0, Waiting: 0.0
Worker: http://localhost:8002, qlen: 35.0
Worker: http://localhost:8002, Tokens: 298485.0
Selected worker: http://localhost:8001
INFO:     127.0.0.1:33290 - "POST /v1/completions HTTP/1.1" 200 OK
Worker: http://localhost:8001, Running: 29.0, Waiting: 0.0
Worker: http://localhost:8001, qlen: 29.0
Worker: http://localhost:8001, Tokens: 300951.0
Worker: http://localhost:8002, Running: 35.0, Waiting: 0.0
Worker: http://localhost:8002, qlen: 35.0
Worker: http://localhost:8002, Tokens: 296701.0
Selected worker: http://localhost:8001
Worker: http://localhost:8001, Running: 29.0, Waiting: 0.0
Worker: http://localhost:8001, qlen: 29.0
Worker: http://localhost:8001, Tokens: 301239.0
Worker: http://localhost:8002, Running: 35.0, Waiting: 0.0
Worker: http://localhost:8002, qlen: 35.0
Worker: http://localhost:8002, Tokens: 296701.0
Selected worker: http://localhost:8001
INFO:     127.0.0.1:33300 - "POST /v1/completions HTTP/1.1" 200 OK
INFO:     127.0.0.1:33310 - "POST /v1/completions HTTP/1.1" 200 OK
Worker: http://localhost:8001, Running: 31.0, Waiting: 0.0
Worker: http://localhost:8001, qlen: 31.0
Worker: http://localhost:8001, Tokens: 301441.0
Worker: http://localhost:8002, Running: 33.0, Waiting: 0.0
Worker: http://localhost:8002, qlen: 33.0
Worker: http://localhost:8002, Tokens: 299022.0
Selected worker: http://localhost:8001
INFO:     127.0.0.1:33318 - "POST /v1/completions HTTP/1.1" 200 OK
Worker: http://localhost:8001, Running: 31.0, Waiting: 0.0
Worker: http://localhost:8001, qlen: 31.0
Worker: http://localhost:8001, Tokens: 301741.0
Worker: http://localhost:8002, Running: 32.0, Waiting: 0.0
Worker: http://localhost:8002, qlen: 32.0
Worker: http://localhost:8002, Tokens: 298845.0
Selected worker: http://localhost:8001
Worker: http://localhost:8001, Running: 31.0, Waiting: 0.0
Worker: http://localhost:8001, qlen: 31.0
Worker: http://localhost:8001, Tokens: 302002.0
Worker: http://localhost:8002, Running: 32.0, Waiting: 0.0
Worker: http://localhost:8002, qlen: 32.0
Worker: http://localhost:8002, Tokens: 298845.0
Selected worker: http://localhost:8001
INFO:     127.0.0.1:33332 - "POST /v1/completions HTTP/1.1" 200 OK
INFO:     127.0.0.1:33334 - "POST /v1/completions HTTP/1.1" 200 OK
Worker: http://localhost:8001, Running: 31.0, Waiting: 0.0
Worker: http://localhost:8001, qlen: 31.0
Worker: http://localhost:8001, Tokens: 301596.0
Worker: http://localhost:8002, Running: 32.0, Waiting: 0.0
Worker: http://localhost:8002, qlen: 32.0
Worker: http://localhost:8002, Tokens: 297288.0
Selected worker: http://localhost:8001
INFO:     127.0.0.1:33346 - "POST /v1/completions HTTP/1.1" 200 OK
Worker: http://localhost:8001, Running: 35.0, Waiting: 0.0
Worker: http://localhost:8001, qlen: 35.0
Worker: http://localhost:8001, Tokens: 302644.0
Worker: http://localhost:8002, Running: 29.0, Waiting: 0.0
Worker: http://localhost:8002, qlen: 29.0
Worker: http://localhost:8002, Tokens: 298849.0
Selected worker: http://localhost:8002
INFO:     127.0.0.1:33362 - "POST /v1/completions HTTP/1.1" 200 OK
Worker: http://localhost:8001, Running: 35.0, Waiting: 0.0
Worker: http://localhost:8001, qlen: 35.0
Worker: http://localhost:8001, Tokens: 302644.0
Worker: http://localhost:8002, Running: 28.0, Waiting: 0.0
Worker: http://localhost:8002, qlen: 28.0
Worker: http://localhost:8002, Tokens: 300236.0
Selected worker: http://localhost:8002
INFO:     127.0.0.1:33372 - "POST /v1/completions HTTP/1.1" 200 OK
Worker: http://localhost:8001, Running: 35.0, Waiting: 0.0
Worker: http://localhost:8001, qlen: 35.0
Worker: http://localhost:8001, Tokens: 299866.0
Worker: http://localhost:8002, Running: 29.0, Waiting: 0.0
Worker: http://localhost:8002, qlen: 29.0
Worker: http://localhost:8002, Tokens: 300763.0
Selected worker: http://localhost:8002
INFO:     127.0.0.1:33380 - "POST /v1/completions HTTP/1.1" 200 OK
Worker: http://localhost:8001, Running: 35.0, Waiting: 0.0
Worker: http://localhost:8001, qlen: 35.0
Worker: http://localhost:8001, Tokens: 298108.0
Worker: http://localhost:8002, Running: 29.0, Waiting: 0.0
Worker: http://localhost:8002, qlen: 29.0
Worker: http://localhost:8002, Tokens: 300850.0
Selected worker: http://localhost:8002
INFO:     127.0.0.1:33386 - "POST /v1/completions HTTP/1.1" 200 OK
Worker: http://localhost:8001, Running: 35.0, Waiting: 0.0
Worker: http://localhost:8001, qlen: 35.0
Worker: http://localhost:8001, Tokens: 294790.0
Worker: http://localhost:8002, Running: 29.0, Waiting: 0.0
Worker: http://localhost:8002, qlen: 29.0
Worker: http://localhost:8002, Tokens: 302174.0
Selected worker: http://localhost:8002
INFO:     127.0.0.1:33388 - "POST /v1/completions HTTP/1.1" 200 OK
Worker: http://localhost:8001, Running: 35.0, Waiting: 0.0
Worker: http://localhost:8001, qlen: 35.0
Worker: http://localhost:8001, Tokens: 294790.0
Worker: http://localhost:8002, Running: 29.0, Waiting: 0.0
Worker: http://localhost:8002, qlen: 29.0
Worker: http://localhost:8002, Tokens: 302440.0
Selected worker: http://localhost:8002
INFO:     127.0.0.1:33398 - "POST /v1/completions HTTP/1.1" 200 OK
Worker: http://localhost:8001, Running: 31.0, Waiting: 0.0
Worker: http://localhost:8001, qlen: 31.0
Worker: http://localhost:8001, Tokens: 303386.0
Worker: http://localhost:8002, Running: 28.0, Waiting: 0.0
Worker: http://localhost:8002, qlen: 28.0
Worker: http://localhost:8002, Tokens: 302373.0
Selected worker: http://localhost:8002
Worker: http://localhost:8001, Running: 31.0, Waiting: 0.0
Worker: http://localhost:8001, qlen: 31.0
Worker: http://localhost:8001, Tokens: 303386.0
Worker: http://localhost:8002, Running: 28.0, Waiting: 0.0
Worker: http://localhost:8002, qlen: 28.0
Worker: http://localhost:8002, Tokens: 302648.0
Selected worker: http://localhost:8002
Worker: http://localhost:8001, Running: 31.0, Waiting: 0.0
Worker: http://localhost:8001, qlen: 31.0
Worker: http://localhost:8001, Tokens: 303386.0
Worker: http://localhost:8002, Running: 28.0, Waiting: 0.0
Worker: http://localhost:8002, qlen: 28.0
Worker: http://localhost:8002, Tokens: 302934.0
Selected worker: http://localhost:8002
Worker: http://localhost:8001, Running: 31.0, Waiting: 0.0
Worker: http://localhost:8001, qlen: 31.0
Worker: http://localhost:8001, Tokens: 303386.0
Worker: http://localhost:8002, Running: 28.0, Waiting: 0.0
Worker: http://localhost:8002, qlen: 28.0
Worker: http://localhost:8002, Tokens: 303219.0
Selected worker: http://localhost:8002
INFO:     127.0.0.1:33410 - "POST /v1/completions HTTP/1.1" 200 OK
INFO:     127.0.0.1:33424 - "POST /v1/completions HTTP/1.1" 200 OK
INFO:     127.0.0.1:33434 - "POST /v1/completions HTTP/1.1" 200 OK
INFO:     127.0.0.1:33450 - "POST /v1/completions HTTP/1.1" 200 OK
Worker: http://localhost:8001, Running: 31.0, Waiting: 0.0
Worker: http://localhost:8001, qlen: 31.0
Worker: http://localhost:8001, Tokens: 303386.0
Worker: http://localhost:8002, Running: 28.0, Waiting: 0.0
Worker: http://localhost:8002, qlen: 28.0
Worker: http://localhost:8002, Tokens: 304856.0
Selected worker: http://localhost:8002
INFO:     127.0.0.1:33408 - "POST /v1/completions HTTP/1.1" 200 OK
Worker: http://localhost:8001, Running: 31.0, Waiting: 0.0
Worker: http://localhost:8001, qlen: 31.0
Worker: http://localhost:8001, Tokens: 302840.0
Worker: http://localhost:8002, Running: 28.0, Waiting: 0.0
Worker: http://localhost:8002, qlen: 28.0
Worker: http://localhost:8002, Tokens: 305117.0
Selected worker: http://localhost:8002
INFO:     127.0.0.1:33466 - "POST /v1/completions HTTP/1.1" 200 OK
Worker: http://localhost:8001, Running: 31.0, Waiting: 0.0
Worker: http://localhost:8001, qlen: 31.0
Worker: http://localhost:8001, Tokens: 302840.0
Worker: http://localhost:8002, Running: 28.0, Waiting: 0.0
Worker: http://localhost:8002, qlen: 28.0
Worker: http://localhost:8002, Tokens: 307068.0
Selected worker: http://localhost:8002
INFO:     127.0.0.1:33478 - "POST /v1/completions HTTP/1.1" 200 OK
Worker: http://localhost:8001, Running: 29.0, Waiting: 0.0
Worker: http://localhost:8001, qlen: 29.0
Worker: http://localhost:8001, Tokens: 303430.0
Worker: http://localhost:8002, Running: 28.0, Waiting: 0.0
Worker: http://localhost:8002, qlen: 28.0
Worker: http://localhost:8002, Tokens: 302625.0
Selected worker: http://localhost:8002
INFO:     127.0.0.1:33482 - "POST /v1/completions HTTP/1.1" 200 OK
Worker: http://localhost:8001, Running: 28.0, Waiting: 0.0
Worker: http://localhost:8001, qlen: 28.0
Worker: http://localhost:8001, Tokens: 303870.0
Worker: http://localhost:8002, Running: 36.0, Waiting: 0.0
Worker: http://localhost:8002, qlen: 36.0
Worker: http://localhost:8002, Tokens: 306809.0
Selected worker: http://localhost:8001
INFO:     127.0.0.1:33496 - "POST /v1/completions HTTP/1.1" 200 OK
Worker: http://localhost:8001, Running: 27.0, Waiting: 0.0
Worker: http://localhost:8001, qlen: 27.0
Worker: http://localhost:8001, Tokens: 303896.0
Worker: http://localhost:8002, Running: 36.0, Waiting: 0.0
Worker: http://localhost:8002, qlen: 36.0
Worker: http://localhost:8002, Tokens: 305863.0
Selected worker: http://localhost:8001
Worker: http://localhost:8001, Running: 27.0, Waiting: 0.0
Worker: http://localhost:8001, qlen: 27.0
Worker: http://localhost:8001, Tokens: 304158.0
Worker: http://localhost:8002, Running: 36.0, Waiting: 0.0
Worker: http://localhost:8002, qlen: 36.0
Worker: http://localhost:8002, Tokens: 305863.0
Selected worker: http://localhost:8001
Worker: http://localhost:8001, Running: 27.0, Waiting: 0.0
Worker: http://localhost:8001, qlen: 27.0
Worker: http://localhost:8001, Tokens: 304438.0
Worker: http://localhost:8002, Running: 36.0, Waiting: 0.0
Worker: http://localhost:8002, qlen: 36.0
Worker: http://localhost:8002, Tokens: 305863.0
Selected worker: http://localhost:8001
INFO:     127.0.0.1:33510 - "POST /v1/completions HTTP/1.1" 200 OK
INFO:     127.0.0.1:33516 - "POST /v1/completions HTTP/1.1" 200 OK
INFO:     127.0.0.1:33528 - "POST /v1/completions HTTP/1.1" 200 OK
Worker: http://localhost:8001, Running: 26.0, Waiting: 0.0
Worker: http://localhost:8001, qlen: 26.0
Worker: http://localhost:8001, Tokens: 304575.0
Worker: http://localhost:8002, Running: 36.0, Waiting: 0.0
Worker: http://localhost:8002, qlen: 36.0
Worker: http://localhost:8002, Tokens: 304144.0
Selected worker: http://localhost:8001
INFO:     127.0.0.1:33532 - "POST /v1/completions HTTP/1.1" 200 OK
Worker: http://localhost:8001, Running: 29.0, Waiting: 0.0
Worker: http://localhost:8001, qlen: 29.0
Worker: http://localhost:8001, Tokens: 304545.0
Worker: http://localhost:8002, Running: 34.0, Waiting: 0.0
Worker: http://localhost:8002, qlen: 34.0
Worker: http://localhost:8002, Tokens: 307620.0
Selected worker: http://localhost:8001
INFO:     127.0.0.1:33542 - "POST /v1/completions HTTP/1.1" 200 OK
Worker: http://localhost:8001, Running: 29.0, Waiting: 0.0
Worker: http://localhost:8001, qlen: 29.0
Worker: http://localhost:8001, Tokens: 304415.0
Worker: http://localhost:8002, Running: 34.0, Waiting: 0.0
Worker: http://localhost:8002, qlen: 34.0
Worker: http://localhost:8002, Tokens: 307620.0
Selected worker: http://localhost:8001
Worker: http://localhost:8001, Running: 29.0, Waiting: 0.0
Worker: http://localhost:8001, qlen: 29.0
Worker: http://localhost:8001, Tokens: 304682.0
Worker: http://localhost:8002, Running: 34.0, Waiting: 0.0
Worker: http://localhost:8002, qlen: 34.0
Worker: http://localhost:8002, Tokens: 307620.0
Selected worker: http://localhost:8001
INFO:     127.0.0.1:33546 - "POST /v1/completions HTTP/1.1" 200 OK
INFO:     127.0.0.1:33562 - "POST /v1/completions HTTP/1.1" 200 OK
Worker: http://localhost:8001, Running: 27.0, Waiting: 0.0
Worker: http://localhost:8001, qlen: 27.0
Worker: http://localhost:8001, Tokens: 304789.0
Worker: http://localhost:8002, Running: 34.0, Waiting: 0.0
Worker: http://localhost:8002, qlen: 34.0
Worker: http://localhost:8002, Tokens: 307756.0
Selected worker: http://localhost:8001
INFO:     127.0.0.1:33578 - "POST /v1/completions HTTP/1.1" 200 OK
Worker: http://localhost:8001, Running: 28.0, Waiting: 1.0
Worker: http://localhost:8001, qlen: 28.0
Worker: http://localhost:8001, Tokens: 306500.0
Worker: http://localhost:8002, Running: 34.0, Waiting: 0.0
Worker: http://localhost:8002, qlen: 34.0
Worker: http://localhost:8002, Tokens: 306739.0
Selected worker: http://localhost:8001
INFO:     127.0.0.1:33584 - "POST /v1/completions HTTP/1.1" 200 OK
Worker: http://localhost:8001, Running: 31.0, Waiting: 0.0
Worker: http://localhost:8001, qlen: 31.0
Worker: http://localhost:8001, Tokens: 310553.0
Worker: http://localhost:8002, Running: 33.0, Waiting: 0.0
Worker: http://localhost:8002, qlen: 33.0
Worker: http://localhost:8002, Tokens: 308854.0
Selected worker: http://localhost:8001
INFO:     127.0.0.1:33594 - "POST /v1/completions HTTP/1.1" 200 OK
Worker: http://localhost:8001, Running: 31.0, Waiting: 0.0
Worker: http://localhost:8001, qlen: 31.0
Worker: http://localhost:8001, Tokens: 310677.0
Worker: http://localhost:8002, Running: 33.0, Waiting: 0.0
Worker: http://localhost:8002, qlen: 33.0
Worker: http://localhost:8002, Tokens: 308591.0
Selected worker: http://localhost:8001
INFO:     127.0.0.1:33598 - "POST /v1/completions HTTP/1.1" 200 OK
Worker: http://localhost:8001, Running: 32.0, Waiting: 0.0
Worker: http://localhost:8001, qlen: 32.0
Worker: http://localhost:8001, Tokens: 310885.0
Worker: http://localhost:8002, Running: 31.0, Waiting: 0.0
Worker: http://localhost:8002, qlen: 31.0
Worker: http://localhost:8002, Tokens: 308717.0
Selected worker: http://localhost:8002
Worker: http://localhost:8001, Running: 32.0, Waiting: 0.0
Worker: http://localhost:8001, qlen: 32.0
Worker: http://localhost:8001, Tokens: 310885.0
Worker: http://localhost:8002, Running: 31.0, Waiting: 0.0
Worker: http://localhost:8002, qlen: 31.0
Worker: http://localhost:8002, Tokens: 310173.0
Selected worker: http://localhost:8002
Worker: http://localhost:8001, Running: 32.0, Waiting: 0.0
Worker: http://localhost:8001, qlen: 32.0
Worker: http://localhost:8001, Tokens: 310885.0
Worker: http://localhost:8002, Running: 31.0, Waiting: 0.0
Worker: http://localhost:8002, qlen: 31.0
Worker: http://localhost:8002, Tokens: 311459.0
Selected worker: http://localhost:8002
INFO:     127.0.0.1:33608 - "POST /v1/completions HTTP/1.1" 200 OK
INFO:     127.0.0.1:33624 - "POST /v1/completions HTTP/1.1" 200 OK
INFO:     127.0.0.1:33634 - "POST /v1/completions HTTP/1.1" 200 OK
Worker: http://localhost:8001, Running: 33.0, Waiting: 0.0
Worker: http://localhost:8001, qlen: 33.0
Worker: http://localhost:8001, Tokens: 311432.0
Worker: http://localhost:8002, Running: 28.0, Waiting: 0.0
Worker: http://localhost:8002, qlen: 28.0
Worker: http://localhost:8002, Tokens: 309788.0
Selected worker: http://localhost:8002
INFO:     127.0.0.1:33636 - "POST /v1/completions HTTP/1.1" 200 OK
Worker: http://localhost:8001, Running: 32.0, Waiting: 0.0
Worker: http://localhost:8001, qlen: 32.0
Worker: http://localhost:8001, Tokens: 313667.0
Worker: http://localhost:8002, Running: 31.0, Waiting: 0.0
Worker: http://localhost:8002, qlen: 31.0
Worker: http://localhost:8002, Tokens: 311781.0
Selected worker: http://localhost:8002
Worker: http://localhost:8001, Running: 32.0, Waiting: 0.0
Worker: http://localhost:8001, qlen: 32.0
Worker: http://localhost:8001, Tokens: 313667.0
Worker: http://localhost:8002, Running: 31.0, Waiting: 0.0
Worker: http://localhost:8002, qlen: 31.0
Worker: http://localhost:8002, Tokens: 312048.0
Selected worker: http://localhost:8002
Worker: http://localhost:8001, Running: 32.0, Waiting: 0.0
Worker: http://localhost:8001, qlen: 32.0
Worker: http://localhost:8001, Tokens: 313667.0
Worker: http://localhost:8002, Running: 31.0, Waiting: 0.0
Worker: http://localhost:8002, qlen: 31.0
Worker: http://localhost:8002, Tokens: 312325.0
Selected worker: http://localhost:8002
INFO:     127.0.0.1:33642 - "POST /v1/completions HTTP/1.1" 200 OK
INFO:     127.0.0.1:33650 - "POST /v1/completions HTTP/1.1" 200 OK
INFO:     127.0.0.1:33656 - "POST /v1/completions HTTP/1.1" 200 OK
Worker: http://localhost:8001, Running: 32.0, Waiting: 0.0
Worker: http://localhost:8001, qlen: 32.0
Worker: http://localhost:8001, Tokens: 313763.0
Worker: http://localhost:8002, Running: 31.0, Waiting: 0.0
Worker: http://localhost:8002, qlen: 31.0
Worker: http://localhost:8002, Tokens: 311786.0
Selected worker: http://localhost:8002
INFO:     127.0.0.1:33658 - "POST /v1/completions HTTP/1.1" 200 OK
Worker: http://localhost:8001, Running: 32.0, Waiting: 0.0
Worker: http://localhost:8001, qlen: 32.0
Worker: http://localhost:8001, Tokens: 313763.0
Worker: http://localhost:8002, Running: 31.0, Waiting: 0.0
Worker: http://localhost:8002, qlen: 31.0
Worker: http://localhost:8002, Tokens: 312066.0
Selected worker: http://localhost:8002
INFO:     127.0.0.1:33668 - "POST /v1/completions HTTP/1.1" 200 OK
Worker: http://localhost:8001, Running: 32.0, Waiting: 0.0
Worker: http://localhost:8001, qlen: 32.0
Worker: http://localhost:8001, Tokens: 313763.0
Worker: http://localhost:8002, Running: 31.0, Waiting: 0.0
Worker: http://localhost:8002, qlen: 31.0
Worker: http://localhost:8002, Tokens: 312328.0
Selected worker: http://localhost:8002
INFO:     127.0.0.1:33682 - "POST /v1/completions HTTP/1.1" 200 OK
Worker: http://localhost:8001, Running: 32.0, Waiting: 0.0
Worker: http://localhost:8001, qlen: 32.0
Worker: http://localhost:8001, Tokens: 312275.0
Worker: http://localhost:8002, Running: 26.0, Waiting: 0.0
Worker: http://localhost:8002, qlen: 26.0
Worker: http://localhost:8002, Tokens: 312963.0
Selected worker: http://localhost:8002
INFO:     127.0.0.1:33696 - "POST /v1/completions HTTP/1.1" 200 OK
Worker: http://localhost:8001, Running: 31.0, Waiting: 0.0
Worker: http://localhost:8001, qlen: 31.0
Worker: http://localhost:8001, Tokens: 312712.0
Worker: http://localhost:8002, Running: 26.0, Waiting: 0.0
Worker: http://localhost:8002, qlen: 26.0
Worker: http://localhost:8002, Tokens: 313237.0
Selected worker: http://localhost:8002
INFO:     127.0.0.1:33708 - "POST /v1/completions HTTP/1.1" 200 OK
Worker: http://localhost:8001, Running: 30.0, Waiting: 0.0
Worker: http://localhost:8001, qlen: 30.0
Worker: http://localhost:8001, Tokens: 314421.0
Worker: http://localhost:8002, Running: 34.0, Waiting: 0.0
Worker: http://localhost:8002, qlen: 34.0
Worker: http://localhost:8002, Tokens: 315226.0
Selected worker: http://localhost:8001
INFO:     127.0.0.1:33716 - "POST /v1/completions HTTP/1.1" 200 OK
Worker: http://localhost:8001, Running: 30.0, Waiting: 0.0
Worker: http://localhost:8001, qlen: 30.0
Worker: http://localhost:8001, Tokens: 314161.0
Worker: http://localhost:8002, Running: 34.0, Waiting: 0.0
Worker: http://localhost:8002, qlen: 34.0
Worker: http://localhost:8002, Tokens: 315464.0
Selected worker: http://localhost:8001
Worker: http://localhost:8001, Running: 30.0, Waiting: 0.0
Worker: http://localhost:8001, qlen: 30.0
Worker: http://localhost:8001, Tokens: 314453.0
Worker: http://localhost:8002, Running: 34.0, Waiting: 0.0
Worker: http://localhost:8002, qlen: 34.0
Worker: http://localhost:8002, Tokens: 315464.0
Selected worker: http://localhost:8001
Worker: http://localhost:8001, Running: 30.0, Waiting: 0.0
Worker: http://localhost:8001, qlen: 30.0
Worker: http://localhost:8001, Tokens: 314715.0
Worker: http://localhost:8002, Running: 34.0, Waiting: 0.0
Worker: http://localhost:8002, qlen: 34.0
Worker: http://localhost:8002, Tokens: 315464.0
Selected worker: http://localhost:8001
INFO:     127.0.0.1:33720 - "POST /v1/completions HTTP/1.1" 200 OK
INFO:     127.0.0.1:33736 - "POST /v1/completions HTTP/1.1" 200 OK
INFO:     127.0.0.1:33738 - "POST /v1/completions HTTP/1.1" 200 OK
Worker: http://localhost:8001, Running: 30.0, Waiting: 0.0
Worker: http://localhost:8001, qlen: 30.0
Worker: http://localhost:8001, Tokens: 314756.0
Worker: http://localhost:8002, Running: 34.0, Waiting: 0.0
Worker: http://localhost:8002, qlen: 34.0
Worker: http://localhost:8002, Tokens: 315600.0
Selected worker: http://localhost:8001
INFO:     127.0.0.1:33752 - "POST /v1/completions HTTP/1.1" 200 OK
Worker: http://localhost:8001, Running: 30.0, Waiting: 0.0
Worker: http://localhost:8001, qlen: 30.0
Worker: http://localhost:8001, Tokens: 314929.0
Worker: http://localhost:8002, Running: 34.0, Waiting: 0.0
Worker: http://localhost:8002, qlen: 34.0
Worker: http://localhost:8002, Tokens: 315906.0
Selected worker: http://localhost:8001
Worker: http://localhost:8001, Running: 30.0, Waiting: 0.0
Worker: http://localhost:8001, qlen: 30.0
Worker: http://localhost:8001, Tokens: 315202.0
Worker: http://localhost:8002, Running: 34.0, Waiting: 0.0
Worker: http://localhost:8002, qlen: 34.0
Worker: http://localhost:8002, Tokens: 315906.0
Selected worker: http://localhost:8001
INFO:     127.0.0.1:33766 - "POST /v1/completions HTTP/1.1" 200 OK
INFO:     127.0.0.1:33772 - "POST /v1/completions HTTP/1.1" 200 OK
Worker: http://localhost:8001, Running: 30.0, Waiting: 0.0
Worker: http://localhost:8001, qlen: 30.0
Worker: http://localhost:8001, Tokens: 315199.0
Worker: http://localhost:8002, Running: 34.0, Waiting: 0.0
Worker: http://localhost:8002, qlen: 34.0
Worker: http://localhost:8002, Tokens: 316042.0
Selected worker: http://localhost:8001
INFO:     127.0.0.1:39458 - "POST /v1/completions HTTP/1.1" 200 OK
Worker: http://localhost:8001, Running: 30.0, Waiting: 0.0
Worker: http://localhost:8001, qlen: 30.0
Worker: http://localhost:8001, Tokens: 316367.0
Worker: http://localhost:8002, Running: 34.0, Waiting: 0.0
Worker: http://localhost:8002, qlen: 34.0
Worker: http://localhost:8002, Tokens: 315290.0
Selected worker: http://localhost:8001
INFO:     127.0.0.1:39470 - "POST /v1/completions HTTP/1.1" 200 OK
Worker: http://localhost:8001, Running: 30.0, Waiting: 0.0
Worker: http://localhost:8001, qlen: 30.0
Worker: http://localhost:8001, Tokens: 316184.0
Worker: http://localhost:8002, Running: 34.0, Waiting: 0.0
Worker: http://localhost:8002, qlen: 34.0
Worker: http://localhost:8002, Tokens: 315290.0
Selected worker: http://localhost:8001
INFO:     127.0.0.1:39484 - "POST /v1/completions HTTP/1.1" 200 OK
Worker: http://localhost:8001, Running: 31.0, Waiting: 0.0
Worker: http://localhost:8001, qlen: 31.0
Worker: http://localhost:8001, Tokens: 317043.0
Worker: http://localhost:8002, Running: 32.0, Waiting: 0.0
Worker: http://localhost:8002, qlen: 32.0
Worker: http://localhost:8002, Tokens: 317687.0
Selected worker: http://localhost:8001
INFO:     127.0.0.1:39498 - "POST /v1/completions HTTP/1.1" 200 OK
Worker: http://localhost:8001, Running: 31.0, Waiting: 0.0
Worker: http://localhost:8001, qlen: 31.0
Worker: http://localhost:8001, Tokens: 317333.0
Worker: http://localhost:8002, Running: 32.0, Waiting: 0.0
Worker: http://localhost:8002, qlen: 32.0
Worker: http://localhost:8002, Tokens: 317421.0
Selected worker: http://localhost:8001
INFO:     127.0.0.1:39500 - "POST /v1/completions HTTP/1.1" 200 OK
Worker: http://localhost:8001, Running: 33.0, Waiting: 0.0
Worker: http://localhost:8001, qlen: 33.0
Worker: http://localhost:8001, Tokens: 317567.0
Worker: http://localhost:8002, Running: 31.0, Waiting: 0.0
Worker: http://localhost:8002, qlen: 31.0
Worker: http://localhost:8002, Tokens: 316474.0
Selected worker: http://localhost:8002
Worker: http://localhost:8001, Running: 33.0, Waiting: 0.0
Worker: http://localhost:8001, qlen: 33.0
Worker: http://localhost:8001, Tokens: 317567.0
Worker: http://localhost:8002, Running: 31.0, Waiting: 0.0
Worker: http://localhost:8002, qlen: 31.0
Worker: http://localhost:8002, Tokens: 318127.0
Selected worker: http://localhost:8002
Worker: http://localhost:8001, Running: 33.0, Waiting: 0.0
Worker: http://localhost:8001, qlen: 33.0
Worker: http://localhost:8001, Tokens: 317567.0
Worker: http://localhost:8002, Running: 31.0, Waiting: 0.0
Worker: http://localhost:8002, qlen: 31.0
Worker: http://localhost:8002, Tokens: 318390.0
Selected worker: http://localhost:8002
Worker: http://localhost:8001, Running: 33.0, Waiting: 0.0
Worker: http://localhost:8001, qlen: 33.0
Worker: http://localhost:8001, Tokens: 317567.0
Worker: http://localhost:8002, Running: 31.0, Waiting: 0.0
Worker: http://localhost:8002, qlen: 31.0
Worker: http://localhost:8002, Tokens: 318656.0
Selected worker: http://localhost:8002
Worker: http://localhost:8001, Running: 33.0, Waiting: 0.0
Worker: http://localhost:8001, qlen: 33.0
Worker: http://localhost:8001, Tokens: 317567.0
Worker: http://localhost:8002, Running: 31.0, Waiting: 0.0
Worker: http://localhost:8002, qlen: 31.0
Worker: http://localhost:8002, Tokens: 318926.0
Selected worker: http://localhost:8002
Worker: http://localhost:8001, Running: 33.0, Waiting: 0.0
Worker: http://localhost:8001, qlen: 33.0
Worker: http://localhost:8001, Tokens: 317567.0
Worker: http://localhost:8002, Running: 31.0, Waiting: 0.0
Worker: http://localhost:8002, qlen: 31.0
Worker: http://localhost:8002, Tokens: 319189.0
Selected worker: http://localhost:8002
INFO:     127.0.0.1:39514 - "POST /v1/completions HTTP/1.1" 200 OK
INFO:     127.0.0.1:39526 - "POST /v1/completions HTTP/1.1" 200 OK
INFO:     127.0.0.1:39538 - "POST /v1/completions HTTP/1.1" 200 OK
INFO:     127.0.0.1:39546 - "POST /v1/completions HTTP/1.1" 200 OK
INFO:     127.0.0.1:39554 - "POST /v1/completions HTTP/1.1" 200 OK
INFO:     127.0.0.1:39562 - "POST /v1/completions HTTP/1.1" 200 OK
Worker: http://localhost:8001, Running: 33.0, Waiting: 0.0
Worker: http://localhost:8001, qlen: 33.0
Worker: http://localhost:8001, Tokens: 316078.0
Worker: http://localhost:8002, Running: 24.0, Waiting: 0.0
Worker: http://localhost:8002, qlen: 24.0
Worker: http://localhost:8002, Tokens: 318390.0
Selected worker: http://localhost:8002
Worker: http://localhost:8001, Running: 33.0, Waiting: 0.0
Worker: http://localhost:8001, qlen: 33.0
Worker: http://localhost:8001, Tokens: 316078.0
Worker: http://localhost:8002, Running: 24.0, Waiting: 0.0
Worker: http://localhost:8002, qlen: 24.0
Worker: http://localhost:8002, Tokens: 318649.0
Selected worker: http://localhost:8002
INFO:     127.0.0.1:39564 - "POST /v1/completions HTTP/1.1" 200 OK
INFO:     127.0.0.1:39570 - "POST /v1/completions HTTP/1.1" 200 OK
Worker: http://localhost:8001, Running: 31.0, Waiting: 0.0
Worker: http://localhost:8001, qlen: 31.0
Worker: http://localhost:8001, Tokens: 318248.0
Worker: http://localhost:8002, Running: 32.0, Waiting: 0.0
Worker: http://localhost:8002, qlen: 32.0
Worker: http://localhost:8002, Tokens: 320527.0
Selected worker: http://localhost:8001
INFO:     127.0.0.1:39574 - "POST /v1/completions HTTP/1.1" 200 OK
Worker: http://localhost:8001, Running: 32.0, Waiting: 0.0
Worker: http://localhost:8001, qlen: 32.0
Worker: http://localhost:8001, Tokens: 312939.0
Worker: http://localhost:8002, Running: 32.0, Waiting: 0.0
Worker: http://localhost:8002, qlen: 32.0
Worker: http://localhost:8002, Tokens: 320783.0
Selected worker: http://localhost:8002
INFO:     127.0.0.1:39582 - "POST /v1/completions HTTP/1.1" 200 OK
Worker: http://localhost:8001, Running: 32.0, Waiting: 0.0
Worker: http://localhost:8001, qlen: 32.0
Worker: http://localhost:8001, Tokens: 312939.0
Worker: http://localhost:8002, Running: 32.0, Waiting: 0.0
Worker: http://localhost:8002, qlen: 32.0
Worker: http://localhost:8002, Tokens: 320879.0
Selected worker: http://localhost:8001
INFO:     127.0.0.1:39596 - "POST /v1/completions HTTP/1.1" 200 OK
Worker: http://localhost:8001, Running: 32.0, Waiting: 0.0
Worker: http://localhost:8001, qlen: 32.0
Worker: http://localhost:8001, Tokens: 313593.0
Worker: http://localhost:8002, Running: 32.0, Waiting: 0.0
Worker: http://localhost:8002, qlen: 32.0
Worker: http://localhost:8002, Tokens: 320879.0
Selected worker: http://localhost:8002
Worker: http://localhost:8001, Running: 32.0, Waiting: 0.0
Worker: http://localhost:8001, qlen: 32.0
Worker: http://localhost:8001, Tokens: 313593.0
Worker: http://localhost:8002, Running: 32.0, Waiting: 0.0
Worker: http://localhost:8002, qlen: 32.0
Worker: http://localhost:8002, Tokens: 321145.0
Selected worker: http://localhost:8002
INFO:     127.0.0.1:39622 - "POST /v1/completions HTTP/1.1" 200 OK
INFO:     127.0.0.1:39636 - "POST /v1/completions HTTP/1.1" 200 OK
Worker: http://localhost:8001, Running: 32.0, Waiting: 0.0
Worker: http://localhost:8001, qlen: 32.0
Worker: http://localhost:8001, Tokens: 313593.0
Worker: http://localhost:8002, Running: 32.0, Waiting: 0.0
Worker: http://localhost:8002, qlen: 32.0
Worker: http://localhost:8002, Tokens: 321422.0
Selected worker: http://localhost:8002
Worker: http://localhost:8001, Running: 32.0, Waiting: 0.0
Worker: http://localhost:8001, qlen: 32.0
Worker: http://localhost:8001, Tokens: 313593.0
Worker: http://localhost:8002, Running: 32.0, Waiting: 0.0
Worker: http://localhost:8002, qlen: 32.0
Worker: http://localhost:8002, Tokens: 322820.0
Selected worker: http://localhost:8001
INFO:     127.0.0.1:39608 - "POST /v1/completions HTTP/1.1" 200 OK
INFO:     127.0.0.1:39644 - "POST /v1/completions HTTP/1.1" 200 OK
Worker: http://localhost:8001, Running: 27.0, Waiting: 0.0
Worker: http://localhost:8001, qlen: 27.0
Worker: http://localhost:8001, Tokens: 320726.0
Worker: http://localhost:8002, Running: 33.0, Waiting: 0.0
Worker: http://localhost:8002, qlen: 33.0
Worker: http://localhost:8002, Tokens: 317858.0
Selected worker: http://localhost:8001
Worker: http://localhost:8001, Running: 27.0, Waiting: 0.0
Worker: http://localhost:8001, qlen: 27.0
Worker: http://localhost:8001, Tokens: 321024.0
Worker: http://localhost:8002, Running: 33.0, Waiting: 0.0
Worker: http://localhost:8002, qlen: 33.0
Worker: http://localhost:8002, Tokens: 317858.0
Selected worker: http://localhost:8001
INFO:     127.0.0.1:39654 - "POST /v1/completions HTTP/1.1" 200 OK
INFO:     127.0.0.1:39668 - "POST /v1/completions HTTP/1.1" 200 OK
Worker: http://localhost:8001, Running: 28.0, Waiting: 0.0
Worker: http://localhost:8001, qlen: 28.0
Worker: http://localhost:8001, Tokens: 322673.0
Worker: http://localhost:8002, Running: 34.0, Waiting: 0.0
Worker: http://localhost:8002, qlen: 34.0
Worker: http://localhost:8002, Tokens: 323060.0
Selected worker: http://localhost:8001
INFO:     127.0.0.1:39674 - "POST /v1/completions HTTP/1.1" 200 OK
Worker: http://localhost:8001, Running: 28.0, Waiting: 0.0
Worker: http://localhost:8001, qlen: 28.0
Worker: http://localhost:8001, Tokens: 322936.0
Worker: http://localhost:8002, Running: 34.0, Waiting: 0.0
Worker: http://localhost:8002, qlen: 34.0
Worker: http://localhost:8002, Tokens: 323060.0
Selected worker: http://localhost:8001
Worker: http://localhost:8001, Running: 28.0, Waiting: 0.0
Worker: http://localhost:8001, qlen: 28.0
Worker: http://localhost:8001, Tokens: 324481.0
Worker: http://localhost:8002, Running: 34.0, Waiting: 0.0
Worker: http://localhost:8002, qlen: 34.0
Worker: http://localhost:8002, Tokens: 323060.0
Selected worker: http://localhost:8001
INFO:     127.0.0.1:39686 - "POST /v1/completions HTTP/1.1" 200 OK
INFO:     127.0.0.1:39698 - "POST /v1/completions HTTP/1.1" 200 OK
Worker: http://localhost:8001, Running: 30.0, Waiting: 0.0
Worker: http://localhost:8001, qlen: 30.0
Worker: http://localhost:8001, Tokens: 327673.0
Worker: http://localhost:8002, Running: 34.0, Waiting: 0.0
Worker: http://localhost:8002, qlen: 34.0
Worker: http://localhost:8002, Tokens: 322639.0
Selected worker: http://localhost:8001
Worker: http://localhost:8001, Running: 30.0, Waiting: 0.0
Worker: http://localhost:8001, qlen: 30.0
Worker: http://localhost:8001, Tokens: 327930.0
Worker: http://localhost:8002, Running: 34.0, Waiting: 0.0
Worker: http://localhost:8002, qlen: 34.0
Worker: http://localhost:8002, Tokens: 322639.0
Selected worker: http://localhost:8001
INFO:     127.0.0.1:39706 - "POST /v1/completions HTTP/1.1" 200 OK
INFO:     127.0.0.1:39710 - "POST /v1/completions HTTP/1.1" 200 OK
Worker: http://localhost:8001, Running: 30.0, Waiting: 0.0
Worker: http://localhost:8001, qlen: 30.0
Worker: http://localhost:8001, Tokens: 327934.0
Worker: http://localhost:8002, Running: 33.0, Waiting: 0.0
Worker: http://localhost:8002, qlen: 33.0
Worker: http://localhost:8002, Tokens: 324283.0
Selected worker: http://localhost:8001
INFO:     127.0.0.1:39724 - "POST /v1/completions HTTP/1.1" 200 OK
Worker: http://localhost:8001, Running: 31.0, Waiting: 0.0
Worker: http://localhost:8001, qlen: 31.0
Worker: http://localhost:8001, Tokens: 330280.0
Worker: http://localhost:8002, Running: 33.0, Waiting: 0.0
Worker: http://localhost:8002, qlen: 33.0
Worker: http://localhost:8002, Tokens: 325042.0
Selected worker: http://localhost:8001
INFO:     127.0.0.1:39734 - "POST /v1/completions HTTP/1.1" 200 OK
Worker: http://localhost:8001, Running: 31.0, Waiting: 0.0
Worker: http://localhost:8001, qlen: 31.0
Worker: http://localhost:8001, Tokens: 330270.0
Worker: http://localhost:8002, Running: 33.0, Waiting: 0.0
Worker: http://localhost:8002, qlen: 33.0
Worker: http://localhost:8002, Tokens: 325141.0
Selected worker: http://localhost:8001
INFO:     127.0.0.1:39738 - "POST /v1/completions HTTP/1.1" 200 OK
Worker: http://localhost:8001, Running: 29.0, Waiting: 0.0
Worker: http://localhost:8001, qlen: 29.0
Worker: http://localhost:8001, Tokens: 330748.0
Worker: http://localhost:8002, Running: 33.0, Waiting: 0.0
Worker: http://localhost:8002, qlen: 33.0
Worker: http://localhost:8002, Tokens: 324010.0
Selected worker: http://localhost:8001
INFO:     127.0.0.1:39744 - "POST /v1/completions HTTP/1.1" 200 OK
Worker: http://localhost:8001, Running: 29.0, Waiting: 0.0
Worker: http://localhost:8001, qlen: 29.0
Worker: http://localhost:8001, Tokens: 331007.0
Worker: http://localhost:8002, Running: 33.0, Waiting: 0.0
Worker: http://localhost:8002, qlen: 33.0
Worker: http://localhost:8002, Tokens: 324010.0
Selected worker: http://localhost:8001
INFO:     127.0.0.1:39760 - "POST /v1/completions HTTP/1.1" 200 OK
Worker: http://localhost:8001, Running: 29.0, Waiting: 0.0
Worker: http://localhost:8001, qlen: 29.0
Worker: http://localhost:8001, Tokens: 331270.0
Worker: http://localhost:8002, Running: 33.0, Waiting: 0.0
Worker: http://localhost:8002, qlen: 33.0
Worker: http://localhost:8002, Tokens: 324010.0
Selected worker: http://localhost:8001
INFO:     127.0.0.1:39772 - "POST /v1/completions HTTP/1.1" 200 OK
Worker: http://localhost:8001, Running: 31.0, Waiting: 0.0
Worker: http://localhost:8001, qlen: 31.0
Worker: http://localhost:8001, Tokens: 330864.0
Worker: http://localhost:8002, Running: 33.0, Waiting: 0.0
Worker: http://localhost:8002, qlen: 33.0
Worker: http://localhost:8002, Tokens: 323478.0
Selected worker: http://localhost:8001
INFO:     127.0.0.1:39786 - "POST /v1/completions HTTP/1.1" 200 OK
Worker: http://localhost:8001, Running: 31.0, Waiting: 0.0
Worker: http://localhost:8001, qlen: 31.0
Worker: http://localhost:8001, Tokens: 331127.0
Worker: http://localhost:8002, Running: 33.0, Waiting: 0.0
Worker: http://localhost:8002, qlen: 33.0
Worker: http://localhost:8002, Tokens: 323478.0
Selected worker: http://localhost:8001
INFO:     127.0.0.1:39800 - "POST /v1/completions HTTP/1.1" 200 OK
Worker: http://localhost:8001, Running: 31.0, Waiting: 0.0
Worker: http://localhost:8001, qlen: 31.0
Worker: http://localhost:8001, Tokens: 331411.0
Worker: http://localhost:8002, Running: 33.0, Waiting: 0.0
Worker: http://localhost:8002, qlen: 33.0
Worker: http://localhost:8002, Tokens: 323478.0
Selected worker: http://localhost:8001
INFO:     127.0.0.1:39814 - "POST /v1/completions HTTP/1.1" 200 OK
Worker: http://localhost:8001, Running: 31.0, Waiting: 0.0
Worker: http://localhost:8001, qlen: 31.0
Worker: http://localhost:8001, Tokens: 333479.0
Worker: http://localhost:8002, Running: 33.0, Waiting: 0.0
Worker: http://localhost:8002, qlen: 33.0
Worker: http://localhost:8002, Tokens: 323478.0
Selected worker: http://localhost:8001
INFO:     127.0.0.1:39824 - "POST /v1/completions HTTP/1.1" 200 OK
Worker: http://localhost:8001, Running: 36.0, Waiting: 0.0
Worker: http://localhost:8001, qlen: 36.0
Worker: http://localhost:8001, Tokens: 331338.0
Worker: http://localhost:8002, Running: 26.0, Waiting: 0.0
Worker: http://localhost:8002, qlen: 26.0
Worker: http://localhost:8002, Tokens: 325582.0
Selected worker: http://localhost:8002
INFO:     127.0.0.1:39838 - "POST /v1/completions HTTP/1.1" 200 OK
Worker: http://localhost:8001, Running: 38.0, Waiting: 0.0
Worker: http://localhost:8001, qlen: 38.0
Worker: http://localhost:8001, Tokens: 334374.0
Worker: http://localhost:8002, Running: 25.0, Waiting: 0.0
Worker: http://localhost:8002, qlen: 25.0
Worker: http://localhost:8002, Tokens: 325425.0
Selected worker: http://localhost:8002
Worker: http://localhost:8001, Running: 38.0, Waiting: 0.0
Worker: http://localhost:8001, qlen: 38.0
Worker: http://localhost:8001, Tokens: 334374.0
Worker: http://localhost:8002, Running: 25.0, Waiting: 0.0
Worker: http://localhost:8002, qlen: 25.0
Worker: http://localhost:8002, Tokens: 325694.0
Selected worker: http://localhost:8002
INFO:     127.0.0.1:39852 - "POST /v1/completions HTTP/1.1" 200 OK
INFO:     127.0.0.1:39854 - "POST /v1/completions HTTP/1.1" 200 OK
Worker: http://localhost:8001, Running: 38.0, Waiting: 0.0
Worker: http://localhost:8001, qlen: 38.0
Worker: http://localhost:8001, Tokens: 333292.0
Worker: http://localhost:8002, Running: 24.0, Waiting: 0.0
Worker: http://localhost:8002, qlen: 24.0
Worker: http://localhost:8002, Tokens: 326175.0
Selected worker: http://localhost:8002
INFO:     127.0.0.1:39868 - "POST /v1/completions HTTP/1.1" 200 OK
Worker: http://localhost:8001, Running: 37.0, Waiting: 0.0
Worker: http://localhost:8001, qlen: 37.0
Worker: http://localhost:8001, Tokens: 334444.0
Worker: http://localhost:8002, Running: 24.0, Waiting: 0.0
Worker: http://localhost:8002, qlen: 24.0
Worker: http://localhost:8002, Tokens: 326443.0
Selected worker: http://localhost:8002
INFO:     127.0.0.1:39880 - "POST /v1/completions HTTP/1.1" 200 OK
Worker: http://localhost:8001, Running: 36.0, Waiting: 0.0
Worker: http://localhost:8001, qlen: 36.0
Worker: http://localhost:8001, Tokens: 334736.0
Worker: http://localhost:8002, Running: 28.0, Waiting: 0.0
Worker: http://localhost:8002, qlen: 28.0
Worker: http://localhost:8002, Tokens: 331131.0
Selected worker: http://localhost:8002
Worker: http://localhost:8001, Running: 36.0, Waiting: 0.0
Worker: http://localhost:8001, qlen: 36.0
Worker: http://localhost:8001, Tokens: 334736.0
Worker: http://localhost:8002, Running: 28.0, Waiting: 0.0
Worker: http://localhost:8002, qlen: 28.0
Worker: http://localhost:8002, Tokens: 332537.0
Selected worker: http://localhost:8002
INFO:     127.0.0.1:39886 - "POST /v1/completions HTTP/1.1" 200 OK
INFO:     127.0.0.1:39896 - "POST /v1/completions HTTP/1.1" 200 OK
Worker: http://localhost:8001, Running: 34.0, Waiting: 0.0
Worker: http://localhost:8001, qlen: 34.0
Worker: http://localhost:8001, Tokens: 335340.0
Worker: http://localhost:8002, Running: 28.0, Waiting: 0.0
Worker: http://localhost:8002, qlen: 28.0
Worker: http://localhost:8002, Tokens: 331355.0
Selected worker: http://localhost:8002
INFO:     127.0.0.1:39912 - "POST /v1/completions HTTP/1.1" 200 OK
Worker: http://localhost:8001, Running: 33.0, Waiting: 0.0
Worker: http://localhost:8001, qlen: 33.0
Worker: http://localhost:8001, Tokens: 335946.0
Worker: http://localhost:8002, Running: 31.0, Waiting: 0.0
Worker: http://localhost:8002, qlen: 31.0
Worker: http://localhost:8002, Tokens: 333935.0
Selected worker: http://localhost:8002
Worker: http://localhost:8001, Running: 33.0, Waiting: 0.0
Worker: http://localhost:8001, qlen: 33.0
Worker: http://localhost:8001, Tokens: 335946.0
Worker: http://localhost:8002, Running: 31.0, Waiting: 0.0
Worker: http://localhost:8002, qlen: 31.0
Worker: http://localhost:8002, Tokens: 334202.0
Selected worker: http://localhost:8002
INFO:     127.0.0.1:39918 - "POST /v1/completions HTTP/1.1" 200 OK
INFO:     127.0.0.1:39932 - "POST /v1/completions HTTP/1.1" 200 OK
Worker: http://localhost:8001, Running: 31.0, Waiting: 0.0
Worker: http://localhost:8001, qlen: 31.0
Worker: http://localhost:8001, Tokens: 335684.0
Worker: http://localhost:8002, Running: 33.0, Waiting: 0.0
Worker: http://localhost:8002, qlen: 33.0
Worker: http://localhost:8002, Tokens: 334439.0
Selected worker: http://localhost:8001
INFO:     127.0.0.1:39936 - "POST /v1/completions HTTP/1.1" 200 OK
Worker: http://localhost:8001, Running: 30.0, Waiting: 0.0
Worker: http://localhost:8001, qlen: 30.0
Worker: http://localhost:8001, Tokens: 336557.0
Worker: http://localhost:8002, Running: 33.0, Waiting: 0.0
Worker: http://localhost:8002, qlen: 33.0
Worker: http://localhost:8002, Tokens: 334439.0
Selected worker: http://localhost:8001
Worker: http://localhost:8001, Running: 30.0, Waiting: 0.0
Worker: http://localhost:8001, qlen: 30.0
Worker: http://localhost:8001, Tokens: 336824.0
Worker: http://localhost:8002, Running: 33.0, Waiting: 0.0
Worker: http://localhost:8002, qlen: 33.0
Worker: http://localhost:8002, Tokens: 334439.0
Selected worker: http://localhost:8001
INFO:     127.0.0.1:39952 - "POST /v1/completions HTTP/1.1" 200 OK
INFO:     127.0.0.1:39962 - "POST /v1/completions HTTP/1.1" 200 OK
Worker: http://localhost:8001, Running: 31.0, Waiting: 0.0
Worker: http://localhost:8001, qlen: 31.0
Worker: http://localhost:8001, Tokens: 336273.0
Worker: http://localhost:8002, Running: 33.0, Waiting: 0.0
Worker: http://localhost:8002, qlen: 33.0
Worker: http://localhost:8002, Tokens: 335132.0
Selected worker: http://localhost:8001
Worker: http://localhost:8001, Running: 31.0, Waiting: 0.0
Worker: http://localhost:8001, qlen: 31.0
Worker: http://localhost:8001, Tokens: 339260.0
Worker: http://localhost:8002, Running: 33.0, Waiting: 0.0
Worker: http://localhost:8002, qlen: 33.0
Worker: http://localhost:8002, Tokens: 335132.0
Selected worker: http://localhost:8001
Worker: http://localhost:8001, Running: 31.0, Waiting: 0.0
Worker: http://localhost:8001, qlen: 31.0
Worker: http://localhost:8001, Tokens: 340594.0
Worker: http://localhost:8002, Running: 33.0, Waiting: 0.0
Worker: http://localhost:8002, qlen: 33.0
Worker: http://localhost:8002, Tokens: 335132.0
Selected worker: http://localhost:8001
Worker: http://localhost:8001, Running: 31.0, Waiting: 0.0
Worker: http://localhost:8001, qlen: 31.0
Worker: http://localhost:8001, Tokens: 340868.0
Worker: http://localhost:8002, Running: 33.0, Waiting: 0.0
Worker: http://localhost:8002, qlen: 33.0
Worker: http://localhost:8002, Tokens: 335132.0
Selected worker: http://localhost:8001
Worker: http://localhost:8001, Running: 31.0, Waiting: 0.0
Worker: http://localhost:8001, qlen: 31.0
Worker: http://localhost:8001, Tokens: 342387.0
Worker: http://localhost:8002, Running: 33.0, Waiting: 0.0
Worker: http://localhost:8002, qlen: 33.0
Worker: http://localhost:8002, Tokens: 335132.0
Selected worker: http://localhost:8001
INFO:     127.0.0.1:39978 - "POST /v1/completions HTTP/1.1" 200 OK
INFO:     127.0.0.1:39986 - "POST /v1/completions HTTP/1.1" 200 OK
INFO:     127.0.0.1:39988 - "POST /v1/completions HTTP/1.1" 200 OK
INFO:     127.0.0.1:40002 - "POST /v1/completions HTTP/1.1" 200 OK
INFO:     127.0.0.1:40008 - "POST /v1/completions HTTP/1.1" 200 OK
Worker: http://localhost:8001, Running: 31.0, Waiting: 0.0
Worker: http://localhost:8001, qlen: 31.0
Worker: http://localhost:8001, Tokens: 342386.0
Worker: http://localhost:8002, Running: 33.0, Waiting: 0.0
Worker: http://localhost:8002, qlen: 33.0
Worker: http://localhost:8002, Tokens: 335132.0
Selected worker: http://localhost:8001
INFO:     127.0.0.1:40018 - "POST /v1/completions HTTP/1.1" 200 OK
Worker: http://localhost:8001, Running: 25.0, Waiting: 0.0
Worker: http://localhost:8001, qlen: 25.0
Worker: http://localhost:8001, Tokens: 337917.0
Worker: http://localhost:8002, Running: 33.0, Waiting: 0.0
Worker: http://localhost:8002, qlen: 33.0
Worker: http://localhost:8002, Tokens: 335294.0
Selected worker: http://localhost:8001
INFO:     127.0.0.1:40028 - "POST /v1/completions HTTP/1.1" 200 OK
Worker: http://localhost:8001, Running: 26.0, Waiting: 4.0
Worker: http://localhost:8001, qlen: 26.0
Worker: http://localhost:8001, Tokens: 337942.0
Worker: http://localhost:8002, Running: 32.0, Waiting: 0.0
Worker: http://localhost:8002, qlen: 32.0
Worker: http://localhost:8002, Tokens: 335517.0
Selected worker: http://localhost:8001
INFO:     127.0.0.1:56208 - "POST /v1/completions HTTP/1.1" 200 OK
Worker: http://localhost:8001, Running: 27.0, Waiting: 4.0
Worker: http://localhost:8001, qlen: 27.0
Worker: http://localhost:8001, Tokens: 340553.0
Worker: http://localhost:8002, Running: 32.0, Waiting: 0.0
Worker: http://localhost:8002, qlen: 32.0
Worker: http://localhost:8002, Tokens: 334982.0
Selected worker: http://localhost:8001
Worker: http://localhost:8001, Running: 27.0, Waiting: 4.0
Worker: http://localhost:8001, qlen: 27.0
Worker: http://localhost:8001, Tokens: 340812.0
Worker: http://localhost:8002, Running: 32.0, Waiting: 0.0
Worker: http://localhost:8002, qlen: 32.0
Worker: http://localhost:8002, Tokens: 334982.0
Selected worker: http://localhost:8001
INFO:     127.0.0.1:56222 - "POST /v1/completions HTTP/1.1" 200 OK
INFO:     127.0.0.1:56224 - "POST /v1/completions HTTP/1.1" 200 OK
Worker: http://localhost:8001, Running: 35.0, Waiting: 0.0
Worker: http://localhost:8001, qlen: 35.0
Worker: http://localhost:8001, Tokens: 345464.0
Worker: http://localhost:8002, Running: 29.0, Waiting: 0.0
Worker: http://localhost:8002, qlen: 29.0
Worker: http://localhost:8002, Tokens: 335997.0
Selected worker: http://localhost:8002
INFO:     127.0.0.1:56226 - "POST /v1/completions HTTP/1.1" 200 OK
Worker: http://localhost:8001, Running: 35.0, Waiting: 0.0
Worker: http://localhost:8001, qlen: 35.0
Worker: http://localhost:8001, Tokens: 343875.0
Worker: http://localhost:8002, Running: 28.0, Waiting: 0.0
Worker: http://localhost:8002, qlen: 28.0
Worker: http://localhost:8002, Tokens: 336147.0
Selected worker: http://localhost:8002
Worker: http://localhost:8001, Running: 35.0, Waiting: 0.0
Worker: http://localhost:8001, qlen: 35.0
Worker: http://localhost:8001, Tokens: 343875.0
Worker: http://localhost:8002, Running: 28.0, Waiting: 0.0
Worker: http://localhost:8002, qlen: 28.0
Worker: http://localhost:8002, Tokens: 336412.0
Selected worker: http://localhost:8002
INFO:     127.0.0.1:56228 - "POST /v1/completions HTTP/1.1" 200 OK
INFO:     127.0.0.1:56240 - "POST /v1/completions HTTP/1.1" 200 OK
Worker: http://localhost:8001, Running: 34.0, Waiting: 0.0
Worker: http://localhost:8001, qlen: 34.0
Worker: http://localhost:8001, Tokens: 345948.0
Worker: http://localhost:8002, Running: 28.0, Waiting: 0.0
Worker: http://localhost:8002, qlen: 28.0
Worker: http://localhost:8002, Tokens: 333209.0
Selected worker: http://localhost:8002
Worker: http://localhost:8001, Running: 34.0, Waiting: 0.0
Worker: http://localhost:8001, qlen: 34.0
Worker: http://localhost:8001, Tokens: 345948.0
Worker: http://localhost:8002, Running: 28.0, Waiting: 0.0
Worker: http://localhost:8002, qlen: 28.0
Worker: http://localhost:8002, Tokens: 333478.0
Selected worker: http://localhost:8002
INFO:     127.0.0.1:56248 - "POST /v1/completions HTTP/1.1" 200 OK
INFO:     127.0.0.1:56252 - "POST /v1/completions HTTP/1.1" 200 OK
Worker: http://localhost:8001, Running: 34.0, Waiting: 0.0
Worker: http://localhost:8001, qlen: 34.0
Worker: http://localhost:8001, Tokens: 345948.0
Worker: http://localhost:8002, Running: 28.0, Waiting: 0.0
Worker: http://localhost:8002, qlen: 28.0
Worker: http://localhost:8002, Tokens: 335212.0
Selected worker: http://localhost:8002
INFO:     127.0.0.1:56260 - "POST /v1/completions HTTP/1.1" 200 OK
Worker: http://localhost:8001, Running: 34.0, Waiting: 0.0
Worker: http://localhost:8001, qlen: 34.0
Worker: http://localhost:8001, Tokens: 345064.0
Worker: http://localhost:8002, Running: 30.0, Waiting: 0.0
Worker: http://localhost:8002, qlen: 30.0
Worker: http://localhost:8002, Tokens: 337184.0
Selected worker: http://localhost:8002
INFO:     127.0.0.1:56266 - "POST /v1/completions HTTP/1.1" 200 OK
Worker: http://localhost:8001, Running: 33.0, Waiting: 0.0
Worker: http://localhost:8001, qlen: 33.0
Worker: http://localhost:8001, Tokens: 346693.0
Worker: http://localhost:8002, Running: 30.0, Waiting: 0.0
Worker: http://localhost:8002, qlen: 30.0
Worker: http://localhost:8002, Tokens: 336770.0
Selected worker: http://localhost:8002
Worker: http://localhost:8001, Running: 33.0, Waiting: 0.0
Worker: http://localhost:8001, qlen: 33.0
Worker: http://localhost:8001, Tokens: 346693.0
Worker: http://localhost:8002, Running: 30.0, Waiting: 0.0
Worker: http://localhost:8002, qlen: 30.0
Worker: http://localhost:8002, Tokens: 339672.0
Selected worker: http://localhost:8002
INFO:     127.0.0.1:56282 - "POST /v1/completions HTTP/1.1" 200 OK
INFO:     127.0.0.1:56296 - "POST /v1/completions HTTP/1.1" 200 OK
Worker: http://localhost:8001, Running: 33.0, Waiting: 0.0
Worker: http://localhost:8001, qlen: 33.0
Worker: http://localhost:8001, Tokens: 345298.0
Worker: http://localhost:8002, Running: 30.0, Waiting: 1.0
Worker: http://localhost:8002, qlen: 30.0
Worker: http://localhost:8002, Tokens: 337630.0
Selected worker: http://localhost:8002
INFO:     127.0.0.1:56302 - "POST /v1/completions HTTP/1.1" 200 OK
Worker: http://localhost:8001, Running: 32.0, Waiting: 0.0
Worker: http://localhost:8001, qlen: 32.0
Worker: http://localhost:8001, Tokens: 345338.0
Worker: http://localhost:8002, Running: 30.0, Waiting: 1.0
Worker: http://localhost:8002, qlen: 30.0
Worker: http://localhost:8002, Tokens: 341465.0
Selected worker: http://localhost:8002
INFO:     127.0.0.1:56316 - "POST /v1/completions HTTP/1.1" 200 OK
Worker: http://localhost:8001, Running: 32.0, Waiting: 0.0
Worker: http://localhost:8001, qlen: 32.0
Worker: http://localhost:8001, Tokens: 343211.0
Worker: http://localhost:8002, Running: 31.0, Waiting: 0.0
Worker: http://localhost:8002, qlen: 31.0
Worker: http://localhost:8002, Tokens: 342884.0
Selected worker: http://localhost:8002
INFO:     127.0.0.1:56328 - "POST /v1/completions HTTP/1.1" 200 OK
Worker: http://localhost:8001, Running: 30.0, Waiting: 0.0
Worker: http://localhost:8001, qlen: 30.0
Worker: http://localhost:8001, Tokens: 347330.0
Worker: http://localhost:8002, Running: 32.0, Waiting: 1.0
Worker: http://localhost:8002, qlen: 32.0
Worker: http://localhost:8002, Tokens: 342977.0
Selected worker: http://localhost:8001
INFO:     127.0.0.1:56342 - "POST /v1/completions HTTP/1.1" 200 OK
Worker: http://localhost:8001, Running: 29.0, Waiting: 0.0
Worker: http://localhost:8001, qlen: 29.0
Worker: http://localhost:8001, Tokens: 347176.0
Worker: http://localhost:8002, Running: 32.0, Waiting: 1.0
Worker: http://localhost:8002, qlen: 32.0
Worker: http://localhost:8002, Tokens: 342977.0
Selected worker: http://localhost:8001
Worker: http://localhost:8001, Running: 29.0, Waiting: 0.0
Worker: http://localhost:8001, qlen: 29.0
Worker: http://localhost:8001, Tokens: 347442.0
Worker: http://localhost:8002, Running: 32.0, Waiting: 1.0
Worker: http://localhost:8002, qlen: 32.0
Worker: http://localhost:8002, Tokens: 342977.0
Selected worker: http://localhost:8001
INFO:     127.0.0.1:56354 - "POST /v1/completions HTTP/1.1" 200 OK
INFO:     127.0.0.1:56356 - "POST /v1/completions HTTP/1.1" 200 OK
Worker: http://localhost:8001, Running: 30.0, Waiting: 0.0
Worker: http://localhost:8001, qlen: 30.0
Worker: http://localhost:8001, Tokens: 348229.0
Worker: http://localhost:8002, Running: 34.0, Waiting: 0.0
Worker: http://localhost:8002, qlen: 34.0
Worker: http://localhost:8002, Tokens: 347562.0
Selected worker: http://localhost:8001
INFO:     127.0.0.1:56366 - "POST /v1/completions HTTP/1.1" 200 OK
Worker: http://localhost:8001, Running: 30.0, Waiting: 0.0
Worker: http://localhost:8001, qlen: 30.0
Worker: http://localhost:8001, Tokens: 346855.0
Worker: http://localhost:8002, Running: 34.0, Waiting: 0.0
Worker: http://localhost:8002, qlen: 34.0
Worker: http://localhost:8002, Tokens: 347664.0
Selected worker: http://localhost:8001
INFO:     127.0.0.1:56382 - "POST /v1/completions HTTP/1.1" 200 OK
Worker: http://localhost:8001, Running: 30.0, Waiting: 0.0
Worker: http://localhost:8001, qlen: 30.0
Worker: http://localhost:8001, Tokens: 347131.0
Worker: http://localhost:8002, Running: 34.0, Waiting: 0.0
Worker: http://localhost:8002, qlen: 34.0
Worker: http://localhost:8002, Tokens: 347664.0
Selected worker: http://localhost:8001
INFO:     127.0.0.1:56394 - "POST /v1/completions HTTP/1.1" 200 OK
Worker: http://localhost:8001, Running: 30.0, Waiting: 0.0
Worker: http://localhost:8001, qlen: 30.0
Worker: http://localhost:8001, Tokens: 347398.0
Worker: http://localhost:8002, Running: 34.0, Waiting: 0.0
Worker: http://localhost:8002, qlen: 34.0
Worker: http://localhost:8002, Tokens: 347664.0
Selected worker: http://localhost:8001
INFO:     127.0.0.1:56404 - "POST /v1/completions HTTP/1.1" 200 OK
Worker: http://localhost:8001, Running: 30.0, Waiting: 0.0
Worker: http://localhost:8001, qlen: 30.0
Worker: http://localhost:8001, Tokens: 347679.0
Worker: http://localhost:8002, Running: 34.0, Waiting: 0.0
Worker: http://localhost:8002, qlen: 34.0
Worker: http://localhost:8002, Tokens: 347664.0
Selected worker: http://localhost:8001
INFO:     127.0.0.1:56420 - "POST /v1/completions HTTP/1.1" 200 OK
Worker: http://localhost:8001, Running: 30.0, Waiting: 0.0
Worker: http://localhost:8001, qlen: 30.0
Worker: http://localhost:8001, Tokens: 347956.0
Worker: http://localhost:8002, Running: 34.0, Waiting: 0.0
Worker: http://localhost:8002, qlen: 34.0
Worker: http://localhost:8002, Tokens: 347664.0
Selected worker: http://localhost:8001
INFO:     127.0.0.1:56422 - "POST /v1/completions HTTP/1.1" 200 OK
Worker: http://localhost:8001, Running: 30.0, Waiting: 0.0
Worker: http://localhost:8001, qlen: 30.0
Worker: http://localhost:8001, Tokens: 348240.0
Worker: http://localhost:8002, Running: 34.0, Waiting: 0.0
Worker: http://localhost:8002, qlen: 34.0
Worker: http://localhost:8002, Tokens: 347664.0
Selected worker: http://localhost:8001
INFO:     127.0.0.1:56428 - "POST /v1/completions HTTP/1.1" 200 OK
Worker: http://localhost:8001, Running: 30.0, Waiting: 0.0
Worker: http://localhost:8001, qlen: 30.0
Worker: http://localhost:8001, Tokens: 346541.0
Worker: http://localhost:8002, Running: 34.0, Waiting: 0.0
Worker: http://localhost:8002, qlen: 34.0
Worker: http://localhost:8002, Tokens: 348684.0
Selected worker: http://localhost:8001
INFO:     127.0.0.1:56434 - "POST /v1/completions HTTP/1.1" 200 OK
Worker: http://localhost:8001, Running: 29.0, Waiting: 0.0
Worker: http://localhost:8001, qlen: 29.0
Worker: http://localhost:8001, Tokens: 349824.0
Worker: http://localhost:8002, Running: 34.0, Waiting: 0.0
Worker: http://localhost:8002, qlen: 34.0
Worker: http://localhost:8002, Tokens: 348533.0
Selected worker: http://localhost:8001
INFO:     127.0.0.1:56444 - "POST /v1/completions HTTP/1.1" 200 OK
Worker: http://localhost:8001, Running: 30.0, Waiting: 0.0
Worker: http://localhost:8001, qlen: 30.0
Worker: http://localhost:8001, Tokens: 351214.0
Worker: http://localhost:8002, Running: 33.0, Waiting: 0.0
Worker: http://localhost:8002, qlen: 33.0
Worker: http://localhost:8002, Tokens: 348523.0
Selected worker: http://localhost:8001
Worker: http://localhost:8001, Running: 30.0, Waiting: 0.0
Worker: http://localhost:8001, qlen: 30.0
Worker: http://localhost:8001, Tokens: 351478.0
Worker: http://localhost:8002, Running: 33.0, Waiting: 0.0
Worker: http://localhost:8002, qlen: 33.0
Worker: http://localhost:8002, Tokens: 348523.0
Selected worker: http://localhost:8001
INFO:     127.0.0.1:56448 - "POST /v1/completions HTTP/1.1" 200 OK
INFO:     127.0.0.1:56452 - "POST /v1/completions HTTP/1.1" 200 OK
Worker: http://localhost:8001, Running: 31.0, Waiting: 0.0
Worker: http://localhost:8001, qlen: 31.0
Worker: http://localhost:8001, Tokens: 351496.0
Worker: http://localhost:8002, Running: 31.0, Waiting: 0.0
Worker: http://localhost:8002, qlen: 31.0
Worker: http://localhost:8002, Tokens: 348444.0
Selected worker: http://localhost:8002
Worker: http://localhost:8001, Running: 31.0, Waiting: 0.0
Worker: http://localhost:8001, qlen: 31.0
Worker: http://localhost:8001, Tokens: 351496.0
Worker: http://localhost:8002, Running: 31.0, Waiting: 0.0
Worker: http://localhost:8002, qlen: 31.0
Worker: http://localhost:8002, Tokens: 348705.0
Selected worker: http://localhost:8002
Worker: http://localhost:8001, Running: 31.0, Waiting: 0.0
Worker: http://localhost:8001, qlen: 31.0
Worker: http://localhost:8001, Tokens: 351496.0
Worker: http://localhost:8002, Running: 31.0, Waiting: 0.0
Worker: http://localhost:8002, qlen: 31.0
Worker: http://localhost:8002, Tokens: 348983.0
Selected worker: http://localhost:8002
INFO:     127.0.0.1:56464 - "POST /v1/completions HTTP/1.1" 200 OK
INFO:     127.0.0.1:56480 - "POST /v1/completions HTTP/1.1" 200 OK
INFO:     127.0.0.1:56496 - "POST /v1/completions HTTP/1.1" 200 OK
Worker: http://localhost:8001, Running: 33.0, Waiting: 0.0
Worker: http://localhost:8001, qlen: 33.0
Worker: http://localhost:8001, Tokens: 353581.0
Worker: http://localhost:8002, Running: 31.0, Waiting: 0.0
Worker: http://localhost:8002, qlen: 31.0
Worker: http://localhost:8002, Tokens: 349540.0
Selected worker: http://localhost:8002
INFO:     127.0.0.1:56506 - "POST /v1/completions HTTP/1.1" 200 OK
Worker: http://localhost:8001, Running: 33.0, Waiting: 0.0
Worker: http://localhost:8001, qlen: 33.0
Worker: http://localhost:8001, Tokens: 353575.0
Worker: http://localhost:8002, Running: 31.0, Waiting: 0.0
Worker: http://localhost:8002, qlen: 31.0
Worker: http://localhost:8002, Tokens: 350138.0
Selected worker: http://localhost:8002
INFO:     127.0.0.1:56512 - "POST /v1/completions HTTP/1.1" 200 OK
Worker: http://localhost:8001, Running: 32.0, Waiting: 0.0
Worker: http://localhost:8001, qlen: 32.0
Worker: http://localhost:8001, Tokens: 353944.0
Worker: http://localhost:8002, Running: 31.0, Waiting: 0.0
Worker: http://localhost:8002, qlen: 31.0
Worker: http://localhost:8002, Tokens: 349878.0
Selected worker: http://localhost:8002
INFO:     127.0.0.1:56528 - "POST /v1/completions HTTP/1.1" 200 OK
Worker: http://localhost:8001, Running: 32.0, Waiting: 0.0
Worker: http://localhost:8001, qlen: 32.0
Worker: http://localhost:8001, Tokens: 353944.0
Worker: http://localhost:8002, Running: 31.0, Waiting: 0.0
Worker: http://localhost:8002, qlen: 31.0
Worker: http://localhost:8002, Tokens: 351455.0
Selected worker: http://localhost:8002
INFO:     127.0.0.1:56538 - "POST /v1/completions HTTP/1.1" 200 OK
Worker: http://localhost:8001, Running: 32.0, Waiting: 0.0
Worker: http://localhost:8001, qlen: 32.0
Worker: http://localhost:8001, Tokens: 353402.0
Worker: http://localhost:8002, Running: 29.0, Waiting: 0.0
Worker: http://localhost:8002, qlen: 29.0
Worker: http://localhost:8002, Tokens: 350291.0
Selected worker: http://localhost:8002
Worker: http://localhost:8001, Running: 32.0, Waiting: 0.0
Worker: http://localhost:8001, qlen: 32.0
Worker: http://localhost:8001, Tokens: 353402.0
Worker: http://localhost:8002, Running: 29.0, Waiting: 0.0
Worker: http://localhost:8002, qlen: 29.0
Worker: http://localhost:8002, Tokens: 350559.0
Selected worker: http://localhost:8002
INFO:     127.0.0.1:56544 - "POST /v1/completions HTTP/1.1" 200 OK
INFO:     127.0.0.1:56560 - "POST /v1/completions HTTP/1.1" 200 OK
Worker: http://localhost:8001, Running: 30.0, Waiting: 0.0
Worker: http://localhost:8001, qlen: 30.0
Worker: http://localhost:8001, Tokens: 354599.0
Worker: http://localhost:8002, Running: 34.0, Waiting: 0.0
Worker: http://localhost:8002, qlen: 34.0
Worker: http://localhost:8002, Tokens: 352767.0
Selected worker: http://localhost:8001
INFO:     127.0.0.1:56572 - "POST /v1/completions HTTP/1.1" 200 OK
Worker: http://localhost:8001, Running: 29.0, Waiting: 0.0
Worker: http://localhost:8001, qlen: 29.0
Worker: http://localhost:8001, Tokens: 353438.0
Worker: http://localhost:8002, Running: 34.0, Waiting: 0.0
Worker: http://localhost:8002, qlen: 34.0
Worker: http://localhost:8002, Tokens: 353073.0
Selected worker: http://localhost:8001
Worker: http://localhost:8001, Running: 29.0, Waiting: 0.0
Worker: http://localhost:8001, qlen: 29.0
Worker: http://localhost:8001, Tokens: 353704.0
Worker: http://localhost:8002, Running: 34.0, Waiting: 0.0
Worker: http://localhost:8002, qlen: 34.0
Worker: http://localhost:8002, Tokens: 353073.0
Selected worker: http://localhost:8001
Worker: http://localhost:8001, Running: 29.0, Waiting: 0.0
Worker: http://localhost:8001, qlen: 29.0
Worker: http://localhost:8001, Tokens: 355776.0
Worker: http://localhost:8002, Running: 34.0, Waiting: 0.0
Worker: http://localhost:8002, qlen: 34.0
Worker: http://localhost:8002, Tokens: 353073.0
Selected worker: http://localhost:8001
Worker: http://localhost:8001, Running: 29.0, Waiting: 0.0
Worker: http://localhost:8001, qlen: 29.0
Worker: http://localhost:8001, Tokens: 356037.0
Worker: http://localhost:8002, Running: 34.0, Waiting: 0.0
Worker: http://localhost:8002, qlen: 34.0
Worker: http://localhost:8002, Tokens: 353073.0
Selected worker: http://localhost:8001
Worker: http://localhost:8001, Running: 29.0, Waiting: 0.0
Worker: http://localhost:8001, qlen: 29.0
Worker: http://localhost:8001, Tokens: 356310.0
Worker: http://localhost:8002, Running: 34.0, Waiting: 0.0
Worker: http://localhost:8002, qlen: 34.0
Worker: http://localhost:8002, Tokens: 353073.0
Selected worker: http://localhost:8001
Worker: http://localhost:8001, Running: 29.0, Waiting: 0.0
Worker: http://localhost:8001, qlen: 29.0
Worker: http://localhost:8001, Tokens: 356587.0
Worker: http://localhost:8002, Running: 34.0, Waiting: 0.0
Worker: http://localhost:8002, qlen: 34.0
Worker: http://localhost:8002, Tokens: 353073.0
Selected worker: http://localhost:8001
INFO:     127.0.0.1:56586 - "POST /v1/completions HTTP/1.1" 200 OK
INFO:     127.0.0.1:56590 - "POST /v1/completions HTTP/1.1" 200 OK
INFO:     127.0.0.1:56596 - "POST /v1/completions HTTP/1.1" 200 OK
INFO:     127.0.0.1:56598 - "POST /v1/completions HTTP/1.1" 200 OK
INFO:     127.0.0.1:56606 - "POST /v1/completions HTTP/1.1" 200 OK
INFO:     127.0.0.1:56580 - "POST /v1/completions HTTP/1.1" 200 OK
Worker: http://localhost:8001, Running: 30.0, Waiting: 0.0
Worker: http://localhost:8001, qlen: 30.0
Worker: http://localhost:8001, Tokens: 359748.0
Worker: http://localhost:8002, Running: 34.0, Waiting: 0.0
Worker: http://localhost:8002, qlen: 34.0
Worker: http://localhost:8002, Tokens: 354025.0
Selected worker: http://localhost:8001
INFO:     127.0.0.1:56616 - "POST /v1/completions HTTP/1.1" 200 OK
Worker: http://localhost:8001, Running: 30.0, Waiting: 0.0
Worker: http://localhost:8001, qlen: 30.0
Worker: http://localhost:8001, Tokens: 356422.0
Worker: http://localhost:8002, Running: 34.0, Waiting: 0.0
Worker: http://localhost:8002, qlen: 34.0
Worker: http://localhost:8002, Tokens: 354263.0
Selected worker: http://localhost:8001
Worker: http://localhost:8001, Running: 30.0, Waiting: 0.0
Worker: http://localhost:8001, qlen: 30.0
Worker: http://localhost:8001, Tokens: 357980.0
Worker: http://localhost:8002, Running: 34.0, Waiting: 0.0
Worker: http://localhost:8002, qlen: 34.0
Worker: http://localhost:8002, Tokens: 354263.0
Selected worker: http://localhost:8001
INFO:     127.0.0.1:56628 - "POST /v1/completions HTTP/1.1" 200 OK
INFO:     127.0.0.1:56630 - "POST /v1/completions HTTP/1.1" 200 OK
Worker: http://localhost:8001, Running: 30.0, Waiting: 0.0
Worker: http://localhost:8001, qlen: 30.0
Worker: http://localhost:8001, Tokens: 362168.0
Worker: http://localhost:8002, Running: 34.0, Waiting: 0.0
Worker: http://localhost:8002, qlen: 34.0
Worker: http://localhost:8002, Tokens: 353863.0
Selected worker: http://localhost:8001
Worker: http://localhost:8001, Running: 30.0, Waiting: 0.0
Worker: http://localhost:8001, qlen: 30.0
Worker: http://localhost:8001, Tokens: 362446.0
Worker: http://localhost:8002, Running: 34.0, Waiting: 0.0
Worker: http://localhost:8002, qlen: 34.0
Worker: http://localhost:8002, Tokens: 353863.0
Selected worker: http://localhost:8001
Worker: http://localhost:8001, Running: 30.0, Waiting: 0.0
Worker: http://localhost:8001, qlen: 30.0
Worker: http://localhost:8001, Tokens: 362720.0
Worker: http://localhost:8002, Running: 34.0, Waiting: 0.0
Worker: http://localhost:8002, qlen: 34.0
Worker: http://localhost:8002, Tokens: 353863.0
Selected worker: http://localhost:8001
INFO:     127.0.0.1:56632 - "POST /v1/completions HTTP/1.1" 200 OK
INFO:     127.0.0.1:56644 - "POST /v1/completions HTTP/1.1" 200 OK
INFO:     127.0.0.1:56658 - "POST /v1/completions HTTP/1.1" 200 OK
Worker: http://localhost:8001, Running: 33.0, Waiting: 0.0
Worker: http://localhost:8001, qlen: 33.0
Worker: http://localhost:8001, Tokens: 359667.0
Worker: http://localhost:8002, Running: 31.0, Waiting: 0.0
Worker: http://localhost:8002, qlen: 31.0
Worker: http://localhost:8002, Tokens: 354799.0
Selected worker: http://localhost:8002
Worker: http://localhost:8001, Running: 33.0, Waiting: 0.0
Worker: http://localhost:8001, qlen: 33.0
Worker: http://localhost:8001, Tokens: 359667.0
Worker: http://localhost:8002, Running: 31.0, Waiting: 0.0
Worker: http://localhost:8002, qlen: 31.0
Worker: http://localhost:8002, Tokens: 357705.0
Selected worker: http://localhost:8002
INFO:     127.0.0.1:56666 - "POST /v1/completions HTTP/1.1" 200 OK
INFO:     127.0.0.1:56676 - "POST /v1/completions HTTP/1.1" 200 OK
Worker: http://localhost:8001, Running: 32.0, Waiting: 0.0
Worker: http://localhost:8001, qlen: 32.0
Worker: http://localhost:8001, Tokens: 363337.0
Worker: http://localhost:8002, Running: 32.0, Waiting: 0.0
Worker: http://localhost:8002, qlen: 32.0
Worker: http://localhost:8002, Tokens: 358446.0
Selected worker: http://localhost:8002
INFO:     127.0.0.1:56690 - "POST /v1/completions HTTP/1.1" 200 OK
Worker: http://localhost:8001, Running: 32.0, Waiting: 0.0
Worker: http://localhost:8001, qlen: 32.0
Worker: http://localhost:8001, Tokens: 363497.0
Worker: http://localhost:8002, Running: 31.0, Waiting: 0.0
Worker: http://localhost:8002, qlen: 31.0
Worker: http://localhost:8002, Tokens: 358002.0
Selected worker: http://localhost:8002
Worker: http://localhost:8001, Running: 32.0, Waiting: 0.0
Worker: http://localhost:8001, qlen: 32.0
Worker: http://localhost:8001, Tokens: 363497.0
Worker: http://localhost:8002, Running: 31.0, Waiting: 0.0
Worker: http://localhost:8002, qlen: 31.0
Worker: http://localhost:8002, Tokens: 358296.0
Selected worker: http://localhost:8002
Worker: http://localhost:8001, Running: 32.0, Waiting: 0.0
Worker: http://localhost:8001, qlen: 32.0
Worker: http://localhost:8001, Tokens: 363497.0
Worker: http://localhost:8002, Running: 31.0, Waiting: 0.0
Worker: http://localhost:8002, qlen: 31.0
Worker: http://localhost:8002, Tokens: 358558.0
Selected worker: http://localhost:8002
INFO:     127.0.0.1:56694 - "POST /v1/completions HTTP/1.1" 200 OK
INFO:     127.0.0.1:56698 - "POST /v1/completions HTTP/1.1" 200 OK
INFO:     127.0.0.1:56712 - "POST /v1/completions HTTP/1.1" 200 OK
Worker: http://localhost:8001, Running: 32.0, Waiting: 0.0
Worker: http://localhost:8001, qlen: 32.0
Worker: http://localhost:8001, Tokens: 363011.0
Worker: http://localhost:8002, Running: 32.0, Waiting: 0.0
Worker: http://localhost:8002, qlen: 32.0
Worker: http://localhost:8002, Tokens: 359663.0
Selected worker: http://localhost:8001
INFO:     127.0.0.1:44990 - "POST /v1/completions HTTP/1.1" 200 OK
Worker: http://localhost:8001, Running: 32.0, Waiting: 0.0
Worker: http://localhost:8001, qlen: 32.0
Worker: http://localhost:8001, Tokens: 363019.0
Worker: http://localhost:8002, Running: 32.0, Waiting: 0.0
Worker: http://localhost:8002, qlen: 32.0
Worker: http://localhost:8002, Tokens: 359759.0
Selected worker: http://localhost:8001
INFO:     127.0.0.1:44992 - "POST /v1/completions HTTP/1.1" 200 OK
Worker: http://localhost:8001, Running: 32.0, Waiting: 0.0
Worker: http://localhost:8001, qlen: 32.0
Worker: http://localhost:8001, Tokens: 362233.0
Worker: http://localhost:8002, Running: 32.0, Waiting: 0.0
Worker: http://localhost:8002, qlen: 32.0
Worker: http://localhost:8002, Tokens: 359759.0
Selected worker: http://localhost:8001
INFO:     127.0.0.1:45006 - "POST /v1/completions HTTP/1.1" 200 OK
Worker: http://localhost:8001, Running: 32.0, Waiting: 0.0
Worker: http://localhost:8001, qlen: 32.0
Worker: http://localhost:8001, Tokens: 362493.0
Worker: http://localhost:8002, Running: 32.0, Waiting: 0.0
Worker: http://localhost:8002, qlen: 32.0
Worker: http://localhost:8002, Tokens: 359759.0
Selected worker: http://localhost:8001
Worker: http://localhost:8001, Running: 32.0, Waiting: 0.0
Worker: http://localhost:8001, qlen: 32.0
Worker: http://localhost:8001, Tokens: 362760.0
Worker: http://localhost:8002, Running: 32.0, Waiting: 0.0
Worker: http://localhost:8002, qlen: 32.0
Worker: http://localhost:8002, Tokens: 359759.0
Selected worker: http://localhost:8001
INFO:     127.0.0.1:45018 - "POST /v1/completions HTTP/1.1" 200 OK
INFO:     127.0.0.1:45032 - "POST /v1/completions HTTP/1.1" 200 OK
Worker: http://localhost:8001, Running: 32.0, Waiting: 0.0
Worker: http://localhost:8001, qlen: 32.0
Worker: http://localhost:8001, Tokens: 363045.0
Worker: http://localhost:8002, Running: 32.0, Waiting: 0.0
Worker: http://localhost:8002, qlen: 32.0
Worker: http://localhost:8002, Tokens: 359759.0
Selected worker: http://localhost:8001
INFO:     127.0.0.1:45034 - "POST /v1/completions HTTP/1.1" 200 OK
Worker: http://localhost:8001, Running: 26.0, Waiting: 0.0
Worker: http://localhost:8001, qlen: 26.0
Worker: http://localhost:8001, Tokens: 364540.0
Worker: http://localhost:8002, Running: 32.0, Waiting: 0.0
Worker: http://localhost:8002, qlen: 32.0
Worker: http://localhost:8002, Tokens: 358259.0
Selected worker: http://localhost:8001
INFO:     127.0.0.1:45046 - "POST /v1/completions HTTP/1.1" 200 OK
Worker: http://localhost:8001, Running: 33.0, Waiting: 0.0
Worker: http://localhost:8001, qlen: 33.0
Worker: http://localhost:8001, Tokens: 364843.0
Worker: http://localhost:8002, Running: 31.0, Waiting: 0.0
Worker: http://localhost:8002, qlen: 31.0
Worker: http://localhost:8002, Tokens: 360359.0
Selected worker: http://localhost:8002
INFO:     127.0.0.1:45048 - "POST /v1/completions HTTP/1.1" 200 OK
Worker: http://localhost:8001, Running: 31.0, Waiting: 0.0
Worker: http://localhost:8001, qlen: 31.0
Worker: http://localhost:8001, Tokens: 365494.0
Worker: http://localhost:8002, Running: 31.0, Waiting: 0.0
Worker: http://localhost:8002, qlen: 31.0
Worker: http://localhost:8002, Tokens: 360514.0
Selected worker: http://localhost:8001
INFO:     127.0.0.1:45058 - "POST /v1/completions HTTP/1.1" 200 OK
Worker: http://localhost:8001, Running: 32.0, Waiting: 0.0
Worker: http://localhost:8001, qlen: 32.0
Worker: http://localhost:8001, Tokens: 367222.0
Worker: http://localhost:8002, Running: 32.0, Waiting: 0.0
Worker: http://localhost:8002, qlen: 32.0
Worker: http://localhost:8002, Tokens: 363535.0
Selected worker: http://localhost:8002
INFO:     127.0.0.1:45064 - "POST /v1/completions HTTP/1.1" 200 OK
Worker: http://localhost:8001, Running: 32.0, Waiting: 0.0
Worker: http://localhost:8001, qlen: 32.0
Worker: http://localhost:8001, Tokens: 367222.0
Worker: http://localhost:8002, Running: 32.0, Waiting: 0.0
Worker: http://localhost:8002, qlen: 32.0
Worker: http://localhost:8002, Tokens: 363663.0
Selected worker: http://localhost:8002
INFO:     127.0.0.1:45076 - "POST /v1/completions HTTP/1.1" 200 OK
Worker: http://localhost:8001, Running: 32.0, Waiting: 0.0
Worker: http://localhost:8001, qlen: 32.0
Worker: http://localhost:8001, Tokens: 367222.0
Worker: http://localhost:8002, Running: 32.0, Waiting: 0.0
Worker: http://localhost:8002, qlen: 32.0
Worker: http://localhost:8002, Tokens: 365719.0
Selected worker: http://localhost:8001
INFO:     127.0.0.1:45086 - "POST /v1/completions HTTP/1.1" 200 OK
Worker: http://localhost:8001, Running: 30.0, Waiting: 0.0
Worker: http://localhost:8001, qlen: 30.0
Worker: http://localhost:8001, Tokens: 367808.0
Worker: http://localhost:8002, Running: 34.0, Waiting: 0.0
Worker: http://localhost:8002, qlen: 34.0
Worker: http://localhost:8002, Tokens: 366727.0
Selected worker: http://localhost:8001
INFO:     127.0.0.1:45102 - "POST /v1/completions HTTP/1.1" 200 OK
Worker: http://localhost:8001, Running: 30.0, Waiting: 0.0
Worker: http://localhost:8001, qlen: 30.0
Worker: http://localhost:8001, Tokens: 366336.0
Worker: http://localhost:8002, Running: 34.0, Waiting: 0.0
Worker: http://localhost:8002, qlen: 34.0
Worker: http://localhost:8002, Tokens: 366558.0
Selected worker: http://localhost:8001
Worker: http://localhost:8001, Running: 30.0, Waiting: 0.0
Worker: http://localhost:8001, qlen: 30.0
Worker: http://localhost:8001, Tokens: 366633.0
Worker: http://localhost:8002, Running: 34.0, Waiting: 0.0
Worker: http://localhost:8002, qlen: 34.0
Worker: http://localhost:8002, Tokens: 366558.0
Selected worker: http://localhost:8001
INFO:     127.0.0.1:45116 - "POST /v1/completions HTTP/1.1" 200 OK
INFO:     127.0.0.1:45124 - "POST /v1/completions HTTP/1.1" 200 OK
Worker: http://localhost:8001, Running: 28.0, Waiting: 0.0
Worker: http://localhost:8001, qlen: 28.0
Worker: http://localhost:8001, Tokens: 369517.0
Worker: http://localhost:8002, Running: 33.0, Waiting: 0.0
Worker: http://localhost:8002, qlen: 33.0
Worker: http://localhost:8002, Tokens: 366768.0
Selected worker: http://localhost:8001
INFO:     127.0.0.1:45140 - "POST /v1/completions HTTP/1.1" 200 OK
Worker: http://localhost:8001, Running: 31.0, Waiting: 0.0
Worker: http://localhost:8001, qlen: 31.0
Worker: http://localhost:8001, Tokens: 369950.0
Worker: http://localhost:8002, Running: 32.0, Waiting: 0.0
Worker: http://localhost:8002, qlen: 32.0
Worker: http://localhost:8002, Tokens: 364512.0
Selected worker: http://localhost:8001
Worker: http://localhost:8001, Running: 31.0, Waiting: 0.0
Worker: http://localhost:8001, qlen: 31.0
Worker: http://localhost:8001, Tokens: 370245.0
Worker: http://localhost:8002, Running: 32.0, Waiting: 0.0
Worker: http://localhost:8002, qlen: 32.0
Worker: http://localhost:8002, Tokens: 364512.0
Selected worker: http://localhost:8001
Worker: http://localhost:8001, Running: 31.0, Waiting: 0.0
Worker: http://localhost:8001, qlen: 31.0
Worker: http://localhost:8001, Tokens: 375475.0
Worker: http://localhost:8002, Running: 32.0, Waiting: 0.0
Worker: http://localhost:8002, qlen: 32.0
Worker: http://localhost:8002, Tokens: 364512.0
Selected worker: http://localhost:8001
Worker: http://localhost:8001, Running: 31.0, Waiting: 0.0
Worker: http://localhost:8001, qlen: 31.0
Worker: http://localhost:8001, Tokens: 375747.0
Worker: http://localhost:8002, Running: 32.0, Waiting: 0.0
Worker: http://localhost:8002, qlen: 32.0
Worker: http://localhost:8002, Tokens: 364512.0
Selected worker: http://localhost:8001
INFO:     127.0.0.1:45144 - "POST /v1/completions HTTP/1.1" 200 OK
INFO:     127.0.0.1:45156 - "POST /v1/completions HTTP/1.1" 200 OK
INFO:     127.0.0.1:45168 - "POST /v1/completions HTTP/1.1" 200 OK
INFO:     127.0.0.1:45178 - "POST /v1/completions HTTP/1.1" 200 OK
Worker: http://localhost:8001, Running: 32.0, Waiting: 0.0
Worker: http://localhost:8001, qlen: 32.0
Worker: http://localhost:8001, Tokens: 369545.0
Worker: http://localhost:8002, Running: 32.0, Waiting: 0.0
Worker: http://localhost:8002, qlen: 32.0
Worker: http://localhost:8002, Tokens: 364512.0
Selected worker: http://localhost:8001
INFO:     127.0.0.1:45190 - "POST /v1/completions HTTP/1.1" 200 OK
Worker: http://localhost:8001, Running: 32.0, Waiting: 0.0
Worker: http://localhost:8001, qlen: 32.0
Worker: http://localhost:8001, Tokens: 369822.0
Worker: http://localhost:8002, Running: 32.0, Waiting: 0.0
Worker: http://localhost:8002, qlen: 32.0
Worker: http://localhost:8002, Tokens: 364512.0
Selected worker: http://localhost:8002
INFO:     127.0.0.1:45194 - "POST /v1/completions HTTP/1.1" 200 OK
Worker: http://localhost:8001, Running: 32.0, Waiting: 0.0
Worker: http://localhost:8001, qlen: 32.0
Worker: http://localhost:8001, Tokens: 368726.0
Worker: http://localhost:8002, Running: 28.0, Waiting: 0.0
Worker: http://localhost:8002, qlen: 28.0
Worker: http://localhost:8002, Tokens: 367579.0
Selected worker: http://localhost:8002
Worker: http://localhost:8001, Running: 32.0, Waiting: 0.0
Worker: http://localhost:8001, qlen: 32.0
Worker: http://localhost:8001, Tokens: 368726.0
Worker: http://localhost:8002, Running: 28.0, Waiting: 0.0
Worker: http://localhost:8002, qlen: 28.0
Worker: http://localhost:8002, Tokens: 367856.0
Selected worker: http://localhost:8002
Worker: http://localhost:8001, Running: 32.0, Waiting: 0.0
Worker: http://localhost:8001, qlen: 32.0
Worker: http://localhost:8001, Tokens: 368726.0
Worker: http://localhost:8002, Running: 28.0, Waiting: 0.0
Worker: http://localhost:8002, qlen: 28.0
Worker: http://localhost:8002, Tokens: 368131.0
Selected worker: http://localhost:8002
Worker: http://localhost:8001, Running: 32.0, Waiting: 0.0
Worker: http://localhost:8001, qlen: 32.0
Worker: http://localhost:8001, Tokens: 368726.0
Worker: http://localhost:8002, Running: 28.0, Waiting: 0.0
Worker: http://localhost:8002, qlen: 28.0
Worker: http://localhost:8002, Tokens: 369438.0
Selected worker: http://localhost:8002
INFO:     127.0.0.1:45198 - "POST /v1/completions HTTP/1.1" 200 OK
INFO:     127.0.0.1:45204 - "POST /v1/completions HTTP/1.1" 200 OK
INFO:     127.0.0.1:45218 - "POST /v1/completions HTTP/1.1" 200 OK
INFO:     127.0.0.1:45226 - "POST /v1/completions HTTP/1.1" 200 OK
Worker: http://localhost:8001, Running: 28.0, Waiting: 2.0
Worker: http://localhost:8001, qlen: 28.0
Worker: http://localhost:8001, Tokens: 370230.0
Worker: http://localhost:8002, Running: 29.0, Waiting: 0.0
Worker: http://localhost:8002, qlen: 29.0
Worker: http://localhost:8002, Tokens: 367941.0
Selected worker: http://localhost:8001
INFO:     127.0.0.1:45238 - "POST /v1/completions HTTP/1.1" 200 OK
Worker: http://localhost:8001, Running: 31.0, Waiting: 0.0
Worker: http://localhost:8001, qlen: 31.0
Worker: http://localhost:8001, Tokens: 376606.0
Worker: http://localhost:8002, Running: 33.0, Waiting: 0.0
Worker: http://localhost:8002, qlen: 33.0
Worker: http://localhost:8002, Tokens: 370700.0
Selected worker: http://localhost:8001
INFO:     127.0.0.1:45252 - "POST /v1/completions HTTP/1.1" 200 OK
Worker: http://localhost:8001, Running: 31.0, Waiting: 0.0
Worker: http://localhost:8001, qlen: 31.0
Worker: http://localhost:8001, Tokens: 376903.0
Worker: http://localhost:8002, Running: 32.0, Waiting: 0.0
Worker: http://localhost:8002, qlen: 32.0
Worker: http://localhost:8002, Tokens: 372549.0
Selected worker: http://localhost:8001
INFO:     127.0.0.1:45254 - "POST /v1/completions HTTP/1.1" 200 OK
Worker: http://localhost:8001, Running: 32.0, Waiting: 0.0
Worker: http://localhost:8001, qlen: 32.0
Worker: http://localhost:8001, Tokens: 377523.0
Worker: http://localhost:8002, Running: 32.0, Waiting: 0.0
Worker: http://localhost:8002, qlen: 32.0
Worker: http://localhost:8002, Tokens: 372822.0
Selected worker: http://localhost:8001
INFO:     127.0.0.1:45266 - "POST /v1/completions HTTP/1.1" 200 OK
Worker: http://localhost:8001, Running: 33.0, Waiting: 0.0
Worker: http://localhost:8001, qlen: 33.0
Worker: http://localhost:8001, Tokens: 377857.0
Worker: http://localhost:8002, Running: 31.0, Waiting: 0.0
Worker: http://localhost:8002, qlen: 31.0
Worker: http://localhost:8002, Tokens: 373716.0
Selected worker: http://localhost:8002
INFO:     127.0.0.1:45280 - "POST /v1/completions HTTP/1.1" 200 OK
Worker: http://localhost:8001, Running: 30.0, Waiting: 0.0
Worker: http://localhost:8001, qlen: 30.0
Worker: http://localhost:8001, Tokens: 378446.0
Worker: http://localhost:8002, Running: 31.0, Waiting: 0.0
Worker: http://localhost:8002, qlen: 31.0
Worker: http://localhost:8002, Tokens: 373871.0
Selected worker: http://localhost:8001
INFO:     127.0.0.1:45288 - "POST /v1/completions HTTP/1.1" 200 OK
Worker: http://localhost:8001, Running: 30.0, Waiting: 0.0
Worker: http://localhost:8001, qlen: 30.0
Worker: http://localhost:8001, Tokens: 378729.0
Worker: http://localhost:8002, Running: 31.0, Waiting: 0.0
Worker: http://localhost:8002, qlen: 31.0
Worker: http://localhost:8002, Tokens: 373871.0
Selected worker: http://localhost:8001
INFO:     127.0.0.1:45294 - "POST /v1/completions HTTP/1.1" 200 OK
Worker: http://localhost:8001, Running: 30.0, Waiting: 0.0
Worker: http://localhost:8001, qlen: 30.0
Worker: http://localhost:8001, Tokens: 378731.0
Worker: http://localhost:8002, Running: 32.0, Waiting: 0.0
Worker: http://localhost:8002, qlen: 32.0
Worker: http://localhost:8002, Tokens: 374037.0
Selected worker: http://localhost:8001
INFO:     127.0.0.1:45304 - "POST /v1/completions HTTP/1.1" 200 OK
Worker: http://localhost:8001, Running: 32.0, Waiting: 0.0
Worker: http://localhost:8001, qlen: 32.0
Worker: http://localhost:8001, Tokens: 378792.0
Worker: http://localhost:8002, Running: 32.0, Waiting: 0.0
Worker: http://localhost:8002, qlen: 32.0
Worker: http://localhost:8002, Tokens: 374389.0
Selected worker: http://localhost:8001
INFO:     127.0.0.1:45312 - "POST /v1/completions HTTP/1.1" 200 OK
Worker: http://localhost:8001, Running: 32.0, Waiting: 0.0
Worker: http://localhost:8001, qlen: 32.0
Worker: http://localhost:8001, Tokens: 377946.0
Worker: http://localhost:8002, Running: 32.0, Waiting: 0.0
Worker: http://localhost:8002, qlen: 32.0
Worker: http://localhost:8002, Tokens: 374517.0
Selected worker: http://localhost:8001
INFO:     127.0.0.1:45314 - "POST /v1/completions HTTP/1.1" 200 OK
Worker: http://localhost:8001, Running: 32.0, Waiting: 0.0
Worker: http://localhost:8001, qlen: 32.0
Worker: http://localhost:8001, Tokens: 378220.0
Worker: http://localhost:8002, Running: 32.0, Waiting: 0.0
Worker: http://localhost:8002, qlen: 32.0
Worker: http://localhost:8002, Tokens: 374517.0
Selected worker: http://localhost:8002
INFO:     127.0.0.1:45324 - "POST /v1/completions HTTP/1.1" 200 OK
Worker: http://localhost:8001, Running: 32.0, Waiting: 0.0
Worker: http://localhost:8001, qlen: 32.0
Worker: http://localhost:8001, Tokens: 378220.0
Worker: http://localhost:8002, Running: 32.0, Waiting: 0.0
Worker: http://localhost:8002, qlen: 32.0
Worker: http://localhost:8002, Tokens: 376113.0
Selected worker: http://localhost:8001
INFO:     127.0.0.1:45332 - "POST /v1/completions HTTP/1.1" 200 OK
Worker: http://localhost:8001, Running: 32.0, Waiting: 0.0
Worker: http://localhost:8001, qlen: 32.0
Worker: http://localhost:8001, Tokens: 378488.0
Worker: http://localhost:8002, Running: 32.0, Waiting: 0.0
Worker: http://localhost:8002, qlen: 32.0
Worker: http://localhost:8002, Tokens: 376113.0
Selected worker: http://localhost:8002
INFO:     127.0.0.1:45344 - "POST /v1/completions HTTP/1.1" 200 OK
Worker: http://localhost:8001, Running: 30.0, Waiting: 0.0
Worker: http://localhost:8001, qlen: 30.0
Worker: http://localhost:8001, Tokens: 379627.0
Worker: http://localhost:8002, Running: 32.0, Waiting: 0.0
Worker: http://localhost:8002, qlen: 32.0
Worker: http://localhost:8002, Tokens: 374567.0
Selected worker: http://localhost:8001
INFO:     127.0.0.1:45360 - "POST /v1/completions HTTP/1.1" 200 OK
Worker: http://localhost:8001, Running: 31.0, Waiting: 0.0
Worker: http://localhost:8001, qlen: 31.0
Worker: http://localhost:8001, Tokens: 379807.0
Worker: http://localhost:8002, Running: 33.0, Waiting: 0.0
Worker: http://localhost:8002, qlen: 33.0
Worker: http://localhost:8002, Tokens: 378216.0
Selected worker: http://localhost:8001
INFO:     127.0.0.1:45370 - "POST /v1/completions HTTP/1.1" 200 OK
Worker: http://localhost:8001, Running: 30.0, Waiting: 0.0
Worker: http://localhost:8001, qlen: 30.0
Worker: http://localhost:8001, Tokens: 380192.0
Worker: http://localhost:8002, Running: 33.0, Waiting: 0.0
Worker: http://localhost:8002, qlen: 33.0
Worker: http://localhost:8002, Tokens: 380097.0
Selected worker: http://localhost:8001
Worker: http://localhost:8001, Running: 30.0, Waiting: 0.0
Worker: http://localhost:8001, qlen: 30.0
Worker: http://localhost:8001, Tokens: 380490.0
Worker: http://localhost:8002, Running: 33.0, Waiting: 0.0
Worker: http://localhost:8002, qlen: 33.0
Worker: http://localhost:8002, Tokens: 380097.0
Selected worker: http://localhost:8001
INFO:     127.0.0.1:45386 - "POST /v1/completions HTTP/1.1" 200 OK
INFO:     127.0.0.1:45392 - "POST /v1/completions HTTP/1.1" 200 OK
Worker: http://localhost:8001, Running: 30.0, Waiting: 0.0
Worker: http://localhost:8001, qlen: 30.0
Worker: http://localhost:8001, Tokens: 380468.0
Worker: http://localhost:8002, Running: 31.0, Waiting: 0.0
Worker: http://localhost:8002, qlen: 31.0
Worker: http://localhost:8002, Tokens: 380779.0
Selected worker: http://localhost:8001
INFO:     127.0.0.1:45406 - "POST /v1/completions HTTP/1.1" 200 OK
Worker: http://localhost:8001, Running: 33.0, Waiting: 0.0
Worker: http://localhost:8001, qlen: 33.0
Worker: http://localhost:8001, Tokens: 380813.0
Worker: http://localhost:8002, Running: 31.0, Waiting: 0.0
Worker: http://localhost:8002, qlen: 31.0
Worker: http://localhost:8002, Tokens: 381368.0
Selected worker: http://localhost:8002
INFO:     127.0.0.1:45408 - "POST /v1/completions HTTP/1.1" 200 OK
Worker: http://localhost:8001, Running: 33.0, Waiting: 0.0
Worker: http://localhost:8001, qlen: 33.0
Worker: http://localhost:8001, Tokens: 380813.0
Worker: http://localhost:8002, Running: 31.0, Waiting: 0.0
Worker: http://localhost:8002, qlen: 31.0
Worker: http://localhost:8002, Tokens: 380138.0
Selected worker: http://localhost:8002
INFO:     127.0.0.1:45422 - "POST /v1/completions HTTP/1.1" 200 OK
Worker: http://localhost:8001, Running: 32.0, Waiting: 0.0
Worker: http://localhost:8001, qlen: 32.0
Worker: http://localhost:8001, Tokens: 381366.0
Worker: http://localhost:8002, Running: 32.0, Waiting: 0.0
Worker: http://localhost:8002, qlen: 32.0
Worker: http://localhost:8002, Tokens: 385464.0
Selected worker: http://localhost:8002
Worker: http://localhost:8001, Running: 32.0, Waiting: 0.0
Worker: http://localhost:8001, qlen: 32.0
Worker: http://localhost:8001, Tokens: 381366.0
Worker: http://localhost:8002, Running: 32.0, Waiting: 0.0
Worker: http://localhost:8002, qlen: 32.0
Worker: http://localhost:8002, Tokens: 385735.0
Selected worker: http://localhost:8001
INFO:     127.0.0.1:45430 - "POST /v1/completions HTTP/1.1" 200 OK
INFO:     127.0.0.1:45434 - "POST /v1/completions HTTP/1.1" 200 OK
Worker: http://localhost:8001, Running: 32.0, Waiting: 0.0
Worker: http://localhost:8001, qlen: 32.0
Worker: http://localhost:8001, Tokens: 381353.0
Worker: http://localhost:8002, Running: 32.0, Waiting: 0.0
Worker: http://localhost:8002, qlen: 32.0
Worker: http://localhost:8002, Tokens: 385560.0
Selected worker: http://localhost:8001
INFO:     127.0.0.1:45438 - "POST /v1/completions HTTP/1.1" 200 OK
Worker: http://localhost:8001, Running: 30.0, Waiting: 0.0
Worker: http://localhost:8001, qlen: 30.0
Worker: http://localhost:8001, Tokens: 384374.0
Worker: http://localhost:8002, Running: 33.0, Waiting: 0.0
Worker: http://localhost:8002, qlen: 33.0
Worker: http://localhost:8002, Tokens: 385901.0
Selected worker: http://localhost:8001
INFO:     127.0.0.1:42270 - "POST /v1/completions HTTP/1.1" 200 OK
Worker: http://localhost:8001, Running: 30.0, Waiting: 0.0
Worker: http://localhost:8001, qlen: 30.0
Worker: http://localhost:8001, Tokens: 384116.0
Worker: http://localhost:8002, Running: 33.0, Waiting: 0.0
Worker: http://localhost:8002, qlen: 33.0
Worker: http://localhost:8002, Tokens: 385901.0
Selected worker: http://localhost:8001
Worker: http://localhost:8001, Running: 30.0, Waiting: 0.0
Worker: http://localhost:8001, qlen: 30.0
Worker: http://localhost:8001, Tokens: 384375.0
Worker: http://localhost:8002, Running: 33.0, Waiting: 0.0
Worker: http://localhost:8002, qlen: 33.0
Worker: http://localhost:8002, Tokens: 385901.0
Selected worker: http://localhost:8001
INFO:     127.0.0.1:42280 - "POST /v1/completions HTTP/1.1" 200 OK
INFO:     127.0.0.1:42290 - "POST /v1/completions HTTP/1.1" 200 OK
Worker: http://localhost:8001, Running: 30.0, Waiting: 0.0
Worker: http://localhost:8001, qlen: 30.0
Worker: http://localhost:8001, Tokens: 384645.0
Worker: http://localhost:8002, Running: 33.0, Waiting: 0.0
Worker: http://localhost:8002, qlen: 33.0
Worker: http://localhost:8002, Tokens: 386168.0
Selected worker: http://localhost:8001
INFO:     127.0.0.1:42304 - "POST /v1/completions HTTP/1.1" 200 OK
Worker: http://localhost:8001, Running: 29.0, Waiting: 0.0
Worker: http://localhost:8001, qlen: 29.0
Worker: http://localhost:8001, Tokens: 384419.0
Worker: http://localhost:8002, Running: 32.0, Waiting: 0.0
Worker: http://localhost:8002, qlen: 32.0
Worker: http://localhost:8002, Tokens: 386654.0
Selected worker: http://localhost:8001
INFO:     127.0.0.1:42312 - "POST /v1/completions HTTP/1.1" 200 OK
Worker: http://localhost:8001, Running: 32.0, Waiting: 0.0
Worker: http://localhost:8001, qlen: 32.0
Worker: http://localhost:8001, Tokens: 384940.0
Worker: http://localhost:8002, Running: 32.0, Waiting: 0.0
Worker: http://localhost:8002, qlen: 32.0
Worker: http://localhost:8002, Tokens: 387006.0
Selected worker: http://localhost:8001
INFO:     127.0.0.1:42324 - "POST /v1/completions HTTP/1.1" 200 OK
Worker: http://localhost:8001, Running: 32.0, Waiting: 0.0
Worker: http://localhost:8001, qlen: 32.0
Worker: http://localhost:8001, Tokens: 384577.0
Worker: http://localhost:8002, Running: 32.0, Waiting: 0.0
Worker: http://localhost:8002, qlen: 32.0
Worker: http://localhost:8002, Tokens: 387230.0
Selected worker: http://localhost:8001
Worker: http://localhost:8001, Running: 32.0, Waiting: 0.0
Worker: http://localhost:8001, qlen: 32.0
Worker: http://localhost:8001, Tokens: 386476.0
Worker: http://localhost:8002, Running: 32.0, Waiting: 0.0
Worker: http://localhost:8002, qlen: 32.0
Worker: http://localhost:8002, Tokens: 387230.0
Selected worker: http://localhost:8002
Worker: http://localhost:8001, Running: 32.0, Waiting: 0.0
Worker: http://localhost:8001, qlen: 32.0
Worker: http://localhost:8001, Tokens: 386476.0
Worker: http://localhost:8002, Running: 32.0, Waiting: 0.0
Worker: http://localhost:8002, qlen: 32.0
Worker: http://localhost:8002, Tokens: 387489.0
Selected worker: http://localhost:8002
INFO:     127.0.0.1:42340 - "POST /v1/completions HTTP/1.1" 200 OK
INFO:     127.0.0.1:42342 - "POST /v1/completions HTTP/1.1" 200 OK
INFO:     127.0.0.1:42346 - "POST /v1/completions HTTP/1.1" 200 OK
Worker: http://localhost:8001, Running: 30.0, Waiting: 0.0
Worker: http://localhost:8001, qlen: 30.0
Worker: http://localhost:8001, Tokens: 388068.0
Worker: http://localhost:8002, Running: 34.0, Waiting: 0.0
Worker: http://localhost:8002, qlen: 34.0
Worker: http://localhost:8002, Tokens: 389076.0
Selected worker: http://localhost:8001
INFO:     127.0.0.1:42348 - "POST /v1/completions HTTP/1.1" 200 OK
Worker: http://localhost:8001, Running: 30.0, Waiting: 0.0
Worker: http://localhost:8001, qlen: 30.0
Worker: http://localhost:8001, Tokens: 388218.0
Worker: http://localhost:8002, Running: 33.0, Waiting: 0.0
Worker: http://localhost:8002, qlen: 33.0
Worker: http://localhost:8002, Tokens: 389098.0
Selected worker: http://localhost:8001
INFO:     127.0.0.1:42362 - "POST /v1/completions HTTP/1.1" 200 OK
Worker: http://localhost:8001, Running: 32.0, Waiting: 0.0
Worker: http://localhost:8001, qlen: 32.0
Worker: http://localhost:8001, Tokens: 395705.0
Worker: http://localhost:8002, Running: 32.0, Waiting: 0.0
Worker: http://localhost:8002, qlen: 32.0
Worker: http://localhost:8002, Tokens: 391551.0
Selected worker: http://localhost:8001
INFO:     127.0.0.1:42366 - "POST /v1/completions HTTP/1.1" 200 OK
Worker: http://localhost:8001, Running: 32.0, Waiting: 0.0
Worker: http://localhost:8001, qlen: 32.0
Worker: http://localhost:8001, Tokens: 395705.0
Worker: http://localhost:8002, Running: 31.0, Waiting: 0.0
Worker: http://localhost:8002, qlen: 31.0
Worker: http://localhost:8002, Tokens: 391979.0
Selected worker: http://localhost:8002
INFO:     127.0.0.1:42368 - "POST /v1/completions HTTP/1.1" 200 OK
Worker: http://localhost:8001, Running: 32.0, Waiting: 0.0
Worker: http://localhost:8001, qlen: 32.0
Worker: http://localhost:8001, Tokens: 396206.0
Worker: http://localhost:8002, Running: 32.0, Waiting: 0.0
Worker: http://localhost:8002, qlen: 32.0
Worker: http://localhost:8002, Tokens: 392630.0
Selected worker: http://localhost:8002
INFO:     127.0.0.1:42384 - "POST /v1/completions HTTP/1.1" 200 OK
Worker: http://localhost:8001, Running: 31.0, Waiting: 0.0
Worker: http://localhost:8001, qlen: 31.0
Worker: http://localhost:8001, Tokens: 395828.0
Worker: http://localhost:8002, Running: 32.0, Waiting: 0.0
Worker: http://localhost:8002, qlen: 32.0
Worker: http://localhost:8002, Tokens: 392790.0
Selected worker: http://localhost:8001
Worker: http://localhost:8001, Running: 31.0, Waiting: 0.0
Worker: http://localhost:8001, qlen: 31.0
Worker: http://localhost:8001, Tokens: 396091.0
Worker: http://localhost:8002, Running: 32.0, Waiting: 0.0
Worker: http://localhost:8002, qlen: 32.0
Worker: http://localhost:8002, Tokens: 392790.0
Selected worker: http://localhost:8001
Worker: http://localhost:8001, Running: 31.0, Waiting: 0.0
Worker: http://localhost:8001, qlen: 31.0
Worker: http://localhost:8001, Tokens: 398029.0
Worker: http://localhost:8002, Running: 32.0, Waiting: 0.0
Worker: http://localhost:8002, qlen: 32.0
Worker: http://localhost:8002, Tokens: 392790.0
Selected worker: http://localhost:8001
INFO:     127.0.0.1:42386 - "POST /v1/completions HTTP/1.1" 200 OK
INFO:     127.0.0.1:42396 - "POST /v1/completions HTTP/1.1" 200 OK
INFO:     127.0.0.1:42410 - "POST /v1/completions HTTP/1.1" 200 OK
Worker: http://localhost:8001, Running: 28.0, Waiting: 0.0
Worker: http://localhost:8001, qlen: 28.0
Worker: http://localhost:8001, Tokens: 396500.0
Worker: http://localhost:8002, Running: 32.0, Waiting: 0.0
Worker: http://localhost:8002, qlen: 32.0
Worker: http://localhost:8002, Tokens: 392790.0
Selected worker: http://localhost:8001
INFO:     127.0.0.1:42422 - "POST /v1/completions HTTP/1.1" 200 OK
Worker: http://localhost:8001, Running: 28.0, Waiting: 0.0
Worker: http://localhost:8001, qlen: 28.0
Worker: http://localhost:8001, Tokens: 394958.0
Worker: http://localhost:8002, Running: 33.0, Waiting: 0.0
Worker: http://localhost:8002, qlen: 33.0
Worker: http://localhost:8002, Tokens: 393036.0
Selected worker: http://localhost:8001
INFO:     127.0.0.1:42434 - "POST /v1/completions HTTP/1.1" 200 OK
Worker: http://localhost:8001, Running: 31.0, Waiting: 0.0
Worker: http://localhost:8001, qlen: 31.0
Worker: http://localhost:8001, Tokens: 401656.0
Worker: http://localhost:8002, Running: 33.0, Waiting: 0.0
Worker: http://localhost:8002, qlen: 33.0
Worker: http://localhost:8002, Tokens: 393404.0
Selected worker: http://localhost:8001
Worker: http://localhost:8001, Running: 31.0, Waiting: 0.0
Worker: http://localhost:8001, qlen: 31.0
Worker: http://localhost:8001, Tokens: 401925.0
Worker: http://localhost:8002, Running: 33.0, Waiting: 0.0
Worker: http://localhost:8002, qlen: 33.0
Worker: http://localhost:8002, Tokens: 393404.0
Selected worker: http://localhost:8001
INFO:     127.0.0.1:42450 - "POST /v1/completions HTTP/1.1" 200 OK
INFO:     127.0.0.1:42456 - "POST /v1/completions HTTP/1.1" 200 OK
Worker: http://localhost:8001, Running: 32.0, Waiting: 0.0
Worker: http://localhost:8001, qlen: 32.0
Worker: http://localhost:8001, Tokens: 403334.0
Worker: http://localhost:8002, Running: 32.0, Waiting: 0.0
Worker: http://localhost:8002, qlen: 32.0
Worker: http://localhost:8002, Tokens: 391854.0
Selected worker: http://localhost:8002
INFO:     127.0.0.1:42468 - "POST /v1/completions HTTP/1.1" 200 OK
Worker: http://localhost:8001, Running: 32.0, Waiting: 0.0
Worker: http://localhost:8001, qlen: 32.0
Worker: http://localhost:8001, Tokens: 403318.0
Worker: http://localhost:8002, Running: 32.0, Waiting: 0.0
Worker: http://localhost:8002, qlen: 32.0
Worker: http://localhost:8002, Tokens: 395211.0
Selected worker: http://localhost:8002
INFO:     127.0.0.1:42478 - "POST /v1/completions HTTP/1.1" 200 OK
Worker: http://localhost:8001, Running: 31.0, Waiting: 0.0
Worker: http://localhost:8001, qlen: 31.0
Worker: http://localhost:8001, Tokens: 403718.0
Worker: http://localhost:8002, Running: 32.0, Waiting: 0.0
Worker: http://localhost:8002, qlen: 32.0
Worker: http://localhost:8002, Tokens: 395102.0
Selected worker: http://localhost:8001
INFO:     127.0.0.1:42488 - "POST /v1/completions HTTP/1.1" 200 OK
Worker: http://localhost:8001, Running: 32.0, Waiting: 0.0
Worker: http://localhost:8001, qlen: 32.0
Worker: http://localhost:8001, Tokens: 404565.0
Worker: http://localhost:8002, Running: 32.0, Waiting: 0.0
Worker: http://localhost:8002, qlen: 32.0
Worker: http://localhost:8002, Tokens: 397706.0
Selected worker: http://localhost:8001
INFO:     127.0.0.1:42504 - "POST /v1/completions HTTP/1.1" 200 OK
Worker: http://localhost:8001, Running: 32.0, Waiting: 0.0
Worker: http://localhost:8001, qlen: 32.0
Worker: http://localhost:8001, Tokens: 404159.0
Worker: http://localhost:8002, Running: 31.0, Waiting: 0.0
Worker: http://localhost:8002, qlen: 31.0
Worker: http://localhost:8002, Tokens: 398166.0
Selected worker: http://localhost:8002
Worker: http://localhost:8001, Running: 32.0, Waiting: 0.0
Worker: http://localhost:8001, qlen: 32.0
Worker: http://localhost:8001, Tokens: 404159.0
Worker: http://localhost:8002, Running: 31.0, Waiting: 0.0
Worker: http://localhost:8002, qlen: 31.0
Worker: http://localhost:8002, Tokens: 398442.0
Selected worker: http://localhost:8002
INFO:     127.0.0.1:42518 - "POST /v1/completions HTTP/1.1" 200 OK
INFO:     127.0.0.1:42528 - "POST /v1/completions HTTP/1.1" 200 OK
Worker: http://localhost:8001, Running: 30.0, Waiting: 0.0
Worker: http://localhost:8001, qlen: 30.0
Worker: http://localhost:8001, Tokens: 404596.0
Worker: http://localhost:8002, Running: 31.0, Waiting: 0.0
Worker: http://localhost:8002, qlen: 31.0
Worker: http://localhost:8002, Tokens: 398321.0
Selected worker: http://localhost:8001
INFO:     127.0.0.1:42538 - "POST /v1/completions HTTP/1.1" 200 OK
Worker: http://localhost:8001, Running: 31.0, Waiting: 0.0
Worker: http://localhost:8001, qlen: 31.0
Worker: http://localhost:8001, Tokens: 407265.0
Worker: http://localhost:8002, Running: 33.0, Waiting: 0.0
Worker: http://localhost:8002, qlen: 33.0
Worker: http://localhost:8002, Tokens: 398843.0
Selected worker: http://localhost:8001
Worker: http://localhost:8001, Running: 31.0, Waiting: 0.0
Worker: http://localhost:8001, qlen: 31.0
Worker: http://localhost:8001, Tokens: 407542.0
Worker: http://localhost:8002, Running: 33.0, Waiting: 0.0
Worker: http://localhost:8002, qlen: 33.0
Worker: http://localhost:8002, Tokens: 398843.0
Selected worker: http://localhost:8001
INFO:     127.0.0.1:42544 - "POST /v1/completions HTTP/1.1" 200 OK
INFO:     127.0.0.1:42556 - "POST /v1/completions HTTP/1.1" 200 OK
Worker: http://localhost:8001, Running: 30.0, Waiting: 0.0
Worker: http://localhost:8001, qlen: 30.0
Worker: http://localhost:8001, Tokens: 408056.0
Worker: http://localhost:8002, Running: 33.0, Waiting: 0.0
Worker: http://localhost:8002, qlen: 33.0
Worker: http://localhost:8002, Tokens: 393022.0
Selected worker: http://localhost:8001
INFO:     127.0.0.1:42560 - "POST /v1/completions HTTP/1.1" 200 OK
Worker: http://localhost:8001, Running: 32.0, Waiting: 0.0
Worker: http://localhost:8001, qlen: 32.0
Worker: http://localhost:8001, Tokens: 410863.0
Worker: http://localhost:8002, Running: 32.0, Waiting: 0.0
Worker: http://localhost:8002, qlen: 32.0
Worker: http://localhost:8002, Tokens: 399994.0
Selected worker: http://localhost:8001
INFO:     127.0.0.1:41050 - "POST /v1/completions HTTP/1.1" 200 OK
Worker: http://localhost:8001, Running: 33.0, Waiting: 0.0
Worker: http://localhost:8001, qlen: 33.0
Worker: http://localhost:8001, Tokens: 411017.0
Worker: http://localhost:8002, Running: 31.0, Waiting: 0.0
Worker: http://localhost:8002, qlen: 31.0
Worker: http://localhost:8002, Tokens: 400826.0
Selected worker: http://localhost:8002
INFO:     127.0.0.1:41060 - "POST /v1/completions HTTP/1.1" 200 OK
Worker: http://localhost:8001, Running: 32.0, Waiting: 0.0
Worker: http://localhost:8001, qlen: 32.0
Worker: http://localhost:8001, Tokens: 412158.0
Worker: http://localhost:8002, Running: 32.0, Waiting: 0.0
Worker: http://localhost:8002, qlen: 32.0
Worker: http://localhost:8002, Tokens: 401123.0
Selected worker: http://localhost:8001
INFO:     127.0.0.1:41076 - "POST /v1/completions HTTP/1.1" 200 OK
Worker: http://localhost:8001, Running: 32.0, Waiting: 0.0
Worker: http://localhost:8001, qlen: 32.0
Worker: http://localhost:8001, Tokens: 412428.0
Worker: http://localhost:8002, Running: 32.0, Waiting: 0.0
Worker: http://localhost:8002, qlen: 32.0
Worker: http://localhost:8002, Tokens: 401123.0
Selected worker: http://localhost:8001
INFO:     127.0.0.1:41088 - "POST /v1/completions HTTP/1.1" 200 OK
Worker: http://localhost:8001, Running: 32.0, Waiting: 0.0
Worker: http://localhost:8001, qlen: 32.0
Worker: http://localhost:8001, Tokens: 412413.0
Worker: http://localhost:8002, Running: 30.0, Waiting: 0.0
Worker: http://localhost:8002, qlen: 30.0
Worker: http://localhost:8002, Tokens: 401874.0
Selected worker: http://localhost:8002
INFO:     127.0.0.1:41100 - "POST /v1/completions HTTP/1.1" 200 OK
Worker: http://localhost:8001, Running: 33.0, Waiting: 0.0
Worker: http://localhost:8001, qlen: 33.0
Worker: http://localhost:8001, Tokens: 412668.0
Worker: http://localhost:8002, Running: 31.0, Waiting: 0.0
Worker: http://localhost:8002, qlen: 31.0
Worker: http://localhost:8002, Tokens: 402532.0
Selected worker: http://localhost:8002
INFO:     127.0.0.1:41114 - "POST /v1/completions HTTP/1.1" 200 OK
Worker: http://localhost:8001, Running: 32.0, Waiting: 0.0
Worker: http://localhost:8001, qlen: 32.0
Worker: http://localhost:8001, Tokens: 412927.0
Worker: http://localhost:8002, Running: 31.0, Waiting: 0.0
Worker: http://localhost:8002, qlen: 31.0
Worker: http://localhost:8002, Tokens: 402656.0
Selected worker: http://localhost:8002
INFO:     127.0.0.1:41118 - "POST /v1/completions HTTP/1.1" 200 OK
Worker: http://localhost:8001, Running: 31.0, Waiting: 0.0
Worker: http://localhost:8001, qlen: 31.0
Worker: http://localhost:8001, Tokens: 413999.0
Worker: http://localhost:8002, Running: 33.0, Waiting: 0.0
Worker: http://localhost:8002, qlen: 33.0
Worker: http://localhost:8002, Tokens: 403740.0
Selected worker: http://localhost:8001
INFO:     127.0.0.1:41122 - "POST /v1/completions HTTP/1.1" 200 OK
Worker: http://localhost:8001, Running: 31.0, Waiting: 0.0
Worker: http://localhost:8001, qlen: 31.0
Worker: http://localhost:8001, Tokens: 414732.0
Worker: http://localhost:8002, Running: 33.0, Waiting: 0.0
Worker: http://localhost:8002, qlen: 33.0
Worker: http://localhost:8002, Tokens: 404031.0
Selected worker: http://localhost:8001
INFO:     127.0.0.1:41132 - "POST /v1/completions HTTP/1.1" 200 OK
Worker: http://localhost:8001, Running: 32.0, Waiting: 0.0
Worker: http://localhost:8001, qlen: 32.0
Worker: http://localhost:8001, Tokens: 414984.0
Worker: http://localhost:8002, Running: 32.0, Waiting: 0.0
Worker: http://localhost:8002, qlen: 32.0
Worker: http://localhost:8002, Tokens: 405071.0
Selected worker: http://localhost:8001
Worker: http://localhost:8001, Running: 32.0, Waiting: 0.0
Worker: http://localhost:8001, qlen: 32.0
Worker: http://localhost:8001, Tokens: 415246.0
Worker: http://localhost:8002, Running: 32.0, Waiting: 0.0
Worker: http://localhost:8002, qlen: 32.0
Worker: http://localhost:8002, Tokens: 405071.0
Selected worker: http://localhost:8002
INFO:     127.0.0.1:41138 - "POST /v1/completions HTTP/1.1" 200 OK
INFO:     127.0.0.1:41140 - "POST /v1/completions HTTP/1.1" 200 OK
Worker: http://localhost:8001, Running: 30.0, Waiting: 0.0
Worker: http://localhost:8001, qlen: 30.0
Worker: http://localhost:8001, Tokens: 415613.0
Worker: http://localhost:8002, Running: 32.0, Waiting: 0.0
Worker: http://localhost:8002, qlen: 32.0
Worker: http://localhost:8002, Tokens: 404998.0
Selected worker: http://localhost:8001
INFO:     127.0.0.1:41156 - "POST /v1/completions HTTP/1.1" 200 OK
Worker: http://localhost:8001, Running: 32.0, Waiting: 0.0
Worker: http://localhost:8001, qlen: 32.0
Worker: http://localhost:8001, Tokens: 416342.0
Worker: http://localhost:8002, Running: 32.0, Waiting: 0.0
Worker: http://localhost:8002, qlen: 32.0
Worker: http://localhost:8002, Tokens: 405678.0
Selected worker: http://localhost:8002
INFO:     127.0.0.1:41168 - "POST /v1/completions HTTP/1.1" 200 OK
Worker: http://localhost:8001, Running: 32.0, Waiting: 0.0
Worker: http://localhost:8001, qlen: 32.0
Worker: http://localhost:8001, Tokens: 416502.0
Worker: http://localhost:8002, Running: 31.0, Waiting: 0.0
Worker: http://localhost:8002, qlen: 31.0
Worker: http://localhost:8002, Tokens: 404225.0
Selected worker: http://localhost:8002
INFO:     127.0.0.1:41174 - "POST /v1/completions HTTP/1.1" 200 OK
Worker: http://localhost:8001, Running: 32.0, Waiting: 0.0
Worker: http://localhost:8001, qlen: 32.0
Worker: http://localhost:8001, Tokens: 416758.0
Worker: http://localhost:8002, Running: 30.0, Waiting: 0.0
Worker: http://localhost:8002, qlen: 30.0
Worker: http://localhost:8002, Tokens: 405869.0
Selected worker: http://localhost:8002
INFO:     127.0.0.1:41180 - "POST /v1/completions HTTP/1.1" 200 OK
Worker: http://localhost:8001, Running: 32.0, Waiting: 0.0
Worker: http://localhost:8001, qlen: 32.0
Worker: http://localhost:8001, Tokens: 417357.0
Worker: http://localhost:8002, Running: 32.0, Waiting: 0.0
Worker: http://localhost:8002, qlen: 32.0
Worker: http://localhost:8002, Tokens: 410035.0
Selected worker: http://localhost:8001
INFO:     127.0.0.1:41192 - "POST /v1/completions HTTP/1.1" 200 OK
Worker: http://localhost:8001, Running: 32.0, Waiting: 0.0
Worker: http://localhost:8001, qlen: 32.0
Worker: http://localhost:8001, Tokens: 417892.0
Worker: http://localhost:8002, Running: 32.0, Waiting: 0.0
Worker: http://localhost:8002, qlen: 32.0
Worker: http://localhost:8002, Tokens: 410483.0
Selected worker: http://localhost:8001
INFO:     127.0.0.1:41196 - "POST /v1/completions HTTP/1.1" 200 OK
Worker: http://localhost:8001, Running: 32.0, Waiting: 0.0
Worker: http://localhost:8001, qlen: 32.0
Worker: http://localhost:8001, Tokens: 417368.0
Worker: http://localhost:8002, Running: 32.0, Waiting: 0.0
Worker: http://localhost:8002, qlen: 32.0
Worker: http://localhost:8002, Tokens: 411315.0
Selected worker: http://localhost:8002
INFO:     127.0.0.1:41200 - "POST /v1/completions HTTP/1.1" 200 OK
Worker: http://localhost:8001, Running: 31.0, Waiting: 0.0
Worker: http://localhost:8001, qlen: 31.0
Worker: http://localhost:8001, Tokens: 420307.0
Worker: http://localhost:8002, Running: 32.0, Waiting: 0.0
Worker: http://localhost:8002, qlen: 32.0
Worker: http://localhost:8002, Tokens: 411443.0
Selected worker: http://localhost:8001
INFO:     127.0.0.1:41216 - "POST /v1/completions HTTP/1.1" 200 OK
Worker: http://localhost:8001, Running: 30.0, Waiting: 0.0
Worker: http://localhost:8001, qlen: 30.0
Worker: http://localhost:8001, Tokens: 420445.0
Worker: http://localhost:8002, Running: 32.0, Waiting: 0.0
Worker: http://localhost:8002, qlen: 32.0
Worker: http://localhost:8002, Tokens: 411443.0
Selected worker: http://localhost:8001
INFO:     127.0.0.1:41220 - "POST /v1/completions HTTP/1.1" 200 OK
Worker: http://localhost:8001, Running: 30.0, Waiting: 0.0
Worker: http://localhost:8001, qlen: 30.0
Worker: http://localhost:8001, Tokens: 420716.0
Worker: http://localhost:8002, Running: 33.0, Waiting: 0.0
Worker: http://localhost:8002, qlen: 33.0
Worker: http://localhost:8002, Tokens: 411343.0
Selected worker: http://localhost:8001
INFO:     127.0.0.1:41224 - "POST /v1/completions HTTP/1.1" 200 OK
Worker: http://localhost:8001, Running: 32.0, Waiting: 0.0
Worker: http://localhost:8001, qlen: 32.0
Worker: http://localhost:8001, Tokens: 421545.0
Worker: http://localhost:8002, Running: 32.0, Waiting: 0.0
Worker: http://localhost:8002, qlen: 32.0
Worker: http://localhost:8002, Tokens: 410617.0
Selected worker: http://localhost:8001
INFO:     127.0.0.1:41226 - "POST /v1/completions HTTP/1.1" 200 OK
Worker: http://localhost:8001, Running: 32.0, Waiting: 0.0
Worker: http://localhost:8001, qlen: 32.0
Worker: http://localhost:8001, Tokens: 421673.0
Worker: http://localhost:8002, Running: 32.0, Waiting: 0.0
Worker: http://localhost:8002, qlen: 32.0
Worker: http://localhost:8002, Tokens: 410084.0
Selected worker: http://localhost:8001
INFO:     127.0.0.1:41238 - "POST /v1/completions HTTP/1.1" 200 OK
Worker: http://localhost:8001, Running: 32.0, Waiting: 0.0
Worker: http://localhost:8001, qlen: 32.0
Worker: http://localhost:8001, Tokens: 423280.0
Worker: http://localhost:8002, Running: 32.0, Waiting: 0.0
Worker: http://localhost:8002, qlen: 32.0
Worker: http://localhost:8002, Tokens: 410084.0
Selected worker: http://localhost:8001
INFO:     127.0.0.1:41242 - "POST /v1/completions HTTP/1.1" 200 OK
Worker: http://localhost:8001, Running: 35.0, Waiting: 0.0
Worker: http://localhost:8001, qlen: 35.0
Worker: http://localhost:8001, Tokens: 427274.0
Worker: http://localhost:8002, Running: 29.0, Waiting: 0.0
Worker: http://localhost:8002, qlen: 29.0
Worker: http://localhost:8002, Tokens: 409966.0
Selected worker: http://localhost:8002
INFO:     127.0.0.1:52220 - "POST /v1/completions HTTP/1.1" 200 OK
Worker: http://localhost:8001, Running: 35.0, Waiting: 0.0
Worker: http://localhost:8001, qlen: 35.0
Worker: http://localhost:8001, Tokens: 427503.0
Worker: http://localhost:8002, Running: 29.0, Waiting: 0.0
Worker: http://localhost:8002, qlen: 29.0
Worker: http://localhost:8002, Tokens: 413867.0
Selected worker: http://localhost:8002
INFO:     127.0.0.1:52222 - "POST /v1/completions HTTP/1.1" 200 OK
Worker: http://localhost:8001, Running: 34.0, Waiting: 0.0
Worker: http://localhost:8001, qlen: 34.0
Worker: http://localhost:8001, Tokens: 428616.0
Worker: http://localhost:8002, Running: 30.0, Waiting: 0.0
Worker: http://localhost:8002, qlen: 30.0
Worker: http://localhost:8002, Tokens: 415902.0
Selected worker: http://localhost:8002
INFO:     127.0.0.1:52236 - "POST /v1/completions HTTP/1.1" 200 OK
Worker: http://localhost:8001, Running: 34.0, Waiting: 0.0
Worker: http://localhost:8001, qlen: 34.0
Worker: http://localhost:8001, Tokens: 428889.0
Worker: http://localhost:8002, Running: 30.0, Waiting: 0.0
Worker: http://localhost:8002, qlen: 30.0
Worker: http://localhost:8002, Tokens: 416708.0
Selected worker: http://localhost:8002
INFO:     127.0.0.1:52240 - "POST /v1/completions HTTP/1.1" 200 OK
Worker: http://localhost:8001, Running: 33.0, Waiting: 0.0
Worker: http://localhost:8001, qlen: 33.0
Worker: http://localhost:8001, Tokens: 428799.0
Worker: http://localhost:8002, Running: 30.0, Waiting: 0.0
Worker: http://localhost:8002, qlen: 30.0
Worker: http://localhost:8002, Tokens: 416798.0
Selected worker: http://localhost:8002
Worker: http://localhost:8001, Running: 33.0, Waiting: 0.0
Worker: http://localhost:8001, qlen: 33.0
Worker: http://localhost:8001, Tokens: 428799.0
Worker: http://localhost:8002, Running: 30.0, Waiting: 0.0
Worker: http://localhost:8002, qlen: 30.0
Worker: http://localhost:8002, Tokens: 417065.0
Selected worker: http://localhost:8002
INFO:     127.0.0.1:52242 - "POST /v1/completions HTTP/1.1" 200 OK
INFO:     127.0.0.1:52252 - "POST /v1/completions HTTP/1.1" 200 OK
Worker: http://localhost:8001, Running: 31.0, Waiting: 0.0
Worker: http://localhost:8001, qlen: 31.0
Worker: http://localhost:8001, Tokens: 429811.0
Worker: http://localhost:8002, Running: 33.0, Waiting: 0.0
Worker: http://localhost:8002, qlen: 33.0
Worker: http://localhost:8002, Tokens: 419654.0
Selected worker: http://localhost:8001
INFO:     127.0.0.1:52264 - "POST /v1/completions HTTP/1.1" 200 OK
Worker: http://localhost:8001, Running: 31.0, Waiting: 0.0
Worker: http://localhost:8001, qlen: 31.0
Worker: http://localhost:8001, Tokens: 431019.0
Worker: http://localhost:8002, Running: 33.0, Waiting: 0.0
Worker: http://localhost:8002, qlen: 33.0
Worker: http://localhost:8002, Tokens: 420259.0
Selected worker: http://localhost:8001
INFO:     127.0.0.1:52270 - "POST /v1/completions HTTP/1.1" 200 OK
Worker: http://localhost:8001, Running: 32.0, Waiting: 0.0
Worker: http://localhost:8001, qlen: 32.0
Worker: http://localhost:8001, Tokens: 433430.0
Worker: http://localhost:8002, Running: 32.0, Waiting: 0.0
Worker: http://localhost:8002, qlen: 32.0
Worker: http://localhost:8002, Tokens: 421436.0
Selected worker: http://localhost:8002
INFO:     127.0.0.1:52286 - "POST /v1/completions HTTP/1.1" 200 OK
Worker: http://localhost:8001, Running: 32.0, Waiting: 0.0
Worker: http://localhost:8001, qlen: 32.0
Worker: http://localhost:8001, Tokens: 434038.0
Worker: http://localhost:8002, Running: 32.0, Waiting: 0.0
Worker: http://localhost:8002, qlen: 32.0
Worker: http://localhost:8002, Tokens: 422106.0
Selected worker: http://localhost:8002
INFO:     127.0.0.1:52294 - "POST /v1/completions HTTP/1.1" 200 OK
Worker: http://localhost:8001, Running: 32.0, Waiting: 0.0
Worker: http://localhost:8001, qlen: 32.0
Worker: http://localhost:8001, Tokens: 434198.0
Worker: http://localhost:8002, Running: 31.0, Waiting: 0.0
Worker: http://localhost:8002, qlen: 31.0
Worker: http://localhost:8002, Tokens: 422195.0
Selected worker: http://localhost:8002
INFO:     127.0.0.1:52298 - "POST /v1/completions HTTP/1.1" 200 OK
Worker: http://localhost:8001, Running: 32.0, Waiting: 0.0
Worker: http://localhost:8001, qlen: 32.0
Worker: http://localhost:8001, Tokens: 434568.0
Worker: http://localhost:8002, Running: 32.0, Waiting: 0.0
Worker: http://localhost:8002, qlen: 32.0
Worker: http://localhost:8002, Tokens: 423304.0
Selected worker: http://localhost:8001
INFO:     127.0.0.1:52312 - "POST /v1/completions HTTP/1.1" 200 OK
Worker: http://localhost:8001, Running: 32.0, Waiting: 0.0
Worker: http://localhost:8001, qlen: 32.0
Worker: http://localhost:8001, Tokens: 436734.0
Worker: http://localhost:8002, Running: 32.0, Waiting: 0.0
Worker: http://localhost:8002, qlen: 32.0
Worker: http://localhost:8002, Tokens: 424960.0
Selected worker: http://localhost:8002
INFO:     127.0.0.1:52326 - "POST /v1/completions HTTP/1.1" 200 OK
Worker: http://localhost:8001, Running: 32.0, Waiting: 0.0
Worker: http://localhost:8001, qlen: 32.0
Worker: http://localhost:8001, Tokens: 437470.0
Worker: http://localhost:8002, Running: 32.0, Waiting: 0.0
Worker: http://localhost:8002, qlen: 32.0
Worker: http://localhost:8002, Tokens: 426903.0
Selected worker: http://localhost:8001
INFO:     127.0.0.1:52334 - "POST /v1/completions HTTP/1.1" 200 OK
Worker: http://localhost:8001, Running: 32.0, Waiting: 0.0
Worker: http://localhost:8001, qlen: 32.0
Worker: http://localhost:8001, Tokens: 437598.0
Worker: http://localhost:8002, Running: 31.0, Waiting: 0.0
Worker: http://localhost:8002, qlen: 31.0
Worker: http://localhost:8002, Tokens: 426980.0
Selected worker: http://localhost:8002
INFO:     127.0.0.1:52342 - "POST /v1/completions HTTP/1.1" 200 OK
Worker: http://localhost:8001, Running: 33.0, Waiting: 0.0
Worker: http://localhost:8001, qlen: 33.0
Worker: http://localhost:8001, Tokens: 437935.0
Worker: http://localhost:8002, Running: 31.0, Waiting: 0.0
Worker: http://localhost:8002, qlen: 31.0
Worker: http://localhost:8002, Tokens: 430064.0
Selected worker: http://localhost:8002
INFO:     127.0.0.1:52794 - "POST /v1/completions HTTP/1.1" 200 OK
Worker: http://localhost:8001, Running: 32.0, Waiting: 0.0
Worker: http://localhost:8001, qlen: 32.0
Worker: http://localhost:8001, Tokens: 438523.0
Worker: http://localhost:8002, Running: 32.0, Waiting: 0.0
Worker: http://localhost:8002, qlen: 32.0
Worker: http://localhost:8002, Tokens: 428469.0
Selected worker: http://localhost:8001
INFO:     127.0.0.1:52808 - "POST /v1/completions HTTP/1.1" 200 OK
Worker: http://localhost:8001, Running: 33.0, Waiting: 0.0
Worker: http://localhost:8001, qlen: 33.0
Worker: http://localhost:8001, Tokens: 443644.0
Worker: http://localhost:8002, Running: 31.0, Waiting: 0.0
Worker: http://localhost:8002, qlen: 31.0
Worker: http://localhost:8002, Tokens: 432974.0
Selected worker: http://localhost:8002
INFO:     127.0.0.1:52822 - "POST /v1/completions HTTP/1.1" 200 OK
Worker: http://localhost:8001, Running: 32.0, Waiting: 0.0
Worker: http://localhost:8001, qlen: 32.0
Worker: http://localhost:8001, Tokens: 442636.0
Worker: http://localhost:8002, Running: 31.0, Waiting: 0.0
Worker: http://localhost:8002, qlen: 31.0
Worker: http://localhost:8002, Tokens: 433098.0
Selected worker: http://localhost:8002
INFO:     127.0.0.1:52832 - "POST /v1/completions HTTP/1.1" 200 OK
Worker: http://localhost:8001, Running: 31.0, Waiting: 0.0
Worker: http://localhost:8001, qlen: 31.0
Worker: http://localhost:8001, Tokens: 440524.0
Worker: http://localhost:8002, Running: 31.0, Waiting: 0.0
Worker: http://localhost:8002, qlen: 31.0
Worker: http://localhost:8002, Tokens: 434447.0
Selected worker: http://localhost:8001
INFO:     127.0.0.1:52836 - "POST /v1/completions HTTP/1.1" 200 OK
Worker: http://localhost:8001, Running: 31.0, Waiting: 0.0
Worker: http://localhost:8001, qlen: 31.0
Worker: http://localhost:8001, Tokens: 444539.0
Worker: http://localhost:8002, Running: 33.0, Waiting: 0.0
Worker: http://localhost:8002, qlen: 33.0
Worker: http://localhost:8002, Tokens: 433823.0
Selected worker: http://localhost:8001
INFO:     127.0.0.1:52850 - "POST /v1/completions HTTP/1.1" 200 OK
Worker: http://localhost:8001, Running: 31.0, Waiting: 0.0
Worker: http://localhost:8001, qlen: 31.0
Worker: http://localhost:8001, Tokens: 448249.0
Worker: http://localhost:8002, Running: 33.0, Waiting: 0.0
Worker: http://localhost:8002, qlen: 33.0
Worker: http://localhost:8002, Tokens: 433823.0
Selected worker: http://localhost:8001
INFO:     127.0.0.1:52864 - "POST /v1/completions HTTP/1.1" 200 OK
Worker: http://localhost:8001, Running: 31.0, Waiting: 0.0
Worker: http://localhost:8001, qlen: 31.0
Worker: http://localhost:8001, Tokens: 444787.0
Worker: http://localhost:8002, Running: 31.0, Waiting: 0.0
Worker: http://localhost:8002, qlen: 31.0
Worker: http://localhost:8002, Tokens: 434154.0
Selected worker: http://localhost:8001
INFO:     127.0.0.1:52872 - "POST /v1/completions HTTP/1.1" 200 OK
Worker: http://localhost:8001, Running: 31.0, Waiting: 0.0
Worker: http://localhost:8001, qlen: 31.0
Worker: http://localhost:8001, Tokens: 445049.0
Worker: http://localhost:8002, Running: 30.0, Waiting: 0.0
Worker: http://localhost:8002, qlen: 30.0
Worker: http://localhost:8002, Tokens: 433932.0
Selected worker: http://localhost:8002
INFO:     127.0.0.1:52888 - "POST /v1/completions HTTP/1.1" 200 OK
Worker: http://localhost:8001, Running: 34.0, Waiting: 0.0
Worker: http://localhost:8001, qlen: 34.0
Worker: http://localhost:8001, Tokens: 445968.0
Worker: http://localhost:8002, Running: 30.0, Waiting: 0.0
Worker: http://localhost:8002, qlen: 30.0
Worker: http://localhost:8002, Tokens: 436481.0
Selected worker: http://localhost:8002
INFO:     127.0.0.1:52896 - "POST /v1/completions HTTP/1.1" 200 OK
Worker: http://localhost:8001, Running: 33.0, Waiting: 0.0
Worker: http://localhost:8001, qlen: 33.0
Worker: http://localhost:8001, Tokens: 450752.0
Worker: http://localhost:8002, Running: 31.0, Waiting: 0.0
Worker: http://localhost:8002, qlen: 31.0
Worker: http://localhost:8002, Tokens: 438047.0
Selected worker: http://localhost:8002
INFO:     127.0.0.1:52910 - "POST /v1/completions HTTP/1.1" 200 OK
Worker: http://localhost:8001, Running: 32.0, Waiting: 0.0
Worker: http://localhost:8001, qlen: 32.0
Worker: http://localhost:8001, Tokens: 451313.0
Worker: http://localhost:8002, Running: 31.0, Waiting: 0.0
Worker: http://localhost:8002, qlen: 31.0
Worker: http://localhost:8002, Tokens: 438774.0
Selected worker: http://localhost:8002
INFO:     127.0.0.1:52916 - "POST /v1/completions HTTP/1.1" 200 OK
Worker: http://localhost:8001, Running: 32.0, Waiting: 0.0
Worker: http://localhost:8001, qlen: 32.0
Worker: http://localhost:8001, Tokens: 451313.0
Worker: http://localhost:8002, Running: 31.0, Waiting: 0.0
Worker: http://localhost:8002, qlen: 31.0
Worker: http://localhost:8002, Tokens: 436307.0
Selected worker: http://localhost:8002
Worker: http://localhost:8001, Running: 32.0, Waiting: 0.0
Worker: http://localhost:8001, qlen: 32.0
Worker: http://localhost:8001, Tokens: 451313.0
Worker: http://localhost:8002, Running: 31.0, Waiting: 0.0
Worker: http://localhost:8002, qlen: 31.0
Worker: http://localhost:8002, Tokens: 439399.0
Selected worker: http://localhost:8002
INFO:     127.0.0.1:52920 - "POST /v1/completions HTTP/1.1" 200 OK
INFO:     127.0.0.1:52926 - "POST /v1/completions HTTP/1.1" 200 OK
Worker: http://localhost:8001, Running: 32.0, Waiting: 0.0
Worker: http://localhost:8001, qlen: 32.0
Worker: http://localhost:8001, Tokens: 451418.0
Worker: http://localhost:8002, Running: 31.0, Waiting: 1.0
Worker: http://localhost:8002, qlen: 31.0
Worker: http://localhost:8002, Tokens: 439134.0
Selected worker: http://localhost:8002
INFO:     127.0.0.1:52928 - "POST /v1/completions HTTP/1.1" 200 OK
Worker: http://localhost:8001, Running: 31.0, Waiting: 0.0
Worker: http://localhost:8001, qlen: 31.0
Worker: http://localhost:8001, Tokens: 451531.0
Worker: http://localhost:8002, Running: 31.0, Waiting: 1.0
Worker: http://localhost:8002, qlen: 31.0
Worker: http://localhost:8002, Tokens: 439407.0
Selected worker: http://localhost:8002
INFO:     127.0.0.1:52934 - "POST /v1/completions HTTP/1.1" 200 OK
Worker: http://localhost:8001, Running: 31.0, Waiting: 0.0
Worker: http://localhost:8001, qlen: 31.0
Worker: http://localhost:8001, Tokens: 451531.0
Worker: http://localhost:8002, Running: 31.0, Waiting: 0.0
Worker: http://localhost:8002, qlen: 31.0
Worker: http://localhost:8002, Tokens: 441879.0
Selected worker: http://localhost:8002
INFO:     127.0.0.1:52944 - "POST /v1/completions HTTP/1.1" 200 OK
Worker: http://localhost:8001, Running: 30.0, Waiting: 0.0
Worker: http://localhost:8001, qlen: 30.0
Worker: http://localhost:8001, Tokens: 452694.0
Worker: http://localhost:8002, Running: 34.0, Waiting: 0.0
Worker: http://localhost:8002, qlen: 34.0
Worker: http://localhost:8002, Tokens: 447272.0
Selected worker: http://localhost:8001
INFO:     127.0.0.1:52950 - "POST /v1/completions HTTP/1.1" 200 OK
Worker: http://localhost:8001, Running: 31.0, Waiting: 0.0
Worker: http://localhost:8001, qlen: 31.0
Worker: http://localhost:8001, Tokens: 452891.0
Worker: http://localhost:8002, Running: 33.0, Waiting: 0.0
Worker: http://localhost:8002, qlen: 33.0
Worker: http://localhost:8002, Tokens: 448845.0
Selected worker: http://localhost:8001
INFO:     127.0.0.1:52954 - "POST /v1/completions HTTP/1.1" 200 OK
Worker: http://localhost:8001, Running: 32.0, Waiting: 0.0
Worker: http://localhost:8001, qlen: 32.0
Worker: http://localhost:8001, Tokens: 452523.0
Worker: http://localhost:8002, Running: 32.0, Waiting: 0.0
Worker: http://localhost:8002, qlen: 32.0
Worker: http://localhost:8002, Tokens: 450588.0
Selected worker: http://localhost:8001
INFO:     127.0.0.1:56552 - "POST /v1/completions HTTP/1.1" 200 OK
Worker: http://localhost:8001, Running: 32.0, Waiting: 0.0
Worker: http://localhost:8001, qlen: 32.0
Worker: http://localhost:8001, Tokens: 451036.0
Worker: http://localhost:8002, Running: 32.0, Waiting: 0.0
Worker: http://localhost:8002, qlen: 32.0
Worker: http://localhost:8002, Tokens: 450684.0
Selected worker: http://localhost:8002
INFO:     127.0.0.1:56558 - "POST /v1/completions HTTP/1.1" 200 OK
Worker: http://localhost:8001, Running: 31.0, Waiting: 0.0
Worker: http://localhost:8001, qlen: 31.0
Worker: http://localhost:8001, Tokens: 456403.0
Worker: http://localhost:8002, Running: 33.0, Waiting: 0.0
Worker: http://localhost:8002, qlen: 33.0
Worker: http://localhost:8002, Tokens: 450757.0
Selected worker: http://localhost:8001
INFO:     127.0.0.1:56574 - "POST /v1/completions HTTP/1.1" 200 OK
Worker: http://localhost:8001, Running: 31.0, Waiting: 0.0
Worker: http://localhost:8001, qlen: 31.0
Worker: http://localhost:8001, Tokens: 455013.0
Worker: http://localhost:8002, Running: 32.0, Waiting: 0.0
Worker: http://localhost:8002, qlen: 32.0
Worker: http://localhost:8002, Tokens: 451297.0
Selected worker: http://localhost:8001
INFO:     127.0.0.1:56578 - "POST /v1/completions HTTP/1.1" 200 OK
Worker: http://localhost:8001, Running: 31.0, Waiting: 0.0
Worker: http://localhost:8001, qlen: 31.0
Worker: http://localhost:8001, Tokens: 455277.0
Worker: http://localhost:8002, Running: 32.0, Waiting: 0.0
Worker: http://localhost:8002, qlen: 32.0
Worker: http://localhost:8002, Tokens: 451297.0
Selected worker: http://localhost:8001
INFO:     127.0.0.1:56582 - "POST /v1/completions HTTP/1.1" 200 OK
Worker: http://localhost:8001, Running: 30.0, Waiting: 0.0
Worker: http://localhost:8001, qlen: 30.0
Worker: http://localhost:8001, Tokens: 456805.0
Worker: http://localhost:8002, Running: 32.0, Waiting: 0.0
Worker: http://localhost:8002, qlen: 32.0
Worker: http://localhost:8002, Tokens: 451214.0
Selected worker: http://localhost:8001
INFO:     127.0.0.1:56594 - "POST /v1/completions HTTP/1.1" 200 OK
Worker: http://localhost:8001, Running: 31.0, Waiting: 1.0
Worker: http://localhost:8001, qlen: 31.0
Worker: http://localhost:8001, Tokens: 456835.0
Worker: http://localhost:8002, Running: 31.0, Waiting: 0.0
Worker: http://localhost:8002, qlen: 31.0
Worker: http://localhost:8002, Tokens: 451435.0
Selected worker: http://localhost:8001
INFO:     127.0.0.1:56610 - "POST /v1/completions HTTP/1.1" 200 OK
Worker: http://localhost:8001, Running: 31.0, Waiting: 1.0
Worker: http://localhost:8001, qlen: 31.0
Worker: http://localhost:8001, Tokens: 457103.0
Worker: http://localhost:8002, Running: 30.0, Waiting: 0.0
Worker: http://localhost:8002, qlen: 30.0
Worker: http://localhost:8002, Tokens: 451528.0
Selected worker: http://localhost:8002
INFO:     127.0.0.1:56614 - "POST /v1/completions HTTP/1.1" 200 OK
Worker: http://localhost:8001, Running: 34.0, Waiting: 0.0
Worker: http://localhost:8001, qlen: 34.0
Worker: http://localhost:8001, Tokens: 458423.0
Worker: http://localhost:8002, Running: 30.0, Waiting: 0.0
Worker: http://localhost:8002, qlen: 30.0
Worker: http://localhost:8002, Tokens: 450667.0
Selected worker: http://localhost:8002
INFO:     127.0.0.1:56624 - "POST /v1/completions HTTP/1.1" 200 OK
Worker: http://localhost:8001, Running: 34.0, Waiting: 0.0
Worker: http://localhost:8001, qlen: 34.0
Worker: http://localhost:8001, Tokens: 458423.0
Worker: http://localhost:8002, Running: 30.0, Waiting: 0.0
Worker: http://localhost:8002, qlen: 30.0
Worker: http://localhost:8002, Tokens: 450931.0
Selected worker: http://localhost:8002
INFO:     127.0.0.1:56626 - "POST /v1/completions HTTP/1.1" 200 OK
Worker: http://localhost:8001, Running: 33.0, Waiting: 0.0
Worker: http://localhost:8001, qlen: 33.0
Worker: http://localhost:8001, Tokens: 460044.0
Worker: http://localhost:8002, Running: 31.0, Waiting: 0.0
Worker: http://localhost:8002, qlen: 31.0
Worker: http://localhost:8002, Tokens: 452679.0
Selected worker: http://localhost:8002
INFO:     127.0.0.1:56642 - "POST /v1/completions HTTP/1.1" 200 OK
Worker: http://localhost:8001, Running: 32.0, Waiting: 0.0
Worker: http://localhost:8001, qlen: 32.0
Worker: http://localhost:8001, Tokens: 460269.0
Worker: http://localhost:8002, Running: 31.0, Waiting: 0.0
Worker: http://localhost:8002, qlen: 31.0
Worker: http://localhost:8002, Tokens: 452834.0
Selected worker: http://localhost:8002
INFO:     127.0.0.1:56648 - "POST /v1/completions HTTP/1.1" 200 OK
Worker: http://localhost:8001, Running: 31.0, Waiting: 0.0
Worker: http://localhost:8001, qlen: 31.0
Worker: http://localhost:8001, Tokens: 460821.0
Worker: http://localhost:8002, Running: 33.0, Waiting: 0.0
Worker: http://localhost:8002, qlen: 33.0
Worker: http://localhost:8002, Tokens: 451687.0
Selected worker: http://localhost:8001
INFO:     127.0.0.1:56652 - "POST /v1/completions HTTP/1.1" 200 OK
Worker: http://localhost:8001, Running: 32.0, Waiting: 0.0
Worker: http://localhost:8001, qlen: 32.0
Worker: http://localhost:8001, Tokens: 458991.0
Worker: http://localhost:8002, Running: 32.0, Waiting: 0.0
Worker: http://localhost:8002, qlen: 32.0
Worker: http://localhost:8002, Tokens: 453312.0
Selected worker: http://localhost:8002
INFO:     127.0.0.1:56668 - "POST /v1/completions HTTP/1.1" 200 OK
Worker: http://localhost:8001, Running: 31.0, Waiting: 0.0
Worker: http://localhost:8001, qlen: 31.0
Worker: http://localhost:8001, Tokens: 461713.0
Worker: http://localhost:8002, Running: 33.0, Waiting: 0.0
Worker: http://localhost:8002, qlen: 33.0
Worker: http://localhost:8002, Tokens: 453836.0
Selected worker: http://localhost:8001
INFO:     127.0.0.1:56670 - "POST /v1/completions HTTP/1.1" 200 OK
Worker: http://localhost:8001, Running: 32.0, Waiting: 0.0
Worker: http://localhost:8001, qlen: 32.0
Worker: http://localhost:8001, Tokens: 462073.0
Worker: http://localhost:8002, Running: 32.0, Waiting: 0.0
Worker: http://localhost:8002, qlen: 32.0
Worker: http://localhost:8002, Tokens: 454600.0
Selected worker: http://localhost:8002
INFO:     127.0.0.1:56676 - "POST /v1/completions HTTP/1.1" 200 OK
Worker: http://localhost:8001, Running: 31.0, Waiting: 0.0
Worker: http://localhost:8001, qlen: 31.0
Worker: http://localhost:8001, Tokens: 462031.0
Worker: http://localhost:8002, Running: 32.0, Waiting: 0.0
Worker: http://localhost:8002, qlen: 32.0
Worker: http://localhost:8002, Tokens: 454824.0
Selected worker: http://localhost:8001
Worker: http://localhost:8001, Running: 31.0, Waiting: 0.0
Worker: http://localhost:8001, qlen: 31.0
Worker: http://localhost:8001, Tokens: 462305.0
Worker: http://localhost:8002, Running: 32.0, Waiting: 0.0
Worker: http://localhost:8002, qlen: 32.0
Worker: http://localhost:8002, Tokens: 454824.0
Selected worker: http://localhost:8001
INFO:     127.0.0.1:56680 - "POST /v1/completions HTTP/1.1" 200 OK
INFO:     127.0.0.1:56696 - "POST /v1/completions HTTP/1.1" 200 OK
Worker: http://localhost:8001, Running: 29.0, Waiting: 0.0
Worker: http://localhost:8001, qlen: 29.0
Worker: http://localhost:8001, Tokens: 462489.0
Worker: http://localhost:8002, Running: 33.0, Waiting: 0.0
Worker: http://localhost:8002, qlen: 33.0
Worker: http://localhost:8002, Tokens: 454934.0
Selected worker: http://localhost:8001
INFO:     127.0.0.1:56702 - "POST /v1/completions HTTP/1.1" 200 OK
Worker: http://localhost:8001, Running: 30.0, Waiting: 0.0
Worker: http://localhost:8001, qlen: 30.0
Worker: http://localhost:8001, Tokens: 462898.0
Worker: http://localhost:8002, Running: 33.0, Waiting: 0.0
Worker: http://localhost:8002, qlen: 33.0
Worker: http://localhost:8002, Tokens: 454997.0
Selected worker: http://localhost:8001
INFO:     127.0.0.1:56716 - "POST /v1/completions HTTP/1.1" 200 OK
Worker: http://localhost:8001, Running: 32.0, Waiting: 0.0
Worker: http://localhost:8001, qlen: 32.0
Worker: http://localhost:8001, Tokens: 463459.0
Worker: http://localhost:8002, Running: 32.0, Waiting: 0.0
Worker: http://localhost:8002, qlen: 32.0
Worker: http://localhost:8002, Tokens: 455204.0
Selected worker: http://localhost:8002
Worker: http://localhost:8001, Running: 32.0, Waiting: 0.0
Worker: http://localhost:8001, qlen: 32.0
Worker: http://localhost:8001, Tokens: 463459.0
Worker: http://localhost:8002, Running: 32.0, Waiting: 0.0
Worker: http://localhost:8002, qlen: 32.0
Worker: http://localhost:8002, Tokens: 458311.0
Selected worker: http://localhost:8002
INFO:     127.0.0.1:56732 - "POST /v1/completions HTTP/1.1" 200 OK
INFO:     127.0.0.1:56736 - "POST /v1/completions HTTP/1.1" 200 OK
Worker: http://localhost:8001, Running: 32.0, Waiting: 0.0
Worker: http://localhost:8001, qlen: 32.0
Worker: http://localhost:8001, Tokens: 464131.0
Worker: http://localhost:8002, Running: 32.0, Waiting: 0.0
Worker: http://localhost:8002, qlen: 32.0
Worker: http://localhost:8002, Tokens: 459089.0
Selected worker: http://localhost:8001
INFO:     127.0.0.1:56740 - "POST /v1/completions HTTP/1.1" 200 OK
Worker: http://localhost:8001, Running: 32.0, Waiting: 0.0
Worker: http://localhost:8001, qlen: 32.0
Worker: http://localhost:8001, Tokens: 463930.0
Worker: http://localhost:8002, Running: 32.0, Waiting: 0.0
Worker: http://localhost:8002, qlen: 32.0
Worker: http://localhost:8002, Tokens: 459089.0
Selected worker: http://localhost:8002
INFO:     127.0.0.1:56742 - "POST /v1/completions HTTP/1.1" 200 OK
Worker: http://localhost:8001, Running: 32.0, Waiting: 0.0
Worker: http://localhost:8001, qlen: 32.0
Worker: http://localhost:8001, Tokens: 463930.0
Worker: http://localhost:8002, Running: 31.0, Waiting: 0.0
Worker: http://localhost:8002, qlen: 31.0
Worker: http://localhost:8002, Tokens: 460711.0
Selected worker: http://localhost:8002
INFO:     127.0.0.1:56744 - "POST /v1/completions HTTP/1.1" 200 OK
Worker: http://localhost:8001, Running: 32.0, Waiting: 0.0
Worker: http://localhost:8001, qlen: 32.0
Worker: http://localhost:8001, Tokens: 460334.0
Worker: http://localhost:8002, Running: 32.0, Waiting: 0.0
Worker: http://localhost:8002, qlen: 32.0
Worker: http://localhost:8002, Tokens: 461296.0
Selected worker: http://localhost:8001
Worker: http://localhost:8001, Running: 32.0, Waiting: 0.0
Worker: http://localhost:8001, qlen: 32.0
Worker: http://localhost:8001, Tokens: 460613.0
Worker: http://localhost:8002, Running: 32.0, Waiting: 0.0
Worker: http://localhost:8002, qlen: 32.0
Worker: http://localhost:8002, Tokens: 461296.0
Selected worker: http://localhost:8001
INFO:     127.0.0.1:56756 - "POST /v1/completions HTTP/1.1" 200 OK
INFO:     127.0.0.1:56764 - "POST /v1/completions HTTP/1.1" 200 OK
Worker: http://localhost:8001, Running: 30.0, Waiting: 0.0
Worker: http://localhost:8001, qlen: 30.0
Worker: http://localhost:8001, Tokens: 463231.0
Worker: http://localhost:8002, Running: 32.0, Waiting: 0.0
Worker: http://localhost:8002, qlen: 32.0
Worker: http://localhost:8002, Tokens: 459583.0
Selected worker: http://localhost:8001
INFO:     127.0.0.1:56780 - "POST /v1/completions HTTP/1.1" 200 OK
Worker: http://localhost:8001, Running: 30.0, Waiting: 0.0
Worker: http://localhost:8001, qlen: 30.0
Worker: http://localhost:8001, Tokens: 463503.0
Worker: http://localhost:8002, Running: 32.0, Waiting: 0.0
Worker: http://localhost:8002, qlen: 32.0
Worker: http://localhost:8002, Tokens: 459583.0
Selected worker: http://localhost:8001
INFO:     127.0.0.1:56792 - "POST /v1/completions HTTP/1.1" 200 OK
Worker: http://localhost:8001, Running: 31.0, Waiting: 0.0
Worker: http://localhost:8001, qlen: 31.0
Worker: http://localhost:8001, Tokens: 465093.0
Worker: http://localhost:8002, Running: 31.0, Waiting: 0.0
Worker: http://localhost:8002, qlen: 31.0
Worker: http://localhost:8002, Tokens: 461421.0
Selected worker: http://localhost:8001
INFO:     127.0.0.1:56804 - "POST /v1/completions HTTP/1.1" 200 OK
Worker: http://localhost:8001, Running: 33.0, Waiting: 0.0
Worker: http://localhost:8001, qlen: 33.0
Worker: http://localhost:8001, Tokens: 464931.0
Worker: http://localhost:8002, Running: 31.0, Waiting: 0.0
Worker: http://localhost:8002, qlen: 31.0
Worker: http://localhost:8002, Tokens: 461421.0
Selected worker: http://localhost:8002
INFO:     127.0.0.1:56812 - "POST /v1/completions HTTP/1.1" 200 OK
Worker: http://localhost:8001, Running: 33.0, Waiting: 0.0
Worker: http://localhost:8001, qlen: 33.0
Worker: http://localhost:8001, Tokens: 464931.0
Worker: http://localhost:8002, Running: 30.0, Waiting: 0.0
Worker: http://localhost:8002, qlen: 30.0
Worker: http://localhost:8002, Tokens: 460450.0
Selected worker: http://localhost:8002
INFO:     127.0.0.1:56820 - "POST /v1/completions HTTP/1.1" 200 OK
Worker: http://localhost:8001, Running: 33.0, Waiting: 0.0
Worker: http://localhost:8001, qlen: 33.0
Worker: http://localhost:8001, Tokens: 466989.0
Worker: http://localhost:8002, Running: 31.0, Waiting: 0.0
Worker: http://localhost:8002, qlen: 31.0
Worker: http://localhost:8002, Tokens: 462599.0
Selected worker: http://localhost:8002
Worker: http://localhost:8001, Running: 33.0, Waiting: 0.0
Worker: http://localhost:8001, qlen: 33.0
Worker: http://localhost:8001, Tokens: 466989.0
Worker: http://localhost:8002, Running: 31.0, Waiting: 0.0
Worker: http://localhost:8002, qlen: 31.0
Worker: http://localhost:8002, Tokens: 463923.0
Selected worker: http://localhost:8002
INFO:     127.0.0.1:56832 - "POST /v1/completions HTTP/1.1" 200 OK
INFO:     127.0.0.1:56846 - "POST /v1/completions HTTP/1.1" 200 OK
Worker: http://localhost:8001, Running: 31.0, Waiting: 0.0
Worker: http://localhost:8001, qlen: 31.0
Worker: http://localhost:8001, Tokens: 467710.0
Worker: http://localhost:8002, Running: 31.0, Waiting: 0.0
Worker: http://localhost:8002, qlen: 31.0
Worker: http://localhost:8002, Tokens: 462426.0
Selected worker: http://localhost:8001
INFO:     127.0.0.1:56852 - "POST /v1/completions HTTP/1.1" 200 OK
Worker: http://localhost:8001, Running: 31.0, Waiting: 0.0
Worker: http://localhost:8001, qlen: 31.0
Worker: http://localhost:8001, Tokens: 469069.0
Worker: http://localhost:8002, Running: 31.0, Waiting: 0.0
Worker: http://localhost:8002, qlen: 31.0
Worker: http://localhost:8002, Tokens: 462426.0
Selected worker: http://localhost:8002
INFO:     127.0.0.1:56866 - "POST /v1/completions HTTP/1.1" 200 OK
Worker: http://localhost:8001, Running: 30.0, Waiting: 0.0
Worker: http://localhost:8001, qlen: 30.0
Worker: http://localhost:8001, Tokens: 467599.0
Worker: http://localhost:8002, Running: 32.0, Waiting: 0.0
Worker: http://localhost:8002, qlen: 32.0
Worker: http://localhost:8002, Tokens: 464135.0
Selected worker: http://localhost:8001
INFO:     127.0.0.1:56880 - "POST /v1/completions HTTP/1.1" 200 OK
Worker: http://localhost:8001, Running: 31.0, Waiting: 0.0
Worker: http://localhost:8001, qlen: 31.0
Worker: http://localhost:8001, Tokens: 470498.0
Worker: http://localhost:8002, Running: 33.0, Waiting: 0.0
Worker: http://localhost:8002, qlen: 33.0
Worker: http://localhost:8002, Tokens: 470275.0
Selected worker: http://localhost:8001
INFO:     127.0.0.1:56882 - "POST /v1/completions HTTP/1.1" 200 OK
Worker: http://localhost:8001, Running: 31.0, Waiting: 0.0
Worker: http://localhost:8001, qlen: 31.0
Worker: http://localhost:8001, Tokens: 471230.0
Worker: http://localhost:8002, Running: 33.0, Waiting: 0.0
Worker: http://localhost:8002, qlen: 33.0
Worker: http://localhost:8002, Tokens: 470420.0
Selected worker: http://localhost:8001
INFO:     127.0.0.1:39652 - "POST /v1/completions HTTP/1.1" 200 OK
Worker: http://localhost:8001, Running: 31.0, Waiting: 0.0
Worker: http://localhost:8001, qlen: 31.0
Worker: http://localhost:8001, Tokens: 474539.0
Worker: http://localhost:8002, Running: 32.0, Waiting: 0.0
Worker: http://localhost:8002, qlen: 32.0
Worker: http://localhost:8002, Tokens: 470537.0
Selected worker: http://localhost:8001
INFO:     127.0.0.1:39660 - "POST /v1/completions HTTP/1.1" 200 OK
Worker: http://localhost:8001, Running: 31.0, Waiting: 0.0
Worker: http://localhost:8001, qlen: 31.0
Worker: http://localhost:8001, Tokens: 470262.0
Worker: http://localhost:8002, Running: 32.0, Waiting: 0.0
Worker: http://localhost:8002, qlen: 32.0
Worker: http://localhost:8002, Tokens: 470537.0
Selected worker: http://localhost:8001
INFO:     127.0.0.1:39664 - "POST /v1/completions HTTP/1.1" 200 OK
Worker: http://localhost:8001, Running: 31.0, Waiting: 0.0
Worker: http://localhost:8001, qlen: 31.0
Worker: http://localhost:8001, Tokens: 470526.0
Worker: http://localhost:8002, Running: 32.0, Waiting: 0.0
Worker: http://localhost:8002, qlen: 32.0
Worker: http://localhost:8002, Tokens: 470537.0
Selected worker: http://localhost:8001
INFO:     127.0.0.1:39680 - "POST /v1/completions HTTP/1.1" 200 OK
Worker: http://localhost:8001, Running: 31.0, Waiting: 0.0
Worker: http://localhost:8001, qlen: 31.0
Worker: http://localhost:8001, Tokens: 473708.0
Worker: http://localhost:8002, Running: 32.0, Waiting: 0.0
Worker: http://localhost:8002, qlen: 32.0
Worker: http://localhost:8002, Tokens: 470537.0
Selected worker: http://localhost:8001
INFO:     127.0.0.1:39690 - "POST /v1/completions HTTP/1.1" 200 OK
Worker: http://localhost:8001, Running: 31.0, Waiting: 0.0
Worker: http://localhost:8001, qlen: 31.0
Worker: http://localhost:8001, Tokens: 473972.0
Worker: http://localhost:8002, Running: 32.0, Waiting: 0.0
Worker: http://localhost:8002, qlen: 32.0
Worker: http://localhost:8002, Tokens: 470537.0
Selected worker: http://localhost:8001
INFO:     127.0.0.1:39704 - "POST /v1/completions HTTP/1.1" 200 OK
Worker: http://localhost:8001, Running: 31.0, Waiting: 2.0
Worker: http://localhost:8001, qlen: 31.0
Worker: http://localhost:8001, Tokens: 476078.0
Worker: http://localhost:8002, Running: 31.0, Waiting: 0.0
Worker: http://localhost:8002, qlen: 31.0
Worker: http://localhost:8002, Tokens: 471351.0
Selected worker: http://localhost:8002
INFO:     127.0.0.1:39708 - "POST /v1/completions HTTP/1.1" 200 OK
Worker: http://localhost:8001, Running: 33.0, Waiting: 0.0
Worker: http://localhost:8001, qlen: 33.0
Worker: http://localhost:8001, Tokens: 479116.0
Worker: http://localhost:8002, Running: 30.0, Waiting: 0.0
Worker: http://localhost:8002, qlen: 30.0
Worker: http://localhost:8002, Tokens: 471477.0
Selected worker: http://localhost:8002
INFO:     127.0.0.1:39722 - "POST /v1/completions HTTP/1.1" 200 OK
Worker: http://localhost:8001, Running: 33.0, Waiting: 0.0
Worker: http://localhost:8001, qlen: 33.0
Worker: http://localhost:8001, Tokens: 478582.0
Worker: http://localhost:8002, Running: 31.0, Waiting: 0.0
Worker: http://localhost:8002, qlen: 31.0
Worker: http://localhost:8002, Tokens: 475310.0
Selected worker: http://localhost:8002
INFO:     127.0.0.1:39732 - "POST /v1/completions HTTP/1.1" 200 OK
Worker: http://localhost:8001, Running: 32.0, Waiting: 0.0
Worker: http://localhost:8001, qlen: 32.0
Worker: http://localhost:8001, Tokens: 478653.0
Worker: http://localhost:8002, Running: 32.0, Waiting: 0.0
Worker: http://localhost:8002, qlen: 32.0
Worker: http://localhost:8002, Tokens: 475700.0
Selected worker: http://localhost:8001
INFO:     127.0.0.1:39734 - "POST /v1/completions HTTP/1.1" 200 OK
Worker: http://localhost:8001, Running: 31.0, Waiting: 0.0
Worker: http://localhost:8001, qlen: 31.0
Worker: http://localhost:8001, Tokens: 480059.0
Worker: http://localhost:8002, Running: 32.0, Waiting: 0.0
Worker: http://localhost:8002, qlen: 32.0
Worker: http://localhost:8002, Tokens: 475700.0
Selected worker: http://localhost:8001
INFO:     127.0.0.1:39742 - "POST /v1/completions HTTP/1.1" 200 OK
Worker: http://localhost:8001, Running: 32.0, Waiting: 0.0
Worker: http://localhost:8001, qlen: 32.0
Worker: http://localhost:8001, Tokens: 480636.0
Worker: http://localhost:8002, Running: 32.0, Waiting: 0.0
Worker: http://localhost:8002, qlen: 32.0
Worker: http://localhost:8002, Tokens: 473182.0
Selected worker: http://localhost:8002
INFO:     127.0.0.1:39752 - "POST /v1/completions HTTP/1.1" 200 OK
Worker: http://localhost:8001, Running: 32.0, Waiting: 0.0
Worker: http://localhost:8001, qlen: 32.0
Worker: http://localhost:8001, Tokens: 480732.0
Worker: http://localhost:8002, Running: 32.0, Waiting: 0.0
Worker: http://localhost:8002, qlen: 32.0
Worker: http://localhost:8002, Tokens: 473147.0
Selected worker: http://localhost:8001
INFO:     127.0.0.1:39758 - "POST /v1/completions HTTP/1.1" 200 OK
Worker: http://localhost:8001, Running: 32.0, Waiting: 0.0
Worker: http://localhost:8001, qlen: 32.0
Worker: http://localhost:8001, Tokens: 480992.0
Worker: http://localhost:8002, Running: 32.0, Waiting: 0.0
Worker: http://localhost:8002, qlen: 32.0
Worker: http://localhost:8002, Tokens: 469312.0
Selected worker: http://localhost:8001
INFO:     127.0.0.1:39766 - "POST /v1/completions HTTP/1.1" 200 OK
Worker: http://localhost:8001, Running: 34.0, Waiting: 0.0
Worker: http://localhost:8001, qlen: 34.0
Worker: http://localhost:8001, Tokens: 483559.0
Worker: http://localhost:8002, Running: 30.0, Waiting: 0.0
Worker: http://localhost:8002, qlen: 30.0
Worker: http://localhost:8002, Tokens: 478709.0
Selected worker: http://localhost:8002
INFO:     127.0.0.1:39770 - "POST /v1/completions HTTP/1.1" 200 OK
Worker: http://localhost:8001, Running: 33.0, Waiting: 0.0
Worker: http://localhost:8001, qlen: 33.0
Worker: http://localhost:8001, Tokens: 483627.0
Worker: http://localhost:8002, Running: 31.0, Waiting: 0.0
Worker: http://localhost:8002, qlen: 31.0
Worker: http://localhost:8002, Tokens: 480925.0
Selected worker: http://localhost:8002
Worker: http://localhost:8001, Running: 33.0, Waiting: 0.0
Worker: http://localhost:8001, qlen: 33.0
Worker: http://localhost:8001, Tokens: 483627.0
Worker: http://localhost:8002, Running: 31.0, Waiting: 0.0
Worker: http://localhost:8002, qlen: 31.0
Worker: http://localhost:8002, Tokens: 481185.0
Selected worker: http://localhost:8002
INFO:     127.0.0.1:39772 - "POST /v1/completions HTTP/1.1" 200 OK
INFO:     127.0.0.1:39788 - "POST /v1/completions HTTP/1.1" 200 OK
Worker: http://localhost:8001, Running: 33.0, Waiting: 0.0
Worker: http://localhost:8001, qlen: 33.0
Worker: http://localhost:8001, Tokens: 483627.0
Worker: http://localhost:8002, Running: 31.0, Waiting: 0.0
Worker: http://localhost:8002, qlen: 31.0
Worker: http://localhost:8002, Tokens: 482442.0
Selected worker: http://localhost:8002
INFO:     127.0.0.1:39786 - "POST /v1/completions HTTP/1.1" 200 OK
Worker: http://localhost:8001, Running: 30.0, Waiting: 0.0
Worker: http://localhost:8001, qlen: 30.0
Worker: http://localhost:8001, Tokens: 482823.0
Worker: http://localhost:8002, Running: 31.0, Waiting: 0.0
Worker: http://localhost:8002, qlen: 31.0
Worker: http://localhost:8002, Tokens: 482704.0
Selected worker: http://localhost:8001
INFO:     127.0.0.1:39790 - "POST /v1/completions HTTP/1.1" 200 OK
Worker: http://localhost:8001, Running: 30.0, Waiting: 0.0
Worker: http://localhost:8001, qlen: 30.0
Worker: http://localhost:8001, Tokens: 482965.0
Worker: http://localhost:8002, Running: 34.0, Waiting: 0.0
Worker: http://localhost:8002, qlen: 34.0
Worker: http://localhost:8002, Tokens: 484340.0
Selected worker: http://localhost:8001
INFO:     127.0.0.1:39800 - "POST /v1/completions HTTP/1.1" 200 OK
Worker: http://localhost:8001, Running: 29.0, Waiting: 0.0
Worker: http://localhost:8001, qlen: 29.0
Worker: http://localhost:8001, Tokens: 485127.0
Worker: http://localhost:8002, Running: 34.0, Waiting: 0.0
Worker: http://localhost:8002, qlen: 34.0
Worker: http://localhost:8002, Tokens: 484203.0
Selected worker: http://localhost:8001
INFO:     127.0.0.1:39806 - "POST /v1/completions HTTP/1.1" 200 OK
Worker: http://localhost:8001, Running: 31.0, Waiting: 0.0
Worker: http://localhost:8001, qlen: 31.0
Worker: http://localhost:8001, Tokens: 485790.0
Worker: http://localhost:8002, Running: 33.0, Waiting: 0.0
Worker: http://localhost:8002, qlen: 33.0
Worker: http://localhost:8002, Tokens: 484701.0
Selected worker: http://localhost:8001
INFO:     127.0.0.1:39808 - "POST /v1/completions HTTP/1.1" 200 OK
Worker: http://localhost:8001, Running: 31.0, Waiting: 0.0
Worker: http://localhost:8001, qlen: 31.0
Worker: http://localhost:8001, Tokens: 485810.0
Worker: http://localhost:8002, Running: 33.0, Waiting: 0.0
Worker: http://localhost:8002, qlen: 33.0
Worker: http://localhost:8002, Tokens: 484701.0
Selected worker: http://localhost:8001
INFO:     127.0.0.1:39810 - "POST /v1/completions HTTP/1.1" 200 OK
Worker: http://localhost:8001, Running: 31.0, Waiting: 0.0
Worker: http://localhost:8001, qlen: 31.0
Worker: http://localhost:8001, Tokens: 485831.0
Worker: http://localhost:8002, Running: 32.0, Waiting: 0.0
Worker: http://localhost:8002, qlen: 32.0
Worker: http://localhost:8002, Tokens: 485168.0
Selected worker: http://localhost:8001
INFO:     127.0.0.1:39824 - "POST /v1/completions HTTP/1.1" 200 OK
Worker: http://localhost:8001, Running: 30.0, Waiting: 0.0
Worker: http://localhost:8001, qlen: 30.0
Worker: http://localhost:8001, Tokens: 484483.0
Worker: http://localhost:8002, Running: 32.0, Waiting: 0.0
Worker: http://localhost:8002, qlen: 32.0
Worker: http://localhost:8002, Tokens: 485168.0
Selected worker: http://localhost:8001
INFO:     127.0.0.1:39836 - "POST /v1/completions HTTP/1.1" 200 OK
Worker: http://localhost:8001, Running: 32.0, Waiting: 0.0
Worker: http://localhost:8001, qlen: 32.0
Worker: http://localhost:8001, Tokens: 486103.0
Worker: http://localhost:8002, Running: 32.0, Waiting: 0.0
Worker: http://localhost:8002, qlen: 32.0
Worker: http://localhost:8002, Tokens: 485584.0
Selected worker: http://localhost:8002
INFO:     127.0.0.1:39850 - "POST /v1/completions HTTP/1.1" 200 OK
Worker: http://localhost:8001, Running: 31.0, Waiting: 0.0
Worker: http://localhost:8001, qlen: 31.0
Worker: http://localhost:8001, Tokens: 486830.0
Worker: http://localhost:8002, Running: 33.0, Waiting: 0.0
Worker: http://localhost:8002, qlen: 33.0
Worker: http://localhost:8002, Tokens: 484367.0
Selected worker: http://localhost:8001
INFO:     127.0.0.1:39858 - "POST /v1/completions HTTP/1.1" 200 OK
Worker: http://localhost:8001, Running: 32.0, Waiting: 0.0
Worker: http://localhost:8001, qlen: 32.0
Worker: http://localhost:8001, Tokens: 487791.0
Worker: http://localhost:8002, Running: 32.0, Waiting: 0.0
Worker: http://localhost:8002, qlen: 32.0
Worker: http://localhost:8002, Tokens: 487131.0
Selected worker: http://localhost:8001
INFO:     127.0.0.1:39870 - "POST /v1/completions HTTP/1.1" 200 OK
Worker: http://localhost:8001, Running: 31.0, Waiting: 0.0
Worker: http://localhost:8001, qlen: 31.0
Worker: http://localhost:8001, Tokens: 488251.0
Worker: http://localhost:8002, Running: 32.0, Waiting: 0.0
Worker: http://localhost:8002, qlen: 32.0
Worker: http://localhost:8002, Tokens: 487127.0
Selected worker: http://localhost:8001
INFO:     127.0.0.1:39886 - "POST /v1/completions HTTP/1.1" 200 OK
Worker: http://localhost:8001, Running: 31.0, Waiting: 0.0
Worker: http://localhost:8001, qlen: 31.0
Worker: http://localhost:8001, Tokens: 488526.0
Worker: http://localhost:8002, Running: 31.0, Waiting: 0.0
Worker: http://localhost:8002, qlen: 31.0
Worker: http://localhost:8002, Tokens: 487221.0
Selected worker: http://localhost:8001
INFO:     127.0.0.1:39888 - "POST /v1/completions HTTP/1.1" 200 OK
Worker: http://localhost:8001, Running: 34.0, Waiting: 0.0
Worker: http://localhost:8001, qlen: 34.0
Worker: http://localhost:8001, Tokens: 489620.0
Worker: http://localhost:8002, Running: 30.0, Waiting: 0.0
Worker: http://localhost:8002, qlen: 30.0
Worker: http://localhost:8002, Tokens: 487754.0
Selected worker: http://localhost:8002
INFO:     127.0.0.1:39904 - "POST /v1/completions HTTP/1.1" 200 OK
Worker: http://localhost:8001, Running: 33.0, Waiting: 0.0
Worker: http://localhost:8001, qlen: 33.0
Worker: http://localhost:8001, Tokens: 489722.0
Worker: http://localhost:8002, Running: 30.0, Waiting: 0.0
Worker: http://localhost:8002, qlen: 30.0
Worker: http://localhost:8002, Tokens: 487874.0
Selected worker: http://localhost:8002
INFO:     127.0.0.1:39916 - "POST /v1/completions HTTP/1.1" 200 OK
Worker: http://localhost:8001, Running: 32.0, Waiting: 0.0
Worker: http://localhost:8001, qlen: 32.0
Worker: http://localhost:8001, Tokens: 490302.0
Worker: http://localhost:8002, Running: 32.0, Waiting: 0.0
Worker: http://localhost:8002, qlen: 32.0
Worker: http://localhost:8002, Tokens: 488361.0
Selected worker: http://localhost:8002
INFO:     127.0.0.1:39930 - "POST /v1/completions HTTP/1.1" 200 OK
Worker: http://localhost:8001, Running: 32.0, Waiting: 0.0
Worker: http://localhost:8001, qlen: 32.0
Worker: http://localhost:8001, Tokens: 490020.0
Worker: http://localhost:8002, Running: 32.0, Waiting: 0.0
Worker: http://localhost:8002, qlen: 32.0
Worker: http://localhost:8002, Tokens: 488489.0
Selected worker: http://localhost:8001
INFO:     127.0.0.1:39932 - "POST /v1/completions HTTP/1.1" 200 OK
Worker: http://localhost:8001, Running: 30.0, Waiting: 0.0
Worker: http://localhost:8001, qlen: 30.0
Worker: http://localhost:8001, Tokens: 490230.0
Worker: http://localhost:8002, Running: 32.0, Waiting: 0.0
Worker: http://localhost:8002, qlen: 32.0
Worker: http://localhost:8002, Tokens: 488489.0
Selected worker: http://localhost:8001
INFO:     127.0.0.1:39940 - "POST /v1/completions HTTP/1.1" 200 OK
Worker: http://localhost:8001, Running: 30.0, Waiting: 0.0
Worker: http://localhost:8001, qlen: 30.0
Worker: http://localhost:8001, Tokens: 490492.0
Worker: http://localhost:8002, Running: 32.0, Waiting: 0.0
Worker: http://localhost:8002, qlen: 32.0
Worker: http://localhost:8002, Tokens: 488489.0
Selected worker: http://localhost:8001
INFO:     127.0.0.1:39950 - "POST /v1/completions HTTP/1.1" 200 OK
Worker: http://localhost:8001, Running: 30.0, Waiting: 0.0
Worker: http://localhost:8001, qlen: 30.0
Worker: http://localhost:8001, Tokens: 488629.0
Worker: http://localhost:8002, Running: 33.0, Waiting: 0.0
Worker: http://localhost:8002, qlen: 33.0
Worker: http://localhost:8002, Tokens: 488622.0
Selected worker: http://localhost:8001
INFO:     127.0.0.1:39958 - "POST /v1/completions HTTP/1.1" 200 OK
Worker: http://localhost:8001, Running: 31.0, Waiting: 0.0
Worker: http://localhost:8001, qlen: 31.0
Worker: http://localhost:8001, Tokens: 491191.0
Worker: http://localhost:8002, Running: 33.0, Waiting: 0.0
Worker: http://localhost:8002, qlen: 33.0
Worker: http://localhost:8002, Tokens: 485859.0
Selected worker: http://localhost:8001
Worker: http://localhost:8001, Running: 31.0, Waiting: 0.0
Worker: http://localhost:8001, qlen: 31.0
Worker: http://localhost:8001, Tokens: 491455.0
Worker: http://localhost:8002, Running: 33.0, Waiting: 0.0
Worker: http://localhost:8002, qlen: 33.0
Worker: http://localhost:8002, Tokens: 485859.0
Selected worker: http://localhost:8001
INFO:     127.0.0.1:39970 - "POST /v1/completions HTTP/1.1" 200 OK
INFO:     127.0.0.1:39972 - "POST /v1/completions HTTP/1.1" 200 OK
Worker: http://localhost:8001, Running: 33.0, Waiting: 0.0
Worker: http://localhost:8001, qlen: 33.0
Worker: http://localhost:8001, Tokens: 491364.0
Worker: http://localhost:8002, Running: 31.0, Waiting: 0.0
Worker: http://localhost:8002, qlen: 31.0
Worker: http://localhost:8002, Tokens: 489332.0
Selected worker: http://localhost:8002
INFO:     127.0.0.1:45962 - "POST /v1/completions HTTP/1.1" 200 OK
Worker: http://localhost:8001, Running: 32.0, Waiting: 0.0
Worker: http://localhost:8001, qlen: 32.0
Worker: http://localhost:8001, Tokens: 492475.0
Worker: http://localhost:8002, Running: 32.0, Waiting: 0.0
Worker: http://localhost:8002, qlen: 32.0
Worker: http://localhost:8002, Tokens: 490658.0
Selected worker: http://localhost:8002
Worker: http://localhost:8001, Running: 32.0, Waiting: 0.0
Worker: http://localhost:8001, qlen: 32.0
Worker: http://localhost:8001, Tokens: 492475.0
Worker: http://localhost:8002, Running: 32.0, Waiting: 0.0
Worker: http://localhost:8002, qlen: 32.0
Worker: http://localhost:8002, Tokens: 490949.0
Selected worker: http://localhost:8001
INFO:     127.0.0.1:45964 - "POST /v1/completions HTTP/1.1" 200 OK
INFO:     127.0.0.1:45970 - "POST /v1/completions HTTP/1.1" 200 OK
Worker: http://localhost:8001, Running: 32.0, Waiting: 0.0
Worker: http://localhost:8001, qlen: 32.0
Worker: http://localhost:8001, Tokens: 494265.0
Worker: http://localhost:8002, Running: 32.0, Waiting: 0.0
Worker: http://localhost:8002, qlen: 32.0
Worker: http://localhost:8002, Tokens: 487828.0
Selected worker: http://localhost:8002
INFO:     127.0.0.1:45974 - "POST /v1/completions HTTP/1.1" 200 OK
Worker: http://localhost:8001, Running: 31.0, Waiting: 0.0
Worker: http://localhost:8001, qlen: 31.0
Worker: http://localhost:8001, Tokens: 495255.0
Worker: http://localhost:8002, Running: 32.0, Waiting: 0.0
Worker: http://localhost:8002, qlen: 32.0
Worker: http://localhost:8002, Tokens: 491267.0
Selected worker: http://localhost:8001
INFO:     127.0.0.1:45988 - "POST /v1/completions HTTP/1.1" 200 OK
Worker: http://localhost:8001, Running: 31.0, Waiting: 0.0
Worker: http://localhost:8001, qlen: 31.0
Worker: http://localhost:8001, Tokens: 493117.0
Worker: http://localhost:8002, Running: 32.0, Waiting: 0.0
Worker: http://localhost:8002, qlen: 32.0
Worker: http://localhost:8002, Tokens: 491267.0
Selected worker: http://localhost:8001
INFO:     127.0.0.1:46000 - "POST /v1/completions HTTP/1.1" 200 OK
Worker: http://localhost:8001, Running: 30.0, Waiting: 0.0
Worker: http://localhost:8001, qlen: 30.0
Worker: http://localhost:8001, Tokens: 495379.0
Worker: http://localhost:8002, Running: 32.0, Waiting: 0.0
Worker: http://localhost:8002, qlen: 32.0
Worker: http://localhost:8002, Tokens: 490981.0
Selected worker: http://localhost:8001
INFO:     127.0.0.1:46010 - "POST /v1/completions HTTP/1.1" 200 OK
Worker: http://localhost:8001, Running: 30.0, Waiting: 0.0
Worker: http://localhost:8001, qlen: 30.0
Worker: http://localhost:8001, Tokens: 495439.0
Worker: http://localhost:8002, Running: 31.0, Waiting: 0.0
Worker: http://localhost:8002, qlen: 31.0
Worker: http://localhost:8002, Tokens: 489431.0
Selected worker: http://localhost:8001
INFO:     127.0.0.1:46022 - "POST /v1/completions HTTP/1.1" 200 OK
Worker: http://localhost:8001, Running: 34.0, Waiting: 0.0
Worker: http://localhost:8001, qlen: 34.0
Worker: http://localhost:8001, Tokens: 500309.0
Worker: http://localhost:8002, Running: 30.0, Waiting: 0.0
Worker: http://localhost:8002, qlen: 30.0
Worker: http://localhost:8002, Tokens: 491529.0
Selected worker: http://localhost:8002
INFO:     127.0.0.1:46026 - "POST /v1/completions HTTP/1.1" 200 OK
Worker: http://localhost:8001, Running: 34.0, Waiting: 0.0
Worker: http://localhost:8001, qlen: 34.0
Worker: http://localhost:8001, Tokens: 500518.0
Worker: http://localhost:8002, Running: 30.0, Waiting: 0.0
Worker: http://localhost:8002, qlen: 30.0
Worker: http://localhost:8002, Tokens: 492254.0
Selected worker: http://localhost:8002
INFO:     127.0.0.1:46028 - "POST /v1/completions HTTP/1.1" 200 OK
Worker: http://localhost:8001, Running: 33.0, Waiting: 0.0
Worker: http://localhost:8001, qlen: 33.0
Worker: http://localhost:8001, Tokens: 500168.0
Worker: http://localhost:8002, Running: 30.0, Waiting: 0.0
Worker: http://localhost:8002, qlen: 30.0
Worker: http://localhost:8002, Tokens: 492344.0
Selected worker: http://localhost:8002
INFO:     127.0.0.1:46034 - "POST /v1/completions HTTP/1.1" 200 OK
Worker: http://localhost:8001, Running: 33.0, Waiting: 0.0
Worker: http://localhost:8001, qlen: 33.0
Worker: http://localhost:8001, Tokens: 500168.0
Worker: http://localhost:8002, Running: 30.0, Waiting: 0.0
Worker: http://localhost:8002, qlen: 30.0
Worker: http://localhost:8002, Tokens: 492601.0
Selected worker: http://localhost:8002
INFO:     127.0.0.1:46046 - "POST /v1/completions HTTP/1.1" 200 OK
Worker: http://localhost:8001, Running: 33.0, Waiting: 0.0
Worker: http://localhost:8001, qlen: 33.0
Worker: http://localhost:8001, Tokens: 500168.0
Worker: http://localhost:8002, Running: 30.0, Waiting: 0.0
Worker: http://localhost:8002, qlen: 30.0
Worker: http://localhost:8002, Tokens: 494167.0
Selected worker: http://localhost:8002
INFO:     127.0.0.1:46054 - "POST /v1/completions HTTP/1.1" 200 OK
Worker: http://localhost:8001, Running: 30.0, Waiting: 0.0
Worker: http://localhost:8001, qlen: 30.0
Worker: http://localhost:8001, Tokens: 500806.0
Worker: http://localhost:8002, Running: 32.0, Waiting: 0.0
Worker: http://localhost:8002, qlen: 32.0
Worker: http://localhost:8002, Tokens: 492744.0
Selected worker: http://localhost:8001
Worker: http://localhost:8001, Running: 30.0, Waiting: 0.0
Worker: http://localhost:8001, qlen: 30.0
Worker: http://localhost:8001, Tokens: 501069.0
Worker: http://localhost:8002, Running: 32.0, Waiting: 0.0
Worker: http://localhost:8002, qlen: 32.0
Worker: http://localhost:8002, Tokens: 492744.0
Selected worker: http://localhost:8001
INFO:     127.0.0.1:46064 - "POST /v1/completions HTTP/1.1" 200 OK
INFO:     127.0.0.1:46070 - "POST /v1/completions HTTP/1.1" 200 OK
Worker: http://localhost:8001, Running: 30.0, Waiting: 0.0
Worker: http://localhost:8001, qlen: 30.0
Worker: http://localhost:8001, Tokens: 501332.0
Worker: http://localhost:8002, Running: 34.0, Waiting: 0.0
Worker: http://localhost:8002, qlen: 34.0
Worker: http://localhost:8002, Tokens: 494357.0
Selected worker: http://localhost:8001
INFO:     127.0.0.1:46074 - "POST /v1/completions HTTP/1.1" 200 OK
Worker: http://localhost:8001, Running: 31.0, Waiting: 0.0
Worker: http://localhost:8001, qlen: 31.0
Worker: http://localhost:8001, Tokens: 501883.0
Worker: http://localhost:8002, Running: 33.0, Waiting: 0.0
Worker: http://localhost:8002, qlen: 33.0
Worker: http://localhost:8002, Tokens: 493843.0
Selected worker: http://localhost:8001
INFO:     127.0.0.1:46078 - "POST /v1/completions HTTP/1.1" 200 OK
Worker: http://localhost:8001, Running: 31.0, Waiting: 0.0
Worker: http://localhost:8001, qlen: 31.0
Worker: http://localhost:8001, Tokens: 502007.0
Worker: http://localhost:8002, Running: 33.0, Waiting: 0.0
Worker: http://localhost:8002, qlen: 33.0
Worker: http://localhost:8002, Tokens: 492345.0
Selected worker: http://localhost:8001
INFO:     127.0.0.1:46094 - "POST /v1/completions HTTP/1.1" 200 OK
Worker: http://localhost:8001, Running: 33.0, Waiting: 0.0
Worker: http://localhost:8001, qlen: 33.0
Worker: http://localhost:8001, Tokens: 502777.0
Worker: http://localhost:8002, Running: 31.0, Waiting: 0.0
Worker: http://localhost:8002, qlen: 31.0
Worker: http://localhost:8002, Tokens: 495671.0
Selected worker: http://localhost:8002
INFO:     127.0.0.1:46106 - "POST /v1/completions HTTP/1.1" 200 OK
Worker: http://localhost:8001, Running: 33.0, Waiting: 0.0
Worker: http://localhost:8001, qlen: 33.0
Worker: http://localhost:8001, Tokens: 502777.0
Worker: http://localhost:8002, Running: 30.0, Waiting: 0.0
Worker: http://localhost:8002, qlen: 30.0
Worker: http://localhost:8002, Tokens: 495806.0
Selected worker: http://localhost:8002
INFO:     127.0.0.1:46112 - "POST /v1/completions HTTP/1.1" 200 OK
Worker: http://localhost:8001, Running: 33.0, Waiting: 0.0
Worker: http://localhost:8001, qlen: 33.0
Worker: http://localhost:8001, Tokens: 502858.0
Worker: http://localhost:8002, Running: 31.0, Waiting: 0.0
Worker: http://localhost:8002, qlen: 31.0
Worker: http://localhost:8002, Tokens: 496679.0
Selected worker: http://localhost:8002
Worker: http://localhost:8001, Running: 33.0, Waiting: 0.0
Worker: http://localhost:8001, qlen: 33.0
Worker: http://localhost:8001, Tokens: 502858.0
Worker: http://localhost:8002, Running: 31.0, Waiting: 0.0
Worker: http://localhost:8002, qlen: 31.0
Worker: http://localhost:8002, Tokens: 496963.0
Selected worker: http://localhost:8002
INFO:     127.0.0.1:46116 - "POST /v1/completions HTTP/1.1" 200 OK
INFO:     127.0.0.1:46124 - "POST /v1/completions HTTP/1.1" 200 OK
Worker: http://localhost:8001, Running: 31.0, Waiting: 0.0
Worker: http://localhost:8001, qlen: 31.0
Worker: http://localhost:8001, Tokens: 503722.0
Worker: http://localhost:8002, Running: 33.0, Waiting: 0.0
Worker: http://localhost:8002, qlen: 33.0
Worker: http://localhost:8002, Tokens: 496751.0
Selected worker: http://localhost:8001
INFO:     127.0.0.1:46132 - "POST /v1/completions HTTP/1.1" 200 OK
Worker: http://localhost:8001, Running: 32.0, Waiting: 0.0
Worker: http://localhost:8001, qlen: 32.0
Worker: http://localhost:8001, Tokens: 504171.0
Worker: http://localhost:8002, Running: 32.0, Waiting: 0.0
Worker: http://localhost:8002, qlen: 32.0
Worker: http://localhost:8002, Tokens: 497216.0
Selected worker: http://localhost:8002
INFO:     127.0.0.1:46148 - "POST /v1/completions HTTP/1.1" 200 OK
Worker: http://localhost:8001, Running: 32.0, Waiting: 0.0
Worker: http://localhost:8001, qlen: 32.0
Worker: http://localhost:8001, Tokens: 504427.0
Worker: http://localhost:8002, Running: 32.0, Waiting: 0.0
Worker: http://localhost:8002, qlen: 32.0
Worker: http://localhost:8002, Tokens: 497533.0
Selected worker: http://localhost:8002
INFO:     127.0.0.1:46154 - "POST /v1/completions HTTP/1.1" 200 OK
Worker: http://localhost:8001, Running: 32.0, Waiting: 0.0
Worker: http://localhost:8001, qlen: 32.0
Worker: http://localhost:8001, Tokens: 504523.0
Worker: http://localhost:8002, Running: 32.0, Waiting: 0.0
Worker: http://localhost:8002, qlen: 32.0
Worker: http://localhost:8002, Tokens: 497544.0
Selected worker: http://localhost:8001
INFO:     127.0.0.1:46158 - "POST /v1/completions HTTP/1.1" 200 OK
Worker: http://localhost:8001, Running: 33.0, Waiting: 0.0
Worker: http://localhost:8001, qlen: 33.0
Worker: http://localhost:8001, Tokens: 504036.0
Worker: http://localhost:8002, Running: 31.0, Waiting: 0.0
Worker: http://localhost:8002, qlen: 31.0
Worker: http://localhost:8002, Tokens: 498173.0
Selected worker: http://localhost:8002
INFO:     127.0.0.1:46166 - "POST /v1/completions HTTP/1.1" 200 OK
Worker: http://localhost:8001, Running: 33.0, Waiting: 0.0
Worker: http://localhost:8001, qlen: 33.0
Worker: http://localhost:8001, Tokens: 504036.0
Worker: http://localhost:8002, Running: 31.0, Waiting: 0.0
Worker: http://localhost:8002, qlen: 31.0
Worker: http://localhost:8002, Tokens: 498442.0
Selected worker: http://localhost:8002
INFO:     127.0.0.1:46174 - "POST /v1/completions HTTP/1.1" 200 OK
Worker: http://localhost:8001, Running: 33.0, Waiting: 0.0
Worker: http://localhost:8001, qlen: 33.0
Worker: http://localhost:8001, Tokens: 504036.0
Worker: http://localhost:8002, Running: 31.0, Waiting: 0.0
Worker: http://localhost:8002, qlen: 31.0
Worker: http://localhost:8002, Tokens: 501647.0
Selected worker: http://localhost:8002
INFO:     127.0.0.1:46184 - "POST /v1/completions HTTP/1.1" 200 OK
Worker: http://localhost:8001, Running: 33.0, Waiting: 0.0
Worker: http://localhost:8001, qlen: 33.0
Worker: http://localhost:8001, Tokens: 504036.0
Worker: http://localhost:8002, Running: 31.0, Waiting: 0.0
Worker: http://localhost:8002, qlen: 31.0
Worker: http://localhost:8002, Tokens: 498280.0
Selected worker: http://localhost:8002
Worker: http://localhost:8001, Running: 33.0, Waiting: 0.0
Worker: http://localhost:8001, qlen: 33.0
Worker: http://localhost:8001, Tokens: 504036.0
Worker: http://localhost:8002, Running: 31.0, Waiting: 0.0
Worker: http://localhost:8002, qlen: 31.0
Worker: http://localhost:8002, Tokens: 499873.0
Selected worker: http://localhost:8002
INFO:     127.0.0.1:46198 - "POST /v1/completions HTTP/1.1" 200 OK
INFO:     127.0.0.1:46210 - "POST /v1/completions HTTP/1.1" 200 OK
