/home/jrxing/rayLearning/python/throught_aware_router_demo/router.py:293: DeprecationWarning: 
        on_event is deprecated, use lifespan event handlers instead.

        Read more about it in the
        [FastAPI docs for Lifespan Events](https://fastapi.tiangolo.com/advanced/events/).
        
  @app.on_event("shutdown")
/home/jrxing/rayLearning/python/throught_aware_router_demo/router.py:312: DeprecationWarning: 
        on_event is deprecated, use lifespan event handlers instead.

        Read more about it in the
        [FastAPI docs for Lifespan Events](https://fastapi.tiangolo.com/advanced/events/).
        
  @app.on_event("startup")
INFO:     Started server process [37060]
INFO:     Waiting for application startup.
INFO:     Application startup complete.
INFO:     Uvicorn running on http://0.0.0.0:8000 (Press CTRL+C to quit)
Initialized with strategy: tokens
Worker: http://localhost:8001, Tokens: 0.0
Worker: http://localhost:8002, Tokens: 0.0
Selected worker: http://localhost:8001
INFO:     127.0.0.1:33256 - "GET /v1/models HTTP/1.1" 200 OK
Worker: http://localhost:8001, Tokens: 0.0
Worker: http://localhost:8002, Tokens: 0.0
Selected worker: http://localhost:8001
INFO:     127.0.0.1:34592 - "POST /v1/completions HTTP/1.1" 200 OK
Worker: http://localhost:8001, Tokens: 1833.0
Worker: http://localhost:8002, Tokens: 0.0
Selected worker: http://localhost:8002
Worker: http://localhost:8001, Tokens: 1833.0
Worker: http://localhost:8002, Tokens: 12.0
Selected worker: http://localhost:8002
Worker: http://localhost:8001, Tokens: 1833.0
Worker: http://localhost:8002, Tokens: 1276.0
Selected worker: http://localhost:8002
Worker: http://localhost:8001, Tokens: 1833.0
Worker: http://localhost:8002, Tokens: 1282.0
Selected worker: http://localhost:8002
Worker: http://localhost:8001, Tokens: 1833.0
Worker: http://localhost:8002, Tokens: 1293.0
Selected worker: http://localhost:8002
Worker: http://localhost:8001, Tokens: 1833.0
Worker: http://localhost:8002, Tokens: 1305.0
Selected worker: http://localhost:8002
Worker: http://localhost:8001, Tokens: 1833.0
Worker: http://localhost:8002, Tokens: 1310.0
Selected worker: http://localhost:8002
Worker: http://localhost:8001, Tokens: 1833.0
Worker: http://localhost:8002, Tokens: 1312.0
Selected worker: http://localhost:8002
Worker: http://localhost:8001, Tokens: 1833.0
Worker: http://localhost:8002, Tokens: 1330.0
Selected worker: http://localhost:8002
Worker: http://localhost:8001, Tokens: 1833.0
Worker: http://localhost:8002, Tokens: 1350.0
Selected worker: http://localhost:8002
Worker: http://localhost:8001, Tokens: 1833.0
Worker: http://localhost:8002, Tokens: 1359.0
Selected worker: http://localhost:8002
Worker: http://localhost:8001, Tokens: 1833.0
Worker: http://localhost:8002, Tokens: 1375.0
Selected worker: http://localhost:8002
Worker: http://localhost:8001, Tokens: 1833.0
Worker: http://localhost:8002, Tokens: 1387.0
Selected worker: http://localhost:8002
Worker: http://localhost:8001, Tokens: 1833.0
Worker: http://localhost:8002, Tokens: 1399.0
Selected worker: http://localhost:8002
Worker: http://localhost:8001, Tokens: 1833.0
Worker: http://localhost:8002, Tokens: 2891.0
Selected worker: http://localhost:8001
Worker: http://localhost:8001, Tokens: 1838.0
Worker: http://localhost:8002, Tokens: 2891.0
Selected worker: http://localhost:8001
Worker: http://localhost:8001, Tokens: 1871.0
Worker: http://localhost:8002, Tokens: 2891.0
Selected worker: http://localhost:8001
Worker: http://localhost:8001, Tokens: 1888.0
Worker: http://localhost:8002, Tokens: 2891.0
Selected worker: http://localhost:8001
Worker: http://localhost:8001, Tokens: 1890.0
Worker: http://localhost:8002, Tokens: 2891.0
Selected worker: http://localhost:8001
Worker: http://localhost:8001, Tokens: 1897.0
Worker: http://localhost:8002, Tokens: 2891.0
Selected worker: http://localhost:8001
Worker: http://localhost:8001, Tokens: 1904.0
Worker: http://localhost:8002, Tokens: 2891.0
Selected worker: http://localhost:8001
Worker: http://localhost:8001, Tokens: 1953.0
Worker: http://localhost:8002, Tokens: 2891.0
Selected worker: http://localhost:8001
Worker: http://localhost:8001, Tokens: 1963.0
Worker: http://localhost:8002, Tokens: 2891.0
Selected worker: http://localhost:8001
Worker: http://localhost:8001, Tokens: 1991.0
Worker: http://localhost:8002, Tokens: 2891.0
Selected worker: http://localhost:8001
Worker: http://localhost:8001, Tokens: 2035.0
Worker: http://localhost:8002, Tokens: 2891.0
Selected worker: http://localhost:8001
Worker: http://localhost:8001, Tokens: 3481.0
Worker: http://localhost:8002, Tokens: 2891.0
Selected worker: http://localhost:8002
Worker: http://localhost:8001, Tokens: 3481.0
Worker: http://localhost:8002, Tokens: 2914.0
Selected worker: http://localhost:8002
Worker: http://localhost:8001, Tokens: 3481.0
Worker: http://localhost:8002, Tokens: 2932.0
Selected worker: http://localhost:8002
Worker: http://localhost:8001, Tokens: 3481.0
Worker: http://localhost:8002, Tokens: 4127.0
Selected worker: http://localhost:8001
Worker: http://localhost:8001, Tokens: 3488.0
Worker: http://localhost:8002, Tokens: 4127.0
Selected worker: http://localhost:8001
Worker: http://localhost:8001, Tokens: 3505.0
Worker: http://localhost:8002, Tokens: 4127.0
Selected worker: http://localhost:8001
Worker: http://localhost:8001, Tokens: 3514.0
Worker: http://localhost:8002, Tokens: 4127.0
Selected worker: http://localhost:8001
Worker: http://localhost:8001, Tokens: 3536.0
Worker: http://localhost:8002, Tokens: 4127.0
Selected worker: http://localhost:8001
Worker: http://localhost:8001, Tokens: 3552.0
Worker: http://localhost:8002, Tokens: 4127.0
Selected worker: http://localhost:8001
Worker: http://localhost:8001, Tokens: 3553.0
Worker: http://localhost:8002, Tokens: 4127.0
Selected worker: http://localhost:8001
Worker: http://localhost:8001, Tokens: 4851.0
Worker: http://localhost:8002, Tokens: 4127.0
Selected worker: http://localhost:8002
Worker: http://localhost:8001, Tokens: 4851.0
Worker: http://localhost:8002, Tokens: 4165.0
Selected worker: http://localhost:8002
Worker: http://localhost:8001, Tokens: 4851.0
Worker: http://localhost:8002, Tokens: 5857.0
Selected worker: http://localhost:8001
Worker: http://localhost:8001, Tokens: 4859.0
Worker: http://localhost:8002, Tokens: 5857.0
Selected worker: http://localhost:8001
Worker: http://localhost:8001, Tokens: 4868.0
Worker: http://localhost:8002, Tokens: 5857.0
Selected worker: http://localhost:8001
Worker: http://localhost:8001, Tokens: 4917.0
Worker: http://localhost:8002, Tokens: 5857.0
Selected worker: http://localhost:8001
Worker: http://localhost:8001, Tokens: 4931.0
Worker: http://localhost:8002, Tokens: 5857.0
Selected worker: http://localhost:8001
Worker: http://localhost:8001, Tokens: 4948.0
Worker: http://localhost:8002, Tokens: 5857.0
Selected worker: http://localhost:8001
Worker: http://localhost:8001, Tokens: 4949.0
Worker: http://localhost:8002, Tokens: 5857.0
Selected worker: http://localhost:8001
Worker: http://localhost:8001, Tokens: 4963.0
Worker: http://localhost:8002, Tokens: 5857.0
Selected worker: http://localhost:8001
Worker: http://localhost:8001, Tokens: 4967.0
Worker: http://localhost:8002, Tokens: 5857.0
Selected worker: http://localhost:8001
Worker: http://localhost:8001, Tokens: 4972.0
Worker: http://localhost:8002, Tokens: 5857.0
Selected worker: http://localhost:8001
Worker: http://localhost:8001, Tokens: 7025.0
Worker: http://localhost:8002, Tokens: 5857.0
Selected worker: http://localhost:8002
Worker: http://localhost:8001, Tokens: 7025.0
Worker: http://localhost:8002, Tokens: 5865.0
Selected worker: http://localhost:8002
Worker: http://localhost:8001, Tokens: 7025.0
Worker: http://localhost:8002, Tokens: 7174.0
Selected worker: http://localhost:8001
Worker: http://localhost:8001, Tokens: 8231.0
Worker: http://localhost:8002, Tokens: 7174.0
Selected worker: http://localhost:8002
Worker: http://localhost:8001, Tokens: 8231.0
Worker: http://localhost:8002, Tokens: 7213.0
Selected worker: http://localhost:8002
Worker: http://localhost:8001, Tokens: 8231.0
Worker: http://localhost:8002, Tokens: 7226.0
Selected worker: http://localhost:8002
Worker: http://localhost:8001, Tokens: 8231.0
Worker: http://localhost:8002, Tokens: 7233.0
Selected worker: http://localhost:8002
Worker: http://localhost:8001, Tokens: 8231.0
Worker: http://localhost:8002, Tokens: 7246.0
Selected worker: http://localhost:8002
Worker: http://localhost:8001, Tokens: 8231.0
Worker: http://localhost:8002, Tokens: 7264.0
Selected worker: http://localhost:8002
Worker: http://localhost:8001, Tokens: 8231.0
Worker: http://localhost:8002, Tokens: 7306.0
Selected worker: http://localhost:8002
Worker: http://localhost:8001, Tokens: 8231.0
Worker: http://localhost:8002, Tokens: 8482.0
Selected worker: http://localhost:8001
Worker: http://localhost:8001, Tokens: 11288.0
Worker: http://localhost:8002, Tokens: 8482.0
Selected worker: http://localhost:8002
Worker: http://localhost:8001, Tokens: 11288.0
Worker: http://localhost:8002, Tokens: 9701.0
Selected worker: http://localhost:8002
Worker: http://localhost:8001, Tokens: 11288.0
Worker: http://localhost:8002, Tokens: 9731.0
Selected worker: http://localhost:8002
Worker: http://localhost:8001, Tokens: 11288.0
Worker: http://localhost:8002, Tokens: 9753.0
Selected worker: http://localhost:8002
Worker: http://localhost:8001, Tokens: 11288.0
Worker: http://localhost:8002, Tokens: 9762.0
Selected worker: http://localhost:8002
Worker: http://localhost:8001, Tokens: 11288.0
Worker: http://localhost:8002, Tokens: 9786.0
Selected worker: http://localhost:8002
Worker: http://localhost:8001, Tokens: 11288.0
Worker: http://localhost:8002, Tokens: 9793.0
Selected worker: http://localhost:8002
Worker: http://localhost:8001, Tokens: 11288.0
Worker: http://localhost:8002, Tokens: 11793.0
Selected worker: http://localhost:8001
Worker: http://localhost:8001, Tokens: 13211.0
Worker: http://localhost:8002, Tokens: 11793.0
Selected worker: http://localhost:8002
Worker: http://localhost:8001, Tokens: 13211.0
Worker: http://localhost:8002, Tokens: 11802.0
Selected worker: http://localhost:8002
Worker: http://localhost:8001, Tokens: 13211.0
Worker: http://localhost:8002, Tokens: 11808.0
Selected worker: http://localhost:8002
Worker: http://localhost:8001, Tokens: 13211.0
Worker: http://localhost:8002, Tokens: 11852.0
Selected worker: http://localhost:8002
Worker: http://localhost:8001, Tokens: 13211.0
Worker: http://localhost:8002, Tokens: 11859.0
Selected worker: http://localhost:8002
Worker: http://localhost:8001, Tokens: 13211.0
Worker: http://localhost:8002, Tokens: 11895.0
Selected worker: http://localhost:8002
Worker: http://localhost:8001, Tokens: 13211.0
Worker: http://localhost:8002, Tokens: 11916.0
Selected worker: http://localhost:8002
Worker: http://localhost:8001, Tokens: 13211.0
Worker: http://localhost:8002, Tokens: 13205.0
Selected worker: http://localhost:8002
Worker: http://localhost:8001, Tokens: 13211.0
Worker: http://localhost:8002, Tokens: 13207.0
Selected worker: http://localhost:8002
Worker: http://localhost:8001, Tokens: 13211.0
Worker: http://localhost:8002, Tokens: 13219.0
Selected worker: http://localhost:8001
Worker: http://localhost:8001, Tokens: 13217.0
Worker: http://localhost:8002, Tokens: 13219.0
Selected worker: http://localhost:8001
Worker: http://localhost:8001, Tokens: 13227.0
Worker: http://localhost:8002, Tokens: 13219.0
Selected worker: http://localhost:8002
Worker: http://localhost:8001, Tokens: 13227.0
Worker: http://localhost:8002, Tokens: 14452.0
Selected worker: http://localhost:8001
Worker: http://localhost:8001, Tokens: 13239.0
Worker: http://localhost:8002, Tokens: 14452.0
Selected worker: http://localhost:8001
Worker: http://localhost:8001, Tokens: 13242.0
Worker: http://localhost:8002, Tokens: 14452.0
Selected worker: http://localhost:8001
Worker: http://localhost:8001, Tokens: 13262.0
Worker: http://localhost:8002, Tokens: 14452.0
Selected worker: http://localhost:8001
Worker: http://localhost:8001, Tokens: 13289.0
Worker: http://localhost:8002, Tokens: 14452.0
Selected worker: http://localhost:8001
Worker: http://localhost:8001, Tokens: 13296.0
Worker: http://localhost:8002, Tokens: 14452.0
Selected worker: http://localhost:8001
Worker: http://localhost:8001, Tokens: 15086.0
Worker: http://localhost:8002, Tokens: 14452.0
Selected worker: http://localhost:8002
Worker: http://localhost:8001, Tokens: 15086.0
Worker: http://localhost:8002, Tokens: 14461.0
Selected worker: http://localhost:8002
Worker: http://localhost:8001, Tokens: 15086.0
Worker: http://localhost:8002, Tokens: 14479.0
Selected worker: http://localhost:8002
Worker: http://localhost:8001, Tokens: 15086.0
Worker: http://localhost:8002, Tokens: 14510.0
Selected worker: http://localhost:8002
Worker: http://localhost:8001, Tokens: 15086.0
Worker: http://localhost:8002, Tokens: 14524.0
Selected worker: http://localhost:8002
Worker: http://localhost:8001, Tokens: 15086.0
Worker: http://localhost:8002, Tokens: 14544.0
Selected worker: http://localhost:8002
Worker: http://localhost:8001, Tokens: 15086.0
Worker: http://localhost:8002, Tokens: 16014.0
Selected worker: http://localhost:8001
Worker: http://localhost:8001, Tokens: 15096.0
Worker: http://localhost:8002, Tokens: 16014.0
Selected worker: http://localhost:8001
Worker: http://localhost:8001, Tokens: 15099.0
Worker: http://localhost:8002, Tokens: 16014.0
Selected worker: http://localhost:8001
Worker: http://localhost:8001, Tokens: 15107.0
Worker: http://localhost:8002, Tokens: 16014.0
Selected worker: http://localhost:8001
Worker: http://localhost:8001, Tokens: 16646.0
Worker: http://localhost:8002, Tokens: 16014.0
Selected worker: http://localhost:8002
Worker: http://localhost:8001, Tokens: 16646.0
Worker: http://localhost:8002, Tokens: 18172.0
Selected worker: http://localhost:8001
Worker: http://localhost:8001, Tokens: 16651.0
Worker: http://localhost:8002, Tokens: 18172.0
Selected worker: http://localhost:8001
Worker: http://localhost:8001, Tokens: 16672.0
Worker: http://localhost:8002, Tokens: 18172.0
Selected worker: http://localhost:8001
Worker: http://localhost:8001, Tokens: 16691.0
Worker: http://localhost:8002, Tokens: 18172.0
Selected worker: http://localhost:8001
Worker: http://localhost:8001, Tokens: 16710.0
Worker: http://localhost:8002, Tokens: 18172.0
Selected worker: http://localhost:8001
Worker: http://localhost:8001, Tokens: 16728.0
Worker: http://localhost:8002, Tokens: 18172.0
Selected worker: http://localhost:8001
Worker: http://localhost:8001, Tokens: 16753.0
Worker: http://localhost:8002, Tokens: 18172.0
Selected worker: http://localhost:8001
Worker: http://localhost:8001, Tokens: 16764.0
Worker: http://localhost:8002, Tokens: 18172.0
Selected worker: http://localhost:8001
Worker: http://localhost:8001, Tokens: 16777.0
Worker: http://localhost:8002, Tokens: 18172.0
Selected worker: http://localhost:8001
Worker: http://localhost:8001, Tokens: 16808.0
Worker: http://localhost:8002, Tokens: 18172.0
Selected worker: http://localhost:8001
Worker: http://localhost:8001, Tokens: 16823.0
Worker: http://localhost:8002, Tokens: 18172.0
Selected worker: http://localhost:8001
Worker: http://localhost:8001, Tokens: 16831.0
Worker: http://localhost:8002, Tokens: 18172.0
Selected worker: http://localhost:8001
Worker: http://localhost:8001, Tokens: 16849.0
Worker: http://localhost:8002, Tokens: 18172.0
Selected worker: http://localhost:8001
Worker: http://localhost:8001, Tokens: 16860.0
Worker: http://localhost:8002, Tokens: 18172.0
Selected worker: http://localhost:8001
Worker: http://localhost:8001, Tokens: 16863.0
Worker: http://localhost:8002, Tokens: 18172.0
Selected worker: http://localhost:8001
Worker: http://localhost:8001, Tokens: 16881.0
Worker: http://localhost:8002, Tokens: 18172.0
Selected worker: http://localhost:8001
Worker: http://localhost:8001, Tokens: 16905.0
Worker: http://localhost:8002, Tokens: 18172.0
Selected worker: http://localhost:8001
Worker: http://localhost:8001, Tokens: 16914.0
Worker: http://localhost:8002, Tokens: 18172.0
Selected worker: http://localhost:8001
Worker: http://localhost:8001, Tokens: 16920.0
Worker: http://localhost:8002, Tokens: 18172.0
Selected worker: http://localhost:8001
Worker: http://localhost:8001, Tokens: 16947.0
Worker: http://localhost:8002, Tokens: 18172.0
Selected worker: http://localhost:8001
Worker: http://localhost:8001, Tokens: 16947.0
Worker: http://localhost:8002, Tokens: 18172.0
Selected worker: http://localhost:8001
Worker: http://localhost:8001, Tokens: 16949.0
Worker: http://localhost:8002, Tokens: 18172.0
Selected worker: http://localhost:8001
Worker: http://localhost:8001, Tokens: 16956.0
Worker: http://localhost:8002, Tokens: 18172.0
Selected worker: http://localhost:8001
Worker: http://localhost:8001, Tokens: 16981.0
Worker: http://localhost:8002, Tokens: 18172.0
Selected worker: http://localhost:8001
Worker: http://localhost:8001, Tokens: 16987.0
Worker: http://localhost:8002, Tokens: 18172.0
Selected worker: http://localhost:8001
Worker: http://localhost:8001, Tokens: 17003.0
Worker: http://localhost:8002, Tokens: 18172.0
Selected worker: http://localhost:8001
Worker: http://localhost:8001, Tokens: 17050.0
Worker: http://localhost:8002, Tokens: 18172.0
Selected worker: http://localhost:8001
Worker: http://localhost:8001, Tokens: 17086.0
Worker: http://localhost:8002, Tokens: 18172.0
Selected worker: http://localhost:8001
Worker: http://localhost:8001, Tokens: 17093.0
Worker: http://localhost:8002, Tokens: 18172.0
Selected worker: http://localhost:8001
Worker: http://localhost:8001, Tokens: 18435.0
Worker: http://localhost:8002, Tokens: 18172.0
Selected worker: http://localhost:8002
Worker: http://localhost:8001, Tokens: 18435.0
Worker: http://localhost:8002, Tokens: 18193.0
Selected worker: http://localhost:8002
Worker: http://localhost:8001, Tokens: 18435.0
Worker: http://localhost:8002, Tokens: 19296.0
Selected worker: http://localhost:8001
Worker: http://localhost:8001, Tokens: 18442.0
Worker: http://localhost:8002, Tokens: 19296.0
Selected worker: http://localhost:8001
Worker: http://localhost:8001, Tokens: 18467.0
Worker: http://localhost:8002, Tokens: 19296.0
Selected worker: http://localhost:8001
Worker: http://localhost:8001, Tokens: 18474.0
Worker: http://localhost:8002, Tokens: 19296.0
Selected worker: http://localhost:8001
Worker: http://localhost:8001, Tokens: 20334.0
Worker: http://localhost:8002, Tokens: 19296.0
Selected worker: http://localhost:8002
Worker: http://localhost:8001, Tokens: 20334.0
Worker: http://localhost:8002, Tokens: 21581.0
Selected worker: http://localhost:8001
Worker: http://localhost:8001, Tokens: 20342.0
Worker: http://localhost:8002, Tokens: 21581.0
Selected worker: http://localhost:8001
Worker: http://localhost:8001, Tokens: 21918.0
Worker: http://localhost:8002, Tokens: 21581.0
Selected worker: http://localhost:8002
Worker: http://localhost:8001, Tokens: 21918.0
Worker: http://localhost:8002, Tokens: 21624.0
Selected worker: http://localhost:8002
Worker: http://localhost:8001, Tokens: 21918.0
Worker: http://localhost:8002, Tokens: 21625.0
Selected worker: http://localhost:8002
Worker: http://localhost:8001, Tokens: 21918.0
Worker: http://localhost:8002, Tokens: 21632.0
Selected worker: http://localhost:8002
Worker: http://localhost:8001, Tokens: 21918.0
Worker: http://localhost:8002, Tokens: 21661.0
Selected worker: http://localhost:8002
Worker: http://localhost:8001, Tokens: 21918.0
Worker: http://localhost:8002, Tokens: 21708.0
Selected worker: http://localhost:8002
Worker: http://localhost:8001, Tokens: 21918.0
Worker: http://localhost:8002, Tokens: 22761.0
Selected worker: http://localhost:8001
Worker: http://localhost:8001, Tokens: 21938.0
Worker: http://localhost:8002, Tokens: 22761.0
Selected worker: http://localhost:8001
Worker: http://localhost:8001, Tokens: 21961.0
Worker: http://localhost:8002, Tokens: 22761.0
Selected worker: http://localhost:8001
Worker: http://localhost:8001, Tokens: 22009.0
Worker: http://localhost:8002, Tokens: 22761.0
Selected worker: http://localhost:8001
Worker: http://localhost:8001, Tokens: 22017.0
Worker: http://localhost:8002, Tokens: 22761.0
Selected worker: http://localhost:8001
Worker: http://localhost:8001, Tokens: 22036.0
Worker: http://localhost:8002, Tokens: 22761.0
Selected worker: http://localhost:8001
Worker: http://localhost:8001, Tokens: 22045.0
Worker: http://localhost:8002, Tokens: 22761.0
Selected worker: http://localhost:8001
Worker: http://localhost:8001, Tokens: 22057.0
Worker: http://localhost:8002, Tokens: 22761.0
Selected worker: http://localhost:8001
Worker: http://localhost:8001, Tokens: 24504.0
Worker: http://localhost:8002, Tokens: 22761.0
Selected worker: http://localhost:8002
Worker: http://localhost:8001, Tokens: 24504.0
Worker: http://localhost:8002, Tokens: 23900.0
Selected worker: http://localhost:8002
Worker: http://localhost:8001, Tokens: 24504.0
Worker: http://localhost:8002, Tokens: 23908.0
Selected worker: http://localhost:8002
Worker: http://localhost:8001, Tokens: 24504.0
Worker: http://localhost:8002, Tokens: 23913.0
Selected worker: http://localhost:8002
Worker: http://localhost:8001, Tokens: 24504.0
Worker: http://localhost:8002, Tokens: 23923.0
Selected worker: http://localhost:8002
Worker: http://localhost:8001, Tokens: 24504.0
Worker: http://localhost:8002, Tokens: 23942.0
Selected worker: http://localhost:8002
Worker: http://localhost:8001, Tokens: 24504.0
Worker: http://localhost:8002, Tokens: 23943.0
Selected worker: http://localhost:8002
Worker: http://localhost:8001, Tokens: 24504.0
Worker: http://localhost:8002, Tokens: 23945.0
Selected worker: http://localhost:8002
Worker: http://localhost:8001, Tokens: 24504.0
Worker: http://localhost:8002, Tokens: 23969.0
Selected worker: http://localhost:8002
Worker: http://localhost:8001, Tokens: 24504.0
Worker: http://localhost:8002, Tokens: 25281.0
Selected worker: http://localhost:8001
Worker: http://localhost:8001, Tokens: 24505.0
Worker: http://localhost:8002, Tokens: 25281.0
Selected worker: http://localhost:8001
Worker: http://localhost:8001, Tokens: 24510.0
Worker: http://localhost:8002, Tokens: 25281.0
Selected worker: http://localhost:8001
Worker: http://localhost:8001, Tokens: 24535.0
Worker: http://localhost:8002, Tokens: 25281.0
Selected worker: http://localhost:8001
Worker: http://localhost:8001, Tokens: 24543.0
Worker: http://localhost:8002, Tokens: 25281.0
Selected worker: http://localhost:8001
Worker: http://localhost:8001, Tokens: 25791.0
Worker: http://localhost:8002, Tokens: 25281.0
Selected worker: http://localhost:8002
Worker: http://localhost:8001, Tokens: 25791.0
Worker: http://localhost:8002, Tokens: 25287.0
Selected worker: http://localhost:8002
Worker: http://localhost:8001, Tokens: 25791.0
Worker: http://localhost:8002, Tokens: 25288.0
Selected worker: http://localhost:8002
Worker: http://localhost:8001, Tokens: 25791.0
Worker: http://localhost:8002, Tokens: 25294.0
Selected worker: http://localhost:8002
Worker: http://localhost:8001, Tokens: 25791.0
Worker: http://localhost:8002, Tokens: 25316.0
Selected worker: http://localhost:8002
Worker: http://localhost:8001, Tokens: 25791.0
Worker: http://localhost:8002, Tokens: 27820.0
Selected worker: http://localhost:8001
Worker: http://localhost:8001, Tokens: 25802.0
Worker: http://localhost:8002, Tokens: 27820.0
Selected worker: http://localhost:8001
Worker: http://localhost:8001, Tokens: 25844.0
Worker: http://localhost:8002, Tokens: 27820.0
Selected worker: http://localhost:8001
Worker: http://localhost:8001, Tokens: 25853.0
Worker: http://localhost:8002, Tokens: 27820.0
Selected worker: http://localhost:8001
Worker: http://localhost:8001, Tokens: 25884.0
Worker: http://localhost:8002, Tokens: 27820.0
Selected worker: http://localhost:8001
Worker: http://localhost:8001, Tokens: 25900.0
Worker: http://localhost:8002, Tokens: 27820.0
Selected worker: http://localhost:8001
Worker: http://localhost:8001, Tokens: 25907.0
Worker: http://localhost:8002, Tokens: 27820.0
Selected worker: http://localhost:8001
Worker: http://localhost:8001, Tokens: 27030.0
Worker: http://localhost:8002, Tokens: 27820.0
Selected worker: http://localhost:8001
Worker: http://localhost:8001, Tokens: 27031.0
Worker: http://localhost:8002, Tokens: 27820.0
Selected worker: http://localhost:8001
Worker: http://localhost:8001, Tokens: 29099.0
Worker: http://localhost:8002, Tokens: 27820.0
Selected worker: http://localhost:8002
Worker: http://localhost:8001, Tokens: 29099.0
Worker: http://localhost:8002, Tokens: 27832.0
Selected worker: http://localhost:8002
Worker: http://localhost:8001, Tokens: 29099.0
Worker: http://localhost:8002, Tokens: 27841.0
Selected worker: http://localhost:8002
Worker: http://localhost:8001, Tokens: 29099.0
Worker: http://localhost:8002, Tokens: 27851.0
Selected worker: http://localhost:8002
Worker: http://localhost:8001, Tokens: 29099.0
Worker: http://localhost:8002, Tokens: 27866.0
Selected worker: http://localhost:8002
Worker: http://localhost:8001, Tokens: 29099.0
Worker: http://localhost:8002, Tokens: 27871.0
Selected worker: http://localhost:8002
Worker: http://localhost:8001, Tokens: 29099.0
Worker: http://localhost:8002, Tokens: 27897.0
Selected worker: http://localhost:8002
Worker: http://localhost:8001, Tokens: 29099.0
Worker: http://localhost:8002, Tokens: 30077.0
Selected worker: http://localhost:8001
Worker: http://localhost:8001, Tokens: 31876.0
Worker: http://localhost:8002, Tokens: 30077.0
Selected worker: http://localhost:8002
Worker: http://localhost:8001, Tokens: 31876.0
Worker: http://localhost:8002, Tokens: 30108.0
Selected worker: http://localhost:8002
Worker: http://localhost:8001, Tokens: 31876.0
Worker: http://localhost:8002, Tokens: 30117.0
Selected worker: http://localhost:8002
Worker: http://localhost:8001, Tokens: 31876.0
Worker: http://localhost:8002, Tokens: 30126.0
Selected worker: http://localhost:8002
Worker: http://localhost:8001, Tokens: 31876.0
Worker: http://localhost:8002, Tokens: 30147.0
Selected worker: http://localhost:8002
Worker: http://localhost:8001, Tokens: 31876.0
Worker: http://localhost:8002, Tokens: 30171.0
Selected worker: http://localhost:8002
Worker: http://localhost:8001, Tokens: 31876.0
Worker: http://localhost:8002, Tokens: 30177.0
Selected worker: http://localhost:8002
Worker: http://localhost:8001, Tokens: 31876.0
Worker: http://localhost:8002, Tokens: 30189.0
Selected worker: http://localhost:8002
Worker: http://localhost:8001, Tokens: 31876.0
Worker: http://localhost:8002, Tokens: 30197.0
Selected worker: http://localhost:8002
Worker: http://localhost:8001, Tokens: 31876.0
Worker: http://localhost:8002, Tokens: 30209.0
Selected worker: http://localhost:8002
Worker: http://localhost:8001, Tokens: 31876.0
Worker: http://localhost:8002, Tokens: 30256.0
Selected worker: http://localhost:8002
Worker: http://localhost:8001, Tokens: 31876.0
Worker: http://localhost:8002, Tokens: 30274.0
Selected worker: http://localhost:8002
Worker: http://localhost:8001, Tokens: 31876.0
Worker: http://localhost:8002, Tokens: 32352.0
Selected worker: http://localhost:8001
Worker: http://localhost:8001, Tokens: 31883.0
Worker: http://localhost:8002, Tokens: 32352.0
Selected worker: http://localhost:8001
Worker: http://localhost:8001, Tokens: 31889.0
Worker: http://localhost:8002, Tokens: 32352.0
Selected worker: http://localhost:8001
Worker: http://localhost:8001, Tokens: 31907.0
Worker: http://localhost:8002, Tokens: 32352.0
Selected worker: http://localhost:8001
Worker: http://localhost:8001, Tokens: 31922.0
Worker: http://localhost:8002, Tokens: 32352.0
Selected worker: http://localhost:8001
Worker: http://localhost:8001, Tokens: 31925.0
Worker: http://localhost:8002, Tokens: 32352.0
Selected worker: http://localhost:8001
Worker: http://localhost:8001, Tokens: 31930.0
Worker: http://localhost:8002, Tokens: 32352.0
Selected worker: http://localhost:8001
Worker: http://localhost:8001, Tokens: 31967.0
Worker: http://localhost:8002, Tokens: 32352.0
Selected worker: http://localhost:8001
Worker: http://localhost:8001, Tokens: 33623.0
Worker: http://localhost:8002, Tokens: 32352.0
Selected worker: http://localhost:8002
Worker: http://localhost:8001, Tokens: 33623.0
Worker: http://localhost:8002, Tokens: 32370.0
Selected worker: http://localhost:8002
Worker: http://localhost:8001, Tokens: 33623.0
Worker: http://localhost:8002, Tokens: 32384.0
Selected worker: http://localhost:8002
Worker: http://localhost:8001, Tokens: 33623.0
Worker: http://localhost:8002, Tokens: 32388.0
Selected worker: http://localhost:8002
Worker: http://localhost:8001, Tokens: 33623.0
Worker: http://localhost:8002, Tokens: 32434.0
Selected worker: http://localhost:8002
Worker: http://localhost:8001, Tokens: 33623.0
Worker: http://localhost:8002, Tokens: 34250.0
Selected worker: http://localhost:8001
Worker: http://localhost:8001, Tokens: 33631.0
Worker: http://localhost:8002, Tokens: 34250.0
Selected worker: http://localhost:8001
Worker: http://localhost:8001, Tokens: 33644.0
Worker: http://localhost:8002, Tokens: 34250.0
Selected worker: http://localhost:8001
Worker: http://localhost:8001, Tokens: 33653.0
Worker: http://localhost:8002, Tokens: 34250.0
Selected worker: http://localhost:8001
Worker: http://localhost:8001, Tokens: 34929.0
Worker: http://localhost:8002, Tokens: 34250.0
Selected worker: http://localhost:8002
Worker: http://localhost:8001, Tokens: 34929.0
Worker: http://localhost:8002, Tokens: 34262.0
Selected worker: http://localhost:8002
Worker: http://localhost:8001, Tokens: 34929.0
Worker: http://localhost:8002, Tokens: 34268.0
Selected worker: http://localhost:8002
Worker: http://localhost:8001, Tokens: 34929.0
Worker: http://localhost:8002, Tokens: 34283.0
Selected worker: http://localhost:8002
Worker: http://localhost:8001, Tokens: 34929.0
Worker: http://localhost:8002, Tokens: 37004.0
Selected worker: http://localhost:8001
Worker: http://localhost:8001, Tokens: 34939.0
Worker: http://localhost:8002, Tokens: 37004.0
Selected worker: http://localhost:8001
Worker: http://localhost:8001, Tokens: 34959.0
Worker: http://localhost:8002, Tokens: 37004.0
Selected worker: http://localhost:8001
Worker: http://localhost:8001, Tokens: 34974.0
Worker: http://localhost:8002, Tokens: 37004.0
Selected worker: http://localhost:8001
Worker: http://localhost:8001, Tokens: 34981.0
Worker: http://localhost:8002, Tokens: 37004.0
Selected worker: http://localhost:8001
Worker: http://localhost:8001, Tokens: 34989.0
Worker: http://localhost:8002, Tokens: 37004.0
Selected worker: http://localhost:8001
Worker: http://localhost:8001, Tokens: 35019.0
Worker: http://localhost:8002, Tokens: 37004.0
Selected worker: http://localhost:8001
Worker: http://localhost:8001, Tokens: 35035.0
Worker: http://localhost:8002, Tokens: 37004.0
Selected worker: http://localhost:8001
Worker: http://localhost:8001, Tokens: 35058.0
Worker: http://localhost:8002, Tokens: 37004.0
Selected worker: http://localhost:8001
Worker: http://localhost:8001, Tokens: 35078.0
Worker: http://localhost:8002, Tokens: 37004.0
Selected worker: http://localhost:8001
Worker: http://localhost:8001, Tokens: 35091.0
Worker: http://localhost:8002, Tokens: 37004.0
Selected worker: http://localhost:8001
Worker: http://localhost:8001, Tokens: 36285.0
Worker: http://localhost:8002, Tokens: 37004.0
Selected worker: http://localhost:8001
Worker: http://localhost:8001, Tokens: 36305.0
Worker: http://localhost:8002, Tokens: 37004.0
Selected worker: http://localhost:8001
Worker: http://localhost:8001, Tokens: 36339.0
Worker: http://localhost:8002, Tokens: 37004.0
Selected worker: http://localhost:8001
Worker: http://localhost:8001, Tokens: 36351.0
Worker: http://localhost:8002, Tokens: 37004.0
Selected worker: http://localhost:8001
Worker: http://localhost:8001, Tokens: 36355.0
Worker: http://localhost:8002, Tokens: 37004.0
Selected worker: http://localhost:8001
Worker: http://localhost:8001, Tokens: 36364.0
Worker: http://localhost:8002, Tokens: 37004.0
Selected worker: http://localhost:8001
Worker: http://localhost:8001, Tokens: 36379.0
Worker: http://localhost:8002, Tokens: 37004.0
Selected worker: http://localhost:8001
Worker: http://localhost:8001, Tokens: 36414.0
Worker: http://localhost:8002, Tokens: 37004.0
Selected worker: http://localhost:8001
Worker: http://localhost:8001, Tokens: 36433.0
Worker: http://localhost:8002, Tokens: 37004.0
Selected worker: http://localhost:8001
Worker: http://localhost:8001, Tokens: 36440.0
Worker: http://localhost:8002, Tokens: 37004.0
Selected worker: http://localhost:8001
Worker: http://localhost:8001, Tokens: 38108.0
Worker: http://localhost:8002, Tokens: 37004.0
Selected worker: http://localhost:8002
Worker: http://localhost:8001, Tokens: 38108.0
Worker: http://localhost:8002, Tokens: 37022.0
Selected worker: http://localhost:8002
Worker: http://localhost:8001, Tokens: 38108.0
Worker: http://localhost:8002, Tokens: 37039.0
Selected worker: http://localhost:8002
Worker: http://localhost:8001, Tokens: 38108.0
Worker: http://localhost:8002, Tokens: 37083.0
Selected worker: http://localhost:8002
Worker: http://localhost:8001, Tokens: 38108.0
Worker: http://localhost:8002, Tokens: 38156.0
Selected worker: http://localhost:8001
INFO:     127.0.0.1:36068 - "POST /v1/completions HTTP/1.1" 200 OK
INFO:     127.0.0.1:34598 - "POST /v1/completions HTTP/1.1" 200 OK
INFO:     127.0.0.1:34608 - "POST /v1/completions HTTP/1.1" 200 OK
INFO:     127.0.0.1:34616 - "POST /v1/completions HTTP/1.1" 200 OK
INFO:     127.0.0.1:34620 - "POST /v1/completions HTTP/1.1" 200 OK
INFO:     127.0.0.1:34636 - "POST /v1/completions HTTP/1.1" 200 OK
INFO:     127.0.0.1:34652 - "POST /v1/completions HTTP/1.1" 200 OK
INFO:     127.0.0.1:34658 - "POST /v1/completions HTTP/1.1" 200 OK
INFO:     127.0.0.1:34670 - "POST /v1/completions HTTP/1.1" 200 OK
INFO:     127.0.0.1:34682 - "POST /v1/completions HTTP/1.1" 200 OK
INFO:     127.0.0.1:34688 - "POST /v1/completions HTTP/1.1" 200 OK
INFO:     127.0.0.1:34702 - "POST /v1/completions HTTP/1.1" 200 OK
INFO:     127.0.0.1:34706 - "POST /v1/completions HTTP/1.1" 200 OK
INFO:     127.0.0.1:34714 - "POST /v1/completions HTTP/1.1" 200 OK
INFO:     127.0.0.1:34716 - "POST /v1/completions HTTP/1.1" 200 OK
INFO:     127.0.0.1:34722 - "POST /v1/completions HTTP/1.1" 200 OK
INFO:     127.0.0.1:34738 - "POST /v1/completions HTTP/1.1" 200 OK
INFO:     127.0.0.1:34746 - "POST /v1/completions HTTP/1.1" 200 OK
INFO:     127.0.0.1:34756 - "POST /v1/completions HTTP/1.1" 200 OK
INFO:     127.0.0.1:34762 - "POST /v1/completions HTTP/1.1" 200 OK
INFO:     127.0.0.1:34764 - "POST /v1/completions HTTP/1.1" 200 OK
INFO:     127.0.0.1:34778 - "POST /v1/completions HTTP/1.1" 200 OK
INFO:     127.0.0.1:34786 - "POST /v1/completions HTTP/1.1" 200 OK
INFO:     127.0.0.1:34802 - "POST /v1/completions HTTP/1.1" 200 OK
INFO:     127.0.0.1:34816 - "POST /v1/completions HTTP/1.1" 200 OK
INFO:     127.0.0.1:34832 - "POST /v1/completions HTTP/1.1" 200 OK
INFO:     127.0.0.1:34842 - "POST /v1/completions HTTP/1.1" 200 OK
INFO:     127.0.0.1:34844 - "POST /v1/completions HTTP/1.1" 200 OK
INFO:     127.0.0.1:34856 - "POST /v1/completions HTTP/1.1" 200 OK
INFO:     127.0.0.1:34858 - "POST /v1/completions HTTP/1.1" 200 OK
INFO:     127.0.0.1:34872 - "POST /v1/completions HTTP/1.1" 200 OK
INFO:     127.0.0.1:34880 - "POST /v1/completions HTTP/1.1" 200 OK
INFO:     127.0.0.1:34890 - "POST /v1/completions HTTP/1.1" 200 OK
INFO:     127.0.0.1:34906 - "POST /v1/completions HTTP/1.1" 200 OK
INFO:     127.0.0.1:34922 - "POST /v1/completions HTTP/1.1" 200 OK
INFO:     127.0.0.1:34934 - "POST /v1/completions HTTP/1.1" 200 OK
INFO:     127.0.0.1:34942 - "POST /v1/completions HTTP/1.1" 200 OK
INFO:     127.0.0.1:34956 - "POST /v1/completions HTTP/1.1" 200 OK
INFO:     127.0.0.1:34962 - "POST /v1/completions HTTP/1.1" 200 OK
INFO:     127.0.0.1:34966 - "POST /v1/completions HTTP/1.1" 200 OK
INFO:     127.0.0.1:34980 - "POST /v1/completions HTTP/1.1" 200 OK
INFO:     127.0.0.1:34992 - "POST /v1/completions HTTP/1.1" 200 OK
INFO:     127.0.0.1:34998 - "POST /v1/completions HTTP/1.1" 200 OK
INFO:     127.0.0.1:35004 - "POST /v1/completions HTTP/1.1" 200 OK
INFO:     127.0.0.1:35006 - "POST /v1/completions HTTP/1.1" 200 OK
INFO:     127.0.0.1:35018 - "POST /v1/completions HTTP/1.1" 200 OK
INFO:     127.0.0.1:35022 - "POST /v1/completions HTTP/1.1" 200 OK
INFO:     127.0.0.1:35036 - "POST /v1/completions HTTP/1.1" 200 OK
INFO:     127.0.0.1:35044 - "POST /v1/completions HTTP/1.1" 200 OK
INFO:     127.0.0.1:35058 - "POST /v1/completions HTTP/1.1" 200 OK
INFO:     127.0.0.1:35068 - "POST /v1/completions HTTP/1.1" 200 OK
INFO:     127.0.0.1:35074 - "POST /v1/completions HTTP/1.1" 200 OK
INFO:     127.0.0.1:35088 - "POST /v1/completions HTTP/1.1" 200 OK
INFO:     127.0.0.1:35100 - "POST /v1/completions HTTP/1.1" 200 OK
INFO:     127.0.0.1:35108 - "POST /v1/completions HTTP/1.1" 200 OK
INFO:     127.0.0.1:35112 - "POST /v1/completions HTTP/1.1" 200 OK
INFO:     127.0.0.1:35120 - "POST /v1/completions HTTP/1.1" 200 OK
INFO:     127.0.0.1:35136 - "POST /v1/completions HTTP/1.1" 200 OK
INFO:     127.0.0.1:35148 - "POST /v1/completions HTTP/1.1" 200 OK
INFO:     127.0.0.1:35164 - "POST /v1/completions HTTP/1.1" 200 OK
INFO:     127.0.0.1:35172 - "POST /v1/completions HTTP/1.1" 200 OK
INFO:     127.0.0.1:35176 - "POST /v1/completions HTTP/1.1" 200 OK
INFO:     127.0.0.1:35182 - "POST /v1/completions HTTP/1.1" 200 OK
INFO:     127.0.0.1:35190 - "POST /v1/completions HTTP/1.1" 200 OK
INFO:     127.0.0.1:35196 - "POST /v1/completions HTTP/1.1" 200 OK
INFO:     127.0.0.1:35204 - "POST /v1/completions HTTP/1.1" 200 OK
INFO:     127.0.0.1:35220 - "POST /v1/completions HTTP/1.1" 200 OK
INFO:     127.0.0.1:35228 - "POST /v1/completions HTTP/1.1" 200 OK
INFO:     127.0.0.1:35232 - "POST /v1/completions HTTP/1.1" 200 OK
INFO:     127.0.0.1:35238 - "POST /v1/completions HTTP/1.1" 200 OK
INFO:     127.0.0.1:35242 - "POST /v1/completions HTTP/1.1" 200 OK
INFO:     127.0.0.1:35250 - "POST /v1/completions HTTP/1.1" 200 OK
INFO:     127.0.0.1:35260 - "POST /v1/completions HTTP/1.1" 200 OK
INFO:     127.0.0.1:35272 - "POST /v1/completions HTTP/1.1" 200 OK
INFO:     127.0.0.1:35288 - "POST /v1/completions HTTP/1.1" 200 OK
INFO:     127.0.0.1:35294 - "POST /v1/completions HTTP/1.1" 200 OK
INFO:     127.0.0.1:35304 - "POST /v1/completions HTTP/1.1" 200 OK
INFO:     127.0.0.1:35308 - "POST /v1/completions HTTP/1.1" 200 OK
INFO:     127.0.0.1:35324 - "POST /v1/completions HTTP/1.1" 200 OK
INFO:     127.0.0.1:35326 - "POST /v1/completions HTTP/1.1" 200 OK
INFO:     127.0.0.1:35328 - "POST /v1/completions HTTP/1.1" 200 OK
INFO:     127.0.0.1:35338 - "POST /v1/completions HTTP/1.1" 200 OK
INFO:     127.0.0.1:35346 - "POST /v1/completions HTTP/1.1" 200 OK
INFO:     127.0.0.1:35358 - "POST /v1/completions HTTP/1.1" 200 OK
INFO:     127.0.0.1:35374 - "POST /v1/completions HTTP/1.1" 200 OK
INFO:     127.0.0.1:35386 - "POST /v1/completions HTTP/1.1" 200 OK
INFO:     127.0.0.1:35390 - "POST /v1/completions HTTP/1.1" 200 OK
INFO:     127.0.0.1:35392 - "POST /v1/completions HTTP/1.1" 200 OK
INFO:     127.0.0.1:35406 - "POST /v1/completions HTTP/1.1" 200 OK
INFO:     127.0.0.1:35420 - "POST /v1/completions HTTP/1.1" 200 OK
INFO:     127.0.0.1:35430 - "POST /v1/completions HTTP/1.1" 200 OK
INFO:     127.0.0.1:35432 - "POST /v1/completions HTTP/1.1" 200 OK
INFO:     127.0.0.1:35444 - "POST /v1/completions HTTP/1.1" 200 OK
INFO:     127.0.0.1:35458 - "POST /v1/completions HTTP/1.1" 200 OK
INFO:     127.0.0.1:35468 - "POST /v1/completions HTTP/1.1" 200 OK
INFO:     127.0.0.1:35478 - "POST /v1/completions HTTP/1.1" 200 OK
INFO:     127.0.0.1:35494 - "POST /v1/completions HTTP/1.1" 200 OK
INFO:     127.0.0.1:35504 - "POST /v1/completions HTTP/1.1" 200 OK
INFO:     127.0.0.1:35510 - "POST /v1/completions HTTP/1.1" 200 OK
INFO:     127.0.0.1:35518 - "POST /v1/completions HTTP/1.1" 200 OK
INFO:     127.0.0.1:35528 - "POST /v1/completions HTTP/1.1" 200 OK
INFO:     127.0.0.1:35540 - "POST /v1/completions HTTP/1.1" 200 OK
INFO:     127.0.0.1:35542 - "POST /v1/completions HTTP/1.1" 200 OK
INFO:     127.0.0.1:35548 - "POST /v1/completions HTTP/1.1" 200 OK
INFO:     127.0.0.1:35564 - "POST /v1/completions HTTP/1.1" 200 OK
INFO:     127.0.0.1:35572 - "POST /v1/completions HTTP/1.1" 200 OK
INFO:     127.0.0.1:35574 - "POST /v1/completions HTTP/1.1" 200 OK
INFO:     127.0.0.1:35576 - "POST /v1/completions HTTP/1.1" 200 OK
INFO:     127.0.0.1:35578 - "POST /v1/completions HTTP/1.1" 200 OK
INFO:     127.0.0.1:35588 - "POST /v1/completions HTTP/1.1" 200 OK
INFO:     127.0.0.1:35600 - "POST /v1/completions HTTP/1.1" 200 OK
INFO:     127.0.0.1:35616 - "POST /v1/completions HTTP/1.1" 200 OK
INFO:     127.0.0.1:35626 - "POST /v1/completions HTTP/1.1" 200 OK
INFO:     127.0.0.1:35640 - "POST /v1/completions HTTP/1.1" 200 OK
INFO:     127.0.0.1:35654 - "POST /v1/completions HTTP/1.1" 200 OK
INFO:     127.0.0.1:35662 - "POST /v1/completions HTTP/1.1" 200 OK
INFO:     127.0.0.1:35666 - "POST /v1/completions HTTP/1.1" 200 OK
INFO:     127.0.0.1:35676 - "POST /v1/completions HTTP/1.1" 200 OK
INFO:     127.0.0.1:35692 - "POST /v1/completions HTTP/1.1" 200 OK
INFO:     127.0.0.1:35700 - "POST /v1/completions HTTP/1.1" 200 OK
INFO:     127.0.0.1:35716 - "POST /v1/completions HTTP/1.1" 200 OK
INFO:     127.0.0.1:35722 - "POST /v1/completions HTTP/1.1" 200 OK
INFO:     127.0.0.1:35736 - "POST /v1/completions HTTP/1.1" 200 OK
INFO:     127.0.0.1:35738 - "POST /v1/completions HTTP/1.1" 200 OK
INFO:     127.0.0.1:35746 - "POST /v1/completions HTTP/1.1" 200 OK
INFO:     127.0.0.1:35756 - "POST /v1/completions HTTP/1.1" 200 OK
INFO:     127.0.0.1:35764 - "POST /v1/completions HTTP/1.1" 200 OK
INFO:     127.0.0.1:35766 - "POST /v1/completions HTTP/1.1" 200 OK
INFO:     127.0.0.1:35768 - "POST /v1/completions HTTP/1.1" 200 OK
INFO:     127.0.0.1:35770 - "POST /v1/completions HTTP/1.1" 200 OK
INFO:     127.0.0.1:35774 - "POST /v1/completions HTTP/1.1" 200 OK
INFO:     127.0.0.1:35776 - "POST /v1/completions HTTP/1.1" 200 OK
INFO:     127.0.0.1:35786 - "POST /v1/completions HTTP/1.1" 200 OK
INFO:     127.0.0.1:35798 - "POST /v1/completions HTTP/1.1" 200 OK
INFO:     127.0.0.1:35808 - "POST /v1/completions HTTP/1.1" 200 OK
INFO:     127.0.0.1:35820 - "POST /v1/completions HTTP/1.1" 200 OK
INFO:     127.0.0.1:35834 - "POST /v1/completions HTTP/1.1" 200 OK
INFO:     127.0.0.1:35836 - "POST /v1/completions HTTP/1.1" 200 OK
INFO:     127.0.0.1:35846 - "POST /v1/completions HTTP/1.1" 200 OK
INFO:     127.0.0.1:35852 - "POST /v1/completions HTTP/1.1" 200 OK
INFO:     127.0.0.1:35854 - "POST /v1/completions HTTP/1.1" 200 OK
INFO:     127.0.0.1:35860 - "POST /v1/completions HTTP/1.1" 200 OK
INFO:     127.0.0.1:35874 - "POST /v1/completions HTTP/1.1" 200 OK
INFO:     127.0.0.1:35882 - "POST /v1/completions HTTP/1.1" 200 OK
INFO:     127.0.0.1:35898 - "POST /v1/completions HTTP/1.1" 200 OK
INFO:     127.0.0.1:35912 - "POST /v1/completions HTTP/1.1" 200 OK
INFO:     127.0.0.1:35916 - "POST /v1/completions HTTP/1.1" 200 OK
INFO:     127.0.0.1:35926 - "POST /v1/completions HTTP/1.1" 200 OK
INFO:     127.0.0.1:35928 - "POST /v1/completions HTTP/1.1" 200 OK
INFO:     127.0.0.1:35930 - "POST /v1/completions HTTP/1.1" 200 OK
INFO:     127.0.0.1:35936 - "POST /v1/completions HTTP/1.1" 200 OK
INFO:     127.0.0.1:35948 - "POST /v1/completions HTTP/1.1" 200 OK
INFO:     127.0.0.1:35962 - "POST /v1/completions HTTP/1.1" 200 OK
INFO:     127.0.0.1:35972 - "POST /v1/completions HTTP/1.1" 200 OK
INFO:     127.0.0.1:35980 - "POST /v1/completions HTTP/1.1" 200 OK
INFO:     127.0.0.1:35994 - "POST /v1/completions HTTP/1.1" 200 OK
INFO:     127.0.0.1:36010 - "POST /v1/completions HTTP/1.1" 200 OK
INFO:     127.0.0.1:36022 - "POST /v1/completions HTTP/1.1" 200 OK
INFO:     127.0.0.1:36026 - "POST /v1/completions HTTP/1.1" 200 OK
INFO:     127.0.0.1:36034 - "POST /v1/completions HTTP/1.1" 200 OK
INFO:     127.0.0.1:36036 - "POST /v1/completions HTTP/1.1" 200 OK
INFO:     127.0.0.1:36040 - "POST /v1/completions HTTP/1.1" 200 OK
INFO:     127.0.0.1:36052 - "POST /v1/completions HTTP/1.1" 200 OK
INFO:     127.0.0.1:36054 - "POST /v1/completions HTTP/1.1" 200 OK
INFO:     127.0.0.1:36074 - "POST /v1/completions HTTP/1.1" 200 OK
INFO:     127.0.0.1:36086 - "POST /v1/completions HTTP/1.1" 200 OK
INFO:     127.0.0.1:36096 - "POST /v1/completions HTTP/1.1" 200 OK
INFO:     127.0.0.1:36112 - "POST /v1/completions HTTP/1.1" 200 OK
INFO:     127.0.0.1:36114 - "POST /v1/completions HTTP/1.1" 200 OK
INFO:     127.0.0.1:36118 - "POST /v1/completions HTTP/1.1" 200 OK
INFO:     127.0.0.1:36122 - "POST /v1/completions HTTP/1.1" 200 OK
INFO:     127.0.0.1:36134 - "POST /v1/completions HTTP/1.1" 200 OK
INFO:     127.0.0.1:36150 - "POST /v1/completions HTTP/1.1" 200 OK
INFO:     127.0.0.1:36158 - "POST /v1/completions HTTP/1.1" 200 OK
INFO:     127.0.0.1:36172 - "POST /v1/completions HTTP/1.1" 200 OK
INFO:     127.0.0.1:36186 - "POST /v1/completions HTTP/1.1" 200 OK
INFO:     127.0.0.1:36188 - "POST /v1/completions HTTP/1.1" 200 OK
INFO:     127.0.0.1:36190 - "POST /v1/completions HTTP/1.1" 200 OK
INFO:     127.0.0.1:36200 - "POST /v1/completions HTTP/1.1" 200 OK
INFO:     127.0.0.1:36216 - "POST /v1/completions HTTP/1.1" 200 OK
INFO:     127.0.0.1:36218 - "POST /v1/completions HTTP/1.1" 200 OK
INFO:     127.0.0.1:36230 - "POST /v1/completions HTTP/1.1" 200 OK
INFO:     127.0.0.1:36240 - "POST /v1/completions HTTP/1.1" 200 OK
INFO:     127.0.0.1:36252 - "POST /v1/completions HTTP/1.1" 200 OK
INFO:     127.0.0.1:36264 - "POST /v1/completions HTTP/1.1" 200 OK
INFO:     127.0.0.1:36268 - "POST /v1/completions HTTP/1.1" 200 OK
INFO:     127.0.0.1:36270 - "POST /v1/completions HTTP/1.1" 200 OK
INFO:     127.0.0.1:36274 - "POST /v1/completions HTTP/1.1" 200 OK
INFO:     127.0.0.1:36280 - "POST /v1/completions HTTP/1.1" 200 OK
INFO:     127.0.0.1:36290 - "POST /v1/completions HTTP/1.1" 200 OK
INFO:     127.0.0.1:36302 - "POST /v1/completions HTTP/1.1" 200 OK
INFO:     127.0.0.1:36318 - "POST /v1/completions HTTP/1.1" 200 OK
INFO:     127.0.0.1:36332 - "POST /v1/completions HTTP/1.1" 200 OK
INFO:     127.0.0.1:36348 - "POST /v1/completions HTTP/1.1" 200 OK
INFO:     127.0.0.1:36358 - "POST /v1/completions HTTP/1.1" 200 OK
INFO:     127.0.0.1:36364 - "POST /v1/completions HTTP/1.1" 200 OK
INFO:     127.0.0.1:36368 - "POST /v1/completions HTTP/1.1" 200 OK
INFO:     127.0.0.1:36378 - "POST /v1/completions HTTP/1.1" 200 OK
INFO:     127.0.0.1:36380 - "POST /v1/completions HTTP/1.1" 200 OK
INFO:     127.0.0.1:36392 - "POST /v1/completions HTTP/1.1" 200 OK
INFO:     127.0.0.1:36404 - "POST /v1/completions HTTP/1.1" 200 OK
INFO:     127.0.0.1:36406 - "POST /v1/completions HTTP/1.1" 200 OK
INFO:     127.0.0.1:36408 - "POST /v1/completions HTTP/1.1" 200 OK
INFO:     127.0.0.1:36416 - "POST /v1/completions HTTP/1.1" 200 OK
INFO:     127.0.0.1:36424 - "POST /v1/completions HTTP/1.1" 200 OK
INFO:     127.0.0.1:36436 - "POST /v1/completions HTTP/1.1" 200 OK
INFO:     127.0.0.1:36450 - "POST /v1/completions HTTP/1.1" 200 OK
INFO:     127.0.0.1:36460 - "POST /v1/completions HTTP/1.1" 200 OK
INFO:     127.0.0.1:36472 - "POST /v1/completions HTTP/1.1" 200 OK
INFO:     127.0.0.1:36486 - "POST /v1/completions HTTP/1.1" 200 OK
INFO:     127.0.0.1:36500 - "POST /v1/completions HTTP/1.1" 200 OK
INFO:     127.0.0.1:36512 - "POST /v1/completions HTTP/1.1" 200 OK
INFO:     127.0.0.1:36526 - "POST /v1/completions HTTP/1.1" 200 OK
INFO:     127.0.0.1:36540 - "POST /v1/completions HTTP/1.1" 200 OK
INFO:     127.0.0.1:36556 - "POST /v1/completions HTTP/1.1" 200 OK
INFO:     127.0.0.1:36560 - "POST /v1/completions HTTP/1.1" 200 OK
INFO:     127.0.0.1:36568 - "POST /v1/completions HTTP/1.1" 200 OK
INFO:     127.0.0.1:36572 - "POST /v1/completions HTTP/1.1" 200 OK
INFO:     127.0.0.1:36586 - "POST /v1/completions HTTP/1.1" 200 OK
INFO:     127.0.0.1:36592 - "POST /v1/completions HTTP/1.1" 200 OK
INFO:     127.0.0.1:36604 - "POST /v1/completions HTTP/1.1" 200 OK
INFO:     127.0.0.1:36606 - "POST /v1/completions HTTP/1.1" 200 OK
INFO:     127.0.0.1:36614 - "POST /v1/completions HTTP/1.1" 200 OK
INFO:     127.0.0.1:36622 - "POST /v1/completions HTTP/1.1" 200 OK
INFO:     127.0.0.1:36630 - "POST /v1/completions HTTP/1.1" 200 OK
INFO:     127.0.0.1:36638 - "POST /v1/completions HTTP/1.1" 200 OK
INFO:     127.0.0.1:36640 - "POST /v1/completions HTTP/1.1" 200 OK
INFO:     127.0.0.1:36644 - "POST /v1/completions HTTP/1.1" 200 OK
INFO:     127.0.0.1:36654 - "POST /v1/completions HTTP/1.1" 200 OK
INFO:     127.0.0.1:36670 - "POST /v1/completions HTTP/1.1" 200 OK
INFO:     127.0.0.1:36684 - "POST /v1/completions HTTP/1.1" 200 OK
INFO:     127.0.0.1:36698 - "POST /v1/completions HTTP/1.1" 200 OK
INFO:     127.0.0.1:36712 - "POST /v1/completions HTTP/1.1" 200 OK
INFO:     127.0.0.1:36714 - "POST /v1/completions HTTP/1.1" 200 OK
INFO:     127.0.0.1:36716 - "POST /v1/completions HTTP/1.1" 200 OK
INFO:     127.0.0.1:36730 - "POST /v1/completions HTTP/1.1" 200 OK
INFO:     127.0.0.1:36740 - "POST /v1/completions HTTP/1.1" 200 OK
INFO:     127.0.0.1:36742 - "POST /v1/completions HTTP/1.1" 200 OK
INFO:     127.0.0.1:36744 - "POST /v1/completions HTTP/1.1" 200 OK
INFO:     127.0.0.1:36752 - "POST /v1/completions HTTP/1.1" 200 OK
INFO:     127.0.0.1:36758 - "POST /v1/completions HTTP/1.1" 200 OK
INFO:     127.0.0.1:36770 - "POST /v1/completions HTTP/1.1" 200 OK
Worker: http://localhost:8001, Tokens: 39250.0
Worker: http://localhost:8002, Tokens: 38156.0
Selected worker: http://localhost:8002
INFO:     127.0.0.1:36780 - "POST /v1/completions HTTP/1.1" 200 OK
Worker: http://localhost:8001, Tokens: 1833.0
Worker: http://localhost:8002, Tokens: 38165.0
Selected worker: http://localhost:8001
INFO:     127.0.0.1:36790 - "POST /v1/completions HTTP/1.1" 200 OK
Worker: http://localhost:8001, Tokens: 1856.0
Worker: http://localhost:8002, Tokens: 38165.0
Selected worker: http://localhost:8001
INFO:     127.0.0.1:36804 - "POST /v1/completions HTTP/1.1" 200 OK
Worker: http://localhost:8001, Tokens: 4641.0
Worker: http://localhost:8002, Tokens: 38165.0
Selected worker: http://localhost:8001
INFO:     127.0.0.1:36806 - "POST /v1/completions HTTP/1.1" 200 OK
Worker: http://localhost:8001, Tokens: 4682.0
Worker: http://localhost:8002, Tokens: 38165.0
Selected worker: http://localhost:8001
INFO:     127.0.0.1:36818 - "POST /v1/completions HTTP/1.1" 200 OK
Worker: http://localhost:8001, Tokens: 4697.0
Worker: http://localhost:8002, Tokens: 38165.0
Selected worker: http://localhost:8001
INFO:     127.0.0.1:36826 - "POST /v1/completions HTTP/1.1" 200 OK
Worker: http://localhost:8001, Tokens: 4717.0
Worker: http://localhost:8002, Tokens: 38165.0
Selected worker: http://localhost:8001
INFO:     127.0.0.1:36830 - "POST /v1/completions HTTP/1.1" 200 OK
Worker: http://localhost:8001, Tokens: 4759.0
Worker: http://localhost:8002, Tokens: 38165.0
Selected worker: http://localhost:8001
INFO:     127.0.0.1:36844 - "POST /v1/completions HTTP/1.1" 200 OK
Worker: http://localhost:8001, Tokens: 4770.0
Worker: http://localhost:8002, Tokens: 38165.0
Selected worker: http://localhost:8001
INFO:     127.0.0.1:36858 - "POST /v1/completions HTTP/1.1" 200 OK
Worker: http://localhost:8001, Tokens: 4783.0
Worker: http://localhost:8002, Tokens: 38165.0
Selected worker: http://localhost:8001
INFO:     127.0.0.1:36872 - "POST /v1/completions HTTP/1.1" 200 OK
Worker: http://localhost:8001, Tokens: 4791.0
Worker: http://localhost:8002, Tokens: 38165.0
Selected worker: http://localhost:8001
INFO:     127.0.0.1:36886 - "POST /v1/completions HTTP/1.1" 200 OK
Worker: http://localhost:8001, Tokens: 4804.0
Worker: http://localhost:8002, Tokens: 38165.0
Selected worker: http://localhost:8001
INFO:     127.0.0.1:36902 - "POST /v1/completions HTTP/1.1" 200 OK
Worker: http://localhost:8001, Tokens: 4838.0
Worker: http://localhost:8002, Tokens: 0.0
Selected worker: http://localhost:8002
INFO:     127.0.0.1:36918 - "POST /v1/completions HTTP/1.1" 200 OK
Worker: http://localhost:8001, Tokens: 4833.0
Worker: http://localhost:8002, Tokens: 7.0
Selected worker: http://localhost:8002
INFO:     127.0.0.1:36934 - "POST /v1/completions HTTP/1.1" 200 OK
Worker: http://localhost:8001, Tokens: 3157.0
Worker: http://localhost:8002, Tokens: -1383.0
Selected worker: http://localhost:8002
INFO:     127.0.0.1:36576 - "POST /v1/completions HTTP/1.1" 200 OK
Worker: http://localhost:8001, Tokens: 1699.0
Worker: http://localhost:8002, Tokens: 64.0
Selected worker: http://localhost:8002
INFO:     127.0.0.1:36578 - "POST /v1/completions HTTP/1.1" 200 OK
Worker: http://localhost:8001, Tokens: 1699.0
Worker: http://localhost:8002, Tokens: 101.0
Selected worker: http://localhost:8002
INFO:     127.0.0.1:36584 - "POST /v1/completions HTTP/1.1" 200 OK
Worker: http://localhost:8001, Tokens: 1699.0
Worker: http://localhost:8002, Tokens: 113.0
Selected worker: http://localhost:8002
INFO:     127.0.0.1:36600 - "POST /v1/completions HTTP/1.1" 200 OK
Worker: http://localhost:8001, Tokens: 1699.0
Worker: http://localhost:8002, Tokens: 156.0
Selected worker: http://localhost:8002
INFO:     127.0.0.1:36608 - "POST /v1/completions HTTP/1.1" 200 OK
Worker: http://localhost:8001, Tokens: 1699.0
Worker: http://localhost:8002, Tokens: 163.0
Selected worker: http://localhost:8002
INFO:     127.0.0.1:36616 - "POST /v1/completions HTTP/1.1" 200 OK
Worker: http://localhost:8001, Tokens: 1699.0
Worker: http://localhost:8002, Tokens: 173.0
Selected worker: http://localhost:8002
INFO:     127.0.0.1:36618 - "POST /v1/completions HTTP/1.1" 200 OK
Worker: http://localhost:8001, Tokens: 1699.0
Worker: http://localhost:8002, Tokens: 213.0
Selected worker: http://localhost:8002
INFO:     127.0.0.1:36634 - "POST /v1/completions HTTP/1.1" 200 OK
Worker: http://localhost:8001, Tokens: 5539.0
Worker: http://localhost:8002, Tokens: 225.0
Selected worker: http://localhost:8002
INFO:     127.0.0.1:36642 - "POST /v1/completions HTTP/1.1" 200 OK
Worker: http://localhost:8001, Tokens: 3486.0
Worker: http://localhost:8002, Tokens: 262.0
Selected worker: http://localhost:8002
INFO:     127.0.0.1:36650 - "POST /v1/completions HTTP/1.1" 200 OK
Worker: http://localhost:8001, Tokens: 3486.0
Worker: http://localhost:8002, Tokens: -2497.0
Selected worker: http://localhost:8002
INFO:     127.0.0.1:36660 - "POST /v1/completions HTTP/1.1" 200 OK
Worker: http://localhost:8001, Tokens: 3486.0
Worker: http://localhost:8002, Tokens: -2476.0
Selected worker: http://localhost:8002
INFO:     127.0.0.1:36668 - "POST /v1/completions HTTP/1.1" 200 OK
Worker: http://localhost:8001, Tokens: 2280.0
Worker: http://localhost:8002, Tokens: -2431.0
Selected worker: http://localhost:8002
INFO:     127.0.0.1:36686 - "POST /v1/completions HTTP/1.1" 200 OK
Worker: http://localhost:8001, Tokens: 2280.0
Worker: http://localhost:8002, Tokens: -996.0
Selected worker: http://localhost:8002
INFO:     127.0.0.1:36696 - "POST /v1/completions HTTP/1.1" 200 OK
Worker: http://localhost:8001, Tokens: 2280.0
Worker: http://localhost:8002, Tokens: -984.0
Selected worker: http://localhost:8002
INFO:     127.0.0.1:36700 - "POST /v1/completions HTTP/1.1" 200 OK
Worker: http://localhost:8001, Tokens: 2280.0
Worker: http://localhost:8002, Tokens: -962.0
Selected worker: http://localhost:8002
INFO:     127.0.0.1:36704 - "POST /v1/completions HTTP/1.1" 200 OK
Worker: http://localhost:8001, Tokens: 2280.0
Worker: http://localhost:8002, Tokens: -4102.0
Selected worker: http://localhost:8002
INFO:     127.0.0.1:36718 - "POST /v1/completions HTTP/1.1" 200 OK
Worker: http://localhost:8001, Tokens: 2280.0
Worker: http://localhost:8002, Tokens: -4100.0
Selected worker: http://localhost:8002
INFO:     127.0.0.1:36728 - "POST /v1/completions HTTP/1.1" 200 OK
Worker: http://localhost:8001, Tokens: 2280.0
Worker: http://localhost:8002, Tokens: -4061.0
Selected worker: http://localhost:8002
INFO:     127.0.0.1:36736 - "POST /v1/completions HTTP/1.1" 200 OK
Worker: http://localhost:8001, Tokens: -777.0
Worker: http://localhost:8002, Tokens: -4050.0
Selected worker: http://localhost:8002
INFO:     127.0.0.1:36746 - "POST /v1/completions HTTP/1.1" 200 OK
Worker: http://localhost:8001, Tokens: -777.0
Worker: http://localhost:8002, Tokens: 11003.0
Selected worker: http://localhost:8001
INFO:     127.0.0.1:36750 - "POST /v1/completions HTTP/1.1" 200 OK
Worker: http://localhost:8001, Tokens: -768.0
Worker: http://localhost:8002, Tokens: 11003.0
Selected worker: http://localhost:8001
INFO:     127.0.0.1:36764 - "POST /v1/completions HTTP/1.1" 200 OK
Worker: http://localhost:8001, Tokens: 705.0
Worker: http://localhost:8002, Tokens: 11003.0
Selected worker: http://localhost:8001
INFO:     127.0.0.1:36778 - "POST /v1/completions HTTP/1.1" 200 OK
Worker: http://localhost:8001, Tokens: 312.0
Worker: http://localhost:8002, Tokens: 9692.0
Selected worker: http://localhost:8001
INFO:     127.0.0.1:36792 - "POST /v1/completions HTTP/1.1" 200 OK
Worker: http://localhost:8001, Tokens: 2486.0
Worker: http://localhost:8002, Tokens: 9692.0
Selected worker: http://localhost:8001
INFO:     127.0.0.1:36794 - "POST /v1/completions HTTP/1.1" 200 OK
Worker: http://localhost:8001, Tokens: 3785.0
Worker: http://localhost:8002, Tokens: 9692.0
Selected worker: http://localhost:8001
INFO:     127.0.0.1:36798 - "POST /v1/completions HTTP/1.1" 200 OK
Worker: http://localhost:8001, Tokens: 3820.0
Worker: http://localhost:8002, Tokens: 7626.0
Selected worker: http://localhost:8001
INFO:     127.0.0.1:36802 - "POST /v1/completions HTTP/1.1" 200 OK
Worker: http://localhost:8001, Tokens: 3846.0
Worker: http://localhost:8002, Tokens: 7626.0
Selected worker: http://localhost:8001
INFO:     127.0.0.1:36808 - "POST /v1/completions HTTP/1.1" 200 OK
Worker: http://localhost:8001, Tokens: 3869.0
Worker: http://localhost:8002, Tokens: 7626.0
Selected worker: http://localhost:8001
INFO:     127.0.0.1:36822 - "POST /v1/completions HTTP/1.1" 200 OK
Worker: http://localhost:8001, Tokens: 3060.0
Worker: http://localhost:8002, Tokens: 6266.0
Selected worker: http://localhost:8001
INFO:     127.0.0.1:36832 - "POST /v1/completions HTTP/1.1" 200 OK
Worker: http://localhost:8001, Tokens: 4674.0
Worker: http://localhost:8002, Tokens: 6266.0
Selected worker: http://localhost:8001
INFO:     127.0.0.1:36842 - "POST /v1/completions HTTP/1.1" 200 OK
Worker: http://localhost:8001, Tokens: 4683.0
Worker: http://localhost:8002, Tokens: 6266.0
Selected worker: http://localhost:8001
INFO:     127.0.0.1:36854 - "POST /v1/completions HTTP/1.1" 200 OK
Worker: http://localhost:8001, Tokens: 20355.0
Worker: http://localhost:8002, Tokens: 6266.0
Selected worker: http://localhost:8002
INFO:     127.0.0.1:36856 - "POST /v1/completions HTTP/1.1" 200 OK
Worker: http://localhost:8001, Tokens: 18369.0
Worker: http://localhost:8002, Tokens: 6177.0
Selected worker: http://localhost:8002
INFO:     127.0.0.1:36860 - "POST /v1/completions HTTP/1.1" 200 OK
Worker: http://localhost:8001, Tokens: 18369.0
Worker: http://localhost:8002, Tokens: 6182.0
Selected worker: http://localhost:8002
INFO:     127.0.0.1:36862 - "POST /v1/completions HTTP/1.1" 200 OK
Worker: http://localhost:8001, Tokens: 16988.0
Worker: http://localhost:8002, Tokens: 4719.0
Selected worker: http://localhost:8002
INFO:     127.0.0.1:36864 - "POST /v1/completions HTTP/1.1" 200 OK
Worker: http://localhost:8001, Tokens: 16988.0
Worker: http://localhost:8002, Tokens: 4732.0
Selected worker: http://localhost:8002
INFO:     127.0.0.1:36868 - "POST /v1/completions HTTP/1.1" 200 OK
Worker: http://localhost:8001, Tokens: 16988.0
Worker: http://localhost:8002, Tokens: 4738.0
Selected worker: http://localhost:8002
INFO:     127.0.0.1:36876 - "POST /v1/completions HTTP/1.1" 200 OK
Worker: http://localhost:8001, Tokens: 16988.0
Worker: http://localhost:8002, Tokens: 5836.0
Selected worker: http://localhost:8002
INFO:     127.0.0.1:36892 - "POST /v1/completions HTTP/1.1" 200 OK
Worker: http://localhost:8001, Tokens: 16988.0
Worker: http://localhost:8002, Tokens: 7538.0
Selected worker: http://localhost:8002
INFO:     127.0.0.1:36894 - "POST /v1/completions HTTP/1.1" 200 OK
Worker: http://localhost:8001, Tokens: 16988.0
Worker: http://localhost:8002, Tokens: 7551.0
Selected worker: http://localhost:8002
INFO:     127.0.0.1:36908 - "POST /v1/completions HTTP/1.1" 200 OK
Worker: http://localhost:8001, Tokens: 16988.0
Worker: http://localhost:8002, Tokens: 7557.0
Selected worker: http://localhost:8002
INFO:     127.0.0.1:36924 - "POST /v1/completions HTTP/1.1" 200 OK
Worker: http://localhost:8001, Tokens: 16988.0
Worker: http://localhost:8002, Tokens: 4306.0
Selected worker: http://localhost:8002
INFO:     127.0.0.1:36940 - "POST /v1/completions HTTP/1.1" 200 OK
Worker: http://localhost:8001, Tokens: 15120.0
Worker: http://localhost:8002, Tokens: 4334.0
Selected worker: http://localhost:8002
INFO:     127.0.0.1:36954 - "POST /v1/completions HTTP/1.1" 200 OK
Worker: http://localhost:8001, Tokens: 15120.0
Worker: http://localhost:8002, Tokens: 28430.0
Selected worker: http://localhost:8001
INFO:     127.0.0.1:36962 - "POST /v1/completions HTTP/1.1" 200 OK
Worker: http://localhost:8001, Tokens: 15124.0
Worker: http://localhost:8002, Tokens: 28430.0
Selected worker: http://localhost:8001
INFO:     127.0.0.1:36978 - "POST /v1/completions HTTP/1.1" 200 OK
Worker: http://localhost:8001, Tokens: 13424.0
Worker: http://localhost:8002, Tokens: 28430.0
Selected worker: http://localhost:8001
INFO:     127.0.0.1:36986 - "POST /v1/completions HTTP/1.1" 200 OK
Worker: http://localhost:8001, Tokens: 13444.0
Worker: http://localhost:8002, Tokens: 28430.0
Selected worker: http://localhost:8001
INFO:     127.0.0.1:36992 - "POST /v1/completions HTTP/1.1" 200 OK
Worker: http://localhost:8001, Tokens: 13466.0
Worker: http://localhost:8002, Tokens: 26018.0
Selected worker: http://localhost:8001
INFO:     127.0.0.1:36996 - "POST /v1/completions HTTP/1.1" 200 OK
Worker: http://localhost:8001, Tokens: 13480.0
Worker: http://localhost:8002, Tokens: 26018.0
Selected worker: http://localhost:8001
INFO:     127.0.0.1:37008 - "POST /v1/completions HTTP/1.1" 200 OK
Worker: http://localhost:8001, Tokens: 13490.0
Worker: http://localhost:8002, Tokens: 26018.0
Selected worker: http://localhost:8001
INFO:     127.0.0.1:37024 - "POST /v1/completions HTTP/1.1" 200 OK
Worker: http://localhost:8001, Tokens: 14566.0
Worker: http://localhost:8002, Tokens: 24965.0
Selected worker: http://localhost:8001
INFO:     127.0.0.1:37028 - "POST /v1/completions HTTP/1.1" 200 OK
Worker: http://localhost:8001, Tokens: 14575.0
Worker: http://localhost:8002, Tokens: 24965.0
Selected worker: http://localhost:8001
INFO:     127.0.0.1:37030 - "POST /v1/completions HTTP/1.1" 200 OK
Worker: http://localhost:8001, Tokens: 12098.0
Worker: http://localhost:8002, Tokens: 24965.0
Selected worker: http://localhost:8001
INFO:     127.0.0.1:37032 - "POST /v1/completions HTTP/1.1" 200 OK
Worker: http://localhost:8001, Tokens: 12101.0
Worker: http://localhost:8002, Tokens: 24965.0
Selected worker: http://localhost:8001
INFO:     127.0.0.1:37036 - "POST /v1/completions HTTP/1.1" 200 OK
Worker: http://localhost:8001, Tokens: 12139.0
Worker: http://localhost:8002, Tokens: 23757.0
Selected worker: http://localhost:8001
INFO:     127.0.0.1:37052 - "POST /v1/completions HTTP/1.1" 200 OK
Worker: http://localhost:8001, Tokens: 32806.0
Worker: http://localhost:8002, Tokens: 23757.0
Selected worker: http://localhost:8002
INFO:     127.0.0.1:37054 - "POST /v1/completions HTTP/1.1" 200 OK
Worker: http://localhost:8001, Tokens: 32806.0
Worker: http://localhost:8002, Tokens: 23787.0
Selected worker: http://localhost:8002
INFO:     127.0.0.1:37062 - "POST /v1/completions HTTP/1.1" 200 OK
Worker: http://localhost:8001, Tokens: 32806.0
Worker: http://localhost:8002, Tokens: 24182.0
Selected worker: http://localhost:8002
INFO:     127.0.0.1:37072 - "POST /v1/completions HTTP/1.1" 200 OK
Worker: http://localhost:8001, Tokens: 32806.0
Worker: http://localhost:8002, Tokens: 24211.0
Selected worker: http://localhost:8002
INFO:     127.0.0.1:37082 - "POST /v1/completions HTTP/1.1" 200 OK
Worker: http://localhost:8001, Tokens: 32806.0
Worker: http://localhost:8002, Tokens: 24227.0
Selected worker: http://localhost:8002
INFO:     127.0.0.1:37088 - "POST /v1/completions HTTP/1.1" 200 OK
Worker: http://localhost:8001, Tokens: 32806.0
Worker: http://localhost:8002, Tokens: 21662.0
Selected worker: http://localhost:8002
INFO:     127.0.0.1:37092 - "POST /v1/completions HTTP/1.1" 200 OK
Worker: http://localhost:8001, Tokens: 30738.0
Worker: http://localhost:8002, Tokens: 21669.0
Selected worker: http://localhost:8002
INFO:     127.0.0.1:37100 - "POST /v1/completions HTTP/1.1" 200 OK
Worker: http://localhost:8001, Tokens: 30738.0
Worker: http://localhost:8002, Tokens: 21677.0
Selected worker: http://localhost:8002
INFO:     127.0.0.1:37114 - "POST /v1/completions HTTP/1.1" 200 OK
Worker: http://localhost:8001, Tokens: 30738.0
Worker: http://localhost:8002, Tokens: 23232.0
Selected worker: http://localhost:8002
INFO:     127.0.0.1:37116 - "POST /v1/completions HTTP/1.1" 200 OK
Worker: http://localhost:8001, Tokens: 30738.0
Worker: http://localhost:8002, Tokens: 23243.0
Selected worker: http://localhost:8002
INFO:     127.0.0.1:37118 - "POST /v1/completions HTTP/1.1" 200 OK
Worker: http://localhost:8001, Tokens: 27870.0
Worker: http://localhost:8002, Tokens: 23253.0
Selected worker: http://localhost:8002
INFO:     127.0.0.1:37120 - "POST /v1/completions HTTP/1.1" 200 OK
Worker: http://localhost:8001, Tokens: 27870.0
Worker: http://localhost:8002, Tokens: 24387.0
Selected worker: http://localhost:8002
INFO:     127.0.0.1:37122 - "POST /v1/completions HTTP/1.1" 200 OK
Worker: http://localhost:8001, Tokens: 27870.0
Worker: http://localhost:8002, Tokens: 38288.0
Selected worker: http://localhost:8001
INFO:     127.0.0.1:37136 - "POST /v1/completions HTTP/1.1" 200 OK
Worker: http://localhost:8001, Tokens: 26204.0
Worker: http://localhost:8002, Tokens: 38288.0
Selected worker: http://localhost:8001
INFO:     127.0.0.1:37150 - "POST /v1/completions HTTP/1.1" 200 OK
Worker: http://localhost:8001, Tokens: 26223.0
Worker: http://localhost:8002, Tokens: 38288.0
Selected worker: http://localhost:8001
INFO:     127.0.0.1:37164 - "POST /v1/completions HTTP/1.1" 200 OK
Worker: http://localhost:8001, Tokens: 27231.0
Worker: http://localhost:8002, Tokens: 36128.0
Selected worker: http://localhost:8001
INFO:     127.0.0.1:37180 - "POST /v1/completions HTTP/1.1" 200 OK
Worker: http://localhost:8001, Tokens: 27810.0
Worker: http://localhost:8002, Tokens: 36128.0
Selected worker: http://localhost:8001
INFO:     127.0.0.1:37190 - "POST /v1/completions HTTP/1.1" 200 OK
Worker: http://localhost:8001, Tokens: 27815.0
Worker: http://localhost:8002, Tokens: 36128.0
Selected worker: http://localhost:8001
INFO:     127.0.0.1:37202 - "POST /v1/completions HTTP/1.1" 200 OK
Worker: http://localhost:8001, Tokens: 27823.0
Worker: http://localhost:8002, Tokens: 34279.0
Selected worker: http://localhost:8001
INFO:     127.0.0.1:37208 - "POST /v1/completions HTTP/1.1" 200 OK
Worker: http://localhost:8001, Tokens: 26491.0
Worker: http://localhost:8002, Tokens: 34279.0
Selected worker: http://localhost:8001
INFO:     127.0.0.1:37220 - "POST /v1/completions HTTP/1.1" 200 OK
Worker: http://localhost:8001, Tokens: 26496.0
Worker: http://localhost:8002, Tokens: 34279.0
Selected worker: http://localhost:8001
INFO:     127.0.0.1:37232 - "POST /v1/completions HTTP/1.1" 200 OK
Worker: http://localhost:8001, Tokens: 26538.0
Worker: http://localhost:8002, Tokens: 34279.0
Selected worker: http://localhost:8001
INFO:     127.0.0.1:37236 - "POST /v1/completions HTTP/1.1" 200 OK
Worker: http://localhost:8001, Tokens: 26549.0
Worker: http://localhost:8002, Tokens: 34279.0
Selected worker: http://localhost:8001
INFO:     127.0.0.1:37242 - "POST /v1/completions HTTP/1.1" 200 OK
Worker: http://localhost:8001, Tokens: 26590.0
Worker: http://localhost:8002, Tokens: 34279.0
Selected worker: http://localhost:8001
INFO:     127.0.0.1:37244 - "POST /v1/completions HTTP/1.1" 200 OK
Worker: http://localhost:8001, Tokens: 49742.0
Worker: http://localhost:8002, Tokens: 34279.0
Selected worker: http://localhost:8002
INFO:     127.0.0.1:37246 - "POST /v1/completions HTTP/1.1" 200 OK
Worker: http://localhost:8001, Tokens: 49742.0
Worker: http://localhost:8002, Tokens: 31485.0
Selected worker: http://localhost:8002
INFO:     127.0.0.1:37260 - "POST /v1/completions HTTP/1.1" 200 OK
Worker: http://localhost:8001, Tokens: 46909.0
Worker: http://localhost:8002, Tokens: 31506.0
Selected worker: http://localhost:8002
INFO:     127.0.0.1:37262 - "POST /v1/completions HTTP/1.1" 200 OK
Worker: http://localhost:8001, Tokens: 43918.0
Worker: http://localhost:8002, Tokens: 29718.0
Selected worker: http://localhost:8002
INFO:     127.0.0.1:37268 - "POST /v1/completions HTTP/1.1" 200 OK
Worker: http://localhost:8001, Tokens: 43918.0
Worker: http://localhost:8002, Tokens: 28166.0
Selected worker: http://localhost:8002
INFO:     127.0.0.1:37274 - "POST /v1/completions HTTP/1.1" 200 OK
Worker: http://localhost:8001, Tokens: 42445.0
Worker: http://localhost:8002, Tokens: 28178.0
Selected worker: http://localhost:8002
INFO:     127.0.0.1:37282 - "POST /v1/completions HTTP/1.1" 200 OK
Worker: http://localhost:8001, Tokens: 42445.0
Worker: http://localhost:8002, Tokens: 28187.0
Selected worker: http://localhost:8002
INFO:     127.0.0.1:37294 - "POST /v1/completions HTTP/1.1" 200 OK
Worker: http://localhost:8001, Tokens: 42445.0
Worker: http://localhost:8002, Tokens: 26928.0
Selected worker: http://localhost:8002
INFO:     127.0.0.1:37296 - "POST /v1/completions HTTP/1.1" 200 OK
Worker: http://localhost:8001, Tokens: 42445.0
Worker: http://localhost:8002, Tokens: 28538.0
Selected worker: http://localhost:8002
INFO:     127.0.0.1:37302 - "POST /v1/completions HTTP/1.1" 200 OK
Worker: http://localhost:8001, Tokens: 40830.0
Worker: http://localhost:8002, Tokens: 29799.0
Selected worker: http://localhost:8002
INFO:     127.0.0.1:37312 - "POST /v1/completions HTTP/1.1" 200 OK
Worker: http://localhost:8001, Tokens: 40830.0
Worker: http://localhost:8002, Tokens: 31120.0
Selected worker: http://localhost:8002
INFO:     127.0.0.1:37320 - "POST /v1/completions HTTP/1.1" 200 OK
Worker: http://localhost:8001, Tokens: 40830.0
Worker: http://localhost:8002, Tokens: 30027.0
Selected worker: http://localhost:8002
INFO:     127.0.0.1:37326 - "POST /v1/completions HTTP/1.1" 200 OK
Worker: http://localhost:8001, Tokens: 40830.0
Worker: http://localhost:8002, Tokens: 61607.0
Selected worker: http://localhost:8001
INFO:     127.0.0.1:37342 - "POST /v1/completions HTTP/1.1" 200 OK
Worker: http://localhost:8001, Tokens: 39824.0
Worker: http://localhost:8002, Tokens: 61607.0
Selected worker: http://localhost:8001
INFO:     127.0.0.1:37354 - "POST /v1/completions HTTP/1.1" 200 OK
Worker: http://localhost:8001, Tokens: 41382.0
Worker: http://localhost:8002, Tokens: 61607.0
Selected worker: http://localhost:8001
INFO:     127.0.0.1:37366 - "POST /v1/completions HTTP/1.1" 200 OK
Worker: http://localhost:8001, Tokens: 39024.0
Worker: http://localhost:8002, Tokens: 59783.0
Selected worker: http://localhost:8001
INFO:     127.0.0.1:37382 - "POST /v1/completions HTTP/1.1" 200 OK
Worker: http://localhost:8001, Tokens: 39028.0
Worker: http://localhost:8002, Tokens: 59783.0
Selected worker: http://localhost:8001
INFO:     127.0.0.1:37392 - "POST /v1/completions HTTP/1.1" 200 OK
Worker: http://localhost:8001, Tokens: 39071.0
Worker: http://localhost:8002, Tokens: 57965.0
Selected worker: http://localhost:8001
INFO:     127.0.0.1:37396 - "POST /v1/completions HTTP/1.1" 200 OK
Worker: http://localhost:8001, Tokens: 37350.0
Worker: http://localhost:8002, Tokens: 57965.0
Selected worker: http://localhost:8001
INFO:     127.0.0.1:37404 - "POST /v1/completions HTTP/1.1" 200 OK
Worker: http://localhost:8001, Tokens: 37375.0
Worker: http://localhost:8002, Tokens: 57965.0
Selected worker: http://localhost:8001
INFO:     127.0.0.1:37408 - "POST /v1/completions HTTP/1.1" 200 OK
Worker: http://localhost:8001, Tokens: 37382.0
Worker: http://localhost:8002, Tokens: 56389.0
Selected worker: http://localhost:8001
INFO:     127.0.0.1:37412 - "POST /v1/completions HTTP/1.1" 200 OK
Worker: http://localhost:8001, Tokens: 37394.0
Worker: http://localhost:8002, Tokens: 56389.0
Selected worker: http://localhost:8001
INFO:     127.0.0.1:37418 - "POST /v1/completions HTTP/1.1" 200 OK
Worker: http://localhost:8001, Tokens: 36625.0
Worker: http://localhost:8002, Tokens: 56389.0
Selected worker: http://localhost:8001
INFO:     127.0.0.1:37432 - "POST /v1/completions HTTP/1.1" 200 OK
Worker: http://localhost:8001, Tokens: 38152.0
Worker: http://localhost:8002, Tokens: 56389.0
Selected worker: http://localhost:8001
INFO:     127.0.0.1:37442 - "POST /v1/completions HTTP/1.1" 200 OK
Worker: http://localhost:8001, Tokens: 73274.0
Worker: http://localhost:8002, Tokens: 54167.0
Selected worker: http://localhost:8002
INFO:     127.0.0.1:37448 - "POST /v1/completions HTTP/1.1" 200 OK
Worker: http://localhost:8001, Tokens: 73274.0
Worker: http://localhost:8002, Tokens: 54181.0
Selected worker: http://localhost:8002
INFO:     127.0.0.1:37464 - "POST /v1/completions HTTP/1.1" 200 OK
Worker: http://localhost:8001, Tokens: 73274.0
Worker: http://localhost:8002, Tokens: 54198.0
Selected worker: http://localhost:8002
INFO:     127.0.0.1:37470 - "POST /v1/completions HTTP/1.1" 200 OK
Worker: http://localhost:8001, Tokens: 73274.0
Worker: http://localhost:8002, Tokens: 54218.0
Selected worker: http://localhost:8002
INFO:     127.0.0.1:37486 - "POST /v1/completions HTTP/1.1" 200 OK
Worker: http://localhost:8001, Tokens: 69949.0
Worker: http://localhost:8002, Tokens: 55316.0
Selected worker: http://localhost:8002
INFO:     127.0.0.1:37498 - "POST /v1/completions HTTP/1.1" 200 OK
Worker: http://localhost:8001, Tokens: 69949.0
Worker: http://localhost:8002, Tokens: 56360.0
Selected worker: http://localhost:8002
INFO:     127.0.0.1:37514 - "POST /v1/completions HTTP/1.1" 200 OK
Worker: http://localhost:8001, Tokens: 69949.0
Worker: http://localhost:8002, Tokens: 53518.0
Selected worker: http://localhost:8002
INFO:     127.0.0.1:37520 - "POST /v1/completions HTTP/1.1" 200 OK
Worker: http://localhost:8001, Tokens: 69949.0
Worker: http://localhost:8002, Tokens: 54580.0
Selected worker: http://localhost:8002
INFO:     127.0.0.1:37528 - "POST /v1/completions HTTP/1.1" 200 OK
Worker: http://localhost:8001, Tokens: 69949.0
Worker: http://localhost:8002, Tokens: 53253.0
Selected worker: http://localhost:8002
INFO:     127.0.0.1:37538 - "POST /v1/completions HTTP/1.1" 200 OK
Worker: http://localhost:8001, Tokens: 68264.0
Worker: http://localhost:8002, Tokens: 53254.0
Selected worker: http://localhost:8002
INFO:     127.0.0.1:37544 - "POST /v1/completions HTTP/1.1" 200 OK
Worker: http://localhost:8001, Tokens: 68264.0
Worker: http://localhost:8002, Tokens: 53283.0
Selected worker: http://localhost:8002
INFO:     127.0.0.1:37548 - "POST /v1/completions HTTP/1.1" 200 OK
Worker: http://localhost:8001, Tokens: 68264.0
Worker: http://localhost:8002, Tokens: 53316.0
Selected worker: http://localhost:8002
INFO:     127.0.0.1:37560 - "POST /v1/completions HTTP/1.1" 200 OK
Worker: http://localhost:8001, Tokens: 68264.0
Worker: http://localhost:8002, Tokens: 79034.0
Selected worker: http://localhost:8001
INFO:     127.0.0.1:37564 - "POST /v1/completions HTTP/1.1" 200 OK
Worker: http://localhost:8001, Tokens: 66869.0
Worker: http://localhost:8002, Tokens: 79020.0
Selected worker: http://localhost:8001
INFO:     127.0.0.1:37576 - "POST /v1/completions HTTP/1.1" 200 OK
Worker: http://localhost:8001, Tokens: 68173.0
Worker: http://localhost:8002, Tokens: 79003.0
Selected worker: http://localhost:8001
INFO:     127.0.0.1:37580 - "POST /v1/completions HTTP/1.1" 200 OK
Worker: http://localhost:8001, Tokens: 67928.0
Worker: http://localhost:8002, Tokens: 78983.0
Selected worker: http://localhost:8001
INFO:     127.0.0.1:37582 - "POST /v1/completions HTTP/1.1" 200 OK
Worker: http://localhost:8001, Tokens: 67933.0
Worker: http://localhost:8002, Tokens: 78983.0
Selected worker: http://localhost:8001
INFO:     127.0.0.1:37584 - "POST /v1/completions HTTP/1.1" 200 OK
Worker: http://localhost:8001, Tokens: 67936.0
Worker: http://localhost:8002, Tokens: 78983.0
Selected worker: http://localhost:8001
INFO:     127.0.0.1:37586 - "POST /v1/completions HTTP/1.1" 200 OK
Worker: http://localhost:8001, Tokens: 67947.0
Worker: http://localhost:8002, Tokens: 77885.0
Selected worker: http://localhost:8001
INFO:     127.0.0.1:37596 - "POST /v1/completions HTTP/1.1" 200 OK
Worker: http://localhost:8001, Tokens: 69084.0
Worker: http://localhost:8002, Tokens: 77885.0
Selected worker: http://localhost:8001
INFO:     127.0.0.1:37610 - "POST /v1/completions HTTP/1.1" 200 OK
Worker: http://localhost:8001, Tokens: 70297.0
Worker: http://localhost:8002, Tokens: 76812.0
Selected worker: http://localhost:8001
INFO:     127.0.0.1:37612 - "POST /v1/completions HTTP/1.1" 200 OK
Worker: http://localhost:8001, Tokens: 71747.0
Worker: http://localhost:8002, Tokens: 76812.0
Selected worker: http://localhost:8001
INFO:     127.0.0.1:37628 - "POST /v1/completions HTTP/1.1" 200 OK
Worker: http://localhost:8001, Tokens: 73616.0
Worker: http://localhost:8002, Tokens: 75750.0
Selected worker: http://localhost:8001
INFO:     127.0.0.1:37644 - "POST /v1/completions HTTP/1.1" 200 OK
Worker: http://localhost:8001, Tokens: 73621.0
Worker: http://localhost:8002, Tokens: 75654.0
Selected worker: http://localhost:8001
INFO:     127.0.0.1:37650 - "POST /v1/completions HTTP/1.1" 200 OK
Worker: http://localhost:8001, Tokens: 84205.0
Worker: http://localhost:8002, Tokens: 75644.0
Selected worker: http://localhost:8002
INFO:     127.0.0.1:37652 - "POST /v1/completions HTTP/1.1" 200 OK
Worker: http://localhost:8001, Tokens: 84185.0
Worker: http://localhost:8002, Tokens: 78266.0
Selected worker: http://localhost:8002
INFO:     127.0.0.1:37662 - "POST /v1/completions HTTP/1.1" 200 OK
Worker: http://localhost:8001, Tokens: 84185.0
Worker: http://localhost:8002, Tokens: 78287.0
Selected worker: http://localhost:8002
INFO:     127.0.0.1:37674 - "POST /v1/completions HTTP/1.1" 200 OK
Worker: http://localhost:8001, Tokens: 84185.0
Worker: http://localhost:8002, Tokens: 78291.0
Selected worker: http://localhost:8002
INFO:     127.0.0.1:37684 - "POST /v1/completions HTTP/1.1" 200 OK
Worker: http://localhost:8001, Tokens: 82881.0
Worker: http://localhost:8002, Tokens: 80281.0
Selected worker: http://localhost:8002
INFO:     127.0.0.1:37690 - "POST /v1/completions HTTP/1.1" 200 OK
Worker: http://localhost:8001, Tokens: 82881.0
Worker: http://localhost:8002, Tokens: 80324.0
Selected worker: http://localhost:8002
INFO:     127.0.0.1:37694 - "POST /v1/completions HTTP/1.1" 200 OK
Worker: http://localhost:8001, Tokens: 82881.0
Worker: http://localhost:8002, Tokens: 80342.0
Selected worker: http://localhost:8002
INFO:     127.0.0.1:37698 - "POST /v1/completions HTTP/1.1" 200 OK
Worker: http://localhost:8001, Tokens: 81564.0
Worker: http://localhost:8002, Tokens: 80376.0
Selected worker: http://localhost:8002
INFO:     127.0.0.1:37704 - "POST /v1/completions HTTP/1.1" 200 OK
Worker: http://localhost:8001, Tokens: 81564.0
Worker: http://localhost:8002, Tokens: 80379.0
Selected worker: http://localhost:8002
INFO:     127.0.0.1:37720 - "POST /v1/completions HTTP/1.1" 200 OK
Worker: http://localhost:8001, Tokens: 81564.0
Worker: http://localhost:8002, Tokens: 81980.0
Selected worker: http://localhost:8001
INFO:     127.0.0.1:37736 - "POST /v1/completions HTTP/1.1" 200 OK
Worker: http://localhost:8001, Tokens: 80433.0
Worker: http://localhost:8002, Tokens: 81980.0
Selected worker: http://localhost:8001
INFO:     127.0.0.1:37738 - "POST /v1/completions HTTP/1.1" 200 OK
Worker: http://localhost:8001, Tokens: 80446.0
Worker: http://localhost:8002, Tokens: 81980.0
Selected worker: http://localhost:8001
INFO:     127.0.0.1:37740 - "POST /v1/completions HTTP/1.1" 200 OK
Worker: http://localhost:8001, Tokens: 81990.0
Worker: http://localhost:8002, Tokens: 83611.0
Selected worker: http://localhost:8001
INFO:     127.0.0.1:37756 - "POST /v1/completions HTTP/1.1" 200 OK
Worker: http://localhost:8001, Tokens: 80789.0
Worker: http://localhost:8002, Tokens: 83611.0
Selected worker: http://localhost:8001
INFO:     127.0.0.1:37764 - "POST /v1/completions HTTP/1.1" 200 OK
Worker: http://localhost:8001, Tokens: 80802.0
Worker: http://localhost:8002, Tokens: 83611.0
Selected worker: http://localhost:8001
INFO:     127.0.0.1:37770 - "POST /v1/completions HTTP/1.1" 200 OK
Worker: http://localhost:8001, Tokens: 80821.0
Worker: http://localhost:8002, Tokens: 83611.0
Selected worker: http://localhost:8001
INFO:     127.0.0.1:37774 - "POST /v1/completions HTTP/1.1" 200 OK
Worker: http://localhost:8001, Tokens: 79392.0
Worker: http://localhost:8002, Tokens: 83611.0
Selected worker: http://localhost:8001
INFO:     127.0.0.1:37788 - "POST /v1/completions HTTP/1.1" 200 OK
Worker: http://localhost:8001, Tokens: 79399.0
Worker: http://localhost:8002, Tokens: 83611.0
Selected worker: http://localhost:8001
INFO:     127.0.0.1:37802 - "POST /v1/completions HTTP/1.1" 200 OK
Worker: http://localhost:8001, Tokens: 80585.0
Worker: http://localhost:8002, Tokens: 80964.0
Selected worker: http://localhost:8001
INFO:     127.0.0.1:37804 - "POST /v1/completions HTTP/1.1" 200 OK
Worker: http://localhost:8001, Tokens: 78727.0
Worker: http://localhost:8002, Tokens: 80964.0
Selected worker: http://localhost:8001
INFO:     127.0.0.1:37820 - "POST /v1/completions HTTP/1.1" 200 OK
Worker: http://localhost:8001, Tokens: 80306.0
Worker: http://localhost:8002, Tokens: 80964.0
Selected worker: http://localhost:8001
INFO:     127.0.0.1:37830 - "POST /v1/completions HTTP/1.1" 200 OK
Worker: http://localhost:8001, Tokens: 80307.0
Worker: http://localhost:8002, Tokens: 80964.0
Selected worker: http://localhost:8001
INFO:     127.0.0.1:37840 - "POST /v1/completions HTTP/1.1" 200 OK
Worker: http://localhost:8001, Tokens: 79045.0
Worker: http://localhost:8002, Tokens: 80964.0
Selected worker: http://localhost:8001
INFO:     127.0.0.1:37844 - "POST /v1/completions HTTP/1.1" 200 OK
Worker: http://localhost:8001, Tokens: 79055.0
Worker: http://localhost:8002, Tokens: 80964.0
Selected worker: http://localhost:8001
INFO:     127.0.0.1:37846 - "POST /v1/completions HTTP/1.1" 200 OK
Worker: http://localhost:8001, Tokens: 97305.0
Worker: http://localhost:8002, Tokens: 80964.0
Selected worker: http://localhost:8002
INFO:     127.0.0.1:37856 - "POST /v1/completions HTTP/1.1" 200 OK
Worker: http://localhost:8001, Tokens: 97305.0
Worker: http://localhost:8002, Tokens: 78882.0
Selected worker: http://localhost:8002
INFO:     127.0.0.1:37864 - "POST /v1/completions HTTP/1.1" 200 OK
Worker: http://localhost:8001, Tokens: 97305.0
Worker: http://localhost:8002, Tokens: 78896.0
Selected worker: http://localhost:8002
INFO:     127.0.0.1:37878 - "POST /v1/completions HTTP/1.1" 200 OK
Worker: http://localhost:8001, Tokens: 97305.0
Worker: http://localhost:8002, Tokens: 77321.0
Selected worker: http://localhost:8002
INFO:     127.0.0.1:37890 - "POST /v1/completions HTTP/1.1" 200 OK
Worker: http://localhost:8001, Tokens: 95696.0
Worker: http://localhost:8002, Tokens: 80053.0
Selected worker: http://localhost:8002
INFO:     127.0.0.1:37898 - "POST /v1/completions HTTP/1.1" 200 OK
Worker: http://localhost:8001, Tokens: 95689.0
Worker: http://localhost:8002, Tokens: 80060.0
Selected worker: http://localhost:8002
INFO:     127.0.0.1:37914 - "POST /v1/completions HTTP/1.1" 200 OK
Worker: http://localhost:8001, Tokens: 95689.0
Worker: http://localhost:8002, Tokens: 81073.0
Selected worker: http://localhost:8002
INFO:     127.0.0.1:37924 - "POST /v1/completions HTTP/1.1" 200 OK
Worker: http://localhost:8001, Tokens: 95689.0
Worker: http://localhost:8002, Tokens: 81090.0
Selected worker: http://localhost:8002
INFO:     127.0.0.1:37930 - "POST /v1/completions HTTP/1.1" 200 OK
Worker: http://localhost:8001, Tokens: 95689.0
Worker: http://localhost:8002, Tokens: 82947.0
Selected worker: http://localhost:8002
INFO:     127.0.0.1:37944 - "POST /v1/completions HTTP/1.1" 200 OK
Worker: http://localhost:8001, Tokens: 95689.0
Worker: http://localhost:8002, Tokens: 82996.0
Selected worker: http://localhost:8002
INFO:     127.0.0.1:37948 - "POST /v1/completions HTTP/1.1" 200 OK
Worker: http://localhost:8001, Tokens: 95689.0
Worker: http://localhost:8002, Tokens: 83003.0
Selected worker: http://localhost:8002
INFO:     127.0.0.1:37958 - "POST /v1/completions HTTP/1.1" 200 OK
Worker: http://localhost:8001, Tokens: 95689.0
Worker: http://localhost:8002, Tokens: 83011.0
Selected worker: http://localhost:8002
INFO:     127.0.0.1:37966 - "POST /v1/completions HTTP/1.1" 200 OK
Worker: http://localhost:8001, Tokens: 95689.0
Worker: http://localhost:8002, Tokens: 92240.0
Selected worker: http://localhost:8002
INFO:     127.0.0.1:37982 - "POST /v1/completions HTTP/1.1" 200 OK
Worker: http://localhost:8001, Tokens: 95689.0
Worker: http://localhost:8002, Tokens: 92244.0
Selected worker: http://localhost:8002
INFO:     127.0.0.1:37996 - "POST /v1/completions HTTP/1.1" 200 OK
Worker: http://localhost:8001, Tokens: 95689.0
Worker: http://localhost:8002, Tokens: 92242.0
Selected worker: http://localhost:8002
INFO:     127.0.0.1:38006 - "POST /v1/completions HTTP/1.1" 200 OK
Worker: http://localhost:8001, Tokens: 95689.0
Worker: http://localhost:8002, Tokens: 93467.0
Selected worker: http://localhost:8002
INFO:     127.0.0.1:38022 - "POST /v1/completions HTTP/1.1" 200 OK
Worker: http://localhost:8001, Tokens: 95689.0
Worker: http://localhost:8002, Tokens: 93477.0
Selected worker: http://localhost:8002
INFO:     127.0.0.1:38024 - "POST /v1/completions HTTP/1.1" 200 OK
Worker: http://localhost:8001, Tokens: 95689.0
Worker: http://localhost:8002, Tokens: 93501.0
Selected worker: http://localhost:8002
INFO:     127.0.0.1:38034 - "POST /v1/completions HTTP/1.1" 200 OK
Worker: http://localhost:8001, Tokens: 95689.0
Worker: http://localhost:8002, Tokens: 93504.0
Selected worker: http://localhost:8002
INFO:     127.0.0.1:38042 - "POST /v1/completions HTTP/1.1" 200 OK
Worker: http://localhost:8001, Tokens: 95689.0
Worker: http://localhost:8002, Tokens: 93521.0
Selected worker: http://localhost:8002
INFO:     127.0.0.1:38056 - "POST /v1/completions HTTP/1.1" 200 OK
Worker: http://localhost:8001, Tokens: 95689.0
Worker: http://localhost:8002, Tokens: 93525.0
Selected worker: http://localhost:8002
INFO:     127.0.0.1:38062 - "POST /v1/completions HTTP/1.1" 200 OK
Worker: http://localhost:8001, Tokens: 94487.0
Worker: http://localhost:8002, Tokens: 93532.0
Selected worker: http://localhost:8002
INFO:     127.0.0.1:38076 - "POST /v1/completions HTTP/1.1" 200 OK
Worker: http://localhost:8001, Tokens: 94487.0
Worker: http://localhost:8002, Tokens: 90807.0
Selected worker: http://localhost:8002
INFO:     127.0.0.1:38084 - "POST /v1/completions HTTP/1.1" 200 OK
Worker: http://localhost:8001, Tokens: 94487.0
Worker: http://localhost:8002, Tokens: 91919.0
Selected worker: http://localhost:8002
INFO:     127.0.0.1:38096 - "POST /v1/completions HTTP/1.1" 200 OK
Worker: http://localhost:8001, Tokens: 107665.0
Worker: http://localhost:8002, Tokens: 91957.0
Selected worker: http://localhost:8002
INFO:     127.0.0.1:38098 - "POST /v1/completions HTTP/1.1" 200 OK
Worker: http://localhost:8001, Tokens: 107665.0
Worker: http://localhost:8002, Tokens: 91967.0
Selected worker: http://localhost:8002
INFO:     127.0.0.1:38114 - "POST /v1/completions HTTP/1.1" 200 OK
Worker: http://localhost:8001, Tokens: 107665.0
Worker: http://localhost:8002, Tokens: 93294.0
Selected worker: http://localhost:8002
INFO:     127.0.0.1:38120 - "POST /v1/completions HTTP/1.1" 200 OK
Worker: http://localhost:8001, Tokens: 107665.0
Worker: http://localhost:8002, Tokens: 91355.0
Selected worker: http://localhost:8002
INFO:     127.0.0.1:38136 - "POST /v1/completions HTTP/1.1" 200 OK
Worker: http://localhost:8001, Tokens: 107665.0
Worker: http://localhost:8002, Tokens: 91365.0
Selected worker: http://localhost:8002
INFO:     127.0.0.1:38150 - "POST /v1/completions HTTP/1.1" 200 OK
Worker: http://localhost:8001, Tokens: 107665.0
Worker: http://localhost:8002, Tokens: 90123.0
Selected worker: http://localhost:8002
INFO:     127.0.0.1:38152 - "POST /v1/completions HTTP/1.1" 200 OK
Worker: http://localhost:8001, Tokens: 106006.0
Worker: http://localhost:8002, Tokens: 90112.0
Selected worker: http://localhost:8002
INFO:     127.0.0.1:38158 - "POST /v1/completions HTTP/1.1" 200 OK
Worker: http://localhost:8001, Tokens: 106006.0
Worker: http://localhost:8002, Tokens: 90097.0
Selected worker: http://localhost:8002
INFO:     127.0.0.1:38170 - "POST /v1/completions HTTP/1.1" 200 OK
Worker: http://localhost:8001, Tokens: 106006.0
Worker: http://localhost:8002, Tokens: 90137.0
Selected worker: http://localhost:8002
INFO:     127.0.0.1:38174 - "POST /v1/completions HTTP/1.1" 200 OK
Worker: http://localhost:8001, Tokens: 106006.0
Worker: http://localhost:8002, Tokens: 90145.0
Selected worker: http://localhost:8002
INFO:     127.0.0.1:38180 - "POST /v1/completions HTTP/1.1" 200 OK
Worker: http://localhost:8001, Tokens: 106006.0
Worker: http://localhost:8002, Tokens: 92001.0
Selected worker: http://localhost:8002
INFO:     127.0.0.1:38182 - "POST /v1/completions HTTP/1.1" 200 OK
Worker: http://localhost:8001, Tokens: 106006.0
Worker: http://localhost:8002, Tokens: 92026.0
Selected worker: http://localhost:8002
INFO:     127.0.0.1:38186 - "POST /v1/completions HTTP/1.1" 200 OK
Worker: http://localhost:8001, Tokens: 106006.0
Worker: http://localhost:8002, Tokens: 101618.0
Selected worker: http://localhost:8002
INFO:     127.0.0.1:38200 - "POST /v1/completions HTTP/1.1" 200 OK
Worker: http://localhost:8001, Tokens: 106006.0
Worker: http://localhost:8002, Tokens: 100473.0
Selected worker: http://localhost:8002
INFO:     127.0.0.1:38212 - "POST /v1/completions HTTP/1.1" 200 OK
Worker: http://localhost:8001, Tokens: 106006.0
Worker: http://localhost:8002, Tokens: 100485.0
Selected worker: http://localhost:8002
INFO:     127.0.0.1:38226 - "POST /v1/completions HTTP/1.1" 200 OK
Worker: http://localhost:8001, Tokens: 106006.0
Worker: http://localhost:8002, Tokens: 99483.0
Selected worker: http://localhost:8002
INFO:     127.0.0.1:38240 - "POST /v1/completions HTTP/1.1" 200 OK
Worker: http://localhost:8001, Tokens: 106006.0
Worker: http://localhost:8002, Tokens: 99488.0
Selected worker: http://localhost:8002
INFO:     127.0.0.1:38252 - "POST /v1/completions HTTP/1.1" 200 OK
Worker: http://localhost:8001, Tokens: 106006.0
Worker: http://localhost:8002, Tokens: 98150.0
Selected worker: http://localhost:8002
INFO:     127.0.0.1:38268 - "POST /v1/completions HTTP/1.1" 200 OK
Worker: http://localhost:8001, Tokens: 106006.0
Worker: http://localhost:8002, Tokens: 98129.0
Selected worker: http://localhost:8002
INFO:     127.0.0.1:38270 - "POST /v1/completions HTTP/1.1" 200 OK
Worker: http://localhost:8001, Tokens: 106006.0
Worker: http://localhost:8002, Tokens: 98136.0
Selected worker: http://localhost:8002
INFO:     127.0.0.1:38282 - "POST /v1/completions HTTP/1.1" 200 OK
Worker: http://localhost:8001, Tokens: 106006.0
Worker: http://localhost:8002, Tokens: 98100.0
Selected worker: http://localhost:8002
INFO:     127.0.0.1:38284 - "POST /v1/completions HTTP/1.1" 200 OK
Worker: http://localhost:8001, Tokens: 106006.0
Worker: http://localhost:8002, Tokens: 98095.0
Selected worker: http://localhost:8002
INFO:     127.0.0.1:38290 - "POST /v1/completions HTTP/1.1" 200 OK
Worker: http://localhost:8001, Tokens: 106006.0
Worker: http://localhost:8002, Tokens: 98129.0
Selected worker: http://localhost:8002
INFO:     127.0.0.1:38298 - "POST /v1/completions HTTP/1.1" 200 OK
Worker: http://localhost:8001, Tokens: 106006.0
Worker: http://localhost:8002, Tokens: 98176.0
Selected worker: http://localhost:8002
INFO:     127.0.0.1:38308 - "POST /v1/completions HTTP/1.1" 200 OK
Worker: http://localhost:8001, Tokens: 113468.0
Worker: http://localhost:8002, Tokens: 98194.0
Selected worker: http://localhost:8002
INFO:     127.0.0.1:38314 - "POST /v1/completions HTTP/1.1" 200 OK
Worker: http://localhost:8001, Tokens: 113468.0
Worker: http://localhost:8002, Tokens: 99450.0
Selected worker: http://localhost:8002
INFO:     127.0.0.1:38318 - "POST /v1/completions HTTP/1.1" 200 OK
Worker: http://localhost:8001, Tokens: 113468.0
Worker: http://localhost:8002, Tokens: 100709.0
Selected worker: http://localhost:8002
INFO:     127.0.0.1:38334 - "POST /v1/completions HTTP/1.1" 200 OK
Worker: http://localhost:8001, Tokens: 113468.0
Worker: http://localhost:8002, Tokens: 100714.0
Selected worker: http://localhost:8002
INFO:     127.0.0.1:38346 - "POST /v1/completions HTTP/1.1" 200 OK
Worker: http://localhost:8001, Tokens: 113468.0
Worker: http://localhost:8002, Tokens: 97716.0
Selected worker: http://localhost:8002
INFO:     127.0.0.1:38352 - "POST /v1/completions HTTP/1.1" 200 OK
Worker: http://localhost:8001, Tokens: 113468.0
Worker: http://localhost:8002, Tokens: 97697.0
Selected worker: http://localhost:8002
INFO:     127.0.0.1:38362 - "POST /v1/completions HTTP/1.1" 200 OK
Worker: http://localhost:8001, Tokens: 113468.0
Worker: http://localhost:8002, Tokens: 97721.0
Selected worker: http://localhost:8002
INFO:     127.0.0.1:38364 - "POST /v1/completions HTTP/1.1" 200 OK
Worker: http://localhost:8001, Tokens: 113468.0
Worker: http://localhost:8002, Tokens: 97719.0
Selected worker: http://localhost:8002
INFO:     127.0.0.1:38366 - "POST /v1/completions HTTP/1.1" 200 OK
Worker: http://localhost:8001, Tokens: 113468.0
Worker: http://localhost:8002, Tokens: 97726.0
Selected worker: http://localhost:8002
INFO:     127.0.0.1:38374 - "POST /v1/completions HTTP/1.1" 200 OK
Worker: http://localhost:8001, Tokens: 113468.0
Worker: http://localhost:8002, Tokens: 97722.0
Selected worker: http://localhost:8002
INFO:     127.0.0.1:38384 - "POST /v1/completions HTTP/1.1" 200 OK
Worker: http://localhost:8001, Tokens: 113468.0
Worker: http://localhost:8002, Tokens: 97709.0
Selected worker: http://localhost:8002
INFO:     127.0.0.1:38386 - "POST /v1/completions HTTP/1.1" 200 OK
Worker: http://localhost:8001, Tokens: 113468.0
Worker: http://localhost:8002, Tokens: 97668.0
Selected worker: http://localhost:8002
INFO:     127.0.0.1:38396 - "POST /v1/completions HTTP/1.1" 200 OK
Worker: http://localhost:8001, Tokens: 113468.0
Worker: http://localhost:8002, Tokens: 110322.0
Selected worker: http://localhost:8002
INFO:     127.0.0.1:38400 - "POST /v1/completions HTTP/1.1" 200 OK
Worker: http://localhost:8001, Tokens: 113468.0
Worker: http://localhost:8002, Tokens: 110342.0
Selected worker: http://localhost:8002
INFO:     127.0.0.1:38410 - "POST /v1/completions HTTP/1.1" 200 OK
Worker: http://localhost:8001, Tokens: 113468.0
Worker: http://localhost:8002, Tokens: 110367.0
Selected worker: http://localhost:8002
INFO:     127.0.0.1:38420 - "POST /v1/completions HTTP/1.1" 200 OK
Worker: http://localhost:8001, Tokens: 113468.0
Worker: http://localhost:8002, Tokens: 109112.0
Selected worker: http://localhost:8002
INFO:     127.0.0.1:38432 - "POST /v1/completions HTTP/1.1" 200 OK
Worker: http://localhost:8001, Tokens: 113468.0
Worker: http://localhost:8002, Tokens: 109126.0
Selected worker: http://localhost:8002
INFO:     127.0.0.1:38434 - "POST /v1/completions HTTP/1.1" 200 OK
Worker: http://localhost:8001, Tokens: 113468.0
Worker: http://localhost:8002, Tokens: 109133.0
Selected worker: http://localhost:8002
INFO:     127.0.0.1:38446 - "POST /v1/completions HTTP/1.1" 200 OK
Worker: http://localhost:8001, Tokens: 113468.0
Worker: http://localhost:8002, Tokens: 107901.0
Selected worker: http://localhost:8002
INFO:     127.0.0.1:38450 - "POST /v1/completions HTTP/1.1" 200 OK
Worker: http://localhost:8001, Tokens: 113468.0
Worker: http://localhost:8002, Tokens: 109909.0
Selected worker: http://localhost:8002
INFO:     127.0.0.1:38452 - "POST /v1/completions HTTP/1.1" 200 OK
Worker: http://localhost:8001, Tokens: 113468.0
Worker: http://localhost:8002, Tokens: 111024.0
Selected worker: http://localhost:8002
INFO:     127.0.0.1:38464 - "POST /v1/completions HTTP/1.1" 200 OK
Worker: http://localhost:8001, Tokens: 113468.0
Worker: http://localhost:8002, Tokens: 111037.0
Selected worker: http://localhost:8002
INFO:     127.0.0.1:38466 - "POST /v1/completions HTTP/1.1" 200 OK
Worker: http://localhost:8001, Tokens: 113468.0
Worker: http://localhost:8002, Tokens: 111043.0
Selected worker: http://localhost:8002
INFO:     127.0.0.1:38468 - "POST /v1/completions HTTP/1.1" 200 OK
Worker: http://localhost:8001, Tokens: 113468.0
Worker: http://localhost:8002, Tokens: 111058.0
Selected worker: http://localhost:8002
INFO:     127.0.0.1:38478 - "POST /v1/completions HTTP/1.1" 200 OK
Worker: http://localhost:8001, Tokens: 113468.0
Worker: http://localhost:8002, Tokens: 111095.0
Selected worker: http://localhost:8002
INFO:     127.0.0.1:38486 - "POST /v1/completions HTTP/1.1" 200 OK
Worker: http://localhost:8001, Tokens: 113468.0
Worker: http://localhost:8002, Tokens: 113062.0
Selected worker: http://localhost:8002
INFO:     127.0.0.1:38492 - "POST /v1/completions HTTP/1.1" 200 OK
Worker: http://localhost:8001, Tokens: 113468.0
Worker: http://localhost:8002, Tokens: 113074.0
Selected worker: http://localhost:8002
INFO:     127.0.0.1:38500 - "POST /v1/completions HTTP/1.1" 200 OK
Worker: http://localhost:8001, Tokens: 113468.0
Worker: http://localhost:8002, Tokens: 115465.0
Selected worker: http://localhost:8001
INFO:     127.0.0.1:38502 - "POST /v1/completions HTTP/1.1" 200 OK
Worker: http://localhost:8001, Tokens: 115753.0
Worker: http://localhost:8002, Tokens: 115465.0
Selected worker: http://localhost:8002
INFO:     127.0.0.1:38512 - "POST /v1/completions HTTP/1.1" 200 OK
Worker: http://localhost:8001, Tokens: 115753.0
Worker: http://localhost:8002, Tokens: 115474.0
Selected worker: http://localhost:8002
INFO:     127.0.0.1:38518 - "POST /v1/completions HTTP/1.1" 200 OK
Worker: http://localhost:8001, Tokens: 115753.0
Worker: http://localhost:8002, Tokens: 115513.0
Selected worker: http://localhost:8002
INFO:     127.0.0.1:38532 - "POST /v1/completions HTTP/1.1" 200 OK
Worker: http://localhost:8001, Tokens: 115753.0
Worker: http://localhost:8002, Tokens: 115519.0
Selected worker: http://localhost:8002
INFO:     127.0.0.1:38548 - "POST /v1/completions HTTP/1.1" 200 OK
Worker: http://localhost:8001, Tokens: 115753.0
Worker: http://localhost:8002, Tokens: 115529.0
Selected worker: http://localhost:8002
INFO:     127.0.0.1:38558 - "POST /v1/completions HTTP/1.1" 200 OK
Worker: http://localhost:8001, Tokens: 115753.0
Worker: http://localhost:8002, Tokens: 115452.0
Selected worker: http://localhost:8002
INFO:     127.0.0.1:38568 - "POST /v1/completions HTTP/1.1" 200 OK
Worker: http://localhost:8001, Tokens: 115753.0
Worker: http://localhost:8002, Tokens: 115457.0
Selected worker: http://localhost:8002
INFO:     127.0.0.1:38584 - "POST /v1/completions HTTP/1.1" 200 OK
Worker: http://localhost:8001, Tokens: 115753.0
Worker: http://localhost:8002, Tokens: 115463.0
Selected worker: http://localhost:8002
INFO:     127.0.0.1:38600 - "POST /v1/completions HTTP/1.1" 200 OK
Worker: http://localhost:8001, Tokens: 115753.0
Worker: http://localhost:8002, Tokens: 121150.0
Selected worker: http://localhost:8001
INFO:     127.0.0.1:38610 - "POST /v1/completions HTTP/1.1" 200 OK
Worker: http://localhost:8001, Tokens: 115782.0
Worker: http://localhost:8002, Tokens: 121150.0
Selected worker: http://localhost:8001
INFO:     127.0.0.1:38624 - "POST /v1/completions HTTP/1.1" 200 OK
Worker: http://localhost:8001, Tokens: 115792.0
Worker: http://localhost:8002, Tokens: 121150.0
Selected worker: http://localhost:8001
INFO:     127.0.0.1:38640 - "POST /v1/completions HTTP/1.1" 200 OK
Worker: http://localhost:8001, Tokens: 115822.0
Worker: http://localhost:8002, Tokens: 121123.0
Selected worker: http://localhost:8001
INFO:     127.0.0.1:38642 - "POST /v1/completions HTTP/1.1" 200 OK
Worker: http://localhost:8001, Tokens: 115841.0
Worker: http://localhost:8002, Tokens: 121123.0
Selected worker: http://localhost:8001
INFO:     127.0.0.1:38648 - "POST /v1/completions HTTP/1.1" 200 OK
Worker: http://localhost:8001, Tokens: 115856.0
Worker: http://localhost:8002, Tokens: 121123.0
Selected worker: http://localhost:8001
INFO:     127.0.0.1:38658 - "POST /v1/completions HTTP/1.1" 200 OK
Worker: http://localhost:8001, Tokens: 115863.0
Worker: http://localhost:8002, Tokens: 121123.0
Selected worker: http://localhost:8001
INFO:     127.0.0.1:38666 - "POST /v1/completions HTTP/1.1" 200 OK
Worker: http://localhost:8001, Tokens: 115870.0
Worker: http://localhost:8002, Tokens: 119115.0
Selected worker: http://localhost:8001
INFO:     127.0.0.1:38678 - "POST /v1/completions HTTP/1.1" 200 OK
Worker: http://localhost:8001, Tokens: 115891.0
Worker: http://localhost:8002, Tokens: 119115.0
Selected worker: http://localhost:8001
INFO:     127.0.0.1:38682 - "POST /v1/completions HTTP/1.1" 200 OK
Worker: http://localhost:8001, Tokens: 113644.0
Worker: http://localhost:8002, Tokens: 119115.0
Selected worker: http://localhost:8001
INFO:     127.0.0.1:38684 - "POST /v1/completions HTTP/1.1" 200 OK
Worker: http://localhost:8001, Tokens: 113655.0
Worker: http://localhost:8002, Tokens: 119115.0
Selected worker: http://localhost:8001
INFO:     127.0.0.1:38688 - "POST /v1/completions HTTP/1.1" 200 OK
Worker: http://localhost:8001, Tokens: 115090.0
Worker: http://localhost:8002, Tokens: 117929.0
Selected worker: http://localhost:8001
INFO:     127.0.0.1:38692 - "POST /v1/completions HTTP/1.1" 200 OK
Worker: http://localhost:8001, Tokens: 116534.0
Worker: http://localhost:8002, Tokens: 117929.0
Selected worker: http://localhost:8001
INFO:     127.0.0.1:38708 - "POST /v1/completions HTTP/1.1" 200 OK
Worker: http://localhost:8001, Tokens: 116528.0
Worker: http://localhost:8002, Tokens: 117929.0
Selected worker: http://localhost:8001
INFO:     127.0.0.1:38714 - "POST /v1/completions HTTP/1.1" 200 OK
Worker: http://localhost:8001, Tokens: 116531.0
Worker: http://localhost:8002, Tokens: 115950.0
Selected worker: http://localhost:8002
INFO:     127.0.0.1:38720 - "POST /v1/completions HTTP/1.1" 200 OK
Worker: http://localhost:8001, Tokens: 116501.0
Worker: http://localhost:8002, Tokens: 115961.0
Selected worker: http://localhost:8002
INFO:     127.0.0.1:38722 - "POST /v1/completions HTTP/1.1" 200 OK
Worker: http://localhost:8001, Tokens: 116482.0
Worker: http://localhost:8002, Tokens: 116000.0
Selected worker: http://localhost:8002
INFO:     127.0.0.1:38738 - "POST /v1/completions HTTP/1.1" 200 OK
Worker: http://localhost:8001, Tokens: 116467.0
Worker: http://localhost:8002, Tokens: 116020.0
Selected worker: http://localhost:8002
INFO:     127.0.0.1:38748 - "POST /v1/completions HTTP/1.1" 200 OK
Worker: http://localhost:8001, Tokens: 116460.0
Worker: http://localhost:8002, Tokens: 116026.0
Selected worker: http://localhost:8002
INFO:     127.0.0.1:38762 - "POST /v1/completions HTTP/1.1" 200 OK
Worker: http://localhost:8001, Tokens: 116453.0
Worker: http://localhost:8002, Tokens: 113482.0
Selected worker: http://localhost:8002
INFO:     127.0.0.1:38764 - "POST /v1/completions HTTP/1.1" 200 OK
Worker: http://localhost:8001, Tokens: 116432.0
Worker: http://localhost:8002, Tokens: 113502.0
Selected worker: http://localhost:8002
INFO:     127.0.0.1:38780 - "POST /v1/completions HTTP/1.1" 200 OK
Worker: http://localhost:8001, Tokens: 116394.0
Worker: http://localhost:8002, Tokens: 113533.0
Selected worker: http://localhost:8002
INFO:     127.0.0.1:38786 - "POST /v1/completions HTTP/1.1" 200 OK
Worker: http://localhost:8001, Tokens: 116383.0
Worker: http://localhost:8002, Tokens: 113563.0
Selected worker: http://localhost:8002
INFO:     127.0.0.1:38802 - "POST /v1/completions HTTP/1.1" 200 OK
Worker: http://localhost:8001, Tokens: 116383.0
Worker: http://localhost:8002, Tokens: 114864.0
Selected worker: http://localhost:8002
INFO:     127.0.0.1:38804 - "POST /v1/completions HTTP/1.1" 200 OK
Worker: http://localhost:8001, Tokens: 116383.0
Worker: http://localhost:8002, Tokens: 135820.0
Selected worker: http://localhost:8001
INFO:     127.0.0.1:38816 - "POST /v1/completions HTTP/1.1" 200 OK
Worker: http://localhost:8001, Tokens: 116404.0
Worker: http://localhost:8002, Tokens: 135820.0
Selected worker: http://localhost:8001
INFO:     127.0.0.1:38818 - "POST /v1/completions HTTP/1.1" 200 OK
Worker: http://localhost:8001, Tokens: 114978.0
Worker: http://localhost:8002, Tokens: 135820.0
Selected worker: http://localhost:8001
INFO:     127.0.0.1:38824 - "POST /v1/completions HTTP/1.1" 200 OK
Worker: http://localhost:8001, Tokens: 116267.0
Worker: http://localhost:8002, Tokens: 135809.0
Selected worker: http://localhost:8001
INFO:     127.0.0.1:38832 - "POST /v1/completions HTTP/1.1" 200 OK
Worker: http://localhost:8001, Tokens: 117064.0
Worker: http://localhost:8002, Tokens: 135770.0
Selected worker: http://localhost:8001
INFO:     127.0.0.1:38836 - "POST /v1/completions HTTP/1.1" 200 OK
Worker: http://localhost:8001, Tokens: 119358.0
Worker: http://localhost:8002, Tokens: 135750.0
Selected worker: http://localhost:8001
INFO:     127.0.0.1:38846 - "POST /v1/completions HTTP/1.1" 200 OK
Worker: http://localhost:8001, Tokens: 119363.0
Worker: http://localhost:8002, Tokens: 135744.0
Selected worker: http://localhost:8001
INFO:     127.0.0.1:38848 - "POST /v1/completions HTTP/1.1" 200 OK
Worker: http://localhost:8001, Tokens: 119365.0
Worker: http://localhost:8002, Tokens: 135742.0
Selected worker: http://localhost:8001
INFO:     127.0.0.1:38856 - "POST /v1/completions HTTP/1.1" 200 OK
Worker: http://localhost:8001, Tokens: 121356.0
Worker: http://localhost:8002, Tokens: 135722.0
Selected worker: http://localhost:8001
INFO:     127.0.0.1:38868 - "POST /v1/completions HTTP/1.1" 200 OK
Worker: http://localhost:8001, Tokens: 121379.0
Worker: http://localhost:8002, Tokens: 135691.0
Selected worker: http://localhost:8001
INFO:     127.0.0.1:38878 - "POST /v1/completions HTTP/1.1" 200 OK
Worker: http://localhost:8001, Tokens: 121390.0
Worker: http://localhost:8002, Tokens: 135661.0
Selected worker: http://localhost:8001
INFO:     127.0.0.1:38894 - "POST /v1/completions HTTP/1.1" 200 OK
Worker: http://localhost:8001, Tokens: 121401.0
Worker: http://localhost:8002, Tokens: 135661.0
Selected worker: http://localhost:8001
INFO:     127.0.0.1:38908 - "POST /v1/completions HTTP/1.1" 200 OK
Worker: http://localhost:8001, Tokens: 120573.0
Worker: http://localhost:8002, Tokens: 135661.0
Selected worker: http://localhost:8001
INFO:     127.0.0.1:38920 - "POST /v1/completions HTTP/1.1" 200 OK
Worker: http://localhost:8001, Tokens: 120573.0
Worker: http://localhost:8002, Tokens: 135661.0
Selected worker: http://localhost:8001
INFO:     127.0.0.1:38934 - "POST /v1/completions HTTP/1.1" 200 OK
Worker: http://localhost:8001, Tokens: 120579.0
Worker: http://localhost:8002, Tokens: 135661.0
Selected worker: http://localhost:8001
INFO:     127.0.0.1:38938 - "POST /v1/completions HTTP/1.1" 200 OK
Worker: http://localhost:8001, Tokens: 120587.0
Worker: http://localhost:8002, Tokens: 135661.0
Selected worker: http://localhost:8001
INFO:     127.0.0.1:38954 - "POST /v1/completions HTTP/1.1" 200 OK
Worker: http://localhost:8001, Tokens: 120599.0
Worker: http://localhost:8002, Tokens: 135661.0
Selected worker: http://localhost:8001
INFO:     127.0.0.1:38964 - "POST /v1/completions HTTP/1.1" 200 OK
Worker: http://localhost:8001, Tokens: 119340.0
Worker: http://localhost:8002, Tokens: 134340.0
Selected worker: http://localhost:8001
INFO:     127.0.0.1:38972 - "POST /v1/completions HTTP/1.1" 200 OK
Worker: http://localhost:8001, Tokens: 119354.0
Worker: http://localhost:8002, Tokens: 134340.0
Selected worker: http://localhost:8001
INFO:     127.0.0.1:38980 - "POST /v1/completions HTTP/1.1" 200 OK
Worker: http://localhost:8001, Tokens: 121197.0
Worker: http://localhost:8002, Tokens: 134340.0
Selected worker: http://localhost:8001
INFO:     127.0.0.1:38984 - "POST /v1/completions HTTP/1.1" 200 OK
Worker: http://localhost:8001, Tokens: 121219.0
Worker: http://localhost:8002, Tokens: 134340.0
Selected worker: http://localhost:8001
INFO:     127.0.0.1:38986 - "POST /v1/completions HTTP/1.1" 200 OK
Worker: http://localhost:8001, Tokens: 121225.0
Worker: http://localhost:8002, Tokens: 134340.0
Selected worker: http://localhost:8001
INFO:     127.0.0.1:38992 - "POST /v1/completions HTTP/1.1" 200 OK
Worker: http://localhost:8001, Tokens: 121234.0
Worker: http://localhost:8002, Tokens: 134340.0
Selected worker: http://localhost:8001
INFO:     127.0.0.1:39006 - "POST /v1/completions HTTP/1.1" 200 OK
Worker: http://localhost:8001, Tokens: 121250.0
Worker: http://localhost:8002, Tokens: 134340.0
Selected worker: http://localhost:8001
INFO:     127.0.0.1:39016 - "POST /v1/completions HTTP/1.1" 200 OK
Worker: http://localhost:8001, Tokens: 119230.0
Worker: http://localhost:8002, Tokens: 139954.0
Selected worker: http://localhost:8001
INFO:     127.0.0.1:39024 - "POST /v1/completions HTTP/1.1" 200 OK
Worker: http://localhost:8001, Tokens: 120543.0
Worker: http://localhost:8002, Tokens: 139954.0
Selected worker: http://localhost:8001
INFO:     127.0.0.1:39040 - "POST /v1/completions HTTP/1.1" 200 OK
Worker: http://localhost:8001, Tokens: 118256.0
Worker: http://localhost:8002, Tokens: 139954.0
Selected worker: http://localhost:8001
INFO:     127.0.0.1:39044 - "POST /v1/completions HTTP/1.1" 200 OK
Worker: http://localhost:8001, Tokens: 118265.0
Worker: http://localhost:8002, Tokens: 139954.0
Selected worker: http://localhost:8001
INFO:     127.0.0.1:39052 - "POST /v1/completions HTTP/1.1" 200 OK
Worker: http://localhost:8001, Tokens: 116189.0
Worker: http://localhost:8002, Tokens: 139954.0
Selected worker: http://localhost:8001
INFO:     127.0.0.1:39068 - "POST /v1/completions HTTP/1.1" 200 OK
Worker: http://localhost:8001, Tokens: 116170.0
Worker: http://localhost:8002, Tokens: 139954.0
Selected worker: http://localhost:8001
INFO:     127.0.0.1:39074 - "POST /v1/completions HTTP/1.1" 200 OK
Worker: http://localhost:8001, Tokens: 116169.0
Worker: http://localhost:8002, Tokens: 139954.0
Selected worker: http://localhost:8001
INFO:     127.0.0.1:39086 - "POST /v1/completions HTTP/1.1" 200 OK
Worker: http://localhost:8001, Tokens: 116173.0
Worker: http://localhost:8002, Tokens: 139954.0
Selected worker: http://localhost:8001
INFO:     127.0.0.1:39096 - "POST /v1/completions HTTP/1.1" 200 OK
Worker: http://localhost:8001, Tokens: 118779.0
Worker: http://localhost:8002, Tokens: 139954.0
Selected worker: http://localhost:8001
INFO:     127.0.0.1:39104 - "POST /v1/completions HTTP/1.1" 200 OK
Worker: http://localhost:8001, Tokens: 118784.0
Worker: http://localhost:8002, Tokens: 139954.0
Selected worker: http://localhost:8001
INFO:     127.0.0.1:39120 - "POST /v1/completions HTTP/1.1" 200 OK
Worker: http://localhost:8001, Tokens: 118824.0
Worker: http://localhost:8002, Tokens: 139954.0
Selected worker: http://localhost:8001
INFO:     127.0.0.1:39130 - "POST /v1/completions HTTP/1.1" 200 OK
Worker: http://localhost:8001, Tokens: 119830.0
Worker: http://localhost:8002, Tokens: 139954.0
Selected worker: http://localhost:8001
INFO:     127.0.0.1:39142 - "POST /v1/completions HTTP/1.1" 200 OK
Worker: http://localhost:8001, Tokens: 129958.0
Worker: http://localhost:8002, Tokens: 139954.0
Selected worker: http://localhost:8001
INFO:     127.0.0.1:39148 - "POST /v1/completions HTTP/1.1" 200 OK
Worker: http://localhost:8001, Tokens: 128069.0
Worker: http://localhost:8002, Tokens: 139954.0
Selected worker: http://localhost:8001
INFO:     127.0.0.1:39158 - "POST /v1/completions HTTP/1.1" 200 OK
Worker: http://localhost:8001, Tokens: 129121.0
Worker: http://localhost:8002, Tokens: 139954.0
Selected worker: http://localhost:8001
INFO:     127.0.0.1:39166 - "POST /v1/completions HTTP/1.1" 200 OK
Worker: http://localhost:8001, Tokens: 129025.0
Worker: http://localhost:8002, Tokens: 139954.0
Selected worker: http://localhost:8001
INFO:     127.0.0.1:39170 - "POST /v1/completions HTTP/1.1" 200 OK
Worker: http://localhost:8001, Tokens: 128987.0
Worker: http://localhost:8002, Tokens: 139954.0
Selected worker: http://localhost:8001
INFO:     127.0.0.1:39176 - "POST /v1/completions HTTP/1.1" 200 OK
Worker: http://localhost:8001, Tokens: 129021.0
Worker: http://localhost:8002, Tokens: 139954.0
Selected worker: http://localhost:8001
INFO:     127.0.0.1:39190 - "POST /v1/completions HTTP/1.1" 200 OK
Worker: http://localhost:8001, Tokens: 129016.0
Worker: http://localhost:8002, Tokens: 139954.0
Selected worker: http://localhost:8001
INFO:     127.0.0.1:39202 - "POST /v1/completions HTTP/1.1" 200 OK
Worker: http://localhost:8001, Tokens: 129034.0
Worker: http://localhost:8002, Tokens: 139954.0
Selected worker: http://localhost:8001
INFO:     127.0.0.1:39212 - "POST /v1/completions HTTP/1.1" 200 OK
Worker: http://localhost:8001, Tokens: 129052.0
Worker: http://localhost:8002, Tokens: 139954.0
Selected worker: http://localhost:8001
INFO:     127.0.0.1:39220 - "POST /v1/completions HTTP/1.1" 200 OK
Worker: http://localhost:8001, Tokens: 129083.0
Worker: http://localhost:8002, Tokens: 139954.0
Selected worker: http://localhost:8001
INFO:     127.0.0.1:39230 - "POST /v1/completions HTTP/1.1" 200 OK
Worker: http://localhost:8001, Tokens: 129112.0
Worker: http://localhost:8002, Tokens: 139954.0
Selected worker: http://localhost:8001
INFO:     127.0.0.1:39242 - "POST /v1/completions HTTP/1.1" 200 OK
Worker: http://localhost:8001, Tokens: 130159.0
Worker: http://localhost:8002, Tokens: 139954.0
Selected worker: http://localhost:8001
INFO:     127.0.0.1:39250 - "POST /v1/completions HTTP/1.1" 200 OK
Worker: http://localhost:8001, Tokens: 130185.0
Worker: http://localhost:8002, Tokens: 139954.0
Selected worker: http://localhost:8001
INFO:     127.0.0.1:39266 - "POST /v1/completions HTTP/1.1" 200 OK
Worker: http://localhost:8001, Tokens: 130197.0
Worker: http://localhost:8002, Tokens: 139954.0
Selected worker: http://localhost:8001
INFO:     127.0.0.1:39282 - "POST /v1/completions HTTP/1.1" 200 OK
Worker: http://localhost:8001, Tokens: 130200.0
Worker: http://localhost:8002, Tokens: 139954.0
Selected worker: http://localhost:8001
INFO:     127.0.0.1:39298 - "POST /v1/completions HTTP/1.1" 200 OK
Worker: http://localhost:8001, Tokens: 131117.0
Worker: http://localhost:8002, Tokens: 139954.0
Selected worker: http://localhost:8001
INFO:     127.0.0.1:39308 - "POST /v1/completions HTTP/1.1" 200 OK
Worker: http://localhost:8001, Tokens: 131133.0
Worker: http://localhost:8002, Tokens: 139954.0
Selected worker: http://localhost:8001
INFO:     127.0.0.1:39316 - "POST /v1/completions HTTP/1.1" 200 OK
Worker: http://localhost:8001, Tokens: 132582.0
Worker: http://localhost:8002, Tokens: 139954.0
Selected worker: http://localhost:8001
INFO:     127.0.0.1:39330 - "POST /v1/completions HTTP/1.1" 200 OK
Worker: http://localhost:8001, Tokens: 132590.0
Worker: http://localhost:8002, Tokens: 139954.0
Selected worker: http://localhost:8001
INFO:     127.0.0.1:39340 - "POST /v1/completions HTTP/1.1" 200 OK
Worker: http://localhost:8001, Tokens: 134289.0
Worker: http://localhost:8002, Tokens: 139954.0
Selected worker: http://localhost:8001
INFO:     127.0.0.1:39354 - "POST /v1/completions HTTP/1.1" 200 OK
Worker: http://localhost:8001, Tokens: 133066.0
Worker: http://localhost:8002, Tokens: 139954.0
Selected worker: http://localhost:8001
INFO:     127.0.0.1:39358 - "POST /v1/completions HTTP/1.1" 200 OK
Worker: http://localhost:8001, Tokens: 133035.0
Worker: http://localhost:8002, Tokens: 139954.0
Selected worker: http://localhost:8001
INFO:     127.0.0.1:39370 - "POST /v1/completions HTTP/1.1" 200 OK
Worker: http://localhost:8001, Tokens: 133015.0
Worker: http://localhost:8002, Tokens: 139954.0
Selected worker: http://localhost:8001
INFO:     127.0.0.1:39376 - "POST /v1/completions HTTP/1.1" 200 OK
Worker: http://localhost:8001, Tokens: 134977.0
Worker: http://localhost:8002, Tokens: 139954.0
Selected worker: http://localhost:8001
INFO:     127.0.0.1:39378 - "POST /v1/completions HTTP/1.1" 200 OK
Worker: http://localhost:8001, Tokens: 143116.0
Worker: http://localhost:8002, Tokens: 139954.0
Selected worker: http://localhost:8002
INFO:     127.0.0.1:39380 - "POST /v1/completions HTTP/1.1" 200 OK
Worker: http://localhost:8001, Tokens: 143116.0
Worker: http://localhost:8002, Tokens: 139974.0
Selected worker: http://localhost:8002
INFO:     127.0.0.1:39386 - "POST /v1/completions HTTP/1.1" 200 OK
Worker: http://localhost:8001, Tokens: 142028.0
Worker: http://localhost:8002, Tokens: 139988.0
Selected worker: http://localhost:8002
INFO:     127.0.0.1:39396 - "POST /v1/completions HTTP/1.1" 200 OK
Worker: http://localhost:8001, Tokens: 142028.0
Worker: http://localhost:8002, Tokens: 139999.0
Selected worker: http://localhost:8002
INFO:     127.0.0.1:39400 - "POST /v1/completions HTTP/1.1" 200 OK
Worker: http://localhost:8001, Tokens: 142028.0
Worker: http://localhost:8002, Tokens: 140039.0
Selected worker: http://localhost:8002
INFO:     127.0.0.1:39416 - "POST /v1/completions HTTP/1.1" 200 OK
Worker: http://localhost:8001, Tokens: 142028.0
Worker: http://localhost:8002, Tokens: 140070.0
Selected worker: http://localhost:8002
INFO:     127.0.0.1:39430 - "POST /v1/completions HTTP/1.1" 200 OK
Worker: http://localhost:8001, Tokens: 142028.0
Worker: http://localhost:8002, Tokens: 141329.0
Selected worker: http://localhost:8002
INFO:     127.0.0.1:39442 - "POST /v1/completions HTTP/1.1" 200 OK
Worker: http://localhost:8001, Tokens: 142028.0
Worker: http://localhost:8002, Tokens: 141353.0
Selected worker: http://localhost:8002
INFO:     127.0.0.1:39452 - "POST /v1/completions HTTP/1.1" 200 OK
Worker: http://localhost:8001, Tokens: 142028.0
Worker: http://localhost:8002, Tokens: 141396.0
Selected worker: http://localhost:8002
INFO:     127.0.0.1:39466 - "POST /v1/completions HTTP/1.1" 200 OK
Worker: http://localhost:8001, Tokens: 142028.0
Worker: http://localhost:8002, Tokens: 142629.0
Selected worker: http://localhost:8001
INFO:     127.0.0.1:39470 - "POST /v1/completions HTTP/1.1" 200 OK
Worker: http://localhost:8001, Tokens: 142070.0
Worker: http://localhost:8002, Tokens: 142629.0
Selected worker: http://localhost:8001
INFO:     127.0.0.1:39478 - "POST /v1/completions HTTP/1.1" 200 OK
Worker: http://localhost:8001, Tokens: 142084.0
Worker: http://localhost:8002, Tokens: 142629.0
Selected worker: http://localhost:8001
INFO:     127.0.0.1:39488 - "POST /v1/completions HTTP/1.1" 200 OK
Worker: http://localhost:8001, Tokens: 142115.0
Worker: http://localhost:8002, Tokens: 139954.0
Selected worker: http://localhost:8002
INFO:     127.0.0.1:39494 - "POST /v1/completions HTTP/1.1" 200 OK
Worker: http://localhost:8001, Tokens: 138531.0
Worker: http://localhost:8002, Tokens: 139967.0
Selected worker: http://localhost:8001
INFO:     127.0.0.1:39500 - "POST /v1/completions HTTP/1.1" 200 OK
Worker: http://localhost:8001, Tokens: 138548.0
Worker: http://localhost:8002, Tokens: 139953.0
Selected worker: http://localhost:8001
INFO:     127.0.0.1:39512 - "POST /v1/completions HTTP/1.1" 200 OK
Worker: http://localhost:8001, Tokens: 138552.0
Worker: http://localhost:8002, Tokens: 139942.0
Selected worker: http://localhost:8001
INFO:     127.0.0.1:39514 - "POST /v1/completions HTTP/1.1" 200 OK
Worker: http://localhost:8001, Tokens: 137635.0
Worker: http://localhost:8002, Tokens: 139902.0
Selected worker: http://localhost:8001
INFO:     127.0.0.1:39522 - "POST /v1/completions HTTP/1.1" 200 OK
Worker: http://localhost:8001, Tokens: 137640.0
Worker: http://localhost:8002, Tokens: 139871.0
Selected worker: http://localhost:8001
INFO:     127.0.0.1:39532 - "POST /v1/completions HTTP/1.1" 200 OK
Worker: http://localhost:8001, Tokens: 137652.0
Worker: http://localhost:8002, Tokens: 139871.0
Selected worker: http://localhost:8001
INFO:     127.0.0.1:39536 - "POST /v1/completions HTTP/1.1" 200 OK
Worker: http://localhost:8001, Tokens: 135995.0
Worker: http://localhost:8002, Tokens: 139871.0
Selected worker: http://localhost:8001
INFO:     127.0.0.1:39550 - "POST /v1/completions HTTP/1.1" 200 OK
Worker: http://localhost:8001, Tokens: 136037.0
Worker: http://localhost:8002, Tokens: 138612.0
Selected worker: http://localhost:8001
INFO:     127.0.0.1:39564 - "POST /v1/completions HTTP/1.1" 200 OK
Worker: http://localhost:8001, Tokens: 138144.0
Worker: http://localhost:8002, Tokens: 138545.0
Selected worker: http://localhost:8001
INFO:     127.0.0.1:39568 - "POST /v1/completions HTTP/1.1" 200 OK
Worker: http://localhost:8001, Tokens: 140832.0
Worker: http://localhost:8002, Tokens: 138545.0
Selected worker: http://localhost:8002
INFO:     127.0.0.1:39574 - "POST /v1/completions HTTP/1.1" 200 OK
Worker: http://localhost:8001, Tokens: 139671.0
Worker: http://localhost:8002, Tokens: 138565.0
Selected worker: http://localhost:8002
INFO:     127.0.0.1:39576 - "POST /v1/completions HTTP/1.1" 200 OK
Worker: http://localhost:8001, Tokens: 156354.0
Worker: http://localhost:8002, Tokens: 137342.0
Selected worker: http://localhost:8002
INFO:     127.0.0.1:47092 - "POST /v1/completions HTTP/1.1" 200 OK
Worker: http://localhost:8001, Tokens: 156354.0
Worker: http://localhost:8002, Tokens: 138402.0
Selected worker: http://localhost:8002
INFO:     127.0.0.1:47102 - "POST /v1/completions HTTP/1.1" 200 OK
Worker: http://localhost:8001, Tokens: 156354.0
Worker: http://localhost:8002, Tokens: 138410.0
Selected worker: http://localhost:8002
INFO:     127.0.0.1:47108 - "POST /v1/completions HTTP/1.1" 200 OK
Worker: http://localhost:8001, Tokens: 156354.0
Worker: http://localhost:8002, Tokens: 138456.0
Selected worker: http://localhost:8002
INFO:     127.0.0.1:47116 - "POST /v1/completions HTTP/1.1" 200 OK
Worker: http://localhost:8001, Tokens: 156354.0
Worker: http://localhost:8002, Tokens: 140020.0
Selected worker: http://localhost:8002
INFO:     127.0.0.1:47130 - "POST /v1/completions HTTP/1.1" 200 OK
Worker: http://localhost:8001, Tokens: 156354.0
Worker: http://localhost:8002, Tokens: 140022.0
Selected worker: http://localhost:8002
INFO:     127.0.0.1:47134 - "POST /v1/completions HTTP/1.1" 200 OK
Worker: http://localhost:8001, Tokens: 156354.0
Worker: http://localhost:8002, Tokens: 140062.0
Selected worker: http://localhost:8002
INFO:     127.0.0.1:47144 - "POST /v1/completions HTTP/1.1" 200 OK
Worker: http://localhost:8001, Tokens: 156354.0
Worker: http://localhost:8002, Tokens: 141721.0
Selected worker: http://localhost:8002
INFO:     127.0.0.1:47156 - "POST /v1/completions HTTP/1.1" 200 OK
Worker: http://localhost:8001, Tokens: 156354.0
Worker: http://localhost:8002, Tokens: 141766.0
Selected worker: http://localhost:8002
INFO:     127.0.0.1:47162 - "POST /v1/completions HTTP/1.1" 200 OK
Worker: http://localhost:8001, Tokens: 156354.0
Worker: http://localhost:8002, Tokens: 141803.0
Selected worker: http://localhost:8002
INFO:     127.0.0.1:47166 - "POST /v1/completions HTTP/1.1" 200 OK
Worker: http://localhost:8001, Tokens: 156354.0
Worker: http://localhost:8002, Tokens: 148026.0
Selected worker: http://localhost:8002
INFO:     127.0.0.1:47168 - "POST /v1/completions HTTP/1.1" 200 OK
Worker: http://localhost:8001, Tokens: 156354.0
Worker: http://localhost:8002, Tokens: 148047.0
Selected worker: http://localhost:8002
INFO:     127.0.0.1:47174 - "POST /v1/completions HTTP/1.1" 200 OK
Worker: http://localhost:8001, Tokens: 156354.0
Worker: http://localhost:8002, Tokens: 143397.0
Selected worker: http://localhost:8002
INFO:     127.0.0.1:47178 - "POST /v1/completions HTTP/1.1" 200 OK
Worker: http://localhost:8001, Tokens: 156354.0
Worker: http://localhost:8002, Tokens: 143412.0
Selected worker: http://localhost:8002
INFO:     127.0.0.1:47182 - "POST /v1/completions HTTP/1.1" 200 OK
Worker: http://localhost:8001, Tokens: 156354.0
Worker: http://localhost:8002, Tokens: 143435.0
Selected worker: http://localhost:8002
INFO:     127.0.0.1:47192 - "POST /v1/completions HTTP/1.1" 200 OK
Worker: http://localhost:8001, Tokens: 154252.0
Worker: http://localhost:8002, Tokens: 143436.0
Selected worker: http://localhost:8002
INFO:     127.0.0.1:47198 - "POST /v1/completions HTTP/1.1" 200 OK
Worker: http://localhost:8001, Tokens: 154252.0
Worker: http://localhost:8002, Tokens: 142302.0
Selected worker: http://localhost:8002
INFO:     127.0.0.1:47204 - "POST /v1/completions HTTP/1.1" 200 OK
Worker: http://localhost:8001, Tokens: 152614.0
Worker: http://localhost:8002, Tokens: 142322.0
Selected worker: http://localhost:8002
INFO:     127.0.0.1:47206 - "POST /v1/completions HTTP/1.1" 200 OK
Worker: http://localhost:8001, Tokens: 152614.0
Worker: http://localhost:8002, Tokens: 143414.0
Selected worker: http://localhost:8002
INFO:     127.0.0.1:47208 - "POST /v1/completions HTTP/1.1" 200 OK
Worker: http://localhost:8001, Tokens: 152614.0
Worker: http://localhost:8002, Tokens: 141827.0
Selected worker: http://localhost:8002
INFO:     127.0.0.1:47224 - "POST /v1/completions HTTP/1.1" 200 OK
Worker: http://localhost:8001, Tokens: 152614.0
Worker: http://localhost:8002, Tokens: 143883.0
Selected worker: http://localhost:8002
INFO:     127.0.0.1:47226 - "POST /v1/completions HTTP/1.1" 200 OK
Worker: http://localhost:8001, Tokens: 152572.0
Worker: http://localhost:8002, Tokens: 143892.0
Selected worker: http://localhost:8002
INFO:     127.0.0.1:47242 - "POST /v1/completions HTTP/1.1" 200 OK
Worker: http://localhost:8001, Tokens: 152572.0
Worker: http://localhost:8002, Tokens: 143898.0
Selected worker: http://localhost:8002
INFO:     127.0.0.1:47244 - "POST /v1/completions HTTP/1.1" 200 OK
Worker: http://localhost:8001, Tokens: 152572.0
Worker: http://localhost:8002, Tokens: 145045.0
Selected worker: http://localhost:8002
INFO:     127.0.0.1:47246 - "POST /v1/completions HTTP/1.1" 200 OK
Worker: http://localhost:8001, Tokens: 167603.0
Worker: http://localhost:8002, Tokens: 145051.0
Selected worker: http://localhost:8002
INFO:     127.0.0.1:47248 - "POST /v1/completions HTTP/1.1" 200 OK
Worker: http://localhost:8001, Tokens: 165496.0
Worker: http://localhost:8002, Tokens: 145054.0
Selected worker: http://localhost:8002
INFO:     127.0.0.1:47256 - "POST /v1/completions HTTP/1.1" 200 OK
Worker: http://localhost:8001, Tokens: 165496.0
Worker: http://localhost:8002, Tokens: 143361.0
Selected worker: http://localhost:8002
INFO:     127.0.0.1:47258 - "POST /v1/completions HTTP/1.1" 200 OK
Worker: http://localhost:8001, Tokens: 165496.0
Worker: http://localhost:8002, Tokens: 143394.0
Selected worker: http://localhost:8002
INFO:     127.0.0.1:47274 - "POST /v1/completions HTTP/1.1" 200 OK
Worker: http://localhost:8001, Tokens: 165496.0
Worker: http://localhost:8002, Tokens: 143401.0
Selected worker: http://localhost:8002
INFO:     127.0.0.1:47290 - "POST /v1/completions HTTP/1.1" 200 OK
Worker: http://localhost:8001, Tokens: 162808.0
Worker: http://localhost:8002, Tokens: 144595.0
Selected worker: http://localhost:8002
INFO:     127.0.0.1:47292 - "POST /v1/completions HTTP/1.1" 200 OK
Worker: http://localhost:8001, Tokens: 162808.0
Worker: http://localhost:8002, Tokens: 144635.0
Selected worker: http://localhost:8002
INFO:     127.0.0.1:47302 - "POST /v1/completions HTTP/1.1" 200 OK
Worker: http://localhost:8001, Tokens: 162808.0
Worker: http://localhost:8002, Tokens: 144644.0
Selected worker: http://localhost:8002
INFO:     127.0.0.1:47318 - "POST /v1/completions HTTP/1.1" 200 OK
Worker: http://localhost:8001, Tokens: 162808.0
Worker: http://localhost:8002, Tokens: 144680.0
Selected worker: http://localhost:8002
INFO:     127.0.0.1:47320 - "POST /v1/completions HTTP/1.1" 200 OK
Worker: http://localhost:8001, Tokens: 162808.0
Worker: http://localhost:8002, Tokens: 144724.0
Selected worker: http://localhost:8002
INFO:     127.0.0.1:47328 - "POST /v1/completions HTTP/1.1" 200 OK
Worker: http://localhost:8001, Tokens: 162808.0
Worker: http://localhost:8002, Tokens: 144736.0
Selected worker: http://localhost:8002
INFO:     127.0.0.1:47342 - "POST /v1/completions HTTP/1.1" 200 OK
Worker: http://localhost:8001, Tokens: 162808.0
Worker: http://localhost:8002, Tokens: 144780.0
Selected worker: http://localhost:8002
INFO:     127.0.0.1:47358 - "POST /v1/completions HTTP/1.1" 200 OK
Worker: http://localhost:8001, Tokens: 162808.0
Worker: http://localhost:8002, Tokens: 149632.0
Selected worker: http://localhost:8002
INFO:     127.0.0.1:47366 - "POST /v1/completions HTTP/1.1" 200 OK
Worker: http://localhost:8001, Tokens: 162808.0
Worker: http://localhost:8002, Tokens: 149646.0
Selected worker: http://localhost:8002
INFO:     127.0.0.1:47380 - "POST /v1/completions HTTP/1.1" 200 OK
Worker: http://localhost:8001, Tokens: 162808.0
Worker: http://localhost:8002, Tokens: 145829.0
Selected worker: http://localhost:8002
INFO:     127.0.0.1:47386 - "POST /v1/completions HTTP/1.1" 200 OK
Worker: http://localhost:8001, Tokens: 162808.0
Worker: http://localhost:8002, Tokens: 145845.0
Selected worker: http://localhost:8002
INFO:     127.0.0.1:47400 - "POST /v1/completions HTTP/1.1" 200 OK
Worker: http://localhost:8001, Tokens: 162808.0
Worker: http://localhost:8002, Tokens: 146881.0
Selected worker: http://localhost:8002
INFO:     127.0.0.1:47406 - "POST /v1/completions HTTP/1.1" 200 OK
Worker: http://localhost:8001, Tokens: 162808.0
Worker: http://localhost:8002, Tokens: 145784.0
Selected worker: http://localhost:8002
INFO:     127.0.0.1:47414 - "POST /v1/completions HTTP/1.1" 200 OK
Worker: http://localhost:8001, Tokens: 162808.0
Worker: http://localhost:8002, Tokens: 145793.0
Selected worker: http://localhost:8002
INFO:     127.0.0.1:47422 - "POST /v1/completions HTTP/1.1" 200 OK
Worker: http://localhost:8001, Tokens: 162808.0
Worker: http://localhost:8002, Tokens: 145802.0
Selected worker: http://localhost:8002
INFO:     127.0.0.1:47438 - "POST /v1/completions HTTP/1.1" 200 OK
Worker: http://localhost:8001, Tokens: 162808.0
Worker: http://localhost:8002, Tokens: 144701.0
Selected worker: http://localhost:8002
INFO:     127.0.0.1:47442 - "POST /v1/completions HTTP/1.1" 200 OK
Worker: http://localhost:8001, Tokens: 162808.0
Worker: http://localhost:8002, Tokens: 144735.0
Selected worker: http://localhost:8002
INFO:     127.0.0.1:47454 - "POST /v1/completions HTTP/1.1" 200 OK
Worker: http://localhost:8001, Tokens: 162808.0
Worker: http://localhost:8002, Tokens: 144741.0
Selected worker: http://localhost:8002
INFO:     127.0.0.1:47470 - "POST /v1/completions HTTP/1.1" 200 OK
Worker: http://localhost:8001, Tokens: 162808.0
Worker: http://localhost:8002, Tokens: 144742.0
Selected worker: http://localhost:8002
INFO:     127.0.0.1:47476 - "POST /v1/completions HTTP/1.1" 200 OK
Worker: http://localhost:8001, Tokens: 174446.0
Worker: http://localhost:8002, Tokens: 142691.0
Selected worker: http://localhost:8002
INFO:     127.0.0.1:47478 - "POST /v1/completions HTTP/1.1" 200 OK
Worker: http://localhost:8001, Tokens: 174446.0
Worker: http://localhost:8002, Tokens: 142697.0
Selected worker: http://localhost:8002
INFO:     127.0.0.1:47488 - "POST /v1/completions HTTP/1.1" 200 OK
Worker: http://localhost:8001, Tokens: 174446.0
Worker: http://localhost:8002, Tokens: 142719.0
Selected worker: http://localhost:8002
INFO:     127.0.0.1:47498 - "POST /v1/completions HTTP/1.1" 200 OK
Worker: http://localhost:8001, Tokens: 174446.0
Worker: http://localhost:8002, Tokens: 141487.0
Selected worker: http://localhost:8002
INFO:     127.0.0.1:47508 - "POST /v1/completions HTTP/1.1" 200 OK
Worker: http://localhost:8001, Tokens: 174446.0
Worker: http://localhost:8002, Tokens: 141505.0
Selected worker: http://localhost:8002
INFO:     127.0.0.1:47520 - "POST /v1/completions HTTP/1.1" 200 OK
Worker: http://localhost:8001, Tokens: 174446.0
Worker: http://localhost:8002, Tokens: 141527.0
Selected worker: http://localhost:8002
INFO:     127.0.0.1:47522 - "POST /v1/completions HTTP/1.1" 200 OK
Worker: http://localhost:8001, Tokens: 174446.0
Worker: http://localhost:8002, Tokens: 140156.0
Selected worker: http://localhost:8002
INFO:     127.0.0.1:47528 - "POST /v1/completions HTTP/1.1" 200 OK
Worker: http://localhost:8001, Tokens: 174446.0
Worker: http://localhost:8002, Tokens: 140166.0
Selected worker: http://localhost:8002
INFO:     127.0.0.1:47536 - "POST /v1/completions HTTP/1.1" 200 OK
Worker: http://localhost:8001, Tokens: 174446.0
Worker: http://localhost:8002, Tokens: 140177.0
Selected worker: http://localhost:8002
INFO:     127.0.0.1:47538 - "POST /v1/completions HTTP/1.1" 200 OK
Worker: http://localhost:8001, Tokens: 174446.0
Worker: http://localhost:8002, Tokens: 138874.0
Selected worker: http://localhost:8002
INFO:     127.0.0.1:47552 - "POST /v1/completions HTTP/1.1" 200 OK
Worker: http://localhost:8001, Tokens: 174446.0
Worker: http://localhost:8002, Tokens: 138887.0
Selected worker: http://localhost:8002
INFO:     127.0.0.1:47554 - "POST /v1/completions HTTP/1.1" 200 OK
Worker: http://localhost:8001, Tokens: 174446.0
Worker: http://localhost:8002, Tokens: 138896.0
Selected worker: http://localhost:8002
INFO:     127.0.0.1:47558 - "POST /v1/completions HTTP/1.1" 200 OK
Worker: http://localhost:8001, Tokens: 174446.0
Worker: http://localhost:8002, Tokens: 169270.0
Selected worker: http://localhost:8002
INFO:     127.0.0.1:47568 - "POST /v1/completions HTTP/1.1" 200 OK
Worker: http://localhost:8001, Tokens: 174446.0
Worker: http://localhost:8002, Tokens: 169277.0
Selected worker: http://localhost:8002
INFO:     127.0.0.1:47584 - "POST /v1/completions HTTP/1.1" 200 OK
Worker: http://localhost:8001, Tokens: 174446.0
Worker: http://localhost:8002, Tokens: 170345.0
Selected worker: http://localhost:8002
INFO:     127.0.0.1:47586 - "POST /v1/completions HTTP/1.1" 200 OK
Worker: http://localhost:8001, Tokens: 174446.0
Worker: http://localhost:8002, Tokens: 170377.0
Selected worker: http://localhost:8002
INFO:     127.0.0.1:47602 - "POST /v1/completions HTTP/1.1" 200 OK
Worker: http://localhost:8001, Tokens: 174446.0
Worker: http://localhost:8002, Tokens: 167929.0
Selected worker: http://localhost:8002
INFO:     127.0.0.1:47616 - "POST /v1/completions HTTP/1.1" 200 OK
Worker: http://localhost:8001, Tokens: 174446.0
Worker: http://localhost:8002, Tokens: 167938.0
Selected worker: http://localhost:8002
INFO:     127.0.0.1:47626 - "POST /v1/completions HTTP/1.1" 200 OK
Worker: http://localhost:8001, Tokens: 174446.0
Worker: http://localhost:8002, Tokens: 166769.0
Selected worker: http://localhost:8002
INFO:     127.0.0.1:47634 - "POST /v1/completions HTTP/1.1" 200 OK
Worker: http://localhost:8001, Tokens: 174446.0
Worker: http://localhost:8002, Tokens: 166745.0
Selected worker: http://localhost:8002
INFO:     127.0.0.1:47648 - "POST /v1/completions HTTP/1.1" 200 OK
Worker: http://localhost:8001, Tokens: 174446.0
Worker: http://localhost:8002, Tokens: 168059.0
Selected worker: http://localhost:8002
INFO:     127.0.0.1:47656 - "POST /v1/completions HTTP/1.1" 200 OK
Worker: http://localhost:8001, Tokens: 174446.0
Worker: http://localhost:8002, Tokens: 168056.0
Selected worker: http://localhost:8002
INFO:     127.0.0.1:47666 - "POST /v1/completions HTTP/1.1" 200 OK
Worker: http://localhost:8001, Tokens: 174446.0
Worker: http://localhost:8002, Tokens: 168051.0
Selected worker: http://localhost:8002
INFO:     127.0.0.1:47670 - "POST /v1/completions HTTP/1.1" 200 OK
Worker: http://localhost:8001, Tokens: 174446.0
Worker: http://localhost:8002, Tokens: 170524.0
Selected worker: http://localhost:8002
INFO:     127.0.0.1:47686 - "POST /v1/completions HTTP/1.1" 200 OK
Worker: http://localhost:8001, Tokens: 174446.0
Worker: http://localhost:8002, Tokens: 170535.0
Selected worker: http://localhost:8002
INFO:     127.0.0.1:47694 - "POST /v1/completions HTTP/1.1" 200 OK
Worker: http://localhost:8001, Tokens: 174446.0
Worker: http://localhost:8002, Tokens: 172013.0
Selected worker: http://localhost:8002
INFO:     127.0.0.1:47700 - "POST /v1/completions HTTP/1.1" 200 OK
Worker: http://localhost:8001, Tokens: 174446.0
Worker: http://localhost:8002, Tokens: 173863.0
Selected worker: http://localhost:8002
INFO:     127.0.0.1:47716 - "POST /v1/completions HTTP/1.1" 200 OK
Worker: http://localhost:8001, Tokens: 174446.0
Worker: http://localhost:8002, Tokens: 172766.0
Selected worker: http://localhost:8002
INFO:     127.0.0.1:47726 - "POST /v1/completions HTTP/1.1" 200 OK
Worker: http://localhost:8001, Tokens: 174446.0
Worker: http://localhost:8002, Tokens: 172784.0
Selected worker: http://localhost:8002
INFO:     127.0.0.1:47734 - "POST /v1/completions HTTP/1.1" 200 OK
Worker: http://localhost:8001, Tokens: 174446.0
Worker: http://localhost:8002, Tokens: 172794.0
Selected worker: http://localhost:8002
INFO:     127.0.0.1:47736 - "POST /v1/completions HTTP/1.1" 200 OK
Worker: http://localhost:8001, Tokens: 174446.0
Worker: http://localhost:8002, Tokens: 172790.0
Selected worker: http://localhost:8002
INFO:     127.0.0.1:47748 - "POST /v1/completions HTTP/1.1" 200 OK
Worker: http://localhost:8001, Tokens: 174446.0
Worker: http://localhost:8002, Tokens: 172779.0
Selected worker: http://localhost:8002
INFO:     127.0.0.1:47752 - "POST /v1/completions HTTP/1.1" 200 OK
Worker: http://localhost:8001, Tokens: 174446.0
Worker: http://localhost:8002, Tokens: 172822.0
Selected worker: http://localhost:8002
INFO:     127.0.0.1:47760 - "POST /v1/completions HTTP/1.1" 200 OK
Worker: http://localhost:8001, Tokens: 174446.0
Worker: http://localhost:8002, Tokens: 172858.0
Selected worker: http://localhost:8002
INFO:     127.0.0.1:47772 - "POST /v1/completions HTTP/1.1" 200 OK
Worker: http://localhost:8001, Tokens: 174446.0
Worker: http://localhost:8002, Tokens: 171552.0
Selected worker: http://localhost:8002
INFO:     127.0.0.1:47782 - "POST /v1/completions HTTP/1.1" 200 OK
Worker: http://localhost:8001, Tokens: 174446.0
Worker: http://localhost:8002, Tokens: 172704.0
Selected worker: http://localhost:8002
INFO:     127.0.0.1:47796 - "POST /v1/completions HTTP/1.1" 200 OK
Worker: http://localhost:8001, Tokens: 174446.0
Worker: http://localhost:8002, Tokens: 178238.0
Selected worker: http://localhost:8001
INFO:     127.0.0.1:47808 - "POST /v1/completions HTTP/1.1" 200 OK
Worker: http://localhost:8001, Tokens: 175820.0
Worker: http://localhost:8002, Tokens: 178238.0
Selected worker: http://localhost:8001
INFO:     127.0.0.1:47820 - "POST /v1/completions HTTP/1.1" 200 OK
Worker: http://localhost:8001, Tokens: 175825.0
Worker: http://localhost:8002, Tokens: 178238.0
Selected worker: http://localhost:8001
INFO:     127.0.0.1:47824 - "POST /v1/completions HTTP/1.1" 200 OK
Worker: http://localhost:8001, Tokens: 175846.0
Worker: http://localhost:8002, Tokens: 178238.0
Selected worker: http://localhost:8001
INFO:     127.0.0.1:47830 - "POST /v1/completions HTTP/1.1" 200 OK
Worker: http://localhost:8001, Tokens: 175853.0
Worker: http://localhost:8002, Tokens: 178238.0
Selected worker: http://localhost:8001
INFO:     127.0.0.1:47832 - "POST /v1/completions HTTP/1.1" 200 OK
Worker: http://localhost:8001, Tokens: 175856.0
Worker: http://localhost:8002, Tokens: 175736.0
Selected worker: http://localhost:8002
INFO:     127.0.0.1:47848 - "POST /v1/completions HTTP/1.1" 200 OK
Worker: http://localhost:8001, Tokens: 175856.0
Worker: http://localhost:8002, Tokens: 175745.0
Selected worker: http://localhost:8002
INFO:     127.0.0.1:47850 - "POST /v1/completions HTTP/1.1" 200 OK
Worker: http://localhost:8001, Tokens: 175856.0
Worker: http://localhost:8002, Tokens: 177182.0
Selected worker: http://localhost:8001
INFO:     127.0.0.1:47860 - "POST /v1/completions HTTP/1.1" 200 OK
Worker: http://localhost:8001, Tokens: 175872.0
Worker: http://localhost:8002, Tokens: 177182.0
Selected worker: http://localhost:8001
INFO:     127.0.0.1:47864 - "POST /v1/completions HTTP/1.1" 200 OK
Worker: http://localhost:8001, Tokens: 175881.0
Worker: http://localhost:8002, Tokens: 175697.0
Selected worker: http://localhost:8002
INFO:     127.0.0.1:47880 - "POST /v1/completions HTTP/1.1" 200 OK
Worker: http://localhost:8001, Tokens: 175881.0
Worker: http://localhost:8002, Tokens: 175715.0
Selected worker: http://localhost:8002
INFO:     127.0.0.1:47896 - "POST /v1/completions HTTP/1.1" 200 OK
Worker: http://localhost:8001, Tokens: 175881.0
Worker: http://localhost:8002, Tokens: 175732.0
Selected worker: http://localhost:8002
INFO:     127.0.0.1:47912 - "POST /v1/completions HTTP/1.1" 200 OK
Worker: http://localhost:8001, Tokens: 174446.0
Worker: http://localhost:8002, Tokens: 175739.0
Selected worker: http://localhost:8001
INFO:     127.0.0.1:47916 - "POST /v1/completions HTTP/1.1" 200 OK
Worker: http://localhost:8001, Tokens: 174465.0
Worker: http://localhost:8002, Tokens: 175739.0
Selected worker: http://localhost:8001
INFO:     127.0.0.1:47928 - "POST /v1/completions HTTP/1.1" 200 OK
Worker: http://localhost:8001, Tokens: 174474.0
Worker: http://localhost:8002, Tokens: 175739.0
Selected worker: http://localhost:8001
INFO:     127.0.0.1:47930 - "POST /v1/completions HTTP/1.1" 200 OK
Worker: http://localhost:8001, Tokens: 173098.0
Worker: http://localhost:8002, Tokens: 172539.0
Selected worker: http://localhost:8002
INFO:     127.0.0.1:47934 - "POST /v1/completions HTTP/1.1" 200 OK
Worker: http://localhost:8001, Tokens: 173091.0
Worker: http://localhost:8002, Tokens: 174529.0
Selected worker: http://localhost:8001
INFO:     127.0.0.1:47938 - "POST /v1/completions HTTP/1.1" 200 OK
Worker: http://localhost:8001, Tokens: 174607.0
Worker: http://localhost:8002, Tokens: 174529.0
Selected worker: http://localhost:8002
INFO:     127.0.0.1:47950 - "POST /v1/completions HTTP/1.1" 200 OK
Worker: http://localhost:8001, Tokens: 174607.0
Worker: http://localhost:8002, Tokens: 174538.0
Selected worker: http://localhost:8002
INFO:     127.0.0.1:47954 - "POST /v1/completions HTTP/1.1" 200 OK
Worker: http://localhost:8001, Tokens: 174607.0
Worker: http://localhost:8002, Tokens: 174557.0
Selected worker: http://localhost:8002
INFO:     127.0.0.1:47968 - "POST /v1/completions HTTP/1.1" 200 OK
Worker: http://localhost:8001, Tokens: 174591.0
Worker: http://localhost:8002, Tokens: 175731.0
Selected worker: http://localhost:8001
INFO:     127.0.0.1:47978 - "POST /v1/completions HTTP/1.1" 200 OK
Worker: http://localhost:8001, Tokens: 174595.0
Worker: http://localhost:8002, Tokens: 175731.0
Selected worker: http://localhost:8001
INFO:     127.0.0.1:47982 - "POST /v1/completions HTTP/1.1" 200 OK
Worker: http://localhost:8001, Tokens: 174609.0
Worker: http://localhost:8002, Tokens: 174276.0
Selected worker: http://localhost:8002
INFO:     127.0.0.1:47990 - "POST /v1/completions HTTP/1.1" 200 OK
Worker: http://localhost:8001, Tokens: 174609.0
Worker: http://localhost:8002, Tokens: 175798.0
Selected worker: http://localhost:8001
INFO:     127.0.0.1:47996 - "POST /v1/completions HTTP/1.1" 200 OK
Worker: http://localhost:8001, Tokens: 174623.0
Worker: http://localhost:8002, Tokens: 190416.0
Selected worker: http://localhost:8001
INFO:     127.0.0.1:48010 - "POST /v1/completions HTTP/1.1" 200 OK
Worker: http://localhost:8001, Tokens: 174643.0
Worker: http://localhost:8002, Tokens: 190416.0
Selected worker: http://localhost:8001
INFO:     127.0.0.1:48012 - "POST /v1/completions HTTP/1.1" 200 OK
Worker: http://localhost:8001, Tokens: 174637.0
Worker: http://localhost:8002, Tokens: 190416.0
Selected worker: http://localhost:8001
INFO:     127.0.0.1:48028 - "POST /v1/completions HTTP/1.1" 200 OK
Worker: http://localhost:8001, Tokens: 174620.0
Worker: http://localhost:8002, Tokens: 190416.0
Selected worker: http://localhost:8001
INFO:     127.0.0.1:48042 - "POST /v1/completions HTTP/1.1" 200 OK
Worker: http://localhost:8001, Tokens: 178131.0
Worker: http://localhost:8002, Tokens: 190416.0
Selected worker: http://localhost:8001
INFO:     127.0.0.1:48052 - "POST /v1/completions HTTP/1.1" 200 OK
Worker: http://localhost:8001, Tokens: 178168.0
Worker: http://localhost:8002, Tokens: 190416.0
Selected worker: http://localhost:8001
INFO:     127.0.0.1:48060 - "POST /v1/completions HTTP/1.1" 200 OK
Worker: http://localhost:8001, Tokens: 178196.0
Worker: http://localhost:8002, Tokens: 190416.0
Selected worker: http://localhost:8001
INFO:     127.0.0.1:48066 - "POST /v1/completions HTTP/1.1" 200 OK
Worker: http://localhost:8001, Tokens: 178208.0
Worker: http://localhost:8002, Tokens: 190416.0
Selected worker: http://localhost:8001
INFO:     127.0.0.1:48082 - "POST /v1/completions HTTP/1.1" 200 OK
Worker: http://localhost:8001, Tokens: 176693.0
Worker: http://localhost:8002, Tokens: 188389.0
Selected worker: http://localhost:8001
INFO:     127.0.0.1:48090 - "POST /v1/completions HTTP/1.1" 200 OK
Worker: http://localhost:8001, Tokens: 176702.0
Worker: http://localhost:8002, Tokens: 188389.0
Selected worker: http://localhost:8001
INFO:     127.0.0.1:48098 - "POST /v1/completions HTTP/1.1" 200 OK
Worker: http://localhost:8001, Tokens: 176713.0
Worker: http://localhost:8002, Tokens: 188389.0
Selected worker: http://localhost:8001
INFO:     127.0.0.1:48108 - "POST /v1/completions HTTP/1.1" 200 OK
Worker: http://localhost:8001, Tokens: 176728.0
Worker: http://localhost:8002, Tokens: 187215.0
Selected worker: http://localhost:8001
INFO:     127.0.0.1:48122 - "POST /v1/completions HTTP/1.1" 200 OK
Worker: http://localhost:8001, Tokens: 178467.0
Worker: http://localhost:8002, Tokens: 187215.0
Selected worker: http://localhost:8001
INFO:     127.0.0.1:48132 - "POST /v1/completions HTTP/1.1" 200 OK
Worker: http://localhost:8001, Tokens: 178463.0
Worker: http://localhost:8002, Tokens: 187215.0
Selected worker: http://localhost:8001
INFO:     127.0.0.1:48148 - "POST /v1/completions HTTP/1.1" 200 OK
Worker: http://localhost:8001, Tokens: 180849.0
Worker: http://localhost:8002, Tokens: 185676.0
Selected worker: http://localhost:8001
INFO:     127.0.0.1:48162 - "POST /v1/completions HTTP/1.1" 200 OK
Worker: http://localhost:8001, Tokens: 182373.0
Worker: http://localhost:8002, Tokens: 185676.0
Selected worker: http://localhost:8001
INFO:     127.0.0.1:48164 - "POST /v1/completions HTTP/1.1" 200 OK
Worker: http://localhost:8001, Tokens: 182405.0
Worker: http://localhost:8002, Tokens: 185676.0
Selected worker: http://localhost:8001
INFO:     127.0.0.1:48172 - "POST /v1/completions HTTP/1.1" 200 OK
Worker: http://localhost:8001, Tokens: 185555.0
Worker: http://localhost:8002, Tokens: 185676.0
Selected worker: http://localhost:8001
INFO:     127.0.0.1:48178 - "POST /v1/completions HTTP/1.1" 200 OK
Worker: http://localhost:8001, Tokens: 185559.0
Worker: http://localhost:8002, Tokens: 185676.0
Selected worker: http://localhost:8001
INFO:     127.0.0.1:48192 - "POST /v1/completions HTTP/1.1" 200 OK
Worker: http://localhost:8001, Tokens: 185605.0
Worker: http://localhost:8002, Tokens: 185676.0
Selected worker: http://localhost:8001
INFO:     127.0.0.1:48198 - "POST /v1/completions HTTP/1.1" 200 OK
Worker: http://localhost:8001, Tokens: 187496.0
Worker: http://localhost:8002, Tokens: 185676.0
Selected worker: http://localhost:8002
INFO:     127.0.0.1:48214 - "POST /v1/completions HTTP/1.1" 200 OK
Worker: http://localhost:8001, Tokens: 187496.0
Worker: http://localhost:8002, Tokens: 185690.0
Selected worker: http://localhost:8002
INFO:     127.0.0.1:48226 - "POST /v1/completions HTTP/1.1" 200 OK
Worker: http://localhost:8001, Tokens: 187496.0
Worker: http://localhost:8002, Tokens: 185698.0
Selected worker: http://localhost:8002
INFO:     127.0.0.1:48238 - "POST /v1/completions HTTP/1.1" 200 OK
Worker: http://localhost:8001, Tokens: 187496.0
Worker: http://localhost:8002, Tokens: 185705.0
Selected worker: http://localhost:8002
INFO:     127.0.0.1:48240 - "POST /v1/completions HTTP/1.1" 200 OK
Worker: http://localhost:8001, Tokens: 187496.0
Worker: http://localhost:8002, Tokens: 196462.0
Selected worker: http://localhost:8001
INFO:     127.0.0.1:48250 - "POST /v1/completions HTTP/1.1" 200 OK
Worker: http://localhost:8001, Tokens: 187502.0
Worker: http://localhost:8002, Tokens: 196462.0
Selected worker: http://localhost:8001
INFO:     127.0.0.1:48266 - "POST /v1/completions HTTP/1.1" 200 OK
Worker: http://localhost:8001, Tokens: 187537.0
Worker: http://localhost:8002, Tokens: 196462.0
Selected worker: http://localhost:8001
INFO:     127.0.0.1:48278 - "POST /v1/completions HTTP/1.1" 200 OK
Worker: http://localhost:8001, Tokens: 187555.0
Worker: http://localhost:8002, Tokens: 196462.0
Selected worker: http://localhost:8001
INFO:     127.0.0.1:48290 - "POST /v1/completions HTTP/1.1" 200 OK
Worker: http://localhost:8001, Tokens: 189439.0
Worker: http://localhost:8002, Tokens: 196462.0
Selected worker: http://localhost:8001
INFO:     127.0.0.1:48298 - "POST /v1/completions HTTP/1.1" 200 OK
Worker: http://localhost:8001, Tokens: 189477.0
Worker: http://localhost:8002, Tokens: 196462.0
Selected worker: http://localhost:8001
INFO:     127.0.0.1:48312 - "POST /v1/completions HTTP/1.1" 200 OK
Worker: http://localhost:8001, Tokens: 190484.0
Worker: http://localhost:8002, Tokens: 196462.0
Selected worker: http://localhost:8001
INFO:     127.0.0.1:48324 - "POST /v1/completions HTTP/1.1" 200 OK
Worker: http://localhost:8001, Tokens: 190496.0
Worker: http://localhost:8002, Tokens: 196462.0
Selected worker: http://localhost:8001
INFO:     127.0.0.1:48332 - "POST /v1/completions HTTP/1.1" 200 OK
Worker: http://localhost:8001, Tokens: 192383.0
Worker: http://localhost:8002, Tokens: 196462.0
Selected worker: http://localhost:8001
INFO:     127.0.0.1:48340 - "POST /v1/completions HTTP/1.1" 200 OK
Worker: http://localhost:8001, Tokens: 192394.0
Worker: http://localhost:8002, Tokens: 196448.0
Selected worker: http://localhost:8001
INFO:     127.0.0.1:48350 - "POST /v1/completions HTTP/1.1" 200 OK
Worker: http://localhost:8001, Tokens: 192401.0
Worker: http://localhost:8002, Tokens: 196440.0
Selected worker: http://localhost:8001
INFO:     127.0.0.1:48366 - "POST /v1/completions HTTP/1.1" 200 OK
Worker: http://localhost:8001, Tokens: 192413.0
Worker: http://localhost:8002, Tokens: 196433.0
Selected worker: http://localhost:8001
INFO:     127.0.0.1:48376 - "POST /v1/completions HTTP/1.1" 200 OK
Worker: http://localhost:8001, Tokens: 178602.0
Worker: http://localhost:8002, Tokens: 196412.0
Selected worker: http://localhost:8001
INFO:     127.0.0.1:48388 - "POST /v1/completions HTTP/1.1" 200 OK
Worker: http://localhost:8001, Tokens: 178605.0
Worker: http://localhost:8002, Tokens: 196412.0
Selected worker: http://localhost:8001
INFO:     127.0.0.1:48390 - "POST /v1/completions HTTP/1.1" 200 OK
Worker: http://localhost:8001, Tokens: 178620.0
Worker: http://localhost:8002, Tokens: 196412.0
Selected worker: http://localhost:8001
INFO:     127.0.0.1:48404 - "POST /v1/completions HTTP/1.1" 200 OK
Worker: http://localhost:8001, Tokens: 178628.0
Worker: http://localhost:8002, Tokens: 196412.0
Selected worker: http://localhost:8001
INFO:     127.0.0.1:48416 - "POST /v1/completions HTTP/1.1" 200 OK
Worker: http://localhost:8001, Tokens: 178672.0
Worker: http://localhost:8002, Tokens: 196412.0
Selected worker: http://localhost:8001
INFO:     127.0.0.1:48432 - "POST /v1/completions HTTP/1.1" 200 OK
Worker: http://localhost:8001, Tokens: 175005.0
Worker: http://localhost:8002, Tokens: 196412.0
Selected worker: http://localhost:8001
INFO:     127.0.0.1:48444 - "POST /v1/completions HTTP/1.1" 200 OK
Worker: http://localhost:8001, Tokens: 175013.0
Worker: http://localhost:8002, Tokens: 196412.0
Selected worker: http://localhost:8001
INFO:     127.0.0.1:48460 - "POST /v1/completions HTTP/1.1" 200 OK
Worker: http://localhost:8001, Tokens: 175025.0
Worker: http://localhost:8002, Tokens: 196412.0
Selected worker: http://localhost:8001
INFO:     127.0.0.1:48472 - "POST /v1/completions HTTP/1.1" 200 OK
Worker: http://localhost:8001, Tokens: 176274.0
Worker: http://localhost:8002, Tokens: 196412.0
Selected worker: http://localhost:8001
INFO:     127.0.0.1:48474 - "POST /v1/completions HTTP/1.1" 200 OK
Worker: http://localhost:8001, Tokens: 176285.0
Worker: http://localhost:8002, Tokens: 196412.0
Selected worker: http://localhost:8001
INFO:     127.0.0.1:48480 - "POST /v1/completions HTTP/1.1" 200 OK
Worker: http://localhost:8001, Tokens: 177937.0
Worker: http://localhost:8002, Tokens: 196412.0
Selected worker: http://localhost:8001
INFO:     127.0.0.1:48486 - "POST /v1/completions HTTP/1.1" 200 OK
Worker: http://localhost:8001, Tokens: 177940.0
Worker: http://localhost:8002, Tokens: 196412.0
Selected worker: http://localhost:8001
INFO:     127.0.0.1:48498 - "POST /v1/completions HTTP/1.1" 200 OK
Worker: http://localhost:8001, Tokens: 175575.0
Worker: http://localhost:8002, Tokens: 196526.0
Selected worker: http://localhost:8001
INFO:     127.0.0.1:48508 - "POST /v1/completions HTTP/1.1" 200 OK
Worker: http://localhost:8001, Tokens: 177354.0
Worker: http://localhost:8002, Tokens: 196526.0
Selected worker: http://localhost:8001
INFO:     127.0.0.1:48518 - "POST /v1/completions HTTP/1.1" 200 OK
Worker: http://localhost:8001, Tokens: 177366.0
Worker: http://localhost:8002, Tokens: 196526.0
Selected worker: http://localhost:8001
INFO:     127.0.0.1:48530 - "POST /v1/completions HTTP/1.1" 200 OK
Worker: http://localhost:8001, Tokens: 175825.0
Worker: http://localhost:8002, Tokens: 196526.0
Selected worker: http://localhost:8001
INFO:     127.0.0.1:48538 - "POST /v1/completions HTTP/1.1" 200 OK
Worker: http://localhost:8001, Tokens: 175862.0
Worker: http://localhost:8002, Tokens: 196526.0
Selected worker: http://localhost:8001
INFO:     127.0.0.1:48550 - "POST /v1/completions HTTP/1.1" 200 OK
Worker: http://localhost:8001, Tokens: 175909.0
Worker: http://localhost:8002, Tokens: 196526.0
Selected worker: http://localhost:8001
INFO:     127.0.0.1:48554 - "POST /v1/completions HTTP/1.1" 200 OK
Worker: http://localhost:8001, Tokens: 175917.0
Worker: http://localhost:8002, Tokens: 196526.0
Selected worker: http://localhost:8001
INFO:     127.0.0.1:48562 - "POST /v1/completions HTTP/1.1" 200 OK
Worker: http://localhost:8001, Tokens: 175927.0
Worker: http://localhost:8002, Tokens: 196526.0
Selected worker: http://localhost:8001
INFO:     127.0.0.1:48576 - "POST /v1/completions HTTP/1.1" 200 OK
Worker: http://localhost:8001, Tokens: 175940.0
Worker: http://localhost:8002, Tokens: 196526.0
Selected worker: http://localhost:8001
INFO:     127.0.0.1:48582 - "POST /v1/completions HTTP/1.1" 200 OK
Worker: http://localhost:8001, Tokens: 175962.0
Worker: http://localhost:8002, Tokens: 196526.0
Selected worker: http://localhost:8001
INFO:     127.0.0.1:48584 - "POST /v1/completions HTTP/1.1" 200 OK
Worker: http://localhost:8001, Tokens: 175963.0
Worker: http://localhost:8002, Tokens: 196526.0
Selected worker: http://localhost:8001
INFO:     127.0.0.1:48600 - "POST /v1/completions HTTP/1.1" 200 OK
Worker: http://localhost:8001, Tokens: 172767.0
Worker: http://localhost:8002, Tokens: 196526.0
Selected worker: http://localhost:8001
INFO:     127.0.0.1:48602 - "POST /v1/completions HTTP/1.1" 200 OK
Worker: http://localhost:8001, Tokens: 199285.0
Worker: http://localhost:8002, Tokens: 196526.0
Selected worker: http://localhost:8002
INFO:     127.0.0.1:48614 - "POST /v1/completions HTTP/1.1" 200 OK
Worker: http://localhost:8001, Tokens: 199285.0
Worker: http://localhost:8002, Tokens: 196541.0
Selected worker: http://localhost:8002
INFO:     127.0.0.1:48620 - "POST /v1/completions HTTP/1.1" 200 OK
Worker: http://localhost:8001, Tokens: 199285.0
Worker: http://localhost:8002, Tokens: 196552.0
Selected worker: http://localhost:8002
INFO:     127.0.0.1:48626 - "POST /v1/completions HTTP/1.1" 200 OK
Worker: http://localhost:8001, Tokens: 197335.0
Worker: http://localhost:8002, Tokens: 196576.0
Selected worker: http://localhost:8002
INFO:     127.0.0.1:48638 - "POST /v1/completions HTTP/1.1" 200 OK
Worker: http://localhost:8001, Tokens: 197335.0
Worker: http://localhost:8002, Tokens: 196611.0
Selected worker: http://localhost:8002
INFO:     127.0.0.1:48640 - "POST /v1/completions HTTP/1.1" 200 OK
Worker: http://localhost:8001, Tokens: 195413.0
Worker: http://localhost:8002, Tokens: 196653.0
Selected worker: http://localhost:8001
INFO:     127.0.0.1:48652 - "POST /v1/completions HTTP/1.1" 200 OK
Worker: http://localhost:8001, Tokens: 196619.0
Worker: http://localhost:8002, Tokens: 196653.0
Selected worker: http://localhost:8001
INFO:     127.0.0.1:48666 - "POST /v1/completions HTTP/1.1" 200 OK
Worker: http://localhost:8001, Tokens: 198024.0
Worker: http://localhost:8002, Tokens: 196653.0
Selected worker: http://localhost:8002
INFO:     127.0.0.1:48682 - "POST /v1/completions HTTP/1.1" 200 OK
Worker: http://localhost:8001, Tokens: 198024.0
Worker: http://localhost:8002, Tokens: 196664.0
Selected worker: http://localhost:8002
INFO:     127.0.0.1:48698 - "POST /v1/completions HTTP/1.1" 200 OK
Worker: http://localhost:8001, Tokens: 197005.0
Worker: http://localhost:8002, Tokens: 198531.0
Selected worker: http://localhost:8001
INFO:     127.0.0.1:48706 - "POST /v1/completions HTTP/1.1" 200 OK
Worker: http://localhost:8001, Tokens: 197044.0
Worker: http://localhost:8002, Tokens: 198531.0
Selected worker: http://localhost:8001
INFO:     127.0.0.1:48720 - "POST /v1/completions HTTP/1.1" 200 OK
Worker: http://localhost:8001, Tokens: 197078.0
Worker: http://localhost:8002, Tokens: 198531.0
Selected worker: http://localhost:8001
INFO:     127.0.0.1:48724 - "POST /v1/completions HTTP/1.1" 200 OK
Worker: http://localhost:8001, Tokens: 197105.0
Worker: http://localhost:8002, Tokens: 196526.0
Selected worker: http://localhost:8002
INFO:     127.0.0.1:48738 - "POST /v1/completions HTTP/1.1" 200 OK
Worker: http://localhost:8001, Tokens: 195061.0
Worker: http://localhost:8002, Tokens: 196514.0
Selected worker: http://localhost:8001
INFO:     127.0.0.1:48742 - "POST /v1/completions HTTP/1.1" 200 OK
Worker: http://localhost:8001, Tokens: 195068.0
Worker: http://localhost:8002, Tokens: 196503.0
Selected worker: http://localhost:8001
INFO:     127.0.0.1:48746 - "POST /v1/completions HTTP/1.1" 200 OK
Worker: http://localhost:8001, Tokens: 193818.0
Worker: http://localhost:8002, Tokens: 196479.0
Selected worker: http://localhost:8001
INFO:     127.0.0.1:48758 - "POST /v1/completions HTTP/1.1" 200 OK
Worker: http://localhost:8001, Tokens: 193838.0
Worker: http://localhost:8002, Tokens: 196444.0
Selected worker: http://localhost:8001
INFO:     127.0.0.1:48766 - "POST /v1/completions HTTP/1.1" 200 OK
Worker: http://localhost:8001, Tokens: 195132.0
Worker: http://localhost:8002, Tokens: 196402.0
Selected worker: http://localhost:8001
INFO:     127.0.0.1:48768 - "POST /v1/completions HTTP/1.1" 200 OK
Worker: http://localhost:8001, Tokens: 195152.0
Worker: http://localhost:8002, Tokens: 196402.0
Selected worker: http://localhost:8001
INFO:     127.0.0.1:48772 - "POST /v1/completions HTTP/1.1" 200 OK
Worker: http://localhost:8001, Tokens: 195161.0
Worker: http://localhost:8002, Tokens: 196402.0
Selected worker: http://localhost:8001
INFO:     127.0.0.1:48784 - "POST /v1/completions HTTP/1.1" 200 OK
Worker: http://localhost:8001, Tokens: 195169.0
Worker: http://localhost:8002, Tokens: 196391.0
Selected worker: http://localhost:8001
INFO:     127.0.0.1:48790 - "POST /v1/completions HTTP/1.1" 200 OK
Worker: http://localhost:8001, Tokens: 196737.0
Worker: http://localhost:8002, Tokens: 196391.0
Selected worker: http://localhost:8002
INFO:     127.0.0.1:48802 - "POST /v1/completions HTTP/1.1" 200 OK
Worker: http://localhost:8001, Tokens: 196737.0
Worker: http://localhost:8002, Tokens: 196411.0
Selected worker: http://localhost:8002
INFO:     127.0.0.1:48808 - "POST /v1/completions HTTP/1.1" 200 OK
Worker: http://localhost:8001, Tokens: 194733.0
Worker: http://localhost:8002, Tokens: 198433.0
Selected worker: http://localhost:8001
INFO:     127.0.0.1:48824 - "POST /v1/completions HTTP/1.1" 200 OK
Worker: http://localhost:8001, Tokens: 214577.0
Worker: http://localhost:8002, Tokens: 198433.0
Selected worker: http://localhost:8002
INFO:     127.0.0.1:48840 - "POST /v1/completions HTTP/1.1" 200 OK
Worker: http://localhost:8001, Tokens: 214577.0
Worker: http://localhost:8002, Tokens: 198466.0
Selected worker: http://localhost:8002
INFO:     127.0.0.1:48848 - "POST /v1/completions HTTP/1.1" 200 OK
Worker: http://localhost:8001, Tokens: 213371.0
Worker: http://localhost:8002, Tokens: 196639.0
Selected worker: http://localhost:8002
INFO:     127.0.0.1:48864 - "POST /v1/completions HTTP/1.1" 200 OK
Worker: http://localhost:8001, Tokens: 211849.0
Worker: http://localhost:8002, Tokens: 196659.0
Selected worker: http://localhost:8002
INFO:     127.0.0.1:48880 - "POST /v1/completions HTTP/1.1" 200 OK
Worker: http://localhost:8001, Tokens: 211829.0
Worker: http://localhost:8002, Tokens: 196697.0
Selected worker: http://localhost:8002
INFO:     127.0.0.1:48884 - "POST /v1/completions HTTP/1.1" 200 OK
Worker: http://localhost:8001, Tokens: 211829.0
Worker: http://localhost:8002, Tokens: 197830.0
Selected worker: http://localhost:8002
INFO:     127.0.0.1:48898 - "POST /v1/completions HTTP/1.1" 200 OK
Worker: http://localhost:8001, Tokens: 211829.0
Worker: http://localhost:8002, Tokens: 197833.0
Selected worker: http://localhost:8002
INFO:     127.0.0.1:48912 - "POST /v1/completions HTTP/1.1" 200 OK
Worker: http://localhost:8001, Tokens: 210535.0
Worker: http://localhost:8002, Tokens: 197850.0
Selected worker: http://localhost:8002
INFO:     127.0.0.1:48924 - "POST /v1/completions HTTP/1.1" 200 OK
Worker: http://localhost:8001, Tokens: 210535.0
Worker: http://localhost:8002, Tokens: 197869.0
Selected worker: http://localhost:8002
INFO:     127.0.0.1:48936 - "POST /v1/completions HTTP/1.1" 200 OK
Worker: http://localhost:8001, Tokens: 210535.0
Worker: http://localhost:8002, Tokens: 197883.0
Selected worker: http://localhost:8002
INFO:     127.0.0.1:48950 - "POST /v1/completions HTTP/1.1" 200 OK
Worker: http://localhost:8001, Tokens: 210535.0
Worker: http://localhost:8002, Tokens: 197876.0
Selected worker: http://localhost:8002
INFO:     127.0.0.1:48966 - "POST /v1/completions HTTP/1.1" 200 OK
Worker: http://localhost:8001, Tokens: 208827.0
Worker: http://localhost:8002, Tokens: 197901.0
Selected worker: http://localhost:8002
INFO:     127.0.0.1:48982 - "POST /v1/completions HTTP/1.1" 200 OK
Worker: http://localhost:8001, Tokens: 208827.0
Worker: http://localhost:8002, Tokens: 199586.0
Selected worker: http://localhost:8002
INFO:     127.0.0.1:48986 - "POST /v1/completions HTTP/1.1" 200 OK
Worker: http://localhost:8001, Tokens: 208827.0
Worker: http://localhost:8002, Tokens: 199608.0
Selected worker: http://localhost:8002
INFO:     127.0.0.1:48990 - "POST /v1/completions HTTP/1.1" 200 OK
Worker: http://localhost:8001, Tokens: 207244.0
Worker: http://localhost:8002, Tokens: 197574.0
Selected worker: http://localhost:8002
INFO:     127.0.0.1:48998 - "POST /v1/completions HTTP/1.1" 200 OK
Worker: http://localhost:8001, Tokens: 207244.0
Worker: http://localhost:8002, Tokens: 198628.0
Selected worker: http://localhost:8002
INFO:     127.0.0.1:49014 - "POST /v1/completions HTTP/1.1" 200 OK
Worker: http://localhost:8001, Tokens: 207244.0
Worker: http://localhost:8002, Tokens: 198611.0
Selected worker: http://localhost:8002
INFO:     127.0.0.1:49018 - "POST /v1/completions HTTP/1.1" 200 OK
Worker: http://localhost:8001, Tokens: 207244.0
Worker: http://localhost:8002, Tokens: 198620.0
Selected worker: http://localhost:8002
INFO:     127.0.0.1:49032 - "POST /v1/completions HTTP/1.1" 200 OK
Worker: http://localhost:8001, Tokens: 207244.0
Worker: http://localhost:8002, Tokens: 200376.0
Selected worker: http://localhost:8002
INFO:     127.0.0.1:49048 - "POST /v1/completions HTTP/1.1" 200 OK
Worker: http://localhost:8001, Tokens: 207244.0
Worker: http://localhost:8002, Tokens: 199231.0
Selected worker: http://localhost:8002
INFO:     127.0.0.1:49050 - "POST /v1/completions HTTP/1.1" 200 OK
Worker: http://localhost:8001, Tokens: 207244.0
Worker: http://localhost:8002, Tokens: 201302.0
Selected worker: http://localhost:8002
INFO:     127.0.0.1:49066 - "POST /v1/completions HTTP/1.1" 200 OK
Worker: http://localhost:8001, Tokens: 207244.0
Worker: http://localhost:8002, Tokens: 201289.0
Selected worker: http://localhost:8002
INFO:     127.0.0.1:49068 - "POST /v1/completions HTTP/1.1" 200 OK
Worker: http://localhost:8001, Tokens: 207244.0
Worker: http://localhost:8002, Tokens: 201286.0
Selected worker: http://localhost:8002
INFO:     127.0.0.1:49082 - "POST /v1/completions HTTP/1.1" 200 OK
Worker: http://localhost:8001, Tokens: 207244.0
Worker: http://localhost:8002, Tokens: 202414.0
Selected worker: http://localhost:8002
INFO:     127.0.0.1:49094 - "POST /v1/completions HTTP/1.1" 200 OK
Worker: http://localhost:8001, Tokens: 223740.0
Worker: http://localhost:8002, Tokens: 202416.0
Selected worker: http://localhost:8002
INFO:     127.0.0.1:49098 - "POST /v1/completions HTTP/1.1" 200 OK
Worker: http://localhost:8001, Tokens: 223740.0
Worker: http://localhost:8002, Tokens: 202403.0
Selected worker: http://localhost:8002
INFO:     127.0.0.1:49106 - "POST /v1/completions HTTP/1.1" 200 OK
Worker: http://localhost:8001, Tokens: 223740.0
Worker: http://localhost:8002, Tokens: 202413.0
Selected worker: http://localhost:8002
INFO:     127.0.0.1:49116 - "POST /v1/completions HTTP/1.1" 200 OK
Worker: http://localhost:8001, Tokens: 223740.0
Worker: http://localhost:8002, Tokens: 202421.0
Selected worker: http://localhost:8002
INFO:     127.0.0.1:49122 - "POST /v1/completions HTTP/1.1" 200 OK
Worker: http://localhost:8001, Tokens: 223740.0
Worker: http://localhost:8002, Tokens: 201295.0
Selected worker: http://localhost:8002
INFO:     127.0.0.1:49126 - "POST /v1/completions HTTP/1.1" 200 OK
Worker: http://localhost:8001, Tokens: 223740.0
Worker: http://localhost:8002, Tokens: 201305.0
Selected worker: http://localhost:8002
INFO:     127.0.0.1:49136 - "POST /v1/completions HTTP/1.1" 200 OK
Worker: http://localhost:8001, Tokens: 223740.0
Worker: http://localhost:8002, Tokens: 201325.0
Selected worker: http://localhost:8002
INFO:     127.0.0.1:49142 - "POST /v1/completions HTTP/1.1" 200 OK
Worker: http://localhost:8001, Tokens: 223740.0
Worker: http://localhost:8002, Tokens: 201366.0
Selected worker: http://localhost:8002
INFO:     127.0.0.1:49156 - "POST /v1/completions HTTP/1.1" 200 OK
Worker: http://localhost:8001, Tokens: 223740.0
Worker: http://localhost:8002, Tokens: 201389.0
Selected worker: http://localhost:8002
INFO:     127.0.0.1:49160 - "POST /v1/completions HTTP/1.1" 200 OK
Worker: http://localhost:8001, Tokens: 223740.0
Worker: http://localhost:8002, Tokens: 201410.0
Selected worker: http://localhost:8002
INFO:     127.0.0.1:49164 - "POST /v1/completions HTTP/1.1" 200 OK
Worker: http://localhost:8001, Tokens: 223740.0
Worker: http://localhost:8002, Tokens: 201428.0
Selected worker: http://localhost:8002
INFO:     127.0.0.1:49168 - "POST /v1/completions HTTP/1.1" 200 OK
Worker: http://localhost:8001, Tokens: 223740.0
Worker: http://localhost:8002, Tokens: 201441.0
Selected worker: http://localhost:8002
INFO:     127.0.0.1:49182 - "POST /v1/completions HTTP/1.1" 200 OK
Worker: http://localhost:8001, Tokens: 223740.0
Worker: http://localhost:8002, Tokens: 205152.0
Selected worker: http://localhost:8002
INFO:     127.0.0.1:49184 - "POST /v1/completions HTTP/1.1" 200 OK
Worker: http://localhost:8001, Tokens: 223740.0
Worker: http://localhost:8002, Tokens: 203396.0
Selected worker: http://localhost:8002
INFO:     127.0.0.1:49200 - "POST /v1/completions HTTP/1.1" 200 OK
Worker: http://localhost:8001, Tokens: 223740.0
Worker: http://localhost:8002, Tokens: 204636.0
Selected worker: http://localhost:8002
INFO:     127.0.0.1:49214 - "POST /v1/completions HTTP/1.1" 200 OK
Worker: http://localhost:8001, Tokens: 223740.0
Worker: http://localhost:8002, Tokens: 202564.0
Selected worker: http://localhost:8002
INFO:     127.0.0.1:49218 - "POST /v1/completions HTTP/1.1" 200 OK
Worker: http://localhost:8001, Tokens: 223740.0
Worker: http://localhost:8002, Tokens: 203814.0
Selected worker: http://localhost:8002
INFO:     127.0.0.1:49228 - "POST /v1/completions HTTP/1.1" 200 OK
Worker: http://localhost:8001, Tokens: 223740.0
Worker: http://localhost:8002, Tokens: 202581.0
Selected worker: http://localhost:8002
INFO:     127.0.0.1:49238 - "POST /v1/completions HTTP/1.1" 200 OK
Worker: http://localhost:8001, Tokens: 223740.0
Worker: http://localhost:8002, Tokens: 202568.0
Selected worker: http://localhost:8002
INFO:     127.0.0.1:49242 - "POST /v1/completions HTTP/1.1" 200 OK
Worker: http://localhost:8001, Tokens: 223740.0
Worker: http://localhost:8002, Tokens: 203843.0
Selected worker: http://localhost:8002
INFO:     127.0.0.1:49246 - "POST /v1/completions HTTP/1.1" 200 OK
Worker: http://localhost:8001, Tokens: 223740.0
Worker: http://localhost:8002, Tokens: 203854.0
Selected worker: http://localhost:8002
INFO:     127.0.0.1:49256 - "POST /v1/completions HTTP/1.1" 200 OK
Worker: http://localhost:8001, Tokens: 223740.0
Worker: http://localhost:8002, Tokens: 203839.0
Selected worker: http://localhost:8002
INFO:     127.0.0.1:49258 - "POST /v1/completions HTTP/1.1" 200 OK
Worker: http://localhost:8001, Tokens: 223740.0
Worker: http://localhost:8002, Tokens: 203826.0
Selected worker: http://localhost:8002
INFO:     127.0.0.1:49266 - "POST /v1/completions HTTP/1.1" 200 OK
Worker: http://localhost:8001, Tokens: 223740.0
Worker: http://localhost:8002, Tokens: 203820.0
Selected worker: http://localhost:8002
INFO:     127.0.0.1:49280 - "POST /v1/completions HTTP/1.1" 200 OK
Worker: http://localhost:8001, Tokens: 223740.0
Worker: http://localhost:8002, Tokens: 203833.0
Selected worker: http://localhost:8002
INFO:     127.0.0.1:49292 - "POST /v1/completions HTTP/1.1" 200 OK
Worker: http://localhost:8001, Tokens: 223740.0
Worker: http://localhost:8002, Tokens: 203836.0
Selected worker: http://localhost:8002
INFO:     127.0.0.1:49294 - "POST /v1/completions HTTP/1.1" 200 OK
Worker: http://localhost:8001, Tokens: 223740.0
Worker: http://localhost:8002, Tokens: 203841.0
Selected worker: http://localhost:8002
INFO:     127.0.0.1:49308 - "POST /v1/completions HTTP/1.1" 200 OK
Worker: http://localhost:8001, Tokens: 223740.0
Worker: http://localhost:8002, Tokens: 202606.0
Selected worker: http://localhost:8002
INFO:     127.0.0.1:49316 - "POST /v1/completions HTTP/1.1" 200 OK
Worker: http://localhost:8001, Tokens: 223740.0
Worker: http://localhost:8002, Tokens: 202590.0
Selected worker: http://localhost:8002
INFO:     127.0.0.1:49328 - "POST /v1/completions HTTP/1.1" 200 OK
Worker: http://localhost:8001, Tokens: 223740.0
Worker: http://localhost:8002, Tokens: 202633.0
Selected worker: http://localhost:8002
INFO:     127.0.0.1:49342 - "POST /v1/completions HTTP/1.1" 200 OK
Worker: http://localhost:8001, Tokens: 223740.0
Worker: http://localhost:8002, Tokens: 201387.0
Selected worker: http://localhost:8002
INFO:     127.0.0.1:49348 - "POST /v1/completions HTTP/1.1" 200 OK
Worker: http://localhost:8001, Tokens: 223740.0
Worker: http://localhost:8002, Tokens: 202573.0
Selected worker: http://localhost:8002
INFO:     127.0.0.1:49352 - "POST /v1/completions HTTP/1.1" 200 OK
Worker: http://localhost:8001, Tokens: 223740.0
Worker: http://localhost:8002, Tokens: 202591.0
Selected worker: http://localhost:8002
INFO:     127.0.0.1:49356 - "POST /v1/completions HTTP/1.1" 200 OK
Worker: http://localhost:8001, Tokens: 223740.0
Worker: http://localhost:8002, Tokens: 201311.0
Selected worker: http://localhost:8002
INFO:     127.0.0.1:49362 - "POST /v1/completions HTTP/1.1" 200 OK
Worker: http://localhost:8001, Tokens: 223740.0
Worker: http://localhost:8002, Tokens: 201291.0
Selected worker: http://localhost:8002
INFO:     127.0.0.1:49374 - "POST /v1/completions HTTP/1.1" 200 OK
Worker: http://localhost:8001, Tokens: 223740.0
Worker: http://localhost:8002, Tokens: 201303.0
Selected worker: http://localhost:8002
INFO:     127.0.0.1:49386 - "POST /v1/completions HTTP/1.1" 200 OK
Worker: http://localhost:8001, Tokens: 223740.0
Worker: http://localhost:8002, Tokens: 216792.0
Selected worker: http://localhost:8002
INFO:     127.0.0.1:49398 - "POST /v1/completions HTTP/1.1" 200 OK
Worker: http://localhost:8001, Tokens: 223740.0
Worker: http://localhost:8002, Tokens: 216809.0
Selected worker: http://localhost:8002
INFO:     127.0.0.1:49404 - "POST /v1/completions HTTP/1.1" 200 OK
Worker: http://localhost:8001, Tokens: 223740.0
Worker: http://localhost:8002, Tokens: 216811.0
Selected worker: http://localhost:8002
INFO:     127.0.0.1:49406 - "POST /v1/completions HTTP/1.1" 200 OK
Worker: http://localhost:8001, Tokens: 223740.0
Worker: http://localhost:8002, Tokens: 216812.0
Selected worker: http://localhost:8002
INFO:     127.0.0.1:49420 - "POST /v1/completions HTTP/1.1" 200 OK
Worker: http://localhost:8001, Tokens: 223740.0
Worker: http://localhost:8002, Tokens: 216814.0
Selected worker: http://localhost:8002
INFO:     127.0.0.1:49430 - "POST /v1/completions HTTP/1.1" 200 OK
Worker: http://localhost:8001, Tokens: 223740.0
Worker: http://localhost:8002, Tokens: 216788.0
Selected worker: http://localhost:8002
INFO:     127.0.0.1:49440 - "POST /v1/completions HTTP/1.1" 200 OK
Worker: http://localhost:8001, Tokens: 223740.0
Worker: http://localhost:8002, Tokens: 216769.0
Selected worker: http://localhost:8002
INFO:     127.0.0.1:49454 - "POST /v1/completions HTTP/1.1" 200 OK
Worker: http://localhost:8001, Tokens: 223740.0
Worker: http://localhost:8002, Tokens: 216771.0
Selected worker: http://localhost:8002
INFO:     127.0.0.1:49460 - "POST /v1/completions HTTP/1.1" 200 OK
Worker: http://localhost:8001, Tokens: 223740.0
Worker: http://localhost:8002, Tokens: 216785.0
Selected worker: http://localhost:8002
INFO:     127.0.0.1:40916 - "POST /v1/completions HTTP/1.1" 200 OK
Worker: http://localhost:8001, Tokens: 223740.0
Worker: http://localhost:8002, Tokens: 215609.0
Selected worker: http://localhost:8002
INFO:     127.0.0.1:40922 - "POST /v1/completions HTTP/1.1" 200 OK
Worker: http://localhost:8001, Tokens: 223740.0
Worker: http://localhost:8002, Tokens: 216617.0
Selected worker: http://localhost:8002
INFO:     127.0.0.1:40926 - "POST /v1/completions HTTP/1.1" 200 OK
Worker: http://localhost:8001, Tokens: 223740.0
Worker: http://localhost:8002, Tokens: 216609.0
Selected worker: http://localhost:8002
INFO:     127.0.0.1:40930 - "POST /v1/completions HTTP/1.1" 200 OK
Worker: http://localhost:8001, Tokens: 223740.0
Worker: http://localhost:8002, Tokens: 216615.0
Selected worker: http://localhost:8002
INFO:     127.0.0.1:40936 - "POST /v1/completions HTTP/1.1" 200 OK
Worker: http://localhost:8001, Tokens: 223740.0
Worker: http://localhost:8002, Tokens: 218092.0
Selected worker: http://localhost:8002
INFO:     127.0.0.1:40952 - "POST /v1/completions HTTP/1.1" 200 OK
Worker: http://localhost:8001, Tokens: 223740.0
Worker: http://localhost:8002, Tokens: 218109.0
Selected worker: http://localhost:8002
INFO:     127.0.0.1:40958 - "POST /v1/completions HTTP/1.1" 200 OK
Worker: http://localhost:8001, Tokens: 223740.0
Worker: http://localhost:8002, Tokens: 218132.0
Selected worker: http://localhost:8002
INFO:     127.0.0.1:40972 - "POST /v1/completions HTTP/1.1" 200 OK
Worker: http://localhost:8001, Tokens: 223740.0
Worker: http://localhost:8002, Tokens: 218127.0
Selected worker: http://localhost:8002
INFO:     127.0.0.1:40974 - "POST /v1/completions HTTP/1.1" 200 OK
Worker: http://localhost:8001, Tokens: 223740.0
Worker: http://localhost:8002, Tokens: 218116.0
Selected worker: http://localhost:8002
INFO:     127.0.0.1:40990 - "POST /v1/completions HTTP/1.1" 200 OK
Worker: http://localhost:8001, Tokens: 223740.0
Worker: http://localhost:8002, Tokens: 218140.0
Selected worker: http://localhost:8002
INFO:     127.0.0.1:40998 - "POST /v1/completions HTTP/1.1" 200 OK
Worker: http://localhost:8001, Tokens: 223740.0
Worker: http://localhost:8002, Tokens: 218148.0
Selected worker: http://localhost:8002
INFO:     127.0.0.1:41012 - "POST /v1/completions HTTP/1.1" 200 OK
Worker: http://localhost:8001, Tokens: 223740.0
Worker: http://localhost:8002, Tokens: 218149.0
Selected worker: http://localhost:8002
INFO:     127.0.0.1:41014 - "POST /v1/completions HTTP/1.1" 200 OK
Worker: http://localhost:8001, Tokens: 223740.0
Worker: http://localhost:8002, Tokens: 218165.0
Selected worker: http://localhost:8002
INFO:     127.0.0.1:41020 - "POST /v1/completions HTTP/1.1" 200 OK
Worker: http://localhost:8001, Tokens: 223740.0
Worker: http://localhost:8002, Tokens: 218185.0
Selected worker: http://localhost:8002
INFO:     127.0.0.1:41026 - "POST /v1/completions HTTP/1.1" 200 OK
Worker: http://localhost:8001, Tokens: 223740.0
Worker: http://localhost:8002, Tokens: 220678.0
Selected worker: http://localhost:8002
INFO:     127.0.0.1:41038 - "POST /v1/completions HTTP/1.1" 200 OK
Worker: http://localhost:8001, Tokens: 223740.0
Worker: http://localhost:8002, Tokens: 218842.0
Selected worker: http://localhost:8002
INFO:     127.0.0.1:41040 - "POST /v1/completions HTTP/1.1" 200 OK
Worker: http://localhost:8001, Tokens: 223740.0
Worker: http://localhost:8002, Tokens: 218867.0
Selected worker: http://localhost:8002
INFO:     127.0.0.1:41050 - "POST /v1/completions HTTP/1.1" 200 OK
Worker: http://localhost:8001, Tokens: 223740.0
Worker: http://localhost:8002, Tokens: 218881.0
Selected worker: http://localhost:8002
INFO:     127.0.0.1:41056 - "POST /v1/completions HTTP/1.1" 200 OK
Worker: http://localhost:8001, Tokens: 223740.0
Worker: http://localhost:8002, Tokens: 218888.0
Selected worker: http://localhost:8002
INFO:     127.0.0.1:41064 - "POST /v1/completions HTTP/1.1" 200 OK
Worker: http://localhost:8001, Tokens: 223740.0
Worker: http://localhost:8002, Tokens: 217792.0
Selected worker: http://localhost:8002
INFO:     127.0.0.1:41068 - "POST /v1/completions HTTP/1.1" 200 OK
Worker: http://localhost:8001, Tokens: 223740.0
Worker: http://localhost:8002, Tokens: 216243.0
Selected worker: http://localhost:8002
INFO:     127.0.0.1:41084 - "POST /v1/completions HTTP/1.1" 200 OK
Worker: http://localhost:8001, Tokens: 223740.0
Worker: http://localhost:8002, Tokens: 217250.0
Selected worker: http://localhost:8002
INFO:     127.0.0.1:41092 - "POST /v1/completions HTTP/1.1" 200 OK
Worker: http://localhost:8001, Tokens: 223740.0
Worker: http://localhost:8002, Tokens: 222185.0
Selected worker: http://localhost:8002
INFO:     127.0.0.1:41104 - "POST /v1/completions HTTP/1.1" 200 OK
Worker: http://localhost:8001, Tokens: 223740.0
Worker: http://localhost:8002, Tokens: 224546.0
Selected worker: http://localhost:8001
INFO:     127.0.0.1:41108 - "POST /v1/completions HTTP/1.1" 200 OK
Worker: http://localhost:8001, Tokens: 223756.0
Worker: http://localhost:8002, Tokens: 224520.0
Selected worker: http://localhost:8001
INFO:     127.0.0.1:41114 - "POST /v1/completions HTTP/1.1" 200 OK
Worker: http://localhost:8001, Tokens: 223776.0
Worker: http://localhost:8002, Tokens: 224500.0
Selected worker: http://localhost:8001
INFO:     127.0.0.1:41116 - "POST /v1/completions HTTP/1.1" 200 OK
Worker: http://localhost:8001, Tokens: 223825.0
Worker: http://localhost:8002, Tokens: 224500.0
Selected worker: http://localhost:8001
INFO:     127.0.0.1:41120 - "POST /v1/completions HTTP/1.1" 200 OK
Worker: http://localhost:8001, Tokens: 223740.0
Worker: http://localhost:8002, Tokens: 224500.0
Selected worker: http://localhost:8001
INFO:     127.0.0.1:41130 - "POST /v1/completions HTTP/1.1" 200 OK
Worker: http://localhost:8001, Tokens: 225720.0
Worker: http://localhost:8002, Tokens: 224500.0
Selected worker: http://localhost:8002
INFO:     127.0.0.1:41134 - "POST /v1/completions HTTP/1.1" 200 OK
Worker: http://localhost:8001, Tokens: 225720.0
Worker: http://localhost:8002, Tokens: 224506.0
Selected worker: http://localhost:8002
INFO:     127.0.0.1:41142 - "POST /v1/completions HTTP/1.1" 200 OK
Worker: http://localhost:8001, Tokens: 225720.0
Worker: http://localhost:8002, Tokens: 225920.0
Selected worker: http://localhost:8001
INFO:     127.0.0.1:41150 - "POST /v1/completions HTTP/1.1" 200 OK
Worker: http://localhost:8001, Tokens: 225732.0
Worker: http://localhost:8002, Tokens: 225920.0
Selected worker: http://localhost:8001
INFO:     127.0.0.1:41154 - "POST /v1/completions HTTP/1.1" 200 OK
Worker: http://localhost:8001, Tokens: 225733.0
Worker: http://localhost:8002, Tokens: 223427.0
Selected worker: http://localhost:8002
INFO:     127.0.0.1:41164 - "POST /v1/completions HTTP/1.1" 200 OK
Worker: http://localhost:8001, Tokens: 225733.0
Worker: http://localhost:8002, Tokens: 223438.0
Selected worker: http://localhost:8002
INFO:     127.0.0.1:41170 - "POST /v1/completions HTTP/1.1" 200 OK
Worker: http://localhost:8001, Tokens: 225733.0
Worker: http://localhost:8002, Tokens: 221979.0
Selected worker: http://localhost:8002
INFO:     127.0.0.1:41180 - "POST /v1/completions HTTP/1.1" 200 OK
Worker: http://localhost:8001, Tokens: 225733.0
Worker: http://localhost:8002, Tokens: 221984.0
Selected worker: http://localhost:8002
INFO:     127.0.0.1:41192 - "POST /v1/completions HTTP/1.1" 200 OK
Worker: http://localhost:8001, Tokens: 225717.0
Worker: http://localhost:8002, Tokens: 222002.0
Selected worker: http://localhost:8002
INFO:     127.0.0.1:41196 - "POST /v1/completions HTTP/1.1" 200 OK
Worker: http://localhost:8001, Tokens: 225697.0
Worker: http://localhost:8002, Tokens: 222015.0
Selected worker: http://localhost:8002
INFO:     127.0.0.1:41208 - "POST /v1/completions HTTP/1.1" 200 OK
Worker: http://localhost:8001, Tokens: 225648.0
Worker: http://localhost:8002, Tokens: 220981.0
Selected worker: http://localhost:8002
INFO:     127.0.0.1:41216 - "POST /v1/completions HTTP/1.1" 200 OK
Worker: http://localhost:8001, Tokens: 225641.0
Worker: http://localhost:8002, Tokens: 230373.0
Selected worker: http://localhost:8001
INFO:     127.0.0.1:41218 - "POST /v1/completions HTTP/1.1" 200 OK
Worker: http://localhost:8001, Tokens: 225646.0
Worker: http://localhost:8002, Tokens: 230373.0
Selected worker: http://localhost:8001
INFO:     127.0.0.1:41220 - "POST /v1/completions HTTP/1.1" 200 OK
Worker: http://localhost:8001, Tokens: 227646.0
Worker: http://localhost:8002, Tokens: 230373.0
Selected worker: http://localhost:8001
INFO:     127.0.0.1:41230 - "POST /v1/completions HTTP/1.1" 200 OK
Worker: http://localhost:8001, Tokens: 227660.0
Worker: http://localhost:8002, Tokens: 230373.0
Selected worker: http://localhost:8001
INFO:     127.0.0.1:41238 - "POST /v1/completions HTTP/1.1" 200 OK
Worker: http://localhost:8001, Tokens: 227432.0
Worker: http://localhost:8002, Tokens: 230373.0
Selected worker: http://localhost:8001
INFO:     127.0.0.1:41244 - "POST /v1/completions HTTP/1.1" 200 OK
Worker: http://localhost:8001, Tokens: 227442.0
Worker: http://localhost:8002, Tokens: 230373.0
Selected worker: http://localhost:8001
INFO:     127.0.0.1:41258 - "POST /v1/completions HTTP/1.1" 200 OK
Worker: http://localhost:8001, Tokens: 227478.0
Worker: http://localhost:8002, Tokens: 230373.0
Selected worker: http://localhost:8001
INFO:     127.0.0.1:41262 - "POST /v1/completions HTTP/1.1" 200 OK
Worker: http://localhost:8001, Tokens: 227481.0
Worker: http://localhost:8002, Tokens: 230373.0
Selected worker: http://localhost:8001
INFO:     127.0.0.1:41274 - "POST /v1/completions HTTP/1.1" 200 OK
Worker: http://localhost:8001, Tokens: 227520.0
Worker: http://localhost:8002, Tokens: 230373.0
Selected worker: http://localhost:8001
INFO:     127.0.0.1:41280 - "POST /v1/completions HTTP/1.1" 200 OK
Worker: http://localhost:8001, Tokens: 227526.0
Worker: http://localhost:8002, Tokens: 230373.0
Selected worker: http://localhost:8001
INFO:     127.0.0.1:41294 - "POST /v1/completions HTTP/1.1" 200 OK
Worker: http://localhost:8001, Tokens: 228778.0
Worker: http://localhost:8002, Tokens: 225428.0
Selected worker: http://localhost:8002
INFO:     127.0.0.1:41306 - "POST /v1/completions HTTP/1.1" 200 OK
Worker: http://localhost:8001, Tokens: 228778.0
Worker: http://localhost:8002, Tokens: 225445.0
Selected worker: http://localhost:8002
INFO:     127.0.0.1:41310 - "POST /v1/completions HTTP/1.1" 200 OK
Worker: http://localhost:8001, Tokens: 226144.0
Worker: http://localhost:8002, Tokens: 228052.0
Selected worker: http://localhost:8001
INFO:     127.0.0.1:41312 - "POST /v1/completions HTTP/1.1" 200 OK
Worker: http://localhost:8001, Tokens: 226154.0
Worker: http://localhost:8002, Tokens: 228052.0
Selected worker: http://localhost:8001
INFO:     127.0.0.1:41328 - "POST /v1/completions HTTP/1.1" 200 OK
Worker: http://localhost:8001, Tokens: 226163.0
Worker: http://localhost:8002, Tokens: 228052.0
Selected worker: http://localhost:8001
INFO:     127.0.0.1:41336 - "POST /v1/completions HTTP/1.1" 200 OK
Worker: http://localhost:8001, Tokens: 226174.0
Worker: http://localhost:8002, Tokens: 228052.0
Selected worker: http://localhost:8001
INFO:     127.0.0.1:41352 - "POST /v1/completions HTTP/1.1" 200 OK
Worker: http://localhost:8001, Tokens: 226180.0
Worker: http://localhost:8002, Tokens: 225670.0
Selected worker: http://localhost:8002
INFO:     127.0.0.1:41366 - "POST /v1/completions HTTP/1.1" 200 OK
Worker: http://localhost:8001, Tokens: 226180.0
Worker: http://localhost:8002, Tokens: 226747.0
Selected worker: http://localhost:8001
INFO:     127.0.0.1:41368 - "POST /v1/completions HTTP/1.1" 200 OK
Worker: http://localhost:8001, Tokens: 226216.0
Worker: http://localhost:8002, Tokens: 226747.0
Selected worker: http://localhost:8001
INFO:     127.0.0.1:41382 - "POST /v1/completions HTTP/1.1" 200 OK
Worker: http://localhost:8001, Tokens: 224211.0
Worker: http://localhost:8002, Tokens: 226747.0
Selected worker: http://localhost:8001
INFO:     127.0.0.1:41392 - "POST /v1/completions HTTP/1.1" 200 OK
Worker: http://localhost:8001, Tokens: 222413.0
Worker: http://localhost:8002, Tokens: 226747.0
Selected worker: http://localhost:8001
INFO:     127.0.0.1:41408 - "POST /v1/completions HTTP/1.1" 200 OK
Worker: http://localhost:8001, Tokens: 222397.0
Worker: http://localhost:8002, Tokens: 225224.0
Selected worker: http://localhost:8001
INFO:     127.0.0.1:41416 - "POST /v1/completions HTTP/1.1" 200 OK
Worker: http://localhost:8001, Tokens: 224641.0
Worker: http://localhost:8002, Tokens: 225224.0
Selected worker: http://localhost:8001
INFO:     127.0.0.1:41428 - "POST /v1/completions HTTP/1.1" 200 OK
Worker: http://localhost:8001, Tokens: 224655.0
Worker: http://localhost:8002, Tokens: 225207.0
Selected worker: http://localhost:8001
INFO:     127.0.0.1:41442 - "POST /v1/completions HTTP/1.1" 200 OK
Worker: http://localhost:8001, Tokens: 225908.0
Worker: http://localhost:8002, Tokens: 243687.0
Selected worker: http://localhost:8001
INFO:     127.0.0.1:41452 - "POST /v1/completions HTTP/1.1" 200 OK
Worker: http://localhost:8001, Tokens: 225924.0
Worker: http://localhost:8002, Tokens: 243687.0
Selected worker: http://localhost:8001
INFO:     127.0.0.1:41462 - "POST /v1/completions HTTP/1.1" 200 OK
Worker: http://localhost:8001, Tokens: 225935.0
Worker: http://localhost:8002, Tokens: 243687.0
Selected worker: http://localhost:8001
INFO:     127.0.0.1:41476 - "POST /v1/completions HTTP/1.1" 200 OK
Worker: http://localhost:8001, Tokens: 224682.0
Worker: http://localhost:8002, Tokens: 243687.0
Selected worker: http://localhost:8001
INFO:     127.0.0.1:41492 - "POST /v1/completions HTTP/1.1" 200 OK
Worker: http://localhost:8001, Tokens: 225734.0
Worker: http://localhost:8002, Tokens: 243687.0
Selected worker: http://localhost:8001
INFO:     127.0.0.1:41504 - "POST /v1/completions HTTP/1.1" 200 OK
Worker: http://localhost:8001, Tokens: 225750.0
Worker: http://localhost:8002, Tokens: 241080.0
Selected worker: http://localhost:8001
INFO:     127.0.0.1:41518 - "POST /v1/completions HTTP/1.1" 200 OK
Worker: http://localhost:8001, Tokens: 225762.0
Worker: http://localhost:8002, Tokens: 241080.0
Selected worker: http://localhost:8001
INFO:     127.0.0.1:41528 - "POST /v1/completions HTTP/1.1" 200 OK
Worker: http://localhost:8001, Tokens: 227905.0
Worker: http://localhost:8002, Tokens: 241080.0
Selected worker: http://localhost:8001
INFO:     127.0.0.1:41544 - "POST /v1/completions HTTP/1.1" 200 OK
Worker: http://localhost:8001, Tokens: 227891.0
Worker: http://localhost:8002, Tokens: 241080.0
Selected worker: http://localhost:8001
INFO:     127.0.0.1:41556 - "POST /v1/completions HTTP/1.1" 200 OK
Worker: http://localhost:8001, Tokens: 227892.0
Worker: http://localhost:8002, Tokens: 241080.0
Selected worker: http://localhost:8001
INFO:     127.0.0.1:41572 - "POST /v1/completions HTTP/1.1" 200 OK
Worker: http://localhost:8001, Tokens: 227902.0
Worker: http://localhost:8002, Tokens: 241080.0
Selected worker: http://localhost:8001
INFO:     127.0.0.1:41586 - "POST /v1/completions HTTP/1.1" 200 OK
Worker: http://localhost:8001, Tokens: 227908.0
Worker: http://localhost:8002, Tokens: 241080.0
Selected worker: http://localhost:8001
INFO:     127.0.0.1:41600 - "POST /v1/completions HTTP/1.1" 200 OK
Worker: http://localhost:8001, Tokens: 234929.0
Worker: http://localhost:8002, Tokens: 241080.0
Selected worker: http://localhost:8001
INFO:     127.0.0.1:41616 - "POST /v1/completions HTTP/1.1" 200 OK
Worker: http://localhost:8001, Tokens: 234951.0
Worker: http://localhost:8002, Tokens: 241080.0
Selected worker: http://localhost:8001
INFO:     127.0.0.1:41628 - "POST /v1/completions HTTP/1.1" 200 OK
Worker: http://localhost:8001, Tokens: 234969.0
Worker: http://localhost:8002, Tokens: 241080.0
Selected worker: http://localhost:8001
INFO:     127.0.0.1:41638 - "POST /v1/completions HTTP/1.1" 200 OK
Worker: http://localhost:8001, Tokens: 234990.0
Worker: http://localhost:8002, Tokens: 240003.0
Selected worker: http://localhost:8001
INFO:     127.0.0.1:41646 - "POST /v1/completions HTTP/1.1" 200 OK
Worker: http://localhost:8001, Tokens: 233799.0
Worker: http://localhost:8002, Tokens: 240003.0
Selected worker: http://localhost:8001
INFO:     127.0.0.1:41662 - "POST /v1/completions HTTP/1.1" 200 OK
Worker: http://localhost:8001, Tokens: 234816.0
Worker: http://localhost:8002, Tokens: 240003.0
Selected worker: http://localhost:8001
INFO:     127.0.0.1:41678 - "POST /v1/completions HTTP/1.1" 200 OK
Worker: http://localhost:8001, Tokens: 234827.0
Worker: http://localhost:8002, Tokens: 240003.0
Selected worker: http://localhost:8001
INFO:     127.0.0.1:41690 - "POST /v1/completions HTTP/1.1" 200 OK
Worker: http://localhost:8001, Tokens: 233548.0
Worker: http://localhost:8002, Tokens: 240003.0
Selected worker: http://localhost:8001
INFO:     127.0.0.1:41696 - "POST /v1/completions HTTP/1.1" 200 OK
Worker: http://localhost:8001, Tokens: 233587.0
Worker: http://localhost:8002, Tokens: 240003.0
Selected worker: http://localhost:8001
INFO:     127.0.0.1:41712 - "POST /v1/completions HTTP/1.1" 200 OK
Worker: http://localhost:8001, Tokens: 233611.0
Worker: http://localhost:8002, Tokens: 240003.0
Selected worker: http://localhost:8001
INFO:     127.0.0.1:41720 - "POST /v1/completions HTTP/1.1" 200 OK
Worker: http://localhost:8001, Tokens: 233621.0
Worker: http://localhost:8002, Tokens: 240003.0
Selected worker: http://localhost:8001
INFO:     127.0.0.1:41726 - "POST /v1/completions HTTP/1.1" 200 OK
Worker: http://localhost:8001, Tokens: 232493.0
Worker: http://localhost:8002, Tokens: 240003.0
Selected worker: http://localhost:8001
INFO:     127.0.0.1:41730 - "POST /v1/completions HTTP/1.1" 200 OK
Worker: http://localhost:8001, Tokens: 232522.0
Worker: http://localhost:8002, Tokens: 253035.0
Selected worker: http://localhost:8001
INFO:     127.0.0.1:41732 - "POST /v1/completions HTTP/1.1" 200 OK
Worker: http://localhost:8001, Tokens: 230331.0
Worker: http://localhost:8002, Tokens: 253035.0
Selected worker: http://localhost:8001
INFO:     127.0.0.1:41746 - "POST /v1/completions HTTP/1.1" 200 OK
Worker: http://localhost:8001, Tokens: 230332.0
Worker: http://localhost:8002, Tokens: 253035.0
Selected worker: http://localhost:8001
INFO:     127.0.0.1:41748 - "POST /v1/completions HTTP/1.1" 200 OK
Worker: http://localhost:8001, Tokens: 230355.0
Worker: http://localhost:8002, Tokens: 253035.0
Selected worker: http://localhost:8001
INFO:     127.0.0.1:41758 - "POST /v1/completions HTTP/1.1" 200 OK
Worker: http://localhost:8001, Tokens: 230391.0
Worker: http://localhost:8002, Tokens: 253035.0
Selected worker: http://localhost:8001
INFO:     127.0.0.1:41764 - "POST /v1/completions HTTP/1.1" 200 OK
Worker: http://localhost:8001, Tokens: 232324.0
Worker: http://localhost:8002, Tokens: 253035.0
Selected worker: http://localhost:8001
INFO:     127.0.0.1:41776 - "POST /v1/completions HTTP/1.1" 200 OK
Worker: http://localhost:8001, Tokens: 232352.0
Worker: http://localhost:8002, Tokens: 253035.0
Selected worker: http://localhost:8001
INFO:     127.0.0.1:41780 - "POST /v1/completions HTTP/1.1" 200 OK
Worker: http://localhost:8001, Tokens: 232366.0
Worker: http://localhost:8002, Tokens: 253035.0
Selected worker: http://localhost:8001
INFO:     127.0.0.1:41784 - "POST /v1/completions HTTP/1.1" 200 OK
Worker: http://localhost:8001, Tokens: 232254.0
Worker: http://localhost:8002, Tokens: 253035.0
Selected worker: http://localhost:8001
INFO:     127.0.0.1:41790 - "POST /v1/completions HTTP/1.1" 200 OK
Worker: http://localhost:8001, Tokens: 232264.0
Worker: http://localhost:8002, Tokens: 253035.0
Selected worker: http://localhost:8001
INFO:     127.0.0.1:41794 - "POST /v1/completions HTTP/1.1" 200 OK
Worker: http://localhost:8001, Tokens: 231253.0
Worker: http://localhost:8002, Tokens: 253035.0
Selected worker: http://localhost:8001
INFO:     127.0.0.1:41800 - "POST /v1/completions HTTP/1.1" 200 OK
Worker: http://localhost:8001, Tokens: 231190.0
Worker: http://localhost:8002, Tokens: 253035.0
Selected worker: http://localhost:8001
INFO:     127.0.0.1:41814 - "POST /v1/completions HTTP/1.1" 200 OK
Worker: http://localhost:8001, Tokens: 249675.0
Worker: http://localhost:8002, Tokens: 253035.0
Selected worker: http://localhost:8001
INFO:     127.0.0.1:41818 - "POST /v1/completions HTTP/1.1" 200 OK
Worker: http://localhost:8001, Tokens: 249674.0
Worker: http://localhost:8002, Tokens: 253035.0
Selected worker: http://localhost:8001
INFO:     127.0.0.1:41824 - "POST /v1/completions HTTP/1.1" 200 OK
Worker: http://localhost:8001, Tokens: 249686.0
Worker: http://localhost:8002, Tokens: 253035.0
Selected worker: http://localhost:8001
INFO:     127.0.0.1:41840 - "POST /v1/completions HTTP/1.1" 200 OK
Worker: http://localhost:8001, Tokens: 249677.0
Worker: http://localhost:8002, Tokens: 253035.0
Selected worker: http://localhost:8001
INFO:     127.0.0.1:41848 - "POST /v1/completions HTTP/1.1" 200 OK
Worker: http://localhost:8001, Tokens: 249667.0
Worker: http://localhost:8002, Tokens: 253035.0
Selected worker: http://localhost:8001
INFO:     127.0.0.1:41864 - "POST /v1/completions HTTP/1.1" 200 OK
Worker: http://localhost:8001, Tokens: 250962.0
Worker: http://localhost:8002, Tokens: 253035.0
Selected worker: http://localhost:8001
INFO:     127.0.0.1:41874 - "POST /v1/completions HTTP/1.1" 200 OK
Worker: http://localhost:8001, Tokens: 250987.0
Worker: http://localhost:8002, Tokens: 253035.0
Selected worker: http://localhost:8001
INFO:     127.0.0.1:41882 - "POST /v1/completions HTTP/1.1" 200 OK
Worker: http://localhost:8001, Tokens: 250996.0
Worker: http://localhost:8002, Tokens: 253035.0
Selected worker: http://localhost:8001
INFO:     127.0.0.1:41890 - "POST /v1/completions HTTP/1.1" 200 OK
Worker: http://localhost:8001, Tokens: 251001.0
Worker: http://localhost:8002, Tokens: 253035.0
Selected worker: http://localhost:8001
INFO:     127.0.0.1:41892 - "POST /v1/completions HTTP/1.1" 200 OK
Worker: http://localhost:8001, Tokens: 251019.0
Worker: http://localhost:8002, Tokens: 253035.0
Selected worker: http://localhost:8001
INFO:     127.0.0.1:41906 - "POST /v1/completions HTTP/1.1" 200 OK
Worker: http://localhost:8001, Tokens: 253157.0
Worker: http://localhost:8002, Tokens: 253035.0
Selected worker: http://localhost:8002
INFO:     127.0.0.1:41922 - "POST /v1/completions HTTP/1.1" 200 OK
Worker: http://localhost:8001, Tokens: 253157.0
Worker: http://localhost:8002, Tokens: 253044.0
Selected worker: http://localhost:8002
INFO:     127.0.0.1:41936 - "POST /v1/completions HTTP/1.1" 200 OK
Worker: http://localhost:8001, Tokens: 251182.0
Worker: http://localhost:8002, Tokens: 253035.0
Selected worker: http://localhost:8001
INFO:     127.0.0.1:41944 - "POST /v1/completions HTTP/1.1" 200 OK
Worker: http://localhost:8001, Tokens: 252707.0
Worker: http://localhost:8002, Tokens: 253035.0
Selected worker: http://localhost:8001
INFO:     127.0.0.1:41948 - "POST /v1/completions HTTP/1.1" 200 OK
Worker: http://localhost:8001, Tokens: 250583.0
Worker: http://localhost:8002, Tokens: 253035.0
Selected worker: http://localhost:8001
INFO:     127.0.0.1:41962 - "POST /v1/completions HTTP/1.1" 200 OK
Worker: http://localhost:8001, Tokens: 252374.0
Worker: http://localhost:8002, Tokens: 253035.0
Selected worker: http://localhost:8001
INFO:     127.0.0.1:41968 - "POST /v1/completions HTTP/1.1" 200 OK
Worker: http://localhost:8001, Tokens: 252352.0
Worker: http://localhost:8002, Tokens: 253035.0
Selected worker: http://localhost:8001
INFO:     127.0.0.1:41970 - "POST /v1/completions HTTP/1.1" 200 OK
Worker: http://localhost:8001, Tokens: 255488.0
Worker: http://localhost:8002, Tokens: 253035.0
Selected worker: http://localhost:8002
INFO:     127.0.0.1:41980 - "POST /v1/completions HTTP/1.1" 200 OK
Worker: http://localhost:8001, Tokens: 255488.0
Worker: http://localhost:8002, Tokens: 253038.0
Selected worker: http://localhost:8002
INFO:     127.0.0.1:41988 - "POST /v1/completions HTTP/1.1" 200 OK
Worker: http://localhost:8001, Tokens: 254159.0
Worker: http://localhost:8002, Tokens: 254475.0
Selected worker: http://localhost:8001
INFO:     127.0.0.1:41990 - "POST /v1/completions HTTP/1.1" 200 OK
Worker: http://localhost:8001, Tokens: 254157.0
Worker: http://localhost:8002, Tokens: 254475.0
Selected worker: http://localhost:8001
INFO:     127.0.0.1:42002 - "POST /v1/completions HTTP/1.1" 200 OK
Worker: http://localhost:8001, Tokens: 254152.0
Worker: http://localhost:8002, Tokens: 254475.0
Selected worker: http://localhost:8001
INFO:     127.0.0.1:42008 - "POST /v1/completions HTTP/1.1" 200 OK
Worker: http://localhost:8001, Tokens: 254153.0
Worker: http://localhost:8002, Tokens: 254475.0
Selected worker: http://localhost:8001
INFO:     127.0.0.1:42014 - "POST /v1/completions HTTP/1.1" 200 OK
Worker: http://localhost:8001, Tokens: 254158.0
Worker: http://localhost:8002, Tokens: 254466.0
Selected worker: http://localhost:8001
INFO:     127.0.0.1:42024 - "POST /v1/completions HTTP/1.1" 200 OK
Worker: http://localhost:8001, Tokens: 256958.0
Worker: http://localhost:8002, Tokens: 254448.0
Selected worker: http://localhost:8002
INFO:     127.0.0.1:42036 - "POST /v1/completions HTTP/1.1" 200 OK
Worker: http://localhost:8001, Tokens: 256958.0
Worker: http://localhost:8002, Tokens: 254455.0
Selected worker: http://localhost:8002
INFO:     127.0.0.1:42048 - "POST /v1/completions HTTP/1.1" 200 OK
Worker: http://localhost:8001, Tokens: 256958.0
Worker: http://localhost:8002, Tokens: 254465.0
Selected worker: http://localhost:8002
INFO:     127.0.0.1:42058 - "POST /v1/completions HTTP/1.1" 200 OK
Worker: http://localhost:8001, Tokens: 251460.0
Worker: http://localhost:8002, Tokens: 255852.0
Selected worker: http://localhost:8001
INFO:     127.0.0.1:42068 - "POST /v1/completions HTTP/1.1" 200 OK
Worker: http://localhost:8001, Tokens: 251467.0
Worker: http://localhost:8002, Tokens: 255852.0
Selected worker: http://localhost:8001
INFO:     127.0.0.1:42070 - "POST /v1/completions HTTP/1.1" 200 OK
Worker: http://localhost:8001, Tokens: 251495.0
Worker: http://localhost:8002, Tokens: 255852.0
Selected worker: http://localhost:8001
INFO:     127.0.0.1:42084 - "POST /v1/completions HTTP/1.1" 200 OK
Worker: http://localhost:8001, Tokens: 251508.0
Worker: http://localhost:8002, Tokens: 255849.0
Selected worker: http://localhost:8001
INFO:     127.0.0.1:42098 - "POST /v1/completions HTTP/1.1" 200 OK
Worker: http://localhost:8001, Tokens: 251529.0
Worker: http://localhost:8002, Tokens: 255849.0
Selected worker: http://localhost:8001
INFO:     127.0.0.1:42114 - "POST /v1/completions HTTP/1.1" 200 OK
Worker: http://localhost:8001, Tokens: 251549.0
Worker: http://localhost:8002, Tokens: 255849.0
Selected worker: http://localhost:8001
INFO:     127.0.0.1:42118 - "POST /v1/completions HTTP/1.1" 200 OK
Worker: http://localhost:8001, Tokens: 251592.0
Worker: http://localhost:8002, Tokens: 255849.0
Selected worker: http://localhost:8001
INFO:     127.0.0.1:42120 - "POST /v1/completions HTTP/1.1" 200 OK
Worker: http://localhost:8001, Tokens: 251601.0
Worker: http://localhost:8002, Tokens: 254412.0
Selected worker: http://localhost:8001
INFO:     127.0.0.1:42126 - "POST /v1/completions HTTP/1.1" 200 OK
Worker: http://localhost:8001, Tokens: 251632.0
Worker: http://localhost:8002, Tokens: 254412.0
Selected worker: http://localhost:8001
INFO:     127.0.0.1:42128 - "POST /v1/completions HTTP/1.1" 200 OK
Worker: http://localhost:8001, Tokens: 248514.0
Worker: http://localhost:8002, Tokens: 255036.0
Selected worker: http://localhost:8001
INFO:     127.0.0.1:42130 - "POST /v1/completions HTTP/1.1" 200 OK
Worker: http://localhost:8001, Tokens: 248474.0
Worker: http://localhost:8002, Tokens: 255029.0
Selected worker: http://localhost:8001
INFO:     127.0.0.1:42138 - "POST /v1/completions HTTP/1.1" 200 OK
Worker: http://localhost:8001, Tokens: 250235.0
Worker: http://localhost:8002, Tokens: 255019.0
Selected worker: http://localhost:8001
INFO:     127.0.0.1:42144 - "POST /v1/completions HTTP/1.1" 200 OK
Worker: http://localhost:8001, Tokens: 251797.0
Worker: http://localhost:8002, Tokens: 255019.0
Selected worker: http://localhost:8001
INFO:     127.0.0.1:42152 - "POST /v1/completions HTTP/1.1" 200 OK
Worker: http://localhost:8001, Tokens: 251830.0
Worker: http://localhost:8002, Tokens: 253632.0
Selected worker: http://localhost:8001
INFO:     127.0.0.1:42166 - "POST /v1/completions HTTP/1.1" 200 OK
Worker: http://localhost:8001, Tokens: 251808.0
Worker: http://localhost:8002, Tokens: 253632.0
Selected worker: http://localhost:8001
INFO:     127.0.0.1:42176 - "POST /v1/completions HTTP/1.1" 200 OK
Worker: http://localhost:8001, Tokens: 251803.0
Worker: http://localhost:8002, Tokens: 253632.0
Selected worker: http://localhost:8001
INFO:     127.0.0.1:42192 - "POST /v1/completions HTTP/1.1" 200 OK
Worker: http://localhost:8001, Tokens: 251788.0
Worker: http://localhost:8002, Tokens: 253632.0
Selected worker: http://localhost:8001
INFO:     127.0.0.1:42208 - "POST /v1/completions HTTP/1.1" 200 OK
Worker: http://localhost:8001, Tokens: 251800.0
Worker: http://localhost:8002, Tokens: 253632.0
Selected worker: http://localhost:8001
INFO:     127.0.0.1:42210 - "POST /v1/completions HTTP/1.1" 200 OK
Worker: http://localhost:8001, Tokens: 251783.0
Worker: http://localhost:8002, Tokens: 253632.0
Selected worker: http://localhost:8001
INFO:     127.0.0.1:42214 - "POST /v1/completions HTTP/1.1" 200 OK
Worker: http://localhost:8001, Tokens: 251780.0
Worker: http://localhost:8002, Tokens: 253632.0
Selected worker: http://localhost:8001
INFO:     127.0.0.1:42220 - "POST /v1/completions HTTP/1.1" 200 OK
Worker: http://localhost:8001, Tokens: 251750.0
Worker: http://localhost:8002, Tokens: 253632.0
Selected worker: http://localhost:8001
INFO:     127.0.0.1:42234 - "POST /v1/completions HTTP/1.1" 200 OK
Worker: http://localhost:8001, Tokens: 267976.0
Worker: http://localhost:8002, Tokens: 253632.0
Selected worker: http://localhost:8002
INFO:     127.0.0.1:42246 - "POST /v1/completions HTTP/1.1" 200 OK
Worker: http://localhost:8001, Tokens: 267968.0
Worker: http://localhost:8002, Tokens: 253642.0
Selected worker: http://localhost:8002
INFO:     127.0.0.1:42256 - "POST /v1/completions HTTP/1.1" 200 OK
Worker: http://localhost:8001, Tokens: 267968.0
Worker: http://localhost:8002, Tokens: 253660.0
Selected worker: http://localhost:8002
INFO:     127.0.0.1:42266 - "POST /v1/completions HTTP/1.1" 200 OK
Worker: http://localhost:8001, Tokens: 267968.0
Worker: http://localhost:8002, Tokens: 253668.0
Selected worker: http://localhost:8002
INFO:     127.0.0.1:42268 - "POST /v1/completions HTTP/1.1" 200 OK
Worker: http://localhost:8001, Tokens: 267968.0
Worker: http://localhost:8002, Tokens: 253690.0
Selected worker: http://localhost:8002
INFO:     127.0.0.1:42272 - "POST /v1/completions HTTP/1.1" 200 OK
Worker: http://localhost:8001, Tokens: 267968.0
Worker: http://localhost:8002, Tokens: 253698.0
Selected worker: http://localhost:8002
INFO:     127.0.0.1:42282 - "POST /v1/completions HTTP/1.1" 200 OK
Worker: http://localhost:8001, Tokens: 267968.0
Worker: http://localhost:8002, Tokens: 253739.0
Selected worker: http://localhost:8002
INFO:     127.0.0.1:42288 - "POST /v1/completions HTTP/1.1" 200 OK
Worker: http://localhost:8001, Tokens: 267968.0
Worker: http://localhost:8002, Tokens: 253768.0
Selected worker: http://localhost:8002
INFO:     127.0.0.1:42300 - "POST /v1/completions HTTP/1.1" 200 OK
Worker: http://localhost:8001, Tokens: 266207.0
Worker: http://localhost:8002, Tokens: 253772.0
Selected worker: http://localhost:8002
INFO:     127.0.0.1:42312 - "POST /v1/completions HTTP/1.1" 200 OK
Worker: http://localhost:8001, Tokens: 264523.0
Worker: http://localhost:8002, Tokens: 253779.0
Selected worker: http://localhost:8002
INFO:     127.0.0.1:42322 - "POST /v1/completions HTTP/1.1" 200 OK
Worker: http://localhost:8001, Tokens: 264517.0
Worker: http://localhost:8002, Tokens: 253785.0
Selected worker: http://localhost:8002
INFO:     127.0.0.1:42332 - "POST /v1/completions HTTP/1.1" 200 OK
Worker: http://localhost:8001, Tokens: 264516.0
Worker: http://localhost:8002, Tokens: 255162.0
Selected worker: http://localhost:8002
INFO:     127.0.0.1:42336 - "POST /v1/completions HTTP/1.1" 200 OK
Worker: http://localhost:8001, Tokens: 264508.0
Worker: http://localhost:8002, Tokens: 256593.0
Selected worker: http://localhost:8002
INFO:     127.0.0.1:42342 - "POST /v1/completions HTTP/1.1" 200 OK
Worker: http://localhost:8001, Tokens: 264508.0
Worker: http://localhost:8002, Tokens: 256599.0
Selected worker: http://localhost:8002
INFO:     127.0.0.1:42348 - "POST /v1/completions HTTP/1.1" 200 OK
Worker: http://localhost:8001, Tokens: 264508.0
Worker: http://localhost:8002, Tokens: 256602.0
Selected worker: http://localhost:8002
INFO:     127.0.0.1:42360 - "POST /v1/completions HTTP/1.1" 200 OK
Worker: http://localhost:8001, Tokens: 264508.0
Worker: http://localhost:8002, Tokens: 256610.0
Selected worker: http://localhost:8002
INFO:     127.0.0.1:42370 - "POST /v1/completions HTTP/1.1" 200 OK
